"epsilon","zeta","nu_short[1]","nu_short[2]","nu_short[3]","nu_short[4]","nu_short[5]","nu_short[6]","nu_short[7]","nu_short[8]","nu_short[9]","nu_short[10]","inoculum","beta_short[1]","beta_short[2]","beta_short[3]","r","alpha","gamma","x0","k0","x1","k1","x2","k2","x3","k3","x4","k4","u1","u2","u3","u4"
0.0558164,0.786978,0.0004766,0.000442158,0.000592039,0.000874601,0.00121564,0.00164119,0.00309551,0.00624869,0.0136008,0.0409138,0.000125149,0.43186,0.959774,1,41.7027,0.33126,0.294221,28.5891,1.61176,64.5669,1.26987,178.802,1.01808,259.13,0.466008,299.083,0.689236,0.212295,0.417188,0.259381,0.466938
0.0599102,0.720309,0.000383728,0.000329994,0.000583098,0.000850373,0.00118122,0.0015697,0.00282467,0.00579222,0.0127563,0.0376783,0.000121627,0.414804,0.930491,1,63.5457,0.298226,0.289864,28.4215,1.85548,63.6923,1.17896,179.913,0.479536,262.534,3.00558,298.121,4.55295,0.204876,0.40601,0.219831,0.471377
0.0611339,0.712773,0.000467602,0.00037253,0.000565573,0.000842575,0.00121706,0.00160482,0.00295055,0.00602601,0.0131321,0.0402439,0.000122925,0.426982,0.930025,1,52.3112,0.286161,0.298673,28.8406,2.81356,62.1381,1.84527,178.111,0.467328,260.895,1.238,297.376,0.764071,0.210915,0.41289,0.234137,0.457304
0.0580932,0.666885,0.000458489,0.000539348,0.000790212,0.000824995,0.00116315,0.00150998,0.00288667,0.00579471,0.0126868,0.0388884,0.000142806,0.327662,0.966875,1,46.4869,0.278463,0.28129,28.9047,0.641584,61.1864,2.11622,178.289,0.915642,258.363,0.396392,299.353,0.743881,0.217702,0.428238,0.254296,0.488158
0.0489801,0.737732,0.000568409,0.000461479,0.000649767,0.000674145,0.000917604,0.00129856,0.00227817,0.00485999,0.0102926,0.0330822,0.000147262,0.301734,0.989601,1,72.921,0.348948,0.247743,28.6503,3.94345,63.7794,1.36829,179.969,1.92544,262.009,1.6921,299.411,0.369562,0.209624,0.421862,0.233227,0.526861
0.0544769,0.671778,0.000398548,0.0004209,0.000705581,0.000707229,0.000973106,0.00126196,0.00238527,0.00459942,0.0102362,0.0324501,0.000158152,0.306122,0.949151,1,44.0414,0.291313,0.25101,28.3036,0.747557,65.153,0.931498,179.185,0.762992,257.974,0.526444,298.846,0.418085,0.203223,0.410863,0.234486,0.47434
0.0521088,0.713871,0.000483571,0.00045646,0.000578198,0.000757037,0.00106586,0.00129855,0.00250264,0.00506344,0.0109141,0.0340557,0.000154811,0.35028,0.975912,1,57.7831,0.308982,0.256662,28.3072,1.24764,64.3827,0.898616,180.069,1.07241,259.769,1.51076,297.8,0.399526,0.203592,0.41608,0.23232,0.465726
0.0565374,0.789303,0.000446108,0.000357875,0.000552132,0.000902664,0.0013275,0.00173798,0.0033233,0.00712999,0.0156248,0.0492485,0.000101559,0.495326,0.97405,1,52.3456,0.349639,0.305015,27.9742,0.65353,62.6243,1.70552,178.08,0.83746,260.308,0.347549,299.482,0.405395,0.203157,0.404855,0.229504,0.480412
0.0526061,0.776313,0.000394272,0.000304687,0.000513776,0.000906195,0.00131119,0.00177823,0.00346421,0.00731497,0.0162714,0.0506047,0.000101995,0.521124,0.988375,1,52.2853,0.356258,0.286156,27.7595,0.583434,62.1999,4.23921,178.675,1.29737,260.329,0.485577,299.096,0.41506,0.204618,0.400536,0.22306,0.444179
0.0530058,0.80324,0.000289838,0.000241088,0.000455244,0.00100474,0.00130388,0.00169972,0.00321863,0.00677557,0.0146624,0.0466371,9.98414e-05,0.589518,0.968779,1,59.4538,0.362628,0.29118,28.1086,0.793655,64.4827,0.661491,178.909,1.71377,258.884,2.34559,298.365,3.36477,0.200792,0.397591,0.234465,0.436553
0.0594349,0.770318,0.000423206,0.000425146,0.000574085,0.000879254,0.00121072,0.0015621,0.00286097,0.00547428,0.0120904,0.035721,0.000110972,0.350532,0.891902,1,53.6349,0.355423,0.287302,28.5375,0.81368,62.7895,3.29761,178.275,0.800298,261.516,0.300537,295.107,0.337256,0.206972,0.416128,0.232331,0.45678
0.0548597,0.790681,0.000438396,0.000382127,0.000624577,0.000934149,0.0012694,0.00175789,0.00324365,0.00623557,0.0132807,0.0415946,0.000122945,0.43566,0.882596,1,55.2083,0.343479,0.271281,28.5825,1.49905,66.3975,1.63359,182.138,0.335219,259.338,0.311476,297.054,0.291018,0.204871,0.424693,0.205883,0.443355
0.0616947,0.64835,0.000368498,0.000234954,0.000534895,0.000777675,0.00105123,0.00140612,0.00258748,0.00489254,0.010812,0.0318835,0.000133149,0.38432,0.901648,1,52.91,0.285556,0.269889,27.3233,0.441795,61.9053,1.11326,176.643,0.688147,262.225,0.582451,296.529,1.72506,0.190733,0.382967,0.212143,0.437249
0.0624049,0.580584,0.000284334,0.000244097,0.000341238,0.000694359,0.000938765,0.0012425,0.00233541,0.00441693,0.00959142,0.0284779,0.000113204,0.462224,0.902405,1,73.0335,0.269976,0.255547,27.6398,1.24659,61.8105,3.00179,178.323,1.30094,260.683,0.918255,297.056,3.89421,0.177987,0.364462,0.204301,0.403475
0.0626336,0.605786,0.000276527,0.000237236,0.000367105,0.000681073,0.000928107,0.00120511,0.00229456,0.00440148,0.00950214,0.0282365,0.000111517,0.43473,0.884243,1,78.4949,0.271353,0.256029,28.0081,1.21548,61.7585,2.56868,178.263,1.68649,259.912,0.980962,296.717,1.53353,0.175698,0.367969,0.202983,0.418094
0.0498292,0.723176,0.00026411,0.000190088,0.000349421,0.00073439,0.00101891,0.00136895,0.00252718,0.0053757,0.0120458,0.0365923,9.61528e-05,0.572039,0.984774,1,38.4395,0.432321,0.25802,26.6445,0.3659,63.2816,0.718209,181.118,0.595252,261.425,0.737236,298.165,0.431493,0.199601,0.381593,0.219048,0.463067
0.0588157,0.72746,0.000273558,0.00024168,0.000435094,0.000929985,0.00125307,0.00169098,0.00317093,0.00637776,0.0135767,0.0430061,0.000103849,0.521484,0.916768,1,86.9255,0.32882,0.293808,28.1355,0.498369,61.392,2.04689,177.424,3.86549,260.472,0.833501,297.127,1.93176,0.207666,0.403142,0.233985,0.431385
0.0592673,0.769265,0.000465633,0.000311448,0.000693152,0.000995411,0.00137995,0.00185264,0.00347665,0.00714686,0.0159336,0.0498006,8.89787e-05,0.435164,0.960242,1,66.244,0.340622,0.308322,28.5354,0.808649,63.1661,1.13316,178.879,0.773589,261.567,1.02346,296.513,0.524515,0.2083,0.399436,0.225518,0.4465
0.0487409,0.757643,0.000273881,0.000244068,0.000289643,0.000686294,0.000958678,0.0013326,0.00236365,0.00537394,0.0113477,0.0335036,0.000102892,0.574642,0.98173,1,62.7008,0.401993,0.25649,27.8549,0.730652,63.3695,1.41226,178.628,0.386397,259.121,0.896123,299.28,1.97445,0.189002,0.390249,0.240385,0.468818
0.0482944,0.720053,0.00024446,0.00021336,0.000375423,0.000716663,0.000917445,0.00123184,0.00231058,0.00533607,0.0115351,0.0332613,0.00013102,0.532682,0.9876,1,50.0821,0.361416,0.250377,28.0315,0.747417,64.3284,2.03413,179.726,0.694619,259.209,0.541176,299.662,2.91174,0.207282,0.40126,0.25215,0.470085
0.0501249,0.70292,0.000247034,0.000265451,0.000408401,0.000672607,0.00101173,0.00121876,0.00224412,0.00480635,0.0104329,0.033275,0.000178949,0.456323,0.948669,1,58.4115,0.32581,0.256923,28.8069,0.502736,60.6516,1.13462,178.633,1.89419,259.469,1.20225,298.623,0.531714,0.23498,0.449361,0.276003,0.525291
0.0502085,0.826247,0.000383055,0.000422568,0.00067178,0.000749464,0.00108427,0.00131989,0.00250188,0.0052,0.0113726,0.0351109,0.000121396,0.35576,0.9995,1,55.2194,0.398493,0.269596,28.0111,1.27453,67.1697,1.1881,179.413,0.401692,260.871,0.650519,296.682,2.91411,0.197076,0.408385,0.229866,0.491999
0.0521745,0.779308,0.000380992,0.000373569,0.000575724,0.000742063,0.00103573,0.00141018,0.00259643,0.00536866,0.0116724,0.0358961,0.000108653,0.409587,0.998817,1,47.6681,0.377344,0.272468,27.7272,0.71613,66.2739,0.499597,181.54,0.367821,261.969,0.292002,296.34,1.54339,0.194116,0.397293,0.221931,0.444951
0.0542156,0.778975,0.000350791,0.000313459,0.000508372,0.000946701,0.00126515,0.00178471,0.0033268,0.0070049,0.0153643,0.0495119,0.000104396,0.53873,0.954976,1,69.0932,0.356313,0.298682,29.3446,1.90703,61.3503,2.40804,179.187,4.37352,261.035,3.16769,299.029,0.412597,0.231078,0.430375,0.254427,0.483955
0.0537808,0.707702,0.000350688,0.000278083,0.000474033,0.000844483,0.00115634,0.00150388,0.00284992,0.00603815,0.0138645,0.042579,0.00010431,0.473597,0.999756,1,41.6199,0.32929,0.271908,27.5476,0.516258,62.5473,0.860586,177.436,0.461459,258.534,0.528996,296.849,1.46272,0.188176,0.386899,0.22018,0.40537
0.0500374,0.706335,0.000256423,0.000246119,0.000374179,0.000712197,0.000969743,0.00142482,0.00250173,0.00547428,0.0116802,0.0362542,0.000130561,0.538242,0.999949,1,70.0861,0.321967,0.259449,28.2828,1.03275,63.9507,3.90832,181.531,0.43459,263.341,0.313476,296.404,1.56461,0.207861,0.404357,0.201609,0.467014
0.0476517,0.654797,0.000268936,0.000222156,0.000425166,0.000784698,0.00113051,0.00161462,0.00276865,0.00547359,0.0124615,0.0390122,0.000124955,0.486757,0.935737,1,48.0283,0.334337,0.22718,28.5696,1.89733,61.7367,0.596983,178.751,1.24525,261.235,1.79053,294.256,0.475139,0.207148,0.401739,0.201317,0.404687
0.0564565,0.813132,0.000483102,0.000355657,0.000546989,0.000869072,0.00112834,0.00144219,0.00285517,0.00614883,0.0131526,0.0409496,0.000159271,0.399041,0.978648,1,54.963,0.320476,0.314586,29.2911,0.898071,62.7289,5.34978,177.774,0.626899,263.465,0.57373,297.554,0.663976,0.235401,0.455903,0.272101,0.535854
0.060454,0.748727,0.000360272,0.000347332,0.000578379,0.000918814,0.00127522,0.00186486,0.00325488,0.00688697,0.0155318,0.047597,0.000120606,0.48329,0.978927,1,65.5662,0.295629,0.32698,29.1647,0.792795,59.995,0.672858,177.953,0.322926,261.466,0.338353,296.083,1.74738,0.223736,0.436296,0.249963,0.478117
0.0456989,0.753595,0.000238472,0.000135837,0.000307177,0.000719147,0.0010105,0.00139046,0.00250789,0.00560556,0.0119848,0.0372925,0.000140669,0.664884,0.974842,1,48.9791,0.354982,0.249583,28.3976,0.709227,65.5352,0.842221,180.704,4.77618,260.997,2.91537,297.203,0.824309,0.209477,0.411562,0.227686,0.452149
0.0474631,0.858141,0.000320363,0.000184076,0.000342318,0.00083704,0.00106124,0.00153509,0.00269236,0.00581463,0.0130125,0.0394388,0.000119339,0.597752,0.975399,1,65.0825,0.433361,0.279603,28.8603,0.646077,63.0474,1.89344,178.497,0.336144,261.408,0.344601,299.177,0.460041,0.219996,0.434911,0.268606,0.534733
0.0509198,0.724633,0.000192142,0.000238935,0.0003628,0.000676194,0.000988835,0.00124063,0.0025009,0.0050932,0.0107634,0.0344699,0.000154514,0.516531,0.980234,1,52.2723,0.327817,0.26652,28.3482,0.785449,62.9924,2.40534,181.362,0.451391,257.614,2.12555,297.714,1.51841,0.216901,0.430092,0.262588,0.4989
0.0534277,0.750722,0.000278369,0.000235516,0.000397575,0.00087975,0.00121918,0.00168539,0.00293843,0.00656481,0.0146112,0.0455522,0.000148463,0.579765,0.986133,1,65.7253,0.300235,0.296951,28.9146,1.93089,62.0003,1.97252,179.814,0.344045,257.47,0.950321,297.631,3.82693,0.22917,0.439589,0.264068,0.487356
0.0453282,0.717667,0.000198751,0.000167537,0.000280491,0.000649773,0.000870417,0.0011965,0.0022612,0.00496849,0.0109389,0.0334017,0.000158297,0.617349,0.983622,1,59.1893,0.354778,0.246618,28.9875,0.763384,62.7909,0.46338,180.726,0.695824,260.304,0.896984,298.979,0.314473,0.227954,0.438929,0.26309,0.517201
0.0496172,0.700263,0.000221693,0.000208071,0.000322028,0.00077671,0.000969538,0.00132415,0.00245244,0.00525067,0.0120685,0.0362586,0.000136477,0.583266,0.988779,1,53.8393,0.331932,0.262714,28.8153,0.62279,63.7123,0.740973,180.232,1.7433,261.2,1.15271,297.307,0.313612,0.222828,0.420365,0.243063,0.493402
0.0464699,0.647446,0.000283164,0.000240748,0.000337976,0.000614595,0.00092431,0.00125951,0.00226312,0.00490221,0.0102813,0.0333231,0.000138594,0.511764,0.973051,1,57.8745,0.327741,0.22233,28.1073,1.4181,61.0251,3.87007,176.286,0.812781,261.22,0.910604,299.057,0.851741,0.189428,0.387324,0.216954,0.429701
0.0636911,0.671429,0.000455355,0.000455612,0.00063475,0.00103603,0.00129789,0.00173261,0.00335687,0.00702472,0.0156509,0.0490364,0.000117864,0.441066,0.984268,1,59.0999,0.245801,0.308039,28.3821,1.31617,65.3172,0.783378,180.552,3.25782,259.563,0.317954,298.248,3.12799,0.197187,0.392827,0.217029,0.397893
0.060839,0.769109,0.000475676,0.000450922,0.000600154,0.00114488,0.00165988,0.00217294,0.00409576,0.00814008,0.0176146,0.0567772,5.61256e-05,0.521983,0.937115,1,46.993,0.399828,0.31136,27.459,0.347349,61.9335,1.82539,177.699,0.403507,261.31,1.99006,298.23,0.289487,0.189359,0.365955,0.198307,0.412858
0.0545251,0.648763,0.000183938,0.000171059,0.000336002,0.000776798,0.00107811,0.00137844,0.00268092,0.00511866,0.0114495,0.0351471,0.000176278,0.545001,0.904748,1,56.5302,0.260605,0.251302,28.2517,2.07179,65.0529,1.13068,179.439,4.20503,261.181,0.257623,295.133,0.618908,0.201954,0.405217,0.195684,0.413989
0.0599706,0.843639,0.000537213,0.00059006,0.000850624,0.00100338,0.00144046,0.0018399,0.00353059,0.00733789,0.0157853,0.0480707,8.63644e-05,0.380924,0.949198,1,54.0027,0.395602,0.330575,28.8966,0.527105,60.1243,2.12407,179.056,0.352307,261.188,0.345465,297.904,1.10085,0.224949,0.436122,0.263237,0.505786
0.0575454,0.813572,0.00051344,0.00038649,0.00059793,0.000893784,0.00119462,0.00165532,0.00290477,0.00598531,0.0135854,0.0414108,0.00012111,0.385734,0.960861,1,44.6327,0.35589,0.310978,28.5175,0.590963,61.8054,0.54957,177.489,1.44922,261.183,2.5943,296.927,2.23469,0.21992,0.433271,0.266189,0.498086
0.0561562,0.787971,0.000289258,0.000423469,0.000639566,0.00083002,0.00112791,0.00148361,0.00284199,0.00588097,0.0123472,0.0388848,0.000109528,0.399031,0.949511,1,64.9571,0.378783,0.291461,28.221,0.789458,62.7777,1.52165,178.89,0.800582,261.189,1.06679,299.224,1.23186,0.210005,0.414087,0.258074,0.484853
0.0529487,0.856251,0.000511978,0.000340115,0.000571533,0.000814493,0.00112021,0.00151819,0.00272122,0.00577655,0.0127578,0.0384919,0.000134163,0.401226,0.963992,1,50.6054,0.38967,0.292188,28.3215,1.43155,65.1346,1.06931,180.024,1.82096,260.216,1.55589,296.936,0.760464,0.214653,0.434317,0.26404,0.497478
0.0489019,0.805175,0.00047848,0.000446639,0.000644832,0.000795856,0.0011125,0.00143417,0.0027412,0.00579109,0.0127045,0.0390555,0.000111229,0.365665,0.997111,1,91.7493,0.404579,0.263439,28.6454,2.20442,64.6461,1.39868,178.586,1.22801,261.685,1.41898,295.998,0.384496,0.202846,0.412241,0.22133,0.480723
0.0558247,0.77099,0.000519935,0.000457453,0.000734901,0.000765962,0.00104245,0.00147478,0.00265264,0.00554875,0.0121466,0.0365733,0.000141103,0.318727,0.969507,1,54.9259,0.338512,0.288406,28.4268,0.731033,64.0946,1.14554,180.03,3.92745,259.323,0.450256,296.544,4.60642,0.217797,0.436242,0.263139,0.488708
0.0541411,0.775713,0.00036305,0.000435987,0.000716656,0.000772358,0.000998655,0.00136041,0.00244752,0.00519619,0.0113897,0.034834,0.000122587,0.328793,0.987037,1,57.7051,0.36388,0.283959,28.6677,1.0634,63.6356,1.51004,181.474,3.47374,259.828,0.960279,297.207,0.56823,0.220305,0.42959,0.266965,0.493639
0.0627063,0.857479,0.000381439,0.000398907,0.000693214,0.001101,0.00160628,0.00211905,0.00385026,0.00778823,0.0167702,0.051575,8.9729e-05,0.468882,0.91713,1,48.5656,0.354543,0.33901,28.9453,1.22277,64.6581,1.88184,176.688,0.623095,261.164,0.96221,297.291,2.39001,0.207033,0.4139,0.238791,0.461829
0.0613094,0.85495,0.000513083,0.000453174,0.000673892,0.00114345,0.00155931,0.00208786,0.00378194,0.00781469,0.0167101,0.0519024,9.47357e-05,0.445559,0.929355,1,44.5417,0.348404,0.331211,28.6874,1.32596,65.4622,0.581238,179.179,1.07133,260.894,1.29194,297.797,1.41043,0.209019,0.41407,0.229253,0.456797
0.0572717,0.972724,0.00050992,0.000426863,0.000676578,0.00128745,0.00171969,0.0023738,0.00442074,0.0085681,0.0187145,0.0586328,6.46585e-05,0.482276,0.905267,1,46.7803,0.498464,0.329498,28.5708,2.95538,64.4771,0.596513,178.654,2.3236,262.996,1.27578,294.878,0.578359,0.203305,0.405061,0.209084,0.442561
0.0583121,0.624261,0.000240864,0.000185104,0.000323386,0.000690752,0.000901953,0.00127385,0.00236155,0.00484235,0.0105717,0.0317153,0.000152751,0.533284,0.937274,1,64.907,0.266114,0.273891,28.6337,0.777823,60.5535,0.874053,180.575,0.614641,257.446,0.716119,300.719,0.382711,0.211751,0.419795,0.259645,0.510103
0.0596765,0.680807,0.000285797,0.000281503,0.000429194,0.000730369,0.0010683,0.00134919,0.00263603,0.00564437,0.0127087,0.0373153,0.000170901,0.501211,0.985698,1,90.7156,0.239514,0.293763,28.14,1.13449,65.4035,1.94116,180.599,0.287743,259.36,0.955498,296.951,3.83031,0.195779,0.411258,0.223195,0.459513
0.062635,0.751747,0.000503618,0.000403677,0.000618878,0.00115206,0.00150526,0.0021781,0.00378337,0.00821113,0.0175453,0.0571534,7.37674e-05,0.49665,0.989908,1,40.3612,0.305831,0.322563,27.8571,0.699258,64.3111,0.904691,181.22,0.428063,260.17,1.45441,297.471,0.465509,0.185422,0.370674,0.196032,0.395292
0.060866,0.723142,0.00029884,0.00030706,0.00044156,0.000892967,0.00127332,0.00174084,0.00313635,0.00660723,0.0150006,0.046491,9.87266e-05,0.547577,0.995488,1,86.1034,0.294116,0.310985,27.4532,0.73252,63.5702,1.25539,177.961,1.68002,260.053,0.768037,299.587,0.646754,0.182547,0.376239,0.217682,0.438573
0.05507,0.654955,0.000308417,0.000336518,0.000465559,0.000737033,0.000954397,0.00138416,0.00243126,0.00518025,0.0110289,0.0347686,0.000115598,0.416345,0.959644,1,46.2498,0.31092,0.253764,27.7174,0.607251,63.0196,1.80847,180.919,0.345656,260.672,0.411925,295.471,1.73553,0.19075,0.383789,0.206152,0.409658
0.0580962,0.760027,0.000822228,0.00069253,0.000900293,0.001005,0.00146426,0.00180415,0.00332334,0.00721422,0.0161647,0.0499267,9.46288e-05,0.313075,0.983134,1,58.4392,0.33815,0.29801,28.187,0.606098,62.4555,1.9902,177.017,0.482696,260.151,1.07015,296.555,1.07049,0.201671,0.401158,0.222991,0.433658
0.0624477,0.757951,0.000499844,0.000785981,0.00109393,0.000955755,0.00131424,0.00185339,0.00322246,0.00667574,0.0146796,0.0456846,8.95121e-05,0.309354,0.9735,1,71.6315,0.317863,0.30983,28.1883,1.19923,64.505,1.78586,178.737,0.961225,262.221,0.673045,298.175,2.73651,0.190861,0.385928,0.21203,0.441731
0.0626067,0.751785,0.000498035,0.000768349,0.00106535,0.000945783,0.00128919,0.00182639,0.00317816,0.00658497,0.0145134,0.0451515,9.10895e-05,0.309771,0.973169,1,72.0316,0.315432,0.309652,28.1961,1.25852,64.458,1.73175,178.592,0.944989,262.235,0.714956,298.215,2.71842,0.192727,0.387117,0.211216,0.4416
0.057148,0.841731,0.00109632,0.000578252,0.0011408,0.00123933,0.00161651,0.00205326,0.00397959,0.00762852,0.0170451,0.0536376,9.52488e-05,0.281445,0.914167,1,54.2698,0.380143,0.295666,28.9454,0.669183,65.5066,0.826297,180.422,2.14003,263.063,2.11552,294.877,0.571273,0.218143,0.420944,0.20414,0.450219
0.0597132,0.822373,0.000437428,0.000632937,0.000719469,0.000957776,0.00129755,0.00180103,0.00313974,0.00644252,0.0138381,0.044147,0.000105054,0.38086,0.937732,1,65.4892,0.36632,0.314556,28.4209,1.23201,63.3197,3.95439,179.145,0.950101,260.662,0.467228,293.847,1.96954,0.211526,0.424369,0.242431,0.440763
0.0632082,0.84978,0.000839886,0.000504709,0.000894934,0.001172,0.00163847,0.00212941,0.00410081,0.00860556,0.0183565,0.0562097,8.05418e-05,0.39589,0.967361,1,52.838,0.371433,0.351395,28.4727,0.660454,63.1685,0.857731,179.911,0.281552,262.336,0.259443,295.617,0.313102,0.218578,0.42015,0.226722,0.451552
0.0607965,0.748685,0.00029824,0.000411744,0.000543901,0.000903864,0.0012319,0.0017144,0.00297505,0.00621569,0.0138732,0.0432729,0.000134117,0.440336,0.977804,1,62.6161,0.284044,0.30618,27.3089,1.71311,65.905,1.71,180.489,0.271331,261.295,2.05942,297.13,0.470547,0.18821,0.395946,0.2063,0.431033
0.0486312,0.755181,0.000467459,0.000285325,0.000416123,0.00101064,0.00140321,0.00187585,0.003435,0.00715049,0.0153624,0.0497572,6.27638e-05,0.569421,0.914662,1,47.5564,0.475173,0.246963,28.0758,0.706667,64.0386,2.50132,179.254,0.464532,260.643,0.274285,296.869,3.29534,0.200246,0.376365,0.202844,0.362023
0.0557061,0.833368,0.000225061,0.000282116,0.000551774,0.00118648,0.00157681,0.00218999,0.00409164,0.00840316,0.0172734,0.0571828,7.03263e-05,0.584622,0.905469,1,64.5143,0.407627,0.291579,26.901,0.809784,62.9832,1.00366,178.289,1.06471,259.285,0.364697,298.045,0.628124,0.177689,0.36817,0.195043,0.396905
0.0598005,0.794166,0.000234122,0.000351673,0.000511521,0.00119773,0.00159375,0.0022765,0.00394142,0.0084298,0.017334,0.0564856,6.95173e-05,0.590704,0.910363,1,62.8569,0.369105,0.305336,27.0443,0.469552,64.2327,2.31768,179.949,0.683447,259.727,0.455362,297.809,0.926655,0.18053,0.363386,0.197606,0.386603
0.04694,0.818276,0.000246776,0.000185797,0.000338444,0.000772468,0.00107775,0.00157469,0.002731,0.00538693,0.0121995,0.0359654,0.000116074,0.59009,0.903216,1,43.2295,0.448922,0.247774,27.8958,1.24046,65.3953,0.883944,179.573,2.73702,260.664,2.4257,299.763,0.666194,0.200603,0.40398,0.226449,0.47655
0.057447,0.739913,0.000456627,0.000377619,0.000607203,0.000829351,0.00118559,0.00164087,0.00312978,0.00647774,0.0147069,0.0445521,0.000141862,0.423,0.988637,1,65.0168,0.296098,0.310683,29.457,1.3669,61.1115,3.86737,178.765,0.544012,261.529,0.48224,297.535,0.386676,0.237444,0.448104,0.259994,0.512048
0.0520664,0.805526,0.000319442,0.000340783,0.000555312,0.000910437,0.00122354,0.00163364,0.00294079,0.00650822,0.0146022,0.0451709,0.000131202,0.441291,0.991736,1,71.7197,0.362818,0.294684,28.8387,0.641499,62.7476,1.28271,181.649,0.959598,259.435,0.309801,298.371,0.442546,0.236712,0.453808,0.264842,0.521401
0.0496983,0.723351,0.000369875,0.000326836,0.000519571,0.000861774,0.00115826,0.00160488,0.00308737,0.00637558,0.0140844,0.0439672,0.000117569,0.500756,0.966952,1,52.6029,0.340954,0.260411,29.0723,1.61686,62.9573,0.462683,180.334,0.381055,260.898,0.312745,297.841,0.955631,0.22282,0.419195,0.230131,0.456349
0.04834,0.779091,0.00040202,0.000287677,0.000486055,0.000810124,0.00108525,0.00150087,0.00268127,0.00551714,0.012122,0.0377168,0.000154829,0.458488,0.957804,1,66.2386,0.338501,0.255643,29.0038,3.14124,63.4995,1.35721,179.268,0.31541,261.652,0.440656,295.812,1.09879,0.208744,0.435705,0.223236,0.472513
0.0655442,0.700114,0.000426187,0.00030483,0.000525086,0.000786712,0.00107401,0.00144639,0.00267557,0.00534146,0.0115831,0.034156,0.000124006,0.412819,0.930738,1,44.5951,0.30263,0.309554,27.2676,0.38958,63.605,1.1147,180.67,0.269249,258.559,1.5888,299.055,1.04444,0.206008,0.398891,0.262485,0.475524
0.0445227,0.745162,0.000308097,0.000260817,0.000313498,0.000625504,0.000840897,0.00113766,0.00207719,0.00447166,0.00971587,0.0308511,0.000168808,0.488401,0.98367,1,64.7471,0.367822,0.23624,29.0194,2.09023,64.1807,2.23686,179.816,1.07466,262.321,0.427996,296.538,0.549489,0.216213,0.435832,0.238841,0.509213
0.0416415,0.760244,0.000269473,0.000281995,0.000551249,0.000701908,0.000971799,0.00130233,0.00245043,0.00525039,0.0115878,0.0356259,0.000150655,0.429237,0.988733,1,42.6141,0.40558,0.225679,29.636,2.34142,63.8864,2.38642,179.533,2.81568,263.294,0.321831,295.332,0.849857,0.228506,0.441423,0.21795,0.481597
0.052293,0.840314,0.000896665,0.000538361,0.0010665,0.000815782,0.00112123,0.00150115,0.00266738,0.00561162,0.0122166,0.0386551,0.000120343,0.217026,0.990751,1,71.7753,0.419888,0.282874,28.3045,0.56269,63.5435,0.853347,179.555,0.696227,258.787,2.17535,297.691,1.98969,0.214828,0.435162,0.27839,0.508293
0.0496682,0.666697,0.000296688,0.000321562,0.000562247,0.000738774,0.00100871,0.00143232,0.00261813,0.0052197,0.0112465,0.0347187,0.000135466,0.356752,0.945427,1,44.4914,0.317066,0.229835,28.7166,2.9215,65.7197,3.47809,179.536,1.59715,261.64,0.521003,297.136,0.841481,0.201372,0.398586,0.195556,0.427297
0.0531303,0.832389,0.000329362,0.000423006,0.000513752,0.000832217,0.00113492,0.00162328,0.00300422,0.00671692,0.0140798,0.0433966,0.00012392,0.491165,0.999456,1,54.9603,0.381708,0.309301,28.7604,0.663055,61.6712,0.942146,179.622,1.13534,261.815,1.06723,298.3,2.07139,0.232435,0.444527,0.27267,0.528699
0.0551182,0.884356,0.000412786,0.000234203,0.000558258,0.000967542,0.0012877,0.00166239,0.00310742,0.00645854,0.0142973,0.045631,0.000136217,0.442977,0.976933,1,62.4978,0.368898,0.324776,29.0047,0.80991,63.1356,2.1626,179.206,1.17437,260.374,1.71462,297.617,0.426441,0.238269,0.463765,0.28616,0.554279
0.0410399,0.700717,0.000394966,0.000219888,0.000558053,0.00068388,0.000960232,0.00124192,0.00228872,0.00499882,0.0107905,0.0326066,0.000121893,0.396367,0.96978,1,50.3834,0.437112,0.200983,28.8658,1.02367,65.8221,1.02213,178.416,0.874587,258.65,0.519984,298.16,3.35814,0.197685,0.403819,0.215035,0.429444
0.0544151,0.635732,0.000357833,0.000456659,0.000508531,0.000552089,0.000752282,0.00107778,0.00180497,0.0038912,0.00839303,0.025953,0.000190524,0.275003,0.991016,1,60.6275,0.276173,0.247116,27.7584,2.46229,63.9203,1.12423,180.767,0.918561,262.894,0.528713,295.21,0.67111,0.199977,0.412713,0.221994,0.485356
0.0476368,0.772718,0.000427406,0.000452965,0.000534004,0.000733578,0.00100049,0.00137606,0.00235653,0.00534279,0.0116979,0.0353042,0.000134314,0.397811,0.978308,1,50.6481,0.382326,0.24999,28.2472,0.714215,63.1756,1.13968,177.187,1.68278,259.363,0.752602,297.982,2.31674,0.204256,0.416603,0.251075,0.458919
0.0595136,0.790137,0.000468879,0.000350689,0.000432143,0.000928004,0.00133945,0.00182767,0.00311053,0.00724473,0.0155075,0.0497957,0.00011825,0.527119,0.994937,1,58.3971,0.298259,0.329844,28.7567,1.17783,63.8376,1.81223,182.035,0.304312,261.229,0.584442,298.107,0.597869,0.212924,0.426384,0.233023,0.498729
0.0550549,0.750003,0.000350991,0.000311092,0.000636947,0.000987972,0.00127337,0.00166941,0.00328213,0.00660326,0.0148447,0.0463855,0.000120292,0.440318,0.944874,1,86.593,0.32266,0.27948,28.2438,0.788815,64.8268,3.31816,181.758,0.255812,262.24,0.497897,296.302,0.301425,0.211091,0.411337,0.201465,0.435974
0.056159,0.689046,0.000320656,0.000263104,0.00042386,0.000694159,0.00101811,0.00139265,0.00249759,0.00529699,0.0113889,0.0353242,0.000138546,0.472399,0.959614,1,58.2209,0.302216,0.27493,27.812,1.14773,61.2743,0.949433,178.651,0.284284,262.125,0.317153,297.098,0.286457,0.204241,0.402907,0.223071,0.477026
0.0510357,0.757194,0.000320261,0.000272938,0.000342464,0.000740586,0.000996355,0.00143826,0.00253265,0.00543269,0.0123436,0.0367367,0.000149301,0.540546,0.981658,1,51.075,0.329097,0.270376,27.8596,1.2246,65.3216,2.4338,180.19,1.67778,259.269,2.83441,298.717,3.67283,0.205894,0.41179,0.233737,0.50653
0.0517782,0.710206,0.000207544,0.000179596,0.000380967,0.000715658,0.000966846,0.00128732,0.00248896,0.00516277,0.011326,0.0352636,0.000140739,0.519696,0.994131,1,45.4009,0.31452,0.267553,28.4414,1.45202,64.1769,2.90935,179.653,0.865106,260.289,1.11695,298.132,0.552831,0.208717,0.408582,0.241988,0.481947
0.0479279,0.742589,0.000464311,0.000363056,0.000420459,0.000870239,0.00127773,0.00171457,0.00306159,0.00654353,0.0144904,0.0457228,0.000127072,0.473599,0.964456,1,55.2676,0.345557,0.249918,28.5094,1.03532,62.8362,2.19343,177.762,1.05689,258.323,1.31449,299.015,0.946033,0.209199,0.41442,0.231316,0.442676
0.0488667,0.683471,0.000378123,0.000199215,0.000523518,0.000734833,0.00100256,0.00138869,0.00250927,0.00524704,0.0111075,0.0347053,0.000109908,0.428796,0.946355,1,59.611,0.375172,0.239335,29.1683,0.667598,62.5565,1.37754,178.701,1.17027,258.432,0.687339,299.627,1.5643,0.219564,0.413199,0.250786,0.456454
0.047893,0.732378,0.000241353,0.000365247,0.00043491,0.000782341,0.00108756,0.00144501,0.00258077,0.00537441,0.0111445,0.0351763,0.000135383,0.44627,0.914184,1,52.6668,0.371089,0.236474,28.6205,1.00181,62.6339,4.63509,179.789,1.07239,260.868,0.536768,300.322,5.55601,0.213824,0.418215,0.230142,0.482783
0.0523725,0.745345,0.000279404,0.000340566,0.000535547,0.000890821,0.00119053,0.00168383,0.00294434,0.00578144,0.0120132,0.0392534,0.000135463,0.422086,0.875863,1,59.5857,0.352922,0.254913,28.7055,0.742214,63.3224,3.53935,179.521,1.1558,261.104,0.527365,299.293,2.33517,0.222062,0.429688,0.237538,0.481437
0.0522263,0.742873,0.000224911,0.000204602,0.000393913,0.000857789,0.00113263,0.00160056,0.00285618,0.00653762,0.0145224,0.0442386,0.000131136,0.616374,0.994448,1,52.9405,0.327037,0.288317,28.1017,0.669036,59.6643,0.610102,177.347,1.2633,258.922,0.996715,296.211,0.762474,0.209517,0.418708,0.25259,0.450735
0.051175,0.704601,0.000219857,0.000162425,0.000317346,0.000789484,0.00116781,0.00150513,0.00280982,0.00620068,0.014007,0.0418602,0.000126701,0.6461,0.992703,1,47.9646,0.314047,0.278931,28.9087,1.11901,59.3754,0.466015,176.935,1.39242,260.213,0.578874,296.359,0.464986,0.217557,0.417897,0.240681,0.467389
0.0495445,0.687397,0.000232133,0.000196561,0.000297978,0.000759845,0.000950442,0.00138404,0.00252305,0.00559045,0.0122245,0.0391661,0.000124913,0.648931,0.979458,1,66.1184,0.34288,0.26164,28.0881,0.381366,62.3369,3.37125,180.4,1.28551,260.931,0.363245,297.331,1.04219,0.218936,0.409059,0.23908,0.471036
0.0520772,0.792913,0.000204212,0.00016877,0.000338523,0.000834397,0.00117562,0.00148418,0.00283446,0.00606153,0.0136112,0.041978,0.000105066,0.670798,0.989036,1,50.1876,0.385488,0.295702,27.5475,0.495616,61.9496,1.0654,178.215,0.725453,260.468,1.90506,297.948,0.64612,0.206771,0.400736,0.253057,0.48603
0.0503983,0.78437,0.000263432,0.000182338,0.000352959,0.0010088,0.00129675,0.00190101,0.00354376,0.00750135,0.0159904,0.0508331,0.00010326,0.699301,0.932834,1,57.3455,0.355986,0.278477,28.4672,0.621811,63.5081,3.73686,180.647,3.10175,258.797,0.319418,299.306,1.16367,0.211267,0.411861,0.225622,0.445677
0.0550914,0.764968,0.000196998,0.000264691,0.000388165,0.000930944,0.00124296,0.00164217,0.00311058,0.00677796,0.0145813,0.0462139,0.000121165,0.62646,0.975397,1,59.0648,0.307739,0.302892,28.6152,0.891178,62.7832,1.05137,179.569,0.879255,259.548,0.352633,296.013,3.78481,0.20818,0.419914,0.236208,0.455008
0.0426295,0.777518,0.000195712,0.000270506,0.00035511,0.00069819,0.000894813,0.00123392,0.0022684,0.00500041,0.0106796,0.032714,0.000148414,0.490641,0.990194,1,49.1631,0.456558,0.234228,28.0738,0.700237,63.0114,1.36928,179.52,1.21885,260.937,2.60763,298.714,0.316463,0.220184,0.431435,0.254756,0.507514
0.0446709,0.748409,0.000187398,0.000200752,0.000328125,0.000694239,0.000947916,0.00128419,0.00226676,0.00499927,0.0104652,0.0319509,0.000121564,0.561813,0.923068,1,55.0762,0.442055,0.233012,29.1783,0.618831,63.401,2.68318,178.58,1.64828,260.3,0.690694,297.495,0.475322,0.220944,0.425157,0.256238,0.469971
0.0461787,0.82281,0.000225179,0.00019273,0.00032926,0.000697435,0.000978769,0.00131754,0.00234279,0.00494475,0.0112623,0.0351895,0.000142352,0.590944,0.974442,1,56.9586,0.395295,0.262587,29.011,1.24413,64.2727,0.525143,179.233,1.20474,258.865,0.661565,298.403,2.42865,0.215838,0.437641,0.273904,0.518287
0.0526433,0.78946,0.000244779,0.000245267,0.0004183,0.00085803,0.00114296,0.00155683,0.00302648,0.0067156,0.0141981,0.0441735,0.000114852,0.611235,0.983974,1,63.7712,0.354682,0.297118,28.4077,0.555428,62.832,0.988927,180.997,0.968485,259.741,2.90435,299.979,1.12695,0.216564,0.424079,0.258101,0.495564
0.0521884,0.793472,0.000305192,0.000238251,0.00039324,0.000825457,0.00112253,0.00158553,0.00294908,0.00649209,0.0139023,0.0431623,0.00011476,0.547178,0.994283,1,63.0506,0.364201,0.289949,27.9816,0.726834,64.598,0.820512,180.087,1.40285,259.697,3.73275,300.745,1.90994,0.212593,0.40962,0.252969,0.504417
0.0553448,0.837773,0.000255628,0.000260561,0.00040473,0.00102546,0.00137138,0.00182785,0.0033931,0.00690967,0.0154177,0.0473749,0.000104336,0.572016,0.931419,1,54.1143,0.375585,0.309007,28.76,2.06687,62.878,0.770724,180.295,1.12778,262.062,0.33348,295.19,0.684056,0.220452,0.427143,0.224627,0.47456
0.0543956,0.835836,0.000282728,0.000243911,0.000391528,0.00104119,0.0014272,0.00191896,0.00366398,0.00748782,0.0166219,0.050916,0.000121917,0.600746,0.942215,1,51.7693,0.342555,0.309712,28.6403,0.930575,62.4279,0.960619,175.329,1.47553,262.234,0.290599,297.986,0.561525,0.217406,0.426773,0.231058,0.492895
0.053638,0.73343,0.000195663,0.000156568,0.000250189,0.000770967,0.00102266,0.00142138,0.00260399,0.00549188,0.012066,0.0369991,0.000147396,0.642477,0.963194,1,54.2554,0.309825,0.287742,28.3663,0.725224,62.0939,1.21198,177.177,2.01886,261.467,0.534467,297.855,0.457336,0.213783,0.417555,0.251842,0.509139
0.0460163,0.847081,0.000241488,0.000190192,0.000316331,0.000709897,0.000952459,0.00136426,0.0024725,0.00525209,0.0113452,0.034207,0.000117703,0.522072,0.961174,1,66.3673,0.464509,0.25871,28.9621,1.16655,66.1985,1.30245,181.057,0.561188,260.333,1.51743,297.403,1.09092,0.219983,0.432353,0.257238,0.518153
0.0427622,0.784072,0.000295878,0.000286788,0.00040928,0.000590185,0.000824099,0.00104969,0.00193449,0.0040571,0.00878447,0.0280979,0.000193662,0.435504,0.976059,1,53.2552,0.412808,0.232732,29.1376,2.5347,63.6402,1.43415,178.157,1.70542,260.296,1.31616,298.584,1.91675,0.229266,0.457809,0.289092,0.55972
0.0485482,0.930768,0.000343018,0.000306073,0.000436678,0.000899114,0.00117425,0.00167644,0.00314811,0.00675763,0.0148946,0.0442389,8.77652e-05,0.570365,0.979331,1,56.2678,0.557991,0.300402,28.4495,0.365112,62.8864,0.57612,180.95,1.15566,260.577,0.56469,298.139,0.395696,0.227431,0.442343,0.277138,0.527801
0.0547447,0.746115,0.000362019,0.000318922,0.000425158,0.000863594,0.00115915,0.00160532,0.00297804,0.00576183,0.012555,0.0405246,0.000162046,0.51498,0.931677,1,51.6998,0.284776,0.276156,28.2723,1.71167,66.0924,0.322451,178.058,1.45275,259.996,1.93772,298.672,2.17452,0.201549,0.411518,0.23054,0.450796
0.0529906,0.858089,0.000558779,0.000522604,0.00065202,0.00111838,0.00158506,0.00211347,0.00402816,0.0082828,0.0182227,0.0568928,6.07049e-05,0.479703,0.939882,1,59.041,0.495686,0.294124,28.5008,0.484812,62.0476,0.760696,180.938,0.504541,259.576,0.309533,296.752,0.811874,0.210886,0.409169,0.217484,0.43745
0.0543488,0.881033,0.000630966,0.000423832,0.000835381,0.00124306,0.00169919,0.00230875,0.00414599,0.00887748,0.0192209,0.0609532,6.17904e-05,0.453078,0.950429,1,67.3225,0.497777,0.30818,28.2867,0.452248,62.4702,1.33468,180.057,0.730609,261.483,0.437118,297.76,0.60117,0.217309,0.403748,0.240878,0.417281
0.0533794,0.861423,0.000437047,0.000502615,0.000665175,0.000930916,0.00131334,0.00176646,0.00324987,0.00654371,0.0145259,0.0454697,7.67843e-05,0.411023,0.971933,1,59.0111,0.474654,0.295118,27.9234,0.437443,62.8353,1.16642,176.987,3.378,263.302,0.484396,296.684,0.619557,0.197433,0.399142,0.220991,0.467188
0.0452519,0.829449,0.000444394,0.000346809,0.000578961,0.000896686,0.0011841,0.00164058,0.0029242,0.00644831,0.01378,0.0431163,9.84174e-05,0.439706,0.99287,1,50.4107,0.453534,0.249014,28.286,0.866577,66.3262,2.35783,180.774,0.76094,260.442,0.922108,295.738,1.37046,0.197969,0.404325,0.204363,0.434267
0.047663,0.794937,0.000394459,0.00029276,0.000595799,0.000883717,0.00116158,0.00154664,0.00289072,0.00625636,0.0134426,0.0424268,8.90927e-05,0.43638,0.992502,1,45.7879,0.444369,0.253158,27.8409,0.774642,65.1824,2.32817,180.558,0.985919,260.019,0.610401,296.797,1.99944,0.191828,0.388,0.210219,0.421284
0.0476537,0.797716,0.000391205,0.000292057,0.000590326,0.000880454,0.00116173,0.00152339,0.00286798,0.00622254,0.0133193,0.0422044,9.03714e-05,0.443242,0.991971,1,44.4813,0.443099,0.2541,27.7951,0.761994,65.2416,2.44163,180.411,1.12863,260.069,0.641504,296.696,2.0846,0.191291,0.390219,0.209817,0.423893
0.0569043,0.71889,0.000536773,0.000510933,0.000642374,0.000831377,0.00118335,0.0015412,0.00280587,0.00592993,0.0129109,0.0398945,0.000131209,0.363321,0.959086,1,74.5078,0.308187,0.28873,29.2488,1.64916,61.5937,0.688597,180.4,1.51206,260.315,1.13395,298.597,0.56713,0.229794,0.435587,0.259219,0.508836
0.0520683,0.848618,0.000362977,0.00029969,0.000446914,0.000755862,0.00104272,0.00133406,0.00242505,0.00500954,0.0106232,0.0316063,0.000120503,0.426724,0.941124,1,43.6338,0.459052,0.280608,27.8349,0.566812,64.3928,3.16122,178.548,1.14334,262.753,0.810785,295.387,2.69976,0.214087,0.420246,0.261788,0.508619
0.0507342,0.865746,0.000329381,0.000293656,0.00045676,0.000713405,0.0009702,0.00127501,0.00230357,0.00460962,0.00985936,0.0296038,0.000137618,0.414606,0.924457,1,42.7591,0.448867,0.272665,28.3568,0.850422,64.5939,0.858158,178.502,1.40474,261.435,1.10854,295.173,1.47387,0.211712,0.440706,0.269861,0.513456
0.0570017,0.594419,0.0007853,0.00057337,0.00106087,0.000779375,0.00106228,0.00148446,0.00266434,0.0056304,0.0125375,0.038998,0.000110776,0.258724,0.984548,1,77.2089,0.278232,0.243821,27.037,0.449372,64.3688,2.12067,180.077,1.20608,259.176,0.919012,300.094,0.6334,0.181888,0.365059,0.192718,0.404935
0.0573725,0.687355,0.000719892,0.000580316,0.00104742,0.000953791,0.00135939,0.00174548,0.00318935,0.00643524,0.0137333,0.0438306,9.66509e-05,0.27778,0.925276,1,37.8655,0.339771,0.265335,27.8629,0.517376,61.2604,1.17645,177.919,0.491282,259.431,0.262583,297.722,1.39815,0.205409,0.396809,0.218778,0.408937
0.0672284,0.730791,0.000331967,0.000517396,0.000733983,0.0010423,0.00137081,0.00190914,0.0036341,0.0067187,0.01484,0.0451011,0.000100801,0.353059,0.912296,1,71.0145,0.308863,0.321022,27.7513,0.447194,62.3225,1.93645,181.276,4.59168,257.537,0.470938,300.769,0.97975,0.207047,0.407641,0.245486,0.451563
0.060685,0.685813,0.000349031,0.000432069,0.000588029,0.00087833,0.00129708,0.00168131,0.00308951,0.00584256,0.0130077,0.0390218,0.000104551,0.363858,0.896365,1,54.779,0.314374,0.275333,27.9806,0.70456,61.4731,1.97759,179.515,2.11112,257.199,0.434837,299.117,1.00445,0.200879,0.396061,0.233642,0.437653
0.0586569,0.715386,0.000298802,0.000339248,0.000556171,0.000862083,0.00125016,0.00159088,0.00294675,0.00574537,0.0127796,0.0383682,0.000114834,0.451747,0.896722,1,51.2206,0.313297,0.280693,28.5939,1.03091,61.523,1.78453,180.25,3.28105,258.684,0.37285,299.058,0.970572,0.209938,0.411509,0.238241,0.457668
0.0526191,0.76604,0.000291963,0.000254531,0.000443696,0.000956003,0.00117519,0.00164482,0.00303432,0.00639134,0.0135208,0.0427928,0.00010424,0.546613,0.948643,1,56.0055,0.37548,0.279487,28.2664,0.680612,62.3334,1.41622,178.77,0.505988,262.19,0.46199,297.156,1.48621,0.211945,0.409545,0.224898,0.470281
0.0619253,0.832988,0.000356167,0.000259125,0.000452813,0.00107774,0.00134996,0.00191431,0.0034299,0.0068679,0.0149646,0.0451172,0.000128453,0.540798,0.901872,1,53.3981,0.318202,0.328817,27.9054,1.28055,64.7715,1.0625,180.411,3.22084,258.557,1.80989,297.881,1.16449,0.210068,0.421808,0.247201,0.492482
0.0557001,0.797602,0.000285587,0.000232551,0.000390392,0.00101903,0.00126788,0.00177233,0.00337828,0.00665895,0.0139917,0.0431732,0.000115427,0.587968,0.868081,1,53.4472,0.353696,0.290746,28.9881,1.15104,61.5085,1.73443,176.706,2.29146,259.999,3.16037,297.518,1.38734,0.21675,0.423034,0.251916,0.463042
0.050672,0.710215,0.000260679,0.000167381,0.000302584,0.000590908,0.000917202,0.00118337,0.00216353,0.00419315,0.00920251,0.0273242,0.000171014,0.51187,0.892246,1,60.2128,0.342545,0.242292,28.2608,0.83662,65.9856,1.39991,182.057,0.846035,260.984,0.298355,296.596,1.20208,0.214968,0.426434,0.2304,0.488986
0.0496712,0.73005,0.000247948,0.00027455,0.0004115,0.000676068,0.000869757,0.00116391,0.00217801,0.00434637,0.00979007,0.028883,0.000128706,0.39942,0.952839,1,67.6606,0.397694,0.245735,27.9775,0.642701,62.1145,1.34703,177.122,1.12844,262.143,0.433835,298.495,1.06226,0.204492,0.406219,0.244996,0.510398
0.0466843,0.743399,0.000437785,0.000306986,0.000527287,0.000715516,0.00103065,0.00137708,0.00256193,0.00530952,0.0113961,0.0353421,0.000151501,0.423489,0.9619,1,41.8848,0.364774,0.24306,28.9927,1.29867,63.262,0.544854,178.892,3.77457,258.683,2.72123,296.601,2.11987,0.221368,0.439151,0.246993,0.476185
0.0438576,0.756628,0.000179551,0.000174724,0.000298768,0.000631902,0.000808804,0.00113032,0.00205221,0.00429049,0.00932937,0.0288969,0.000133413,0.566848,0.94979,1,62.4595,0.446247,0.227858,28.0488,0.719918,63.4144,2.67352,179.754,0.427857,261.762,0.372233,300.083,0.719994,0.20019,0.408446,0.236884,0.519893
0.0533807,0.72917,0.000346454,0.000386517,0.00054005,0.000776063,0.00112482,0.00155498,0.00281217,0.00602367,0.0133065,0.0407115,0.000165392,0.414627,0.983231,1,48.2195,0.283227,0.278051,29.2229,1.19287,63.5325,0.784283,178.63,1.46036,257.686,1.74525,296.092,1.45527,0.215481,0.444806,0.242732,0.465968
0.0530701,0.796786,0.000327585,0.00032068,0.000491089,0.000756523,0.00107996,0.00142152,0.00261383,0.00556582,0.0124722,0.037555,0.000135997,0.423006,0.991139,1,42.0904,0.353862,0.285585,28.1387,1.55835,65.2715,0.958441,181.791,1.53266,258.2,1.52934,297.061,1.55898,0.212566,0.422107,0.263839,0.469867
0.0609376,0.683416,0.00026829,0.00026942,0.000415869,0.000905656,0.00120627,0.00161025,0.0030964,0.00610892,0.0127356,0.039828,0.000127341,0.503236,0.918883,1,72.6209,0.279621,0.295379,28.6435,1.14077,61.5905,1.10404,177.175,0.994073,262.386,0.619153,297.867,1.02875,0.21264,0.409833,0.226375,0.476332
0.06124,0.695065,0.000363526,0.000216445,0.000475813,0.00092828,0.00123616,0.00159141,0.0030786,0.0064829,0.0139109,0.0428631,0.00011226,0.52107,0.95281,1,72.1159,0.280578,0.302786,28.3615,1.00969,61.2858,1.31025,177.69,1.75208,263.14,0.387182,297.437,1.73163,0.198739,0.394658,0.213077,0.456215
0.0618481,0.682702,0.000378398,0.000387027,0.000529795,0.000796471,0.00109628,0.00150864,0.00279818,0.00585846,0.0125604,0.0386081,0.000112919,0.430298,0.957551,1,71.6603,0.284039,0.298186,28.2501,0.864676,61.7962,0.434357,177.972,2.50866,262.623,0.445616,296.578,1.19768,0.203291,0.397635,0.225783,0.439367
0.0551651,0.624143,0.00031229,0.00025054,0.000484352,0.000689844,0.000972438,0.00126241,0.0023209,0.00476427,0.0106361,0.0328744,0.000177319,0.396936,0.961129,1,63.5761,0.247724,0.246336,28.051,1.01162,65.8973,0.564105,179.283,0.532834,262.699,0.641892,296.222,1.44202,0.190163,0.390402,0.186227,0.435842
0.0557441,0.754013,0.000470257,0.000385619,0.000700201,0.000872294,0.00115687,0.00160963,0.00290425,0.00608357,0.0127643,0.0404407,0.000101853,0.355853,0.978823,1,47.4589,0.344766,0.281697,27.9356,1.07975,63.4718,1.79515,179.656,0.450764,261.231,0.370533,294.824,1.57363,0.195136,0.399552,0.20949,0.426533
0.0559978,0.854301,0.00058851,0.000681758,0.000783799,0.000902287,0.00134619,0.00171413,0.00321583,0.00646838,0.0145757,0.0456978,0.00012502,0.356472,0.980511,1,67.98,0.347915,0.305359,28.0604,0.899128,67.5041,3.09262,177.534,1.98877,262.421,0.309284,295.784,0.78851,0.200867,0.411547,0.217736,0.465617
0.0626944,0.685853,0.000450908,0.00041019,0.000541983,0.00118871,0.00147123,0.00205752,0.00386982,0.00847439,0.0180285,0.0566477,7.37839e-05,0.512238,0.941468,1,44.5702,0.310446,0.303478,27.6708,0.446736,62.0807,0.770901,178.428,0.915749,257.751,2.61762,298.782,1.7903,0.195697,0.372896,0.214633,0.40465
0.0557154,0.773254,0.000330818,0.000294425,0.000513964,0.000819449,0.00120562,0.00157919,0.00281243,0.00588779,0.0132781,0.0414267,7.80212e-05,0.493004,0.97694,1,53.9565,0.406835,0.289562,27.2372,0.468776,62.6672,1.02687,178.608,2.08158,259.88,0.30046,296.808,1.58373,0.186515,0.379676,0.224451,0.440307
0.0586486,0.676549,0.000308776,0.000272269,0.000382218,0.000864924,0.00113928,0.00156775,0.002839,0.00603411,0.0128762,0.0404251,0.000119404,0.491656,0.970492,1,53.5434,0.287266,0.293712,28.8207,1.45757,61.35,1.88035,180.09,0.738061,262.226,0.835674,296.423,1.00752,0.219544,0.409193,0.238904,0.438919
0.0578098,0.730518,0.000243809,0.000248286,0.000414591,0.000715973,0.000976882,0.00132285,0.0026282,0.00534575,0.0115906,0.0361638,0.000163785,0.467198,0.957514,1,62.5728,0.278192,0.29284,28.2228,1.03023,61.4867,2.48816,176.682,1.51043,261.895,4.78298,295.396,1.2928,0.201629,0.422805,0.225854,0.487751
0.0545251,0.678139,0.000414664,0.000308985,0.00049505,0.000765395,0.00113505,0.00146062,0.00251421,0.00544184,0.0123166,0.0365822,0.000104618,0.453857,0.963876,1,55.4319,0.316668,0.261155,28.5381,2.67909,64.0054,2.88048,179.528,1.34827,260.286,0.421227,301.234,0.373625,0.196152,0.384302,0.227837,0.455508
0.0512981,0.715141,0.00019813,0.000207467,0.000304751,0.000727036,0.000928458,0.00131524,0.00250693,0.0049748,0.0103246,0.0331846,0.000149458,0.53837,0.944961,1,55.1201,0.33571,0.251632,26.779,0.526703,63.651,1.79819,177.166,0.539635,260.02,0.575346,298.716,0.57828,0.187712,0.389009,0.224252,0.458436
0.0480614,0.77255,0.000229454,0.000205081,0.00034764,0.000787061,0.00103387,0.00140101,0.00259893,0.00544791,0.011394,0.0364733,9.40537e-05,0.579248,0.968789,1,39.5261,0.417855,0.251577,28.0188,1.27789,66.5631,0.992009,179.353,2.36373,259.095,1.54124,299.856,0.426465,0.187563,0.379851,0.222151,0.458964
0.0467132,0.712183,0.000216519,0.000197692,0.000340077,0.000717686,0.000993218,0.00136802,0.00253705,0.00512153,0.0112002,0.0340042,0.000135213,0.560824,0.951354,1,68.5967,0.382182,0.235022,27.3452,0.525996,63.3927,1.60487,178.918,1.78618,260.507,0.754193,298.059,1.45198,0.199024,0.395671,0.221997,0.448649
0.0516366,0.755116,0.000378057,0.000337737,0.000499125,0.000831998,0.00115731,0.00148988,0.00277405,0.00563101,0.0124476,0.0386172,0.000105299,0.425945,0.968943,1,67.0484,0.361693,0.263045,28.6885,1.11762,65.0115,1.19657,176.098,2.42744,260.976,0.426888,297.435,0.77773,0.193712,0.395819,0.224913,0.452248
0.0507721,0.755445,0.000382546,0.000453157,0.00058035,0.000841253,0.00121643,0.00164092,0.00275857,0.0060359,0.0131246,0.0405738,0.000101963,0.418016,0.942257,1,66.3686,0.397958,0.254189,27.9504,0.907551,63.7612,0.745641,179.185,0.870002,260.954,0.355642,295.956,1.19595,0.197264,0.399117,0.209326,0.414503
0.0508093,0.771168,0.000445825,0.000451586,0.000606198,0.000860775,0.00115769,0.00159134,0.00289347,0.00624783,0.0131788,0.0404522,0.000111678,0.382133,0.978735,1,70.344,0.363714,0.261992,28.1135,0.793109,63.7516,1.03782,177.657,0.766839,259.538,0.498725,296.274,1.31636,0.190674,0.403802,0.216973,0.441314
0.0552411,0.707758,0.000350713,0.000370119,0.000470714,0.00102889,0.00138999,0.00183164,0.00333865,0.0070574,0.0158721,0.0496503,0.000130962,0.54185,0.94908,1,44.4518,0.270601,0.278456,28.5692,1.06218,64.7825,2.0719,179.215,0.72661,259.247,1.34328,299.648,1.12636,0.205019,0.406906,0.206244,0.472687
0.0528255,0.806949,0.000363482,0.00024737,0.000511984,0.000842918,0.0011735,0.00160337,0.00289003,0.0058118,0.0128044,0.0419464,0.000122962,0.482143,0.958034,1,42.8765,0.366022,0.279262,27.5636,0.714286,66.9686,1.38045,179.938,1.39616,260.486,1.91117,299.078,0.637703,0.198469,0.400596,0.231223,0.451317
0.0521259,0.66023,0.000393095,0.000455883,0.000545743,0.000763261,0.001037,0.00141459,0.00259826,0.00574022,0.01263,0.0380285,9.9106e-05,0.416842,0.985143,1,74.0258,0.342408,0.251148,28.0346,1.03979,60.0015,1.10908,177.223,2.14929,263.001,0.350614,296.83,0.583691,0.197024,0.382994,0.210466,0.412233
0.0620687,0.848666,0.000494115,0.000527237,0.00085992,0.000996365,0.00132968,0.00179502,0.00329059,0.00662104,0.0139655,0.0425806,0.000156905,0.346234,0.893893,1,40.032,0.319819,0.327954,29.247,1.77401,65.3516,0.891325,183.73,0.731117,260.687,1.34658,299.045,0.396939,0.246901,0.471383,0.271983,0.552988
0.0625026,0.785247,0.000506069,0.00036796,0.00061267,0.000679199,0.000929548,0.00122397,0.00229539,0.00475253,0.010283,0.0307327,0.000136226,0.327741,0.97626,1,58.3601,0.340084,0.325157,28.1635,0.591482,62.916,0.760416,178.868,0.499351,259.189,0.289099,301.063,0.33135,0.218254,0.440376,0.319777,0.606047
0.047841,0.807191,0.000332147,0.000384279,0.000542282,0.000733725,0.00106371,0.00133807,0.00249217,0.00480022,0.0102375,0.031537,0.000147806,0.315493,0.888193,1,46.564,0.435877,0.245438,30.3173,1.72913,66.0488,3.32763,181.54,4.0677,261.703,2.36404,296.194,1.28057,0.251568,0.469228,0.275368,0.499339
0.0490415,0.831199,0.000287305,0.000200611,0.000324364,0.000780488,0.00102225,0.00140243,0.00257781,0.00492766,0.0107032,0.0318875,0.000157557,0.476396,0.869299,1,59.3418,0.424153,0.255764,28.7285,2.56818,62.0124,2.71144,179.696,1.57503,259.151,0.835299,295.249,0.948317,0.223374,0.46072,0.262877,0.498723
0.0527922,0.775239,0.000307051,0.000333898,0.0004805,0.000744078,0.00105833,0.0013951,0.00246952,0.00515551,0.010797,0.0332367,0.000135239,0.420533,0.93611,1,53.4113,0.375254,0.273986,28.6326,0.451389,64.8117,0.383605,179.45,0.665631,265.318,0.560922,296.326,0.799629,0.228734,0.429553,0.234757,0.512442
0.0457078,0.819646,0.000322911,0.000230304,0.000379419,0.000633545,0.00084321,0.0011313,0.00217867,0.00428487,0.00943867,0.0285015,0.000132116,0.427723,0.939885,1,50.6397,0.487057,0.242862,28.8193,1.3049,63.0458,2.63635,180.134,0.984646,262.394,0.31647,295.624,1.35289,0.212528,0.442441,0.250619,0.51912
0.0515035,0.761238,0.000369254,0.00030518,0.000477999,0.000754975,0.0010343,0.00141182,0.00279099,0.00595032,0.0125604,0.0397255,0.000153176,0.461154,0.982191,1,62.1974,0.327226,0.28062,29.2436,2.17132,62.7828,0.551894,180.471,1.87329,259.723,3.1111,301.117,0.600748,0.232585,0.4482,0.280637,0.529934
0.0515073,0.835984,0.000316977,0.000282802,0.000452788,0.000903423,0.00126479,0.00156578,0.00301202,0.00621595,0.014118,0.0435662,0.000112478,0.513564,0.970964,1,44.8654,0.40466,0.295305,29.0008,0.591464,62.1816,2.15406,179.301,0.961942,262.083,0.344721,295.194,1.82706,0.226834,0.444307,0.246992,0.496545
0.0451291,0.839888,0.00036455,0.000308286,0.000471411,0.000833725,0.00112626,0.00164674,0.00293,0.00628486,0.0133333,0.0432262,9.33217e-05,0.489562,0.965674,1,59.7544,0.523487,0.256936,29.0408,1.35864,61.7876,1.65322,176.626,3.56857,263.786,1.06266,297.021,1.17301,0.224132,0.424739,0.236235,0.482674
0.049291,0.72283,0.000295216,0.000280094,0.000417141,0.000698549,0.00101955,0.00127932,0.00243721,0.0051479,0.0117526,0.0361523,0.000137883,0.483818,0.999243,1,48.9523,0.349296,0.255678,27.9438,0.519801,64.7633,1.63259,179.8,0.530213,260.831,0.729682,294.545,0.366437,0.204061,0.409104,0.216803,0.444344
0.0521257,0.874393,0.000390737,0.000386427,0.000553696,0.00105812,0.00133796,0.00188355,0.00351622,0.00744821,0.0156113,0.0498659,8.17127e-05,0.492754,0.929822,1,59.3805,0.447441,0.290837,28.9575,1.36422,64.035,1.64376,179.107,0.498342,263.251,0.300817,295.716,0.67878,0.212757,0.418379,0.207341,0.461737
0.0554677,0.765022,0.000408333,0.000322462,0.00058903,0.000868501,0.00127051,0.00157212,0.00296663,0.00604715,0.0139255,0.0423572,0.000154243,0.428196,0.979842,1,52.6026,0.310223,0.300612,28.9128,1.01142,62.6454,1.1544,178.657,2.43865,258.26,0.864003,298.284,2.18503,0.231828,0.447491,0.276744,0.496444
0.0584814,0.814818,0.000411831,0.000370386,0.000542553,0.000815323,0.00109048,0.00158063,0.00285289,0.00584408,0.0125119,0.0377862,0.000131651,0.404352,0.964882,1,64.0942,0.340265,0.318347,28.9508,1.24644,62.897,0.717183,180.407,2.32647,261.545,1.73505,296.967,0.91687,0.22709,0.447375,0.270717,0.54479
0.0451192,0.817944,0.000403702,0.000331544,0.000520969,0.000744104,0.00104889,0.0012974,0.00248868,0.00530616,0.0117077,0.0368696,0.000116253,0.413542,0.9816,1,68.9711,0.489425,0.251464,28.8913,0.420102,63.2212,2.45162,178.909,0.924661,259.049,0.468432,297.932,2.2441,0.224917,0.439572,0.269822,0.510209
0.0501619,0.807797,0.000295267,0.000243714,0.000427592,0.000938417,0.00127261,0.00177007,0.00329822,0.00680074,0.0148452,0.0467833,0.000101878,0.578292,0.948425,1,47.7322,0.386862,0.276788,28.857,1.23641,64.4811,0.424831,179.734,1.58531,259.306,2.55531,299.272,0.679697,0.216547,0.410913,0.249722,0.453069
0.0467335,0.854588,0.000375341,0.000283945,0.000344615,0.000940217,0.00126789,0.00174552,0.00331293,0.0070791,0.0155437,0.0490913,0.000102519,0.634521,0.958422,1,46.0359,0.431668,0.273855,28.7967,0.708253,64.8939,0.397946,179.882,2.77846,261.185,1.11034,299.022,0.948522,0.22391,0.418306,0.241102,0.488
0.0503738,0.732918,0.000210921,0.000188347,0.000244139,0.000693379,0.000968575,0.00124433,0.00237038,0.00498927,0.0109262,0.033809,0.000142392,0.689166,0.97734,1,63.6903,0.330427,0.271206,28.1256,1.90696,61.5952,1.93926,179.11,0.641291,258.215,0.991845,296.808,1.60532,0.203035,0.410514,0.259461,0.48358
0.049628,0.70902,0.00023483,0.000237535,0.000440537,0.000907603,0.0011832,0.00169943,0.00317944,0.00685123,0.0145744,0.0470716,0.000107457,0.566722,0.969218,1,45.8349,0.33271,0.257972,28.7235,0.611804,62.6737,1.20474,177.252,0.373678,261.349,0.346906,301.481,1.30078,0.207343,0.399726,0.216273,0.472323
0.0450204,0.81925,0.000228224,0.000132115,0.000278829,0.000767154,0.00107548,0.00138626,0.00260546,0.00545247,0.0122014,0.0381813,0.000129088,0.684072,0.968719,1,55.1399,0.420529,0.261424,28.4444,3.08829,61.7641,2.65102,179.691,0.383609,259.769,0.52613,293.737,1.62118,0.215862,0.43262,0.245811,0.461578
0.059482,0.790224,0.000413936,0.000304624,0.000493989,0.000880023,0.0012425,0.00164299,0.00301581,0.00627125,0.0141724,0.0439018,0.000111715,0.495423,0.999484,1,70.4149,0.319352,0.325102,28.2555,1.98708,62.579,0.673266,177.492,3.60895,260.342,0.589716,298.954,0.674418,0.201444,0.410656,0.251052,0.495358
0.046702,0.768734,0.000349964,0.000370274,0.000511303,0.00073501,0.000974253,0.00132681,0.0024875,0.00551068,0.0120809,0.0359652,0.000121248,0.408989,0.999829,1,68.7607,0.388978,0.246068,28.4856,1.09983,65.1542,0.856061,178.055,1.60725,261.395,2.54412,298.329,0.503371,0.20027,0.403857,0.228795,0.471057
0.053373,0.752472,0.000436748,0.00045046,0.000668527,0.000852041,0.0011441,0.00156118,0.00291552,0.00639694,0.0140406,0.0431479,0.000100583,0.392039,0.99908,1,64.0248,0.355355,0.275893,28.1464,1.16715,63.7063,0.981999,178.311,1.84813,262.175,0.989413,296.293,0.827581,0.19513,0.395094,0.212539,0.432091
0.054982,0.663361,0.000252413,0.000225154,0.000378169,0.000749006,0.0010433,0.00140557,0.002532,0.00552637,0.0119055,0.0386353,0.000118476,0.534539,0.997495,1,53.1735,0.302733,0.273241,27.4951,0.460207,61.5999,2.78131,179.238,1.13227,259.766,0.83207,296.605,0.350839,0.198643,0.38721,0.222889,0.432909
0.0559242,0.708736,0.000329589,0.000291968,0.0004348,0.000806153,0.00113734,0.00148018,0.00280344,0.00589383,0.0127644,0.0410928,0.000111733,0.47657,0.97523,1,43.9646,0.331073,0.280167,27.3342,0.383207,64.0955,0.573791,179.122,2.33126,261.144,1.71955,297.945,3.64367,0.202228,0.388329,0.223255,0.441141
0.0494092,0.79329,0.000564821,0.000500618,0.00069597,0.000939845,0.00121451,0.00168514,0.00307816,0.0068432,0.0149485,0.0470297,8.45467e-05,0.36302,0.999091,1,60.837,0.425125,0.262317,28.0649,1.27611,61.6294,4.67707,177.215,0.953072,260.092,0.677481,298.888,0.455062,0.189547,0.392693,0.212566,0.442254
0.0544361,0.749233,0.000473574,0.000421388,0.000764878,0.00088309,0.00129452,0.00170696,0.00315547,0.00661758,0.0143728,0.0461831,0.000102288,0.411889,0.994516,1,50.1734,0.327828,0.281248,28.2516,0.616872,64.6177,0.856652,178.137,0.676699,260.059,0.555522,297.562,2.1839,0.194404,0.394846,0.214069,0.446511
0.0501251,0.757672,0.000366288,0.000344232,0.000466909,0.000827702,0.00108874,0.00143179,0.00262949,0.00587151,0.0129368,0.0413043,0.000111006,0.4895,0.99956,1,61.8593,0.358431,0.268982,28.6141,4.48245,63.3201,2.05142,179.442,1.13573,262.772,0.262474,298.413,0.61414,0.208201,0.407272,0.21906,0.486058
0.0509595,0.756192,0.000361926,0.000314288,0.000556242,0.000754572,0.00105331,0.00145934,0.00265487,0.00564458,0.0120042,0.0374443,0.000136926,0.393856,0.995395,1,41.0143,0.349248,0.265751,27.9381,0.535794,65.6616,0.618733,179.37,1.80658,258.954,2.27971,297.374,0.811448,0.208288,0.410782,0.246903,0.448802
0.0487217,0.754147,0.000317853,0.000263206,0.000363339,0.000708769,0.00102447,0.00133356,0.00248619,0.00537468,0.0113945,0.036127,0.000133089,0.504297,0.97501,1,58.9404,0.366896,0.257165,28.4096,1.3501,63.0607,0.704001,179.691,0.521874,258.013,0.491316,298.53,0.882688,0.207763,0.420202,0.247579,0.480947
0.0457798,0.742257,0.000391843,0.000266241,0.000486812,0.000700543,0.00102145,0.00135087,0.00240572,0.00525803,0.0113993,0.0353813,0.000122583,0.434916,0.986039,1,58.0986,0.38227,0.238218,28.8017,2.32946,64.1188,0.460324,181.129,0.395506,259.825,0.808196,298.329,0.889612,0.209238,0.41817,0.234979,0.46144
0.0450868,0.750382,0.000366041,0.000299393,0.00047253,0.000720475,0.00105365,0.00139749,0.00248785,0.00538742,0.0116383,0.0357628,0.0001281,0.437517,0.972371,1,50.9677,0.399435,0.234021,28.4258,1.7737,63.3336,0.538783,182.174,0.415054,259.63,0.873867,297.575,0.842139,0.209444,0.421667,0.230273,0.444195
0.0490121,0.780107,0.000251639,0.000215575,0.000369473,0.000769139,0.000983769,0.00135408,0.002493,0.00535893,0.0115569,0.0357966,0.000143393,0.516802,0.984499,1,54.7981,0.368637,0.264286,27.6323,0.58299,64.196,1.14294,177.402,2.30906,259.085,1.35924,301.588,0.950592,0.203345,0.410778,0.259074,0.515667
0.0498683,0.694287,0.000295098,0.000275992,0.000385058,0.000625395,0.000928016,0.00123297,0.00227636,0.00468582,0.010445,0.0315007,0.000125849,0.474452,0.978247,1,68.2866,0.358646,0.250025,28.4477,0.980536,62.0673,1.60891,180.48,0.6832,261.037,1.50741,297.227,1.42646,0.210798,0.409446,0.249043,0.454943
0.0479328,0.706485,0.000330196,0.000246104,0.000427402,0.000710215,0.000935861,0.00131628,0.00228796,0.00494222,0.0109427,0.0331217,0.000134297,0.42254,0.958947,1,66.8051,0.373142,0.240074,28.5045,0.637524,62.8668,2.13192,179.96,1.02069,259.891,1.74353,297.361,0.976443,0.216767,0.420605,0.244685,0.473333
0.0505184,0.679977,0.000252817,0.000250438,0.000353346,0.000649843,0.000837807,0.00111621,0.00220288,0.00440504,0.00951671,0.029088,0.000126967,0.430459,0.934251,1,91.462,0.359339,0.238475,28.3939,0.964098,62.2035,1.44459,179.989,1.38193,259.512,1.40826,296.185,4.1401,0.204285,0.407518,0.24036,0.445105
0.0556147,0.808334,0.000435564,0.000315451,0.000558335,0.000946645,0.00133987,0.00183922,0.00321322,0.00681315,0.0146156,0.045539,0.000103851,0.462842,0.957425,1,88.5562,0.363886,0.300599,28.41,0.632099,64.1021,1.87172,179.725,0.607294,259.623,1.84459,296.06,0.669316,0.214057,0.42055,0.242601,0.442345
0.0642428,0.760809,0.000456378,0.000470538,0.00073931,0.00110236,0.00139532,0.00197955,0.00351473,0.00769275,0.017105,0.0534922,0.000113007,0.430349,0.991072,1,54.9988,0.27992,0.342147,28.4509,0.877217,62.8984,1.38343,179.685,0.287329,260.273,0.500619,298.422,2.60711,0.212379,0.417281,0.239653,0.47084
0.0572487,0.795677,0.000426546,0.000336935,0.000483087,0.000807068,0.00120383,0.00153585,0.0029795,0.00586644,0.0124178,0.0382607,0.000103171,0.445748,0.937369,1,51.1841,0.373097,0.293474,27.8229,0.642669,66.492,0.294197,183.511,0.36875,257.97,0.453958,298.601,1.08787,0.205029,0.407114,0.247338,0.459297
0.046049,0.669048,0.000214176,0.000173305,0.000245519,0.000580266,0.000732143,0.00102839,0.00192449,0.00397044,0.0087312,0.0260009,0.000152106,0.547368,0.943409,1,60.8442,0.35343,0.217884,27.9441,1.2429,63.6357,0.829068,177.211,5.13263,261.418,1.63634,298.874,0.415275,0.18688,0.390335,0.211751,0.490061
0.0532507,0.711876,0.000415214,0.000321209,0.000471408,0.000833345,0.0012016,0.00152255,0.00281754,0.00602565,0.0128685,0.0405617,0.000112688,0.472861,0.986017,1,53.3567,0.324463,0.264433,27.5781,1.12474,65.4501,0.7815,182.611,0.364393,259.002,0.323687,296.703,2.96506,0.191836,0.385727,0.214762,0.388132
0.0550156,0.867918,0.000483167,0.000365815,0.000576672,0.000941009,0.001284,0.00170608,0.00309938,0.00670624,0.0148022,0.0470077,0.000105857,0.446124,0.975462,1,54.6756,0.383396,0.31502,29.0334,0.902082,62.453,2.32743,178.354,1.23294,263.334,2.78628,299.06,0.610084,0.217275,0.432153,0.246446,0.543475
0.0487614,0.669949,0.000263825,0.000181336,0.000322012,0.000615461,0.00083952,0.0011553,0.00210206,0.00443913,0.00952645,0.0290992,0.00015223,0.522013,0.959847,1,47.2654,0.318204,0.233878,28.2789,0.899411,65.4483,1.48093,183.82,0.303154,259.21,0.350282,297.066,2.06219,0.198574,0.411847,0.212566,0.47623
0.0609986,0.808361,0.000716169,0.000544072,0.000817952,0.000955564,0.00133252,0.0018148,0.00340329,0.00708741,0.0157169,0.0485554,9.58704e-05,0.362994,0.994161,1,57.9967,0.355218,0.331004,27.8051,0.501112,62.8371,1.06855,178.899,1.49861,261.603,2.0671,300.902,0.582723,0.214037,0.405364,0.258394,0.496092
0.0560333,0.805559,0.000575169,0.00056079,0.00094348,0.000893806,0.00123656,0.00170467,0.00309415,0.00653229,0.014514,0.045,8.18342e-05,0.312993,0.993592,1,47.4761,0.407122,0.299313,28.3316,0.418683,63.6399,0.838422,179.488,3.05181,260.208,3.75288,300.247,0.597226,0.208334,0.407454,0.243914,0.507666
0.0547029,0.773073,0.000497184,0.000464418,0.000653386,0.000907493,0.00123656,0.00158761,0.002973,0.00623524,0.013883,0.043599,0.000109591,0.385828,0.987711,1,60.3604,0.366561,0.29104,28.2379,0.625074,62.4292,1.14801,179.15,1.09956,261.049,1.43539,299.884,0.97549,0.216089,0.412976,0.259268,0.469723
0.0567204,0.634988,0.000336948,0.000264308,0.000527082,0.000623054,0.000810703,0.00107925,0.0020181,0.00436547,0.00898682,0.0273182,0.000149223,0.337369,0.973584,1,64.3426,0.284862,0.257025,28.3112,1.19712,64.3551,0.901182,180.763,1.19357,261.977,0.572477,295.932,1.98111,0.201748,0.403477,0.217817,0.493966
0.0571653,0.775076,0.000214193,0.000165866,0.000374472,0.00105001,0.0013763,0.00185877,0.003506,0.00776674,0.0176663,0.0531899,0.000134344,0.709901,0.985551,1,71.4592,0.290098,0.327139,28.0197,1.6107,63.3578,1.28071,179.125,0.976577,259.113,1.17805,296.837,1.22619,0.214169,0.41934,0.237592,0.454838
0.0579081,0.783947,0.000404198,0.000250575,0.000489181,0.00104279,0.00148527,0.00208672,0.00376436,0.00785551,0.0166061,0.0538377,9.74258e-05,0.572427,0.9279,1,42.1695,0.341264,0.30978,28.1081,0.446678,61.9724,0.674186,178.979,0.683383,261.176,0.363945,298.508,1.6487,0.212157,0.405847,0.238597,0.42769
0.0595573,0.804584,0.000338749,0.000282857,0.000535707,0.00109334,0.00143993,0.00189963,0.00361542,0.00774815,0.0173745,0.0539358,0.000117974,0.551247,0.994629,1,70.7293,0.307718,0.340138,28.6139,1.70417,63.5682,1.10612,178.489,1.63702,260.381,3.29084,297.197,0.765935,0.222622,0.427472,0.251801,0.480631
0.0527411,0.770637,0.000405546,0.000403824,0.000566548,0.0010823,0.001402,0.00185403,0.00334143,0.00681202,0.015325,0.048066,0.000101273,0.476012,0.941238,1,45.974,0.352358,0.269977,28.2808,0.953448,63.4581,1.66801,177.775,0.861933,261.124,0.282376,298.484,1.65258,0.193574,0.393244,0.206911,0.408619
0.0549192,0.700479,0.000395957,0.000302838,0.000541264,0.000787967,0.00112216,0.00154175,0.00290729,0.00585048,0.0132385,0.0410364,0.000120957,0.444693,0.970494,1,53.3414,0.29965,0.272011,28.4209,0.515233,63.3419,2.06884,178.998,1.41289,259.787,0.424486,297.346,0.636252,0.198186,0.40526,0.218121,0.45354
0.0519346,0.679206,0.000443981,0.000236856,0.000441985,0.000825183,0.00104592,0.00158186,0.00285315,0.00589763,0.0134001,0.0420119,0.000140086,0.480848,0.970907,1,52.7105,0.298038,0.258162,28.0392,0.968723,63.3126,1.52993,180.264,1.03226,260.036,0.484188,299.384,0.339236,0.212392,0.405489,0.225259,0.45783
0.0595347,0.701846,0.000361004,0.000533273,0.000729658,0.000943079,0.00135094,0.00163901,0.00313566,0.00670677,0.0149659,0.046789,0.000130012,0.401166,0.996935,1,59.9997,0.263412,0.297459,28.2093,1.97306,65.8264,1.75394,181.591,0.396029,259.249,0.597584,300.135,0.255409,0.205271,0.404673,0.217094,0.463944
0.0554582,0.701706,0.000581539,0.000309599,0.000553073,0.000883327,0.00115715,0.00167793,0.00303484,0.00634782,0.0136431,0.0431535,0.000120781,0.451333,0.95635,1,53.4471,0.309484,0.277376,28.3264,0.634561,60.6362,1.56925,176.564,3.64271,261.586,1.64461,298.975,0.596153,0.208859,0.404727,0.237861,0.444243
0.0516952,0.710641,0.000289669,0.000302832,0.000514292,0.000804258,0.00112188,0.00143558,0.0026664,0.00553671,0.012354,0.0387042,0.000116346,0.454078,0.960297,1,48.0147,0.344283,0.260332,28.4427,0.576537,60.7032,1.03114,175.391,1.99229,261.96,0.901364,298.059,1.22923,0.205606,0.403551,0.228757,0.47923
0.0518132,0.746763,0.000339379,0.000249985,0.000383089,0.00079242,0.00105844,0.00147176,0.00275625,0.00558763,0.0120295,0.0375252,0.000122283,0.505031,0.935483,1,48.3269,0.356003,0.266176,28.6851,1.60885,62.7913,4.02033,180.268,0.987845,262.473,0.312627,296.617,1.05107,0.215491,0.417926,0.222043,0.472926
0.056052,0.817381,0.000509687,0.000484705,0.000629248,0.000922793,0.00135536,0.00176894,0.00332379,0.00696685,0.0152808,0.0484564,7.76096e-05,0.448571,0.9932,1,68.8806,0.394194,0.304473,27.8562,0.891583,64.8016,0.506026,180.663,1.02134,258.752,3.66882,299.5,0.46083,0.196109,0.390062,0.234979,0.451842
0.053513,0.701454,0.00034271,0.000332163,0.000416,0.000923122,0.00118798,0.00168463,0.00307112,0.00647005,0.0141682,0.0450918,0.000131526,0.548846,0.973621,1,51.2225,0.277133,0.271207,28.583,1.17367,65.1004,3.06986,180.227,0.477451,260.49,0.331808,295.469,4.1644,0.200398,0.400913,0.203527,0.415236
0.0523589,0.723562,0.000389649,0.000377499,0.00045166,0.000762607,0.00110538,0.00140421,0.0025831,0.00552686,0.012058,0.0368869,8.61799e-05,0.442862,0.991437,1,57.8363,0.414922,0.270149,28.1,0.367409,61.9474,0.551109,177.649,3.10337,261.115,0.752163,297.033,0.440353,0.209387,0.393649,0.246081,0.460673
0.0533264,0.76247,0.000401579,0.000344958,0.000700043,0.000870681,0.00119215,0.00156379,0.00297002,0.00643846,0.0139713,0.0431535,0.000122472,0.397432,0.996001,1,53.9453,0.330797,0.283619,28.5608,0.78886,61.9541,0.820346,178.69,2.20612,260.72,0.773353,297.529,0.876918,0.209958,0.419858,0.240445,0.466352
0.0478514,0.865915,0.000370791,0.000328697,0.000513673,0.000846573,0.00115958,0.00157468,0.00298242,0.00624867,0.0140118,0.0444362,9.47752e-05,0.470433,0.99917,1,56.8562,0.471055,0.27879,28.9974,2.37405,64.1615,1.79527,179.67,0.509508,260.379,0.291171,296.739,2.22458,0.218374,0.426499,0.252694,0.477334
0.0564454,0.69255,0.000286248,0.00023504,0.000408734,0.000786369,0.00106375,0.00144277,0.00276042,0.00587615,0.0124894,0.0387805,0.000124858,0.522012,0.999427,1,61.5446,0.295891,0.291193,28.4031,0.711196,61.8522,0.984766,180.124,2.34596,260.324,1.84903,300.132,0.38186,0.210456,0.411138,0.243706,0.503509
0.0497303,0.713366,0.000315436,0.000272898,0.000436512,0.000637431,0.00088189,0.00120173,0.00213536,0.00460731,0.0102045,0.0305593,0.000176958,0.392528,0.999237,1,49.0894,0.325306,0.252443,27.9563,0.596757,64.0001,2.36363,178.236,0.980092,260.468,0.723398,299.403,0.325642,0.207886,0.422377,0.247965,0.535363
0.0506287,0.648427,0.000344357,0.000335631,0.000490398,0.000593575,0.000806046,0.00108989,0.00205968,0.00434511,0.00930197,0.0279769,0.000101083,0.362317,0.992656,1,58.4767,0.391574,0.237838,27.6845,0.646672,61.2034,1.90992,180.663,2.49335,259.77,0.518015,302.299,0.330386,0.20089,0.386897,0.2477,0.500026
0.0504368,0.79878,0.000314031,0.00034384,0.000493928,0.000854441,0.00119175,0.0016479,0.00309788,0.00613605,0.0136283,0.0440379,0.000102336,0.4629,0.981009,1,51.3912,0.381403,0.270006,28.2444,1.5388,65.6141,0.960604,179.971,0.288238,260.893,1.31995,295.394,2.99041,0.197258,0.4013,0.208247,0.440859
0.0546748,0.743477,0.000445098,0.000283906,0.000510268,0.00100382,0.00134255,0.00180638,0.00321469,0.00714127,0.0155725,0.0487316,0.000106546,0.492893,0.966847,1,56.1319,0.312062,0.281048,28.4028,1.06402,62.957,1.91573,180.02,1.62283,259.174,0.312892,298.015,0.605973,0.193721,0.40412,0.21033,0.424871
0.0611422,0.750308,0.000297939,0.00046977,0.000592759,0.000837545,0.00117161,0.0015995,0.00307149,0.00617894,0.0134572,0.0421396,0.000129766,0.399266,0.993088,1,47.9611,0.288795,0.314807,27.9123,0.522373,64.4223,1.12737,175.839,1.27254,261.747,1.80399,300.174,5.37407,0.198217,0.397379,0.251897,0.456524
0.0590112,0.719453,0.000373033,0.000344151,0.000622401,0.000851021,0.00113922,0.00158624,0.0028263,0.00594916,0.0130151,0.0406246,0.000129187,0.446024,0.994131,1,49.6662,0.287618,0.300861,27.9552,1.14943,62.2544,2.12064,179.016,0.936728,259.14,2.18298,299.719,2.2617,0.200198,0.40698,0.231187,0.515618
0.0618749,0.749725,0.000404139,0.000444852,0.000600854,0.000859145,0.00117896,0.00157055,0.0029081,0.00614579,0.0131501,0.0425625,0.00011853,0.403059,0.990046,1,55.3606,0.291609,0.318374,28.3955,0.818359,64.1707,2.4548,179.224,1.82463,261.858,0.342581,300.449,1.85753,0.202444,0.405534,0.251876,0.48285
0.0504211,0.836939,0.000225748,0.000215394,0.000342325,0.000855396,0.00105503,0.00147242,0.00283855,0.0060086,0.0132993,0.0397519,0.000112223,0.600748,0.959948,1,59.5884,0.391355,0.289669,29.4518,1.18292,63.2939,0.727041,180.484,0.619711,259.675,1.90167,296.451,0.82473,0.221583,0.439732,0.273873,0.479404
0.0548127,0.792064,0.000452662,0.000343097,0.000562444,0.000916852,0.00139451,0.00183282,0.00331573,0.00724039,0.0156678,0.0517472,0.000133349,0.480615,0.996384,1,49.043,0.326817,0.309463,28.5987,0.667749,61.0571,2.62013,178.134,2.20884,261.059,0.497695,298.932,0.650821,0.225068,0.438994,0.25177,0.516071
0.0490041,0.811072,0.000298654,0.000207957,0.00038987,0.00100674,0.0012405,0.00175999,0.00324871,0.00707149,0.0157735,0.0485847,0.000137158,0.617386,0.958935,1,64.4783,0.34818,0.282049,29.2832,2.1851,62.8346,0.862837,179.423,0.909016,261.52,0.626119,294.537,1.57834,0.227698,0.444627,0.229586,0.466105
0.0506127,0.791117,0.000275034,0.000232884,0.000407913,0.000866964,0.00122676,0.00155348,0.00286275,0.00640174,0.0136513,0.0429813,0.000159897,0.557819,0.978798,1,50.5676,0.344153,0.289042,28.5962,0.461029,62.2244,1.0474,178.648,1.45739,261.665,0.337661,297.493,0.525843,0.236023,0.448711,0.263336,0.50457
0.0455589,0.745258,0.000301219,0.000223039,0.000350808,0.000751716,0.000948977,0.00137237,0.00258097,0.00551548,0.0122729,0.0383207,0.000131804,0.546551,0.986324,1,55.2417,0.365712,0.250625,29.6659,2.95297,62.478,0.945646,179.187,2.20353,260.632,1.08271,299.102,0.434845,0.227995,0.438794,0.246628,0.530478
0.0502957,0.748335,0.000338204,0.000261836,0.000446071,0.000741088,0.000980978,0.00137287,0.0025247,0.00543829,0.0117613,0.0361297,0.000114472,0.459382,0.976649,1,52.0863,0.356001,0.258451,28.4149,1.5761,62.9936,2.39662,179.434,0.351084,261.443,0.340425,295.845,2.13706,0.1953,0.405041,0.212029,0.451683
0.0507889,0.808457,0.00037444,0.000371085,0.000621959,0.000820101,0.00108952,0.00142219,0.00265434,0.00563481,0.0123742,0.0378752,0.000105363,0.391872,0.982356,1,65.5971,0.422647,0.2704,27.9148,0.478737,65.9223,0.820578,178.024,2.29515,264.246,1.53624,296.572,0.622886,0.202728,0.398319,0.221682,0.465905
0.0528294,0.826033,0.000531046,0.000427086,0.000640615,0.000886933,0.00127873,0.00172517,0.00308808,0.00640667,0.0144198,0.0449435,9.73734e-05,0.422254,0.980179,1,49.5726,0.39246,0.288304,28.5281,2.20474,64.1644,0.830515,180.195,2.46765,264.009,0.877729,295.636,0.421956,0.206557,0.407889,0.209905,0.462536
0.0560665,0.806699,0.000542083,0.000565972,0.000864909,0.00108919,0.00142688,0.00191012,0.00360979,0.00706398,0.0160074,0.050027,0.00010475,0.368146,0.952806,1,53.5044,0.343175,0.292689,28.5687,0.798266,65.228,3.43104,177.615,1.16459,260.056,0.514724,298.08,2.26588,0.201127,0.409173,0.218915,0.442833
0.0561569,0.782285,0.000567989,0.000416905,0.000601749,0.000961958,0.00135755,0.00183686,0.00327427,0.00652329,0.0144422,0.0457485,9.77766e-05,0.410946,0.938976,1,78.1965,0.354579,0.284272,28.1164,1.44783,64.7546,0.857554,180.272,2.38264,262.245,0.645052,295.942,1.54315,0.197764,0.394546,0.205258,0.419427
0.0512393,0.901761,0.00037978,0.000378857,0.000493946,0.000969991,0.00130806,0.00180666,0.00320855,0.00710043,0.0154802,0.0489619,9.77743e-05,0.51033,0.985096,1,48.4905,0.434257,0.300515,28.0239,0.943734,64.4963,2.70427,178.086,0.923165,257.7,0.497776,299.163,1.12482,0.200848,0.413096,0.253946,0.471927
0.0552551,0.775521,0.000322065,0.000262917,0.000482723,0.000835298,0.00111981,0.00149648,0.00286548,0.0058645,0.0127645,0.0393325,0.000103738,0.465285,0.947861,1,87.1298,0.362113,0.283454,28.1323,0.692419,65.5572,0.820368,182.247,1.92368,261.912,1.21054,297.935,1.48521,0.205307,0.398019,0.229113,0.464272
0.0487168,0.866305,0.000396621,0.000351213,0.000531556,0.000748084,0.0011046,0.00146211,0.00266497,0.00578814,0.0125948,0.0380393,0.000107548,0.422914,0.992401,1,60.8355,0.44891,0.273575,28.1585,1.02167,65.7035,0.517547,179.069,0.312044,259.481,0.917965,297.73,0.324878,0.197136,0.417168,0.243702,0.476198
0.0550907,0.69578,0.000215394,0.000179275,0.000299898,0.000835656,0.00107446,0.0014786,0.00269637,0.00572531,0.0124555,0.0389835,0.000152333,0.631105,0.930405,1,51.9263,0.28641,0.282963,28.5943,0.873388,62.6932,1.30504,181.004,2.83555,260.439,0.542578,300.121,0.760543,0.224968,0.427341,0.246228,0.506463
0.0585315,0.791304,0.000988229,0.000875655,0.00131367,0.000918951,0.00122212,0.0016133,0.00296948,0.0062249,0.0141195,0.0429069,0.000102745,0.236754,0.983609,1,70.4052,0.360848,0.299439,27.7601,0.721304,63.6166,1.33058,178.771,0.380126,261.957,0.322312,297.697,3.35832,0.197682,0.404562,0.225977,0.47373
0.0525749,0.731216,0.000722765,0.00066065,0.000933069,0.000796244,0.00116636,0.00153057,0.00279008,0.00587098,0.0126058,0.0394884,0.000122727,0.251583,0.982637,1,49.6565,0.327634,0.26261,29.1756,2.15502,64.6151,1.02505,177.967,1.00807,261.519,0.517788,296.672,1.29933,0.210749,0.416705,0.221964,0.458404
0.0563128,0.75898,0.000554886,0.000496124,0.000762708,0.000851688,0.00115516,0.00157456,0.00289104,0.00601346,0.0130515,0.0398009,0.000136133,0.322735,0.976761,1,52.1916,0.314698,0.28733,28.2852,1.38229,63.1892,1.6891,178.246,0.824344,261.835,1.02588,295.508,0.358152,0.204729,0.416493,0.225824,0.466874
0.0525604,0.779521,0.000456219,0.000397872,0.000661375,0.000743877,0.000980303,0.00132214,0.00242344,0.00534759,0.0113942,0.0348731,0.000140818,0.36408,0.992684,1,48.385,0.342948,0.278622,28.8049,1.5463,64.3304,1.04645,179.046,1.57254,263.745,1.3476,296.551,0.327876,0.215397,0.423337,0.234223,0.521048
0.0548045,0.750078,0.000379008,0.000325248,0.000513773,0.000678389,0.00100508,0.00131319,0.00242732,0.00502991,0.0109281,0.0333496,0.000180459,0.423943,0.992905,1,63.798,0.293432,0.287864,28.6372,1.95448,63.856,1.10775,177.041,1.01825,262.063,1.32035,297.413,1.19706,0.212593,0.431005,0.262135,0.534623
0.0550591,0.745618,0.000369044,0.000331761,0.000498871,0.000666139,0.000989908,0.00128062,0.00239218,0.00493282,0.0107359,0.0328646,0.000178386,0.425515,0.993314,1,62.622,0.291534,0.288431,28.651,2.04337,63.757,1.15805,177.011,0.950295,261.994,1.29013,297.443,1.13359,0.212862,0.432068,0.261129,0.536759
0.062856,0.703583,0.00044369,0.000401924,0.000718902,0.000838124,0.00114723,0.0015688,0.00275469,0.00608182,0.0126348,0.0399949,0.000128156,0.382441,0.978003,1,57.3794,0.28284,0.315609,28.4622,0.640885,60.2524,1.26907,176.756,0.661933,261.467,0.497164,297.749,3.27745,0.212725,0.4166,0.256188,0.489385
0.0591011,0.648573,0.000378295,0.000276521,0.000418017,0.000818327,0.0010869,0.00151703,0.00295256,0.00579065,0.0124494,0.0384273,0.000124522,0.529711,0.917818,1,43.8036,0.291486,0.282479,28.3691,0.389428,60.4366,1.52795,175.863,1.70725,262.979,1.99157,296.621,0.601811,0.21505,0.402906,0.231166,0.458583
0.0507973,0.753969,0.000459458,0.000319678,0.000576451,0.000741467,0.000992776,0.00137687,0.0026589,0.00549222,0.0120368,0.0367783,0.000134964,0.415063,0.994525,1,76.8616,0.340288,0.264309,28.2363,1.07652,65.0032,1.42114,179.457,0.511547,257.414,0.361805,298.023,2.45409,0.20132,0.417157,0.246242,0.462449
0.050616,0.832113,0.000226822,0.000178771,0.000266586,0.000863303,0.00124784,0.00169244,0.00316974,0.00630231,0.0134217,0.0418755,0.000129999,0.696324,0.866822,1,41.3013,0.395906,0.282624,28.8445,0.577972,62.9836,0.704375,178.892,2.08052,263.199,0.377077,298.04,0.531989,0.236596,0.441805,0.245123,0.521894
0.062822,0.788091,0.000708727,0.000609868,0.000926214,0.000982683,0.0013725,0.00188428,0.00336773,0.00630348,0.0135988,0.0397715,0.000133859,0.314471,0.843819,1,69.7738,0.321762,0.299842,29.0427,0.981727,63.8887,3.56455,179.822,0.598452,258.579,1.56293,298.118,2.14701,0.224307,0.446848,0.253191,0.472239
0.0726128,0.749975,0.000489777,0.000624647,0.000839558,0.00109149,0.00150324,0.00191607,0.00355999,0.00668855,0.014221,0.0447766,0.000109964,0.32337,0.86785,1,60.4124,0.291353,0.339269,28.1971,0.705781,62.1189,0.382391,179.694,0.317311,262.073,0.258325,296.912,0.665926,0.213467,0.415712,0.228104,0.466431
0.0559494,0.971112,0.000425869,0.000287897,0.000476214,0.00103192,0.00147283,0.00207103,0.00366406,0.00711423,0.0153995,0.0451553,0.000102474,0.526755,0.874495,1,45.8016,0.463199,0.321097,28.8186,1.54461,66.5535,5.18674,181.256,0.253236,257.72,3.86951,298.415,1.31677,0.221061,0.448341,0.267992,0.512645
0.0504505,0.655489,0.00034408,0.000269952,0.000398806,0.000714903,0.000977192,0.0013648,0.00242281,0.00481897,0.0103413,0.0324799,0.000143645,0.457367,0.907471,1,60.3513,0.341297,0.237123,28.3089,0.471617,62.1782,0.399087,179.935,0.338665,262.22,0.287314,297.895,1.23873,0.222423,0.418983,0.227622,0.473914
0.0518043,0.760463,0.000217348,0.00020403,0.000374625,0.00067772,0.000943522,0.00122432,0.00233856,0.00483334,0.010462,0.0312576,0.000153429,0.478572,0.965613,1,37.4564,0.346331,0.271976,28.5316,2.99981,64.5663,0.358255,181.69,0.775733,257.399,1.1344,297.726,1.87802,0.221077,0.433996,0.279447,0.497377
0.0444622,0.807841,0.000298681,0.000207879,0.000291848,0.00064491,0.000996733,0.00128102,0.0022984,0.00468351,0.0104132,0.0304425,0.000180071,0.542799,0.920977,1,39.9664,0.392604,0.238223,28.5769,1.30966,64.7052,0.383448,179.951,2.02659,256.701,1.31967,297.011,1.29935,0.214985,0.449798,0.2598,0.494512
0.0628826,0.710352,0.000767023,0.000415778,0.000877288,0.000733975,0.00113033,0.0014561,0.00269816,0.00577666,0.0119591,0.0382173,0.000140907,0.277293,0.991113,1,66.5059,0.297901,0.321042,28.554,0.438828,60.1923,0.623168,178.551,0.872586,261.167,0.425506,295.211,0.450312,0.23147,0.44553,0.273887,0.514112
0.0529083,0.672766,0.000398163,0.000521103,0.000573592,0.000659158,0.000930944,0.00123511,0.00224685,0.00481855,0.0103899,0.0317992,0.000156999,0.308175,0.986084,1,48.6071,0.310977,0.258166,28.4065,0.554912,61.6401,0.769322,178.83,0.814969,261.612,0.626218,295.62,2.20473,0.220069,0.422425,0.253704,0.469298
0.0495582,0.704127,0.000322691,0.000192774,0.000401231,0.000623653,0.000847463,0.00115359,0.00209527,0.00420541,0.00902044,0.0274538,0.000157708,0.415263,0.934969,1,66.9528,0.378216,0.244607,28.4408,0.58804,61.4622,1.02689,179.951,1.60741,262.503,1.88954,296.844,1.15681,0.226607,0.435132,0.265891,0.498331
0.0487192,0.663747,0.000208157,0.000229874,0.00032122,0.000590453,0.000719232,0.00100302,0.00191929,0.00380385,0.00804849,0.0245889,0.000163239,0.427983,0.928327,1,83.086,0.375984,0.230147,28.0976,0.47113,61.4896,0.505308,180.54,2.14202,260.065,1.78289,298.153,0.57632,0.220457,0.428437,0.265599,0.525916
0.04454,0.886766,0.00029579,0.000343631,0.000460215,0.000925217,0.00132504,0.00178827,0.0033745,0.00728772,0.0162295,0.0505189,0.000109292,0.574267,0.991708,1,40.7449,0.442525,0.266356,28.689,2.71538,66.7205,3.65487,178.546,0.732049,260.665,0.492576,297.413,2.64338,0.20989,0.420457,0.222128,0.458739
0.0560599,0.726505,0.000271539,0.000292962,0.000538961,0.000712916,0.00102937,0.00134838,0.00254911,0.00547511,0.0117337,0.0373964,9.8623e-05,0.427859,0.993028,1,79.4533,0.383359,0.286562,27.2479,0.375341,62.9367,0.567578,178.88,0.977675,260.016,1.39571,297.187,0.537205,0.207959,0.392488,0.250915,0.470878
0.0554058,0.734993,0.000303718,0.000272425,0.000517715,0.000728694,0.00105563,0.00139093,0.00252619,0.0055913,0.0120382,0.0380526,0.000103834,0.448554,0.990103,1,76.974,0.372985,0.286744,27.561,0.328654,62.8261,0.602528,178.333,0.879624,259.859,1.45867,297.325,0.457438,0.205451,0.401067,0.255888,0.460492
0.0564219,0.748293,0.000342343,0.000261567,0.000458849,0.00087544,0.00117421,0.00156307,0.00293207,0.00635282,0.0134911,0.0428277,0.000117756,0.501197,0.988902,1,76.3872,0.332776,0.298132,27.3749,0.468128,62.7121,0.65538,178.133,0.749061,260.064,0.874612,297.364,0.45488,0.205987,0.400759,0.241074,0.449517
0.0563335,0.715069,0.00027788,0.000268167,0.000390996,0.000720273,0.00102973,0.00142931,0.00262049,0.00530438,0.0121006,0.0364144,0.000126921,0.511406,0.970241,1,57.8799,0.308319,0.281619,27.6262,0.636383,64.6564,1.23788,178.7,1.55054,261.058,2.49321,299.702,1.71147,0.196693,0.389596,0.23151,0.484889
0.0485827,0.860524,0.000400072,0.000343737,0.000621965,0.000815415,0.00116175,0.00161596,0.00298595,0.00638613,0.0139456,0.0445415,0.000106146,0.423426,0.986363,1,52.346,0.434835,0.279187,29.3304,1.27594,63.5236,1.49967,179.43,0.879954,261.285,0.330776,296.097,0.999519,0.222564,0.438168,0.251785,0.4836
0.0486253,0.832506,0.000391272,0.000336943,0.000723264,0.000877443,0.00128414,0.001741,0.00310801,0.00688212,0.0148572,0.0476241,9.20915e-05,0.413885,0.982992,1,52.2566,0.449781,0.274859,29.3894,1.42084,62.0822,1.01682,179.421,0.918404,260.743,0.358086,296.89,1.03737,0.226141,0.433496,0.252569,0.475913
0.0576821,0.715774,0.000380042,0.000450291,0.000504492,0.000745423,0.00100889,0.00134162,0.00242407,0.00509196,0.0110858,0.0337092,0.000135095,0.399859,0.970721,1,59.3731,0.301626,0.28482,28.2083,1.20861,64.2946,1.24156,181.647,1.7971,262.152,2.17739,298.203,1.83193,0.207776,0.412291,0.235936,0.49954
0.0485667,0.780838,0.000296922,0.000279316,0.000374079,0.000976754,0.00133302,0.00182856,0.00345828,0.00703322,0.015608,0.0510354,0.000104966,0.658303,0.93929,1,51.2931,0.389389,0.272912,28.8707,0.493434,62.2581,2.23022,178.245,1.56103,261.722,0.35516,296.98,2.16126,0.2292,0.420134,0.239785,0.452009
0.0532259,0.8064,0.000449543,0.000264901,0.000631753,0.00110843,0.00137762,0.00189266,0.00345888,0.00745653,0.0160698,0.0538146,9.39161e-05,0.519358,0.979062,1,49.3493,0.379328,0.29543,28.0818,0.519805,61.619,2.44243,177.081,1.96362,260.772,0.323971,297.413,0.86834,0.205661,0.405313,0.227223,0.451085
0.0599453,0.74385,0.000401121,0.000538373,0.000624227,0.00111326,0.00153818,0.00202999,0.00379075,0.00799916,0.0176776,0.0563299,9.28512e-05,0.484535,0.977644,1,39.9187,0.306838,0.317761,28.8408,1.31194,61.8563,0.619992,180.484,0.491903,261.392,0.46423,295.22,1.32796,0.216259,0.410955,0.217448,0.419848
0.0599251,0.754871,0.000551015,0.000316248,0.000708999,0.00116958,0.00154877,0.00200628,0.00382743,0.00824487,0.0184796,0.0578755,0.000109759,0.482889,0.984183,1,43.9561,0.287538,0.319663,28.4268,0.610642,63.7654,1.2426,180.214,0.503531,260.409,0.424569,295.323,1.46295,0.210504,0.412724,0.21218,0.420717
0.0540392,0.839358,0.000333146,0.000227926,0.000382932,0.00108877,0.00144876,0.00194851,0.00364012,0.00785054,0.0170879,0.0545655,9.26436e-05,0.665931,0.948325,1,80.0615,0.364386,0.305235,27.7787,0.91147,63.2492,0.977344,178.5,2.55576,259.657,1.61654,299.738,0.869691,0.194435,0.394105,0.223853,0.461555
0.0483078,0.723571,0.000380542,0.000224267,0.000433305,0.000721949,0.00106962,0.00141887,0.00259373,0.00583547,0.0119469,0.0384523,0.000111275,0.501623,0.987176,1,55.0739,0.364898,0.250781,28.707,3.05615,62.8896,2.2068,180.228,0.527847,260.572,0.365211,295.072,1.65084,0.20652,0.404014,0.224094,0.424383
0.0535056,0.80285,0.000388736,0.000271725,0.000519524,0.000920931,0.00121961,0.00173888,0.00300707,0.00599011,0.0140788,0.0435014,0.00012118,0.491661,0.975161,1,53.7992,0.354056,0.299102,29.0966,0.679306,62.8096,1.0343,180.073,3.5322,262.629,0.356244,292.92,0.803037,0.228984,0.438281,0.237221,0.471663
0.0508556,0.873438,0.000293395,0.000248151,0.000431642,0.000895484,0.00129731,0.00164786,0.00320786,0.00698841,0.0155208,0.0477999,0.000111078,0.604893,0.982003,1,46.5425,0.415205,0.304582,28.3016,0.683169,63.7562,0.734091,179.721,2.15554,262.113,0.644172,293.079,0.334797,0.22499,0.428165,0.238018,0.468174
0.0569355,0.787137,0.00026567,0.000196209,0.000425039,0.000839491,0.00109785,0.00160299,0.00284287,0.00627295,0.0134409,0.0409642,0.000154459,0.584862,0.963189,1,65.6718,0.300357,0.317904,29.1084,1.38993,62.1715,1.75053,179.044,1.18133,263.044,2.00304,293.163,5.22067,0.226502,0.446887,0.250121,0.483814
0.0680663,0.698954,0.000513856,0.00038408,0.000711283,0.000947448,0.00135757,0.00176285,0.00315174,0.00620585,0.0136467,0.0414175,0.000110309,0.336092,0.920807,1,52.6805,0.300643,0.322383,27.8742,0.423584,61.7565,1.62081,180.292,1.78691,260.258,0.286638,295.584,0.387073,0.218839,0.414036,0.241498,0.445079
0.0706634,0.705081,0.000504627,0.000404903,0.000826946,0.0010891,0.00141243,0.00195151,0.00344599,0.00678363,0.0143255,0.0443266,9.22078e-05,0.386284,0.896479,1,58.3435,0.288897,0.324688,27.8423,0.583874,62.3401,1.00151,177.358,0.997371,259.077,2.94106,299.072,3.47159,0.194972,0.3866,0.225946,0.440931
0.0578077,0.749756,0.000510369,0.00043594,0.000568678,0.0010297,0.00133895,0.00184573,0.00354034,0.00657206,0.0141969,0.0431039,7.74517e-05,0.449283,0.863184,1,60.0631,0.416528,0.276942,27.9444,0.379115,62.2373,0.581414,181.751,4.02177,258.518,0.494113,298.779,1.52014,0.213793,0.398976,0.232581,0.438943
0.055218,0.840587,0.000433124,0.000387205,0.000718809,0.00100409,0.00138706,0.00182566,0.00328015,0.00684999,0.0147953,0.0456888,7.50154e-05,0.413301,0.94696,1,49.6156,0.468745,0.297458,27.9142,0.505754,62.3929,0.575891,179.25,0.834452,260.316,0.405149,297.42,1.03988,0.207626,0.402234,0.248017,0.436667
0.0526303,0.787183,0.000349546,0.000320787,0.000463396,0.000825777,0.00115788,0.00158993,0.00295155,0.00597094,0.0130156,0.0395751,0.000126228,0.485544,0.921796,1,68.395,0.367333,0.270073,27.714,0.930416,64.4795,5.22919,179.601,0.55743,260.558,1.09286,299.867,0.575443,0.204819,0.406343,0.228723,0.469798
0.0477848,0.694889,0.000238765,0.000167871,0.000331334,0.000603259,0.000842734,0.00115695,0.00208538,0.00452,0.00994292,0.0315652,0.000153338,0.521957,0.999875,1,42.6915,0.332996,0.250059,28.9773,0.969094,63.5725,0.524598,180.663,0.528675,261.244,0.347987,296.131,2.68422,0.224869,0.427728,0.254629,0.477946
0.0442845,0.813358,0.000304139,0.000236308,0.000408535,0.000877398,0.00112288,0.00150447,0.00281228,0.00615513,0.0132735,0.0419291,0.000149299,0.543449,0.999962,1,47.9402,0.381218,0.258584,29.4661,1.33976,63.8528,0.834418,181.685,1.73296,262.153,0.530693,295.358,1.64841,0.232843,0.456056,0.234989,0.498351
0.0449194,0.764257,0.000260311,0.000217716,0.000338525,0.000758501,0.000999461,0.0014162,0.00266392,0.00539669,0.0118055,0.0352924,0.000116027,0.516836,0.977413,1,72.928,0.426601,0.235873,27.6908,0.643172,64.0619,2.1824,178.719,0.702912,261.669,0.32454,298.752,0.854135,0.191533,0.395539,0.211975,0.442224
0.058179,0.730744,0.00027113,0.000264085,0.000413031,0.000783427,0.00105187,0.00151555,0.00263086,0.00572837,0.0122291,0.0380586,0.000130344,0.502922,0.999869,1,60.3516,0.294914,0.296719,27.242,0.787618,65.5906,0.984745,180.578,3.16719,261.571,0.681383,296.109,0.620834,0.191843,0.388059,0.215766,0.446796
0.0559108,0.742933,0.000397661,0.000289501,0.000473937,0.00084101,0.00123178,0.00154148,0.00295837,0.00642153,0.0139367,0.0432585,9.30406e-05,0.506237,0.998804,1,70.6493,0.330214,0.289959,28.0512,0.82695,66.2753,0.589866,182.682,2.79868,260.679,0.970674,295.251,0.600106,0.194791,0.387279,0.202773,0.432117
0.0523673,0.732986,0.000385809,0.000266104,0.000429331,0.000837045,0.00111241,0.00152754,0.0029162,0.00586309,0.0129662,0.0410769,0.00010934,0.469893,0.980678,1,51.6134,0.365879,0.27678,28.494,0.577953,60.5434,2.19308,176.888,0.519481,260.121,0.801268,300.289,1.8949,0.217897,0.4138,0.264203,0.475956
0.0568286,0.776321,0.000399743,0.00037828,0.00057009,0.00121419,0.00165702,0.00219611,0.00392385,0.00815458,0.0177084,0.0572028,9.15562e-05,0.482053,0.942826,1,41.519,0.363341,0.304789,28.3745,0.398632,61.737,0.562939,178.434,0.35547,259.76,1.20664,298.96,0.785556,0.224263,0.41687,0.241293,0.4624
0.0498433,0.726798,0.000253244,0.000214964,0.000319429,0.000728387,0.000973536,0.00134369,0.00242697,0.00551071,0.0119893,0.0362634,0.000138624,0.55608,0.989943,1,74.8963,0.314152,0.254027,27.6584,2.19525,66.299,3.85198,178.601,2.01985,259.751,0.884834,296.372,1.98012,0.182993,0.386379,0.209084,0.421304
0.0527734,0.770433,0.000238698,0.000213718,0.000319077,0.000754276,0.00106111,0.00148025,0.00264456,0.00521567,0.0114179,0.0350563,0.000132579,0.528913,0.904269,1,49.2838,0.375172,0.274714,28.5186,0.566712,61.4956,0.544266,180.736,0.739789,261.273,0.942032,298.907,0.711496,0.227047,0.437264,0.257303,0.515108
0.0526608,0.799122,0.000330383,0.000395383,0.000510801,0.000810911,0.0011551,0.00157313,0.00278478,0.00595839,0.0126718,0.0388094,0.000120472,0.429935,0.957896,1,63.4386,0.362939,0.273562,27.8684,2.68444,65.9094,3.73085,179.04,1.29126,259.975,0.40063,297.261,0.768756,0.196065,0.402826,0.222701,0.437311
0.051133,0.635983,0.000325599,0.000213052,0.000419051,0.000665033,0.00089836,0.00117386,0.00233632,0.00472566,0.0103719,0.032098,0.000123318,0.464153,0.963001,1,86.7679,0.319199,0.235641,27.8383,0.603056,63.5262,0.506496,179.488,1.42311,263.008,0.293446,296.147,1.06703,0.190835,0.38318,0.194014,0.409247
0.0522202,0.860765,0.000559147,0.000456445,0.000678948,0.000909385,0.00121983,0.00155095,0.00293088,0.00616267,0.0135818,0.041897,0.000137744,0.381879,0.994568,1,39.5757,0.381906,0.304866,29.5939,2.96938,62.579,4.37061,180.298,0.535815,262.831,1.75424,293.711,0.526061,0.243667,0.46501,0.265548,0.519887
0.0465035,0.668663,0.000266905,0.00020669,0.000301548,0.000489023,0.000694683,0.000933732,0.00174863,0.00364729,0.00784178,0.023514,0.000157181,0.43685,0.950167,1,101.755,0.397486,0.219808,27.8177,0.67288,63.1585,0.52049,179.23,3.01502,264.804,0.290972,296.465,0.457933,0.206842,0.408816,0.230111,0.488821
0.0452132,0.710826,0.000231428,0.000220215,0.000320993,0.000665697,0.000862969,0.00113572,0.00213107,0.00464131,0.0100973,0.0308207,0.000167378,0.516698,0.997418,1,34.4323,0.347601,0.236867,28.4105,0.590948,63.4886,0.59929,180.01,0.611181,258.736,2.93352,296.278,2.88908,0.213778,0.427178,0.248524,0.472787
0.0445162,0.738346,0.000209896,0.000168116,0.000304395,0.000557532,0.00079475,0.00111152,0.00200696,0.00424968,0.00907028,0.0276167,0.000163956,0.525114,0.96976,1,88.1046,0.390571,0.229906,28.1611,1.59651,65.0086,0.355999,179.03,4.3748,263.859,0.51631,299.189,0.593187,0.206527,0.413764,0.231977,0.535665
0.0490824,0.74766,0.000193308,0.000177939,0.000302587,0.000586109,0.000774187,0.000996438,0.00190939,0.00396375,0.00826664,0.0252787,0.000164288,0.496301,0.958683,1,58.2163,0.363775,0.249953,28.0704,0.944122,65.2137,1.14349,180.152,1.45456,260.102,0.50343,295.578,2.31126,0.207911,0.424815,0.260767,0.511258
0.0439028,0.747504,0.000479251,0.000318306,0.0005239,0.000797597,0.00112566,0.00151215,0.00272925,0.00570949,0.012788,0.039029,0.000114594,0.422902,0.941982,1,67.6103,0.440169,0.223023,28.7381,0.648811,63.8799,1.21118,179.641,0.907709,260.67,0.552601,299.985,0.544052,0.209558,0.415508,0.2202,0.455536
0.0516996,0.794828,0.000340605,0.000411425,0.000669268,0.000833647,0.00112154,0.00152539,0.0028152,0.00576144,0.0127285,0.0397462,0.000115385,0.372087,0.986173,1,46.3335,0.365003,0.271097,28.0133,1.92951,64.8179,1.25004,178.836,3.91171,259.547,2.4395,296.7,2.49147,0.194558,0.405577,0.22356,0.457176
0.0558035,0.698923,0.000273445,0.000297721,0.000420747,0.000705995,0.000960077,0.00133814,0.00250557,0.00510524,0.0112694,0.0337916,0.000124048,0.478679,0.960125,1,69.3237,0.340873,0.283383,28.4366,0.655459,59.4823,2.14971,179.343,0.36424,261.104,0.25367,297.895,0.636088,0.223484,0.423741,0.262331,0.502989
0.0577362,0.729361,0.000420221,0.000263147,0.000555134,0.000934653,0.00132336,0.00170253,0.00311619,0.00658532,0.0140662,0.0443112,0.00015706,0.426508,0.949187,1,55.6419,0.271209,0.290439,28.6728,0.943427,64.2238,1.72035,178.412,0.617701,261.657,0.393819,297.469,0.273593,0.208766,0.423123,0.21382,0.471785
0.0637424,0.661216,0.000287907,0.000294674,0.000437662,0.000915705,0.00121479,0.00172668,0.00324173,0.0066759,0.015165,0.0463133,0.00016196,0.580704,0.970559,1,58.4401,0.228375,0.328414,29.1249,2.61484,60.448,1.585,180.29,0.686095,258.83,1.17474,299.666,0.993237,0.226169,0.43748,0.268036,0.48507
0.0661016,0.629247,0.000209642,0.000261056,0.000426995,0.000783713,0.00104864,0.00150883,0.00278459,0.00589748,0.0129169,0.0400387,0.000173514,0.526564,0.97858,1,50.2308,0.218418,0.32648,28.9427,0.906126,62.2156,6.55569,180.071,0.502394,259,2.05718,299.512,1.9622,0.224618,0.434857,0.257481,0.531995
0.0594302,0.684088,0.000240389,0.000213088,0.000331698,0.000877658,0.00123514,0.00158449,0.00300178,0.00626804,0.014169,0.044112,0.000170195,0.624548,0.989406,1,50.9899,0.241944,0.314607,28.5306,0.748714,62.0676,3.47642,180.286,0.572156,260.892,1.13206,301.367,0.801449,0.219333,0.430548,0.246901,0.532401
0.0461687,0.806463,0.000230281,0.000210734,0.000374332,0.000712898,0.000966459,0.00121481,0.00230863,0.0048706,0.0107508,0.033683,0.000100375,0.522048,0.978125,1,61.9411,0.488181,0.251336,28.0694,1.12568,63.6915,0.843107,179.092,0.406815,263.319,0.517773,294.18,0.250193,0.201419,0.404449,0.213687,0.471626
0.0468221,0.753349,0.000289028,0.000190775,0.000323459,0.00077796,0.00101338,0.00143801,0.00262035,0.00559142,0.012233,0.0375514,0.000106767,0.607246,0.98348,1,55.4452,0.441897,0.252699,27.0071,0.359986,62.134,1.5999,176.72,1.37509,264.251,1.55686,293.93,0.250034,0.20252,0.384375,0.207124,0.435034
0.0521208,0.753498,0.000216195,0.000146761,0.000297872,0.000736972,0.000951107,0.00131642,0.00257945,0.00523537,0.0112891,0.0351278,9.87176e-05,0.645247,0.937261,1,67.0746,0.418687,0.274336,27.4944,0.343504,62.7131,0.690112,175.753,1.02069,265.268,1.94457,293.785,0.250054,0.202376,0.391754,0.2079,0.460178
0.0512226,0.678009,0.000601942,0.000510155,0.00077204,0.000673994,0.000878766,0.00113607,0.0021815,0.00445275,0.00955708,0.0297298,0.000155061,0.240392,0.983488,1,52.8272,0.343912,0.252361,29.3229,2.71892,60.1852,0.573324,180.099,1.25362,262.143,0.357143,297.113,0.512518,0.233942,0.448081,0.268836,0.532494
0.0434265,0.691665,0.000291296,0.000251843,0.000468552,0.000640111,0.000935301,0.00127711,0.00236875,0.00494693,0.0109695,0.0344898,0.000158446,0.415028,0.977921,1,63.7051,0.346541,0.216158,28.821,1.27055,64.1244,0.492918,176.353,1.21973,261.061,1.00392,299.378,0.251596,0.204162,0.415699,0.215271,0.478065
0.0476921,0.799627,0.00032475,0.000252015,0.000430796,0.000794683,0.00102873,0.00136434,0.00252519,0.00552534,0.0119102,0.0372164,0.000111486,0.477685,0.98844,1,57.6063,0.462818,0.267581,28.4439,0.469231,61.1514,2.71639,180.355,1.44248,262.467,1.163,297.454,0.257068,0.228547,0.434334,0.255357,0.523861
0.0474804,0.788213,0.000295191,0.000298737,0.000362571,0.000789198,0.00100746,0.00133535,0.00247776,0.00530516,0.0117381,0.0356932,0.00010938,0.523505,0.982822,1,58.077,0.467113,0.264252,28.1536,0.451089,61.1114,2.78583,179.371,2.22052,262.597,0.861692,297.4,0.256961,0.224484,0.423808,0.256068,0.507346
0.047209,0.775608,0.000318234,0.000218001,0.000411997,0.00071535,0.00101218,0.00131435,0.00241816,0.00516014,0.011174,0.0342533,0.000103089,0.48999,0.94917,1,61.5664,0.490091,0.251279,28.2271,0.378558,62.651,3.28339,179.443,0.509034,264.159,0.809214,300.031,0.270062,0.222822,0.415164,0.243809,0.53515
0.0522388,0.785283,0.000281414,0.000304026,0.000433131,0.000788962,0.000998907,0.00140952,0.002622,0.00551942,0.0120908,0.0376176,0.000124312,0.484023,0.980718,1,55.41,0.363665,0.280505,28.0722,0.712904,62.6177,1.11036,177.42,2.8084,259.736,1.52687,295.68,0.305138,0.203861,0.413673,0.24794,0.467613
0.0493009,0.764565,0.000311222,0.00020555,0.00036661,0.000751992,0.0010017,0.00139615,0.00247278,0.00537703,0.0117625,0.0367394,0.000150021,0.513503,0.988086,1,49.5019,0.333512,0.261927,28.1129,0.856807,64.7181,2.5555,177.289,0.639547,261.128,2.87302,299.023,0.352772,0.197969,0.408777,0.23274,0.47758
0.050718,0.71461,0.000243208,0.000268443,0.00042141,0.000751217,0.00100404,0.00135621,0.00262455,0.00548255,0.0118882,0.0373624,0.000133502,0.517287,0.975232,1,63.81,0.326333,0.260076,28.4495,1.87254,62.4533,3.35772,179.067,0.421109,260.246,0.558507,299.354,0.774463,0.204775,0.409794,0.240465,0.458957
0.0570322,0.726554,0.000448854,0.000357471,0.000607713,0.000878589,0.00121426,0.00169216,0.00306754,0.00658243,0.0143315,0.0444132,0.000108356,0.450042,0.972551,1,74.58,0.306057,0.287482,28.4122,2.55153,62.7802,1.88585,180.131,0.334684,257.888,0.777888,297.623,1.11342,0.194961,0.406007,0.223216,0.430539
0.0508343,0.819707,0.000328805,0.000306632,0.00050141,0.000963189,0.00129558,0.0016967,0.00325884,0.00676381,0.0152691,0.046784,8.89711e-05,0.50934,0.995704,1,45.3026,0.393664,0.280348,27.9869,0.696505,64.5647,1.77353,178.324,0.53283,261.14,0.471951,298.002,1.43733,0.18945,0.389958,0.207788,0.423105
0.0589726,0.871341,0.000409987,0.00032081,0.000682609,0.00105939,0.00147599,0.00200426,0.00378518,0.00777001,0.0163142,0.0525084,0.000102826,0.493121,0.996441,1,55.0557,0.340142,0.339608,28.4274,3.19934,66.0454,1.08775,178.824,1.47648,260.914,0.615426,296.776,1.23667,0.204763,0.408456,0.234565,0.473216
0.0560085,0.837386,0.000347144,0.000457994,0.000542768,0.00097438,0.00132175,0.00190797,0.0033656,0.00756349,0.0162172,0.0516328,9.29479e-05,0.527724,0.989208,1,55.4391,0.36239,0.315511,28.1538,1.39778,63.7862,1.25908,177.986,1.54746,260.369,0.388286,296.245,2.66687,0.198221,0.399348,0.228636,0.449957
0.0658545,0.738613,0.000514474,0.000296983,0.000569583,0.00103637,0.0014498,0.00184035,0.0034734,0.00736392,0.0166289,0.0517186,0.000121396,0.499942,0.973811,1,65.6467,0.258611,0.345559,29.0212,1.52737,63.4883,2.24211,177.607,0.563285,263.408,2.19937,295.848,0.609038,0.210912,0.414781,0.217185,0.45623
0.0618478,0.769936,0.000418548,0.000394205,0.000625215,0.00100206,0.00141307,0.00189391,0.00358797,0.00752975,0.0163056,0.0506583,0.000110479,0.475688,0.972223,1,65.0006,0.296317,0.328318,28.6094,1.22421,64.1556,1.58721,178.736,0.498383,260.274,2.36096,295.508,1.56421,0.209264,0.41266,0.226491,0.439497
0.0604099,0.772016,0.000326719,0.000393137,0.000568018,0.000976002,0.00134942,0.00181061,0.00336222,0.00716137,0.0155383,0.0480606,0.000110634,0.465526,0.980328,1,69.6105,0.30513,0.322966,28.4627,1.14206,62.7892,0.954711,178.01,0.672479,260.51,1.5482,295.674,1.39428,0.209509,0.412714,0.238125,0.44462
0.0561373,0.725807,0.000415741,0.000274743,0.000456313,0.000788933,0.00111282,0.00148633,0.0027547,0.00560286,0.0124049,0.0369963,0.000112662,0.415901,0.949523,1,71.489,0.357905,0.280149,27.9544,0.493674,61.6364,0.94691,177.418,2.9336,262.212,0.842112,297.56,0.793551,0.208741,0.40566,0.237059,0.474101
0.0568334,0.808677,0.00034974,0.000431309,0.000520787,0.00107729,0.00144985,0.00198669,0.00356543,0.00736774,0.0156091,0.051156,0.000103551,0.554957,0.915219,1,64.869,0.358292,0.310313,29.0517,0.796979,61.0734,0.817491,179.56,0.350421,259.464,2.4748,297.724,1.69157,0.225588,0.43417,0.253877,0.462495
0.0489586,0.662191,0.000218806,0.000303987,0.000348882,0.000655164,0.000884538,0.001173,0.00214889,0.00474633,0.0105485,0.0309953,0.000157656,0.512061,0.986971,1,47.2948,0.298668,0.238062,28.2371,0.962016,64.4016,1.68269,177.033,4.01019,262,0.356008,296.775,0.559385,0.192947,0.39149,0.211171,0.435674
0.0502994,0.66727,0.000225058,0.00014862,0.000266647,0.000706974,0.000969129,0.00135294,0.00251008,0.0051316,0.0109929,0.0357411,0.000114803,0.632504,0.958474,1,60.0572,0.338648,0.245758,27.1411,0.672331,62.9291,2.83106,179.759,0.373541,261.275,2.02515,296.368,1.75858,0.192069,0.374079,0.208992,0.408579
0.0513651,0.660858,0.000249648,0.000158463,0.000354211,0.000779466,0.00117442,0.00157133,0.00290618,0.0062116,0.0130428,0.042567,0.000124183,0.637733,0.941338,1,44.1628,0.288647,0.247981,27.7957,0.571588,64.7823,3.23308,178.369,0.448245,259.393,1.05061,298.176,0.760635,0.188166,0.38112,0.194298,0.409917
0.0543823,0.741799,0.000214763,0.000240748,0.000343411,0.000893511,0.00111268,0.00147772,0.00286143,0.00563699,0.0127279,0.0404839,0.000118871,0.624049,0.930255,1,52.3179,0.320166,0.277177,27.8964,1.29163,63.7456,1.5268,177.425,3.02299,260.248,0.499957,295.838,0.883626,0.192082,0.391693,0.216904,0.414155
0.051034,0.836826,0.000305618,0.000278308,0.000474046,0.000887889,0.00119473,0.00160632,0.00310924,0.00664395,0.0146786,0.0448558,8.62707e-05,0.509551,0.987935,1,56.4807,0.465341,0.292731,28.0462,0.503286,61.653,1.55462,182.185,0.285239,259.209,0.739236,296.664,1.17684,0.221543,0.421985,0.260406,0.469166
0.0485702,0.850369,0.000369308,0.000267722,0.000369714,0.000828656,0.00114531,0.00158527,0.00287124,0.00621287,0.0135118,0.0419471,8.09023e-05,0.575028,0.99169,1,67.7458,0.513196,0.286692,28.6163,0.451648,62.3706,1.47,180.862,0.524469,260.888,0.845993,297.048,3.10471,0.224168,0.424069,0.27188,0.479116
0.0474659,0.804984,0.000337298,0.000242598,0.000379532,0.000696178,0.000919949,0.00131095,0.00236106,0.00495566,0.011043,0.0340613,0.000176366,0.481266,0.978918,1,47.2455,0.357259,0.265245,29.5707,2.31581,65.7262,0.494144,178.314,0.388126,261.548,1.43969,300.55,0.487171,0.230297,0.454311,0.277619,0.58149
0.0456759,0.862276,0.00023558,0.000232798,0.00041579,0.000778861,0.00102096,0.00132522,0.00253551,0.00531254,0.0119607,0.0341813,0.000157061,0.508857,0.956578,1,46.9586,0.432974,0.26358,28.9059,1.14481,63.0157,0.383295,177.782,1.40509,261.98,0.414509,295.874,0.998375,0.230365,0.456713,0.271123,0.512447
0.0485905,0.738138,0.000256004,0.000190595,0.000373342,0.000688861,0.000968726,0.00137221,0.00249452,0.00491419,0.010176,0.0324558,0.000129137,0.48363,0.915726,1,63.5575,0.423576,0.243361,27.7252,0.49884,62.526,0.453708,180.884,1.17821,262.279,1.69561,298.296,1.67562,0.218619,0.415161,0.241231,0.476353
0.0576954,0.749958,0.000437564,0.000375582,0.000538407,0.000708895,0.00101938,0.00143338,0.00257182,0.00545707,0.0116768,0.0363235,0.000147438,0.385079,0.990981,1,50.6006,0.305381,0.302424,28.6934,1.61245,62.3927,2.11634,178.943,0.562254,261.191,0.577481,299.358,0.720682,0.217427,0.434411,0.265807,0.543042
0.0482496,0.862058,0.000345217,0.000381627,0.000530664,0.000997421,0.00132057,0.00179376,0.00319563,0.00684147,0.0152396,0.0473664,0.00010916,0.488182,0.97412,1,61.9232,0.415869,0.276476,28.8401,1.28897,65.0422,1.92307,178.946,1.2415,260.587,0.384247,294.209,0.946252,0.215197,0.42674,0.225955,0.438605
0.0526761,0.795529,0.000372848,0.00024168,0.00042286,0.000878084,0.00114893,0.00158229,0.00305423,0.00600391,0.0132372,0.0417991,0.000129531,0.519025,0.956189,1,45.7294,0.348802,0.284077,28.2837,1.3933,63.2643,1.45568,178.05,0.787623,259.861,0.428772,296.12,0.777331,0.209464,0.417535,0.23922,0.454689
0.0567037,0.75603,0.000325022,0.000347638,0.000537533,0.000975973,0.00141627,0.00187609,0.00355402,0.00726458,0.0156905,0.0501864,0.000114783,0.522205,0.971755,1,45.7376,0.299502,0.302416,28.6918,0.9271,62.8547,3.72545,179.457,0.701258,258.71,0.50357,298.929,1.27996,0.210201,0.414568,0.235267,0.463676
0.0574522,0.799332,0.000339493,0.000348731,0.000524782,0.000914161,0.00134073,0.00172865,0.00329962,0.00686464,0.0149099,0.047094,0.000105756,0.486912,0.953899,1,46.6899,0.348581,0.307239,28.1526,0.865983,63.311,1.31081,180.235,1.09592,259.491,0.474738,298.2,0.80272,0.209526,0.414841,0.239424,0.461875
0.0683789,0.784313,0.000513763,0.000373833,0.000705587,0.0014153,0.0017546,0.00249524,0.00452682,0.009328,0.020321,0.0645374,0.000115676,0.518326,0.940363,1,60.7627,0.261971,0.364867,28.8719,1.28144,63.4394,1.08783,178.683,1.51581,260.629,2.77224,296.94,2.10587,0.210987,0.421653,0.216491,0.450982
0.0707225,0.685009,0.000317008,0.000438885,0.000551645,0.00105385,0.00155478,0.00201062,0.00381293,0.00721083,0.0153814,0.0490697,0.000106597,0.477956,0.866239,1,48.8708,0.262999,0.33247,29.0218,3.58038,59.3245,2.26514,177.957,1.1592,260.697,0.612361,297.763,1.4185,0.221913,0.415124,0.242513,0.44086
0.0645264,0.786146,0.000544765,0.00043043,0.000604513,0.00113288,0.00145431,0.00201073,0.0037393,0.0072718,0.0161188,0.0496253,9.67545e-05,0.439415,0.907173,1,56.7417,0.322478,0.32531,28.4045,0.594664,64.5846,0.981398,179.096,1.41108,260.744,0.478527,298.355,0.692435,0.206307,0.405627,0.224756,0.455724
0.0600833,0.786251,0.000496264,0.000518459,0.00068567,0.000914722,0.00129738,0.0016254,0.00303763,0.00632207,0.0134399,0.0421594,9.18876e-05,0.364999,0.947579,1,50.3765,0.347118,0.304644,28.7561,4.35262,64.2121,0.563514,179.523,1.33556,259.316,1.82524,297.235,1.3156,0.200088,0.401765,0.239392,0.445703
0.0500082,0.767316,0.000362966,0.000345578,0.000540976,0.00074809,0.000985288,0.00128103,0.00236776,0.00499278,0.0108871,0.0328886,0.000144671,0.397405,0.980671,1,59.4444,0.389042,0.270156,28.7123,0.527863,61.6383,3.21173,179.745,1.09768,262.379,0.501882,297.414,1.516,0.236407,0.450598,0.272452,0.546095
0.0508365,0.755425,0.0002951,0.000392989,0.000548983,0.000632852,0.000880119,0.00125779,0.00230232,0.0046492,0.01009,0.0309133,0.000151151,0.368304,0.947012,1,77.4481,0.399415,0.265447,28.8476,0.554622,62.0308,1.4684,179.69,2.43815,260.806,4.89686,296.768,1.32458,0.243256,0.456047,0.291695,0.527737
0.0591524,0.807652,0.00026987,0.000297738,0.000478645,0.000995078,0.00128647,0.00183203,0.00340285,0.00694169,0.0152912,0.0472476,0.000140155,0.51851,0.980331,1,46.1382,0.289703,0.325289,28.3224,2.57349,64.3334,1.93111,179.834,0.366101,259.742,0.281715,298.591,1.00235,0.203708,0.423852,0.236039,0.496874
0.0566915,0.850129,0.000328836,0.000240968,0.000356682,0.000944497,0.00131998,0.00170318,0.00320164,0.00705247,0.0151116,0.0457526,0.000118909,0.660407,0.99123,1,57.539,0.336661,0.335196,28.2472,1.97977,64.776,0.401176,179.532,1.42009,261.852,0.263784,297.177,1.88611,0.21036,0.424024,0.239785,0.507307
0.0578364,0.843294,0.000209035,0.000182739,0.000356218,0.000880051,0.00115625,0.00163725,0.00295295,0.00659774,0.0142068,0.0441548,0.000137131,0.642658,0.991844,1,52.1536,0.312492,0.336718,28.2686,2.29406,65.8527,0.400471,180.098,1.41897,260.443,0.255141,297.274,3.2972,0.210091,0.424619,0.258354,0.50472
0.0474193,0.775762,0.000314371,0.000270127,0.000436533,0.000855556,0.00121892,0.0016226,0.00304015,0.0066688,0.014745,0.0457431,0.000115481,0.580319,0.991635,1,67.9321,0.375242,0.269349,29.1751,2.09136,61.8847,1.54851,178.966,0.994112,259.623,1.20598,297.996,0.570864,0.225835,0.429006,0.249592,0.472906
0.0498387,0.830903,0.000301543,0.000273067,0.000349313,0.000931548,0.00122338,0.00169169,0.00316085,0.00679987,0.0148514,0.0481972,0.00013247,0.607433,0.989268,1,75.8905,0.360244,0.293383,28.6671,1.7245,61.711,1.65439,179.191,0.892835,260.488,1.56846,298.895,0.865733,0.222395,0.436891,0.259395,0.493381
0.0492742,0.691824,0.000148897,0.000133072,0.000315132,0.000720406,0.000930608,0.00126398,0.00236514,0.00512909,0.0108418,0.0342398,0.000100392,0.564099,0.980494,1,40.3819,0.394134,0.246254,27.2089,0.453885,62.31,1.25631,180.335,0.83151,259.598,0.297364,300.404,0.660058,0.192224,0.380953,0.230964,0.445111
0.059043,0.783606,0.000665386,0.000347399,0.000966664,0.00106253,0.00143903,0.00197752,0.00355862,0.00718495,0.0154664,0.0498943,0.000111309,0.342534,0.94486,1,44.936,0.311374,0.301592,28.7962,4.41152,63.2515,1.61351,179.637,1.10257,257.715,0.398962,300.736,0.630511,0.206649,0.418798,0.23952,0.463973
0.0502655,0.833432,0.000281512,0.000155359,0.000389532,0.00072261,0.00103045,0.00138806,0.00252215,0.00540583,0.0117929,0.0347418,9.68809e-05,0.539474,0.953068,1,56.91,0.490887,0.274949,27.3055,0.428086,64.545,1.54364,180.515,0.679909,263.937,1.44128,294.642,0.4126,0.207151,0.401463,0.227117,0.463303
0.0524338,0.78008,0.000254424,0.000285229,0.000473917,0.000823738,0.00108224,0.00144855,0.00278802,0.0055959,0.011886,0.0371375,0.000107608,0.483867,0.936124,1,68.1807,0.383629,0.26531,27.9224,1.60149,67.2798,2.54518,180.68,0.659411,258.79,0.608461,298.899,4.91545,0.192767,0.397109,0.226182,0.457441
0.0579772,0.688949,0.000520435,0.000399821,0.000651915,0.00099158,0.00133843,0.00180417,0.00328264,0.00729644,0.0156617,0.0504141,0.000143845,0.4071,0.985016,1,54.3875,0.262193,0.294582,28.6143,0.684322,61.4217,0.449197,179.243,1.48827,260.213,0.254721,298.527,1.29351,0.216811,0.428075,0.235341,0.463444
0.0629049,0.793572,0.000530189,0.000556087,0.000929523,0.00103337,0.00142,0.00192161,0.00367548,0.00737502,0.0165384,0.0518338,0.000106513,0.35088,0.971671,1,81.4077,0.317851,0.336678,29.0039,1.04969,61.5451,0.660133,178.069,1.17437,261.585,3.67173,296.414,0.905145,0.220429,0.42597,0.25343,0.462703
0.0580411,0.904194,0.000380171,0.000307447,0.000606975,0.00109061,0.0015065,0.00188464,0.00379589,0.00756718,0.0161732,0.051509,8.81423e-05,0.534008,0.948117,1,41.046,0.413307,0.336141,28.4042,0.66605,63.7431,1.92004,178.703,1.35579,259.469,0.335133,297.796,1.5845,0.208999,0.420416,0.251845,0.473743
0.0489644,0.641247,0.000239902,0.000209597,0.000360785,0.000586328,0.000859993,0.00114795,0.00196411,0.00432902,0.00914322,0.0276795,0.000188746,0.448771,0.966859,1,54.7611,0.292872,0.230144,28.1081,1.24784,64.4097,1.38254,179.467,1.13425,260.132,1.48954,298.034,1.83056,0.205227,0.410916,0.227172,0.473532
0.0518576,0.659117,0.000213264,0.00028672,0.000348861,0.000586467,0.000763828,0.00103742,0.00205822,0.0041016,0.00891392,0.0269392,0.000148323,0.446524,0.984548,1,58.9491,0.301071,0.24476,28.2446,1.03333,64.1487,1.54137,180.943,0.58743,260.243,0.648259,298.626,1.51532,0.193655,0.396469,0.238978,0.474232
0.0499777,0.624625,0.000183831,0.000206726,0.000302435,0.000539555,0.000771957,0.000990387,0.00181079,0.0038517,0.00835963,0.0252842,0.000159959,0.48479,0.953776,1,54.3909,0.32193,0.229333,27.7442,0.81868,63.5853,1.29246,182.322,0.525064,257.395,0.380689,297.33,1.20876,0.20479,0.407237,0.239033,0.471029
0.0481181,0.713473,0.000349259,0.000227952,0.000431341,0.000640146,0.000856417,0.00117946,0.00218468,0.00456571,0.00979185,0.0309175,0.000162541,0.40489,0.994946,1,68.9313,0.355201,0.245489,28.0235,0.657882,64.0054,0.687528,178.657,0.799442,261.357,2.26731,298.801,0.380736,0.214003,0.419263,0.247878,0.533041
0.0467566,0.750803,0.000381819,0.000328547,0.000542935,0.000720662,0.00100899,0.00131169,0.00251661,0.00558815,0.0116194,0.0365241,0.000143521,0.386379,0.988964,1,83.1673,0.359857,0.244532,28.8577,1.2877,63.2108,0.662813,178.368,0.987735,263.11,1.66213,298.878,0.318006,0.208347,0.425357,0.220191,0.492156
0.0502186,0.809129,0.000387073,0.000387655,0.000613014,0.000765458,0.00104776,0.00142173,0.00260951,0.00520034,0.0119559,0.0369237,0.000145654,0.370311,0.998153,1,60.3219,0.366121,0.276824,28.8357,2.51897,64.114,0.929258,180.949,1.69595,257.411,0.474496,297.067,1.08796,0.225437,0.447075,0.273804,0.517266
0.0510266,0.807316,0.000573517,0.000462025,0.000708972,0.000843346,0.00111603,0.00149954,0.00276975,0.00626909,0.0126101,0.0397732,0.000143441,0.351668,0.976951,1,45.6453,0.364785,0.276448,28.7936,1.37404,63.5792,1.42575,178.11,0.802628,261.41,1.50283,299.967,0.864045,0.223198,0.435649,0.260649,0.541672
0.0557372,0.760703,0.000451476,0.000431408,0.000646796,0.00068501,0.000967174,0.00126468,0.00230132,0.00486757,0.0105084,0.0315911,0.000127721,0.310744,0.992254,1,58.2639,0.350958,0.2889,28.6061,0.848296,61.1798,1.34458,176.588,1.66018,261.123,0.438312,297.15,0.574502,0.21329,0.426804,0.275095,0.541309
0.057388,0.783188,0.00043919,0.000514245,0.000707131,0.000696347,0.000995937,0.00124353,0.0023656,0.00504721,0.0108388,0.0325458,0.000140822,0.302718,0.991308,1,57.1098,0.336679,0.299357,28.1813,1.17446,61.1161,1.13772,176.669,3.41214,260.645,0.531359,298.101,0.408625,0.205658,0.426498,0.283779,0.527745
0.0556311,0.763383,0.000285214,0.0002746,0.000435843,0.000778121,0.00105459,0.00140384,0.00266073,0.00575114,0.0126522,0.038748,0.000153975,0.488576,0.997985,1,48.8375,0.306392,0.306201,28.9688,0.953916,62.8815,1.07918,179.918,0.364933,263.046,0.526333,296.907,0.697149,0.230745,0.44094,0.26176,0.530583
0.0566214,0.863634,0.00051971,0.000534236,0.000869188,0.000969196,0.00142534,0.0018338,0.00344628,0.00673789,0.0146415,0.0454384,9.24666e-05,0.359579,0.904209,1,67.7033,0.425867,0.300352,28.8375,1.66357,61.9793,2.21212,179.673,0.933399,258.879,0.583561,299.488,1.28557,0.216935,0.433987,0.257587,0.482837
0.0723017,0.624733,0.000382569,0.000407013,0.000707361,0.000834418,0.00117176,0.00152024,0.00288396,0.00543102,0.0114443,0.0351022,0.000121204,0.350149,0.905296,1,43.155,0.244955,0.311464,28.055,0.672485,61.9993,0.63651,178.492,1.62881,262.408,0.379163,295.886,0.366751,0.201261,0.391408,0.214738,0.437993
0.0621414,0.740084,0.000352686,0.000264329,0.000497939,0.00107912,0.00142858,0.00184399,0.00367469,0.00598623,0.0128583,0.0391534,0.000109883,0.446295,0.764289,1,70.1451,0.339896,0.276821,29.1904,0.96774,62.2496,1.11086,180.147,0.46965,257.998,0.411342,297.629,3.59988,0.226449,0.432339,0.24219,0.440521
0.0580969,0.744032,0.000471549,0.000433503,0.000742513,0.000679742,0.000976077,0.00131663,0.0025071,0.00523498,0.0109223,0.0335373,0.00011927,0.333381,0.977395,1,43.97,0.318517,0.280412,27.453,1.5588,67.0914,1.28985,177.974,1.48767,261.577,0.839081,295.532,0.309897,0.178952,0.379634,0.20609,0.443874
0.0504859,0.659695,0.000385099,0.000332559,0.000563841,0.000767246,0.00100029,0.00130759,0.00241042,0.0046566,0.0104634,0.0322698,0.000102369,0.380981,0.933606,1,55.1042,0.365576,0.228077,28.3588,1.43484,64.8654,2.79323,179.905,0.689989,261.292,0.838382,296.042,5.53866,0.197088,0.378267,0.203345,0.408371
0.0500856,0.687584,0.000329283,0.00034493,0.000559671,0.000779292,0.00101597,0.00125326,0.00241403,0.00470748,0.0103109,0.0324446,0.000100624,0.371051,0.916631,1,57.7377,0.3866,0.227981,28.4369,1.15914,64.3736,2.67289,179.768,0.603197,260.905,0.811419,296.632,2.87401,0.193693,0.385557,0.208228,0.409017
0.0520222,0.774034,0.000437701,0.000354839,0.000557212,0.000811975,0.00118246,0.00170134,0.0030516,0.00619333,0.0134084,0.0418149,0.000125324,0.435055,0.950148,1,52.8858,0.343712,0.267839,28.1924,1.07989,64.0019,0.700196,177.274,1.87197,259.381,0.378587,298.494,0.657988,0.197436,0.410551,0.217929,0.469045
0.0538178,0.754906,0.000347774,0.000293059,0.000485516,0.000833488,0.00113772,0.00145092,0.00273146,0.00583659,0.0123737,0.0390396,0.000105766,0.477632,0.970987,1,35.1686,0.353633,0.27901,28.3716,0.731143,63.3537,0.774813,177.396,1.37447,261.692,0.821145,295.139,1.86162,0.201213,0.397113,0.224715,0.437466
0.0529493,0.780565,0.000367124,0.000167346,0.000339871,0.00080409,0.00118948,0.00164227,0.00305593,0.00598125,0.0133049,0.0411141,0.000110445,0.616332,0.900597,1,78.6771,0.355033,0.276213,28.5902,2.67565,64.3218,2.09063,178.74,0.918557,260.45,0.572552,299.366,0.324496,0.209087,0.403342,0.236088,0.464401
0.0516529,0.780924,0.00017404,0.000232319,0.000362372,0.00104711,0.00135859,0.00178523,0.00339811,0.00694125,0.0153847,0.0484547,0.000124818,0.673549,0.932923,1,57.1137,0.329815,0.281548,28.1852,1.85417,62.4579,0.452811,180.13,0.421948,256.728,0.612283,300.421,0.481918,0.204887,0.41888,0.235048,0.464275
0.0512285,0.743219,0.000281392,0.000172586,0.000330903,0.000893922,0.00123414,0.00164033,0.00307269,0.00625407,0.0139443,0.0437403,0.000107626,0.680657,0.93999,1,50.5228,0.33729,0.271806,28.4152,3.05737,63.3103,0.592315,182.216,0.719709,258.304,1.02205,301.455,0.564824,0.208669,0.400244,0.237427,0.49402
0.0465475,0.908227,0.000208221,0.000276281,0.000366542,0.00083611,0.00110626,0.00155696,0.00273426,0.00607192,0.0127383,0.0394886,0.000122987,0.539291,0.948591,1,53.3858,0.486562,0.271074,28.2291,0.900945,65.3639,0.87636,177.873,1.0436,260.397,1.79593,294.753,2.04538,0.21056,0.432976,0.244329,0.467956
0.0517663,0.828844,0.000303278,0.00022188,0.000417447,0.000718679,0.000975954,0.00133658,0.00254053,0.00500085,0.0105961,0.0332714,0.000110972,0.465189,0.976017,1,48.2567,0.421005,0.279198,27.7688,0.657605,65.4767,0.69147,178.001,0.706809,260.757,2.16249,297.167,0.9361,0.195901,0.401972,0.260197,0.486805
0.0496424,0.706198,0.000390065,0.000391117,0.000555831,0.000776182,0.00105775,0.00140631,0.00254331,0.00538587,0.011923,0.0364667,0.000143371,0.363902,0.947413,1,71.944,0.338442,0.247455,29.0505,0.813102,61.7103,0.792996,179.976,2.33841,261.138,0.309324,297.832,1.47483,0.226198,0.439803,0.233389,0.477671
0.0553942,0.760674,0.00037715,0.000306389,0.000520389,0.00090927,0.00121873,0.0017261,0.00308085,0.00652419,0.0143877,0.0438571,0.000118673,0.517771,0.944434,1,58.9966,0.327879,0.285339,27.8074,1.29427,62.8798,2.70017,179.205,3.30899,260.423,0.430691,297.372,1.34633,0.198645,0.402391,0.216318,0.438156
0.053261,0.754062,0.000371357,0.000336549,0.000460953,0.000864351,0.00117023,0.00171111,0.00296334,0.00627006,0.0136463,0.0419878,0.000114923,0.47403,0.962825,1,53.0452,0.33368,0.272744,28.0118,1.25518,63.0788,1.74512,179.904,3.32446,261.667,0.432907,296.763,1.13873,0.196513,0.396371,0.208908,0.424308
0.056295,0.810846,0.000383506,0.000322034,0.000572058,0.000977413,0.00131867,0.00167391,0.00329862,0.00646267,0.0139554,0.0443212,0.000119774,0.453881,0.906232,1,60.8807,0.356611,0.293759,28.4373,0.508845,65.0578,0.70137,179.071,0.45475,260.308,0.435494,296.379,1.15274,0.21895,0.424098,0.253552,0.43945
0.0529859,0.760189,0.00031467,0.000289451,0.000425923,0.00101507,0.00136762,0.00182355,0.0034241,0.00702762,0.0154895,0.0477697,0.000119625,0.588116,0.946315,1,41.1316,0.303005,0.275566,27.9311,1.76519,65.4603,0.727143,179.087,0.453325,259.655,0.909812,296.005,1.21463,0.194165,0.392612,0.202108,0.38343
0.0569487,0.74019,0.000491395,0.000386696,0.000554551,0.000768474,0.00111462,0.00138834,0.00262314,0.00552579,0.012223,0.0382469,0.000104584,0.408746,0.984856,1,72.449,0.351808,0.281728,26.8633,0.495827,63.7554,1.18496,178.919,1.93069,260.944,0.478656,296.579,1.0766,0.178163,0.379213,0.209948,0.44255
0.0599767,0.881121,0.000479337,0.000343187,0.000653871,0.00111261,0.00164654,0.00202182,0.00376015,0.00784749,0.0169439,0.0549667,0.000102103,0.472644,0.949634,1,52.679,0.345204,0.338494,28.6324,3.38389,63.2369,1.68839,180.17,0.928127,260.505,0.67966,296.445,1.81393,0.207971,0.430446,0.228235,0.475048
0.0595627,0.993218,0.000421106,0.000416068,0.000579012,0.0012829,0.00175551,0.00242859,0.00455802,0.0091286,0.0201037,0.0637605,7.88474e-05,0.562713,0.925539,1,65.4726,0.429604,0.362581,28.9275,1.09073,65.6454,1.26424,179.305,2.86557,260.234,4.01684,295.836,2.31496,0.212463,0.429195,0.24297,0.470284
0.0524616,0.848824,0.000393203,0.000283467,0.000598742,0.00101006,0.0014131,0.0018558,0.00347107,0.00780319,0.0167355,0.0541955,0.000106767,0.516228,0.990431,1,42.9154,0.364424,0.301011,28.4834,1.56513,63.6571,1.7313,178.35,0.543683,263.561,0.522191,296.976,0.96102,0.206179,0.411495,0.207976,0.476996
0.0520772,0.837597,0.000562295,0.000359149,0.000589401,0.00109295,0.0015344,0.00199664,0.00390674,0.00803921,0.0172373,0.0563311,9.69779e-05,0.508032,0.963713,1,46.6424,0.373311,0.292136,28.8303,1.43563,64.8624,2.05489,178.45,0.37754,261.627,0.77207,297.061,0.841941,0.212737,0.41377,0.2179,0.434245
0.0539535,0.847487,0.000367264,0.000447295,0.000628894,0.00106239,0.00139048,0.00195465,0.00343551,0.00712987,0.0161958,0.0520891,8.33225e-05,0.45641,0.983519,1,51.6719,0.421398,0.303015,27.9007,0.557207,63.8318,1.12914,180.541,3.11444,257.9,0.752252,300.445,0.906144,0.209167,0.408084,0.254148,0.456654
0.053995,0.798428,0.000861272,0.000480727,0.000786823,0.00111471,0.00160826,0.00212836,0.00380112,0.00839719,0.0181469,0.0594971,7.85731e-05,0.405735,0.990894,1,53.5415,0.381413,0.292709,28.5501,0.610588,62.5685,1.33307,176.708,0.349295,261.471,0.320688,293.046,0.48063,0.200858,0.399312,0.193807,0.404909
0.0568623,0.796252,0.000524602,0.000518549,0.000843787,0.00105984,0.00147804,0.00204319,0.00381341,0.0077213,0.0171304,0.0561233,9.37731e-05,0.385321,0.963045,1,53.8504,0.351525,0.299726,28.0268,0.824243,61.5803,1.59985,178.391,0.335659,262.684,0.353435,292.558,0.562743,0.202566,0.404452,0.198458,0.391343
0.0582802,0.8311,0.000324278,0.000411492,0.000518147,0.000876661,0.0012691,0.00170791,0.0031808,0.00647269,0.0136777,0.0425412,0.00011449,0.470525,0.939727,1,51.6874,0.328933,0.30617,28.1599,1.54657,66.3892,0.795719,180.176,0.358445,260.555,1.54584,301.197,2.96372,0.189135,0.404421,0.226765,0.495877
0.0588185,0.781155,0.000407297,0.000281078,0.000518203,0.000924669,0.00124765,0.0017509,0.00302738,0.00634594,0.0136097,0.0431144,0.000136658,0.467735,0.950706,1,48.3072,0.298071,0.304429,28.1846,2.4847,66.9439,0.800485,179.739,1.01258,259.06,0.624029,298.111,2.10592,0.203435,0.411729,0.235666,0.462874
0.0559502,0.761697,0.000341106,0.000240818,0.000440224,0.000931149,0.00126575,0.00170109,0.00308868,0.0065044,0.0137093,0.0425456,0.00013601,0.543586,0.94776,1,52.2008,0.293275,0.294414,28.6811,3.35067,63.6016,0.438695,179.95,0.549028,258.186,0.751896,300.254,3.65232,0.208431,0.423934,0.243956,0.489835
0.0469664,0.787825,0.000247239,0.000240294,0.000364871,0.000737948,0.00101181,0.00138894,0.00258418,0.00553122,0.0123871,0.037664,0.00013836,0.53743,0.998037,1,50.83,0.392349,0.264521,28.6033,0.82944,63.0807,2.6751,182.331,0.284522,259.103,0.288027,296.498,0.353238,0.223201,0.445086,0.248668,0.497579
0.050326,0.843743,0.000317103,0.000272516,0.000464887,0.00116742,0.00160067,0.00218747,0.00428132,0.00898646,0.0197334,0.0672942,8.36944e-05,0.680473,0.974665,1,58.0209,0.38334,0.294186,28.1454,1.53743,65.1711,0.351677,178.85,0.826895,260.918,0.719851,297.752,2.66923,0.204942,0.392387,0.208323,0.409963
0.0558623,0.80815,0.000318783,0.000307326,0.00049825,0.00122644,0.00175662,0.00226032,0.00428738,0.00932479,0.0209399,0.0698702,7.87535e-05,0.659511,0.969737,1,55.991,0.336174,0.314499,28.2235,1.19336,64.1026,0.388858,178.306,1.01704,259.44,0.731133,297.783,1.37132,0.197331,0.388876,0.206505,0.406337
0.0524084,0.76302,0.000289813,0.000217982,0.000354255,0.0010893,0.00143977,0.0020647,0.00384791,0.00821875,0.0185204,0.0609236,9.3964e-05,0.700419,0.995529,1,44.183,0.317536,0.291562,27.8225,0.73319,64.0011,0.542988,179.601,2.04721,259.231,0.362924,297.468,2.07437,0.192305,0.386694,0.194479,0.405968
0.0501688,0.734875,0.00027329,0.000248475,0.000394555,0.000751588,0.00105794,0.00139425,0.0026306,0.0058162,0.0125322,0.0381595,0.000141683,0.573571,0.979864,1,145.466,0.319588,0.265107,28.2676,0.934067,63.8694,0.853445,180.344,0.689722,261.263,0.28325,296.677,0.768644,0.2042,0.418863,0.223171,0.447529
0.0520766,0.701702,0.000224429,0.000214989,0.000334944,0.000727257,0.00101821,0.00140015,0.00263191,0.00570464,0.0121893,0.0371271,0.000138743,0.544307,0.989016,1,130.462,0.304045,0.267266,28.3746,1.44387,63.9176,0.847299,180.577,0.749061,260.708,0.279806,297.358,0.786133,0.203057,0.411196,0.218103,0.451277
0.0475926,0.745545,0.000266095,0.000179038,0.000305285,0.000699271,0.000933658,0.00126751,0.00237448,0.00494587,0.0110442,0.033597,0.000164781,0.567589,0.974687,1,97.9057,0.329592,0.256157,29.0106,3.09239,64.1392,9.72681,182.294,0.514748,260.165,0.281997,296.979,0.856896,0.222594,0.439845,0.246491,0.509273
0.0498179,0.733381,0.000189701,0.000176344,0.000299532,0.000650674,0.00084932,0.00117837,0.0021354,0.00457074,0.00968533,0.0302905,0.000183472,0.538512,0.953659,1,92.3365,0.320529,0.255892,28.4419,3.15377,64.6733,5.85148,181.303,0.284094,262.108,0.276139,296.971,0.542858,0.212293,0.434655,0.232074,0.510541
0.0560298,0.678911,0.000369908,0.000316234,0.000475581,0.000664214,0.000921322,0.00121141,0.00225512,0.00481444,0.0105092,0.031505,0.000146913,0.419728,0.997204,1,42.0521,0.298555,0.272703,27.5059,0.463207,64.3059,1.40692,179.382,0.282149,257.854,0.265604,299.097,2.39895,0.198121,0.402006,0.249341,0.475302
0.0531754,0.674784,0.000339032,0.000315748,0.000468808,0.000684082,0.000939938,0.00125854,0.00227991,0.0049077,0.0107209,0.0321739,0.000150795,0.386008,0.98172,1,47.0384,0.314562,0.263466,28.495,0.608732,61.0575,1.01294,179.907,0.492376,262.656,0.308869,296.089,0.51915,0.22106,0.426741,0.239851,0.48524
0.0538471,0.744612,0.000314711,0.000293416,0.000470713,0.000713088,0.00103761,0.00135616,0.00251457,0.00523424,0.0117842,0.0352205,0.000125152,0.448989,0.998714,1,49.1615,0.331588,0.276103,27.771,0.897628,65.0997,1.17634,179.06,0.682002,257.872,0.633807,299.716,3.37285,0.191602,0.397478,0.245546,0.477025
0.054587,0.788319,0.000563119,0.000504186,0.000682528,0.000940795,0.00136247,0.0017836,0.00327121,0.006198,0.0139199,0.0424947,0.0001185,0.365847,0.908982,1,70.6649,0.37045,0.277672,28.8173,0.941404,61.8489,0.953628,178.835,0.862539,260.899,0.265007,295.704,0.300403,0.218393,0.432596,0.219701,0.474038
0.0472722,0.683451,0.000194234,0.000174151,0.000278701,0.000551922,0.000742439,0.00103997,0.00189474,0.00397448,0.00901396,0.0270652,0.00016772,0.56241,0.991156,1,82.942,0.338275,0.244033,28.476,0.761211,61.653,0.56675,180.125,2.66611,258.378,0.36367,300.223,0.480633,0.216172,0.433161,0.281241,0.53609
0.054446,0.774969,0.000394505,0.000305858,0.000514997,0.000744847,0.00103348,0.00137278,0.00253978,0.00571052,0.011973,0.0376181,0.000157206,0.393262,0.992041,1,71.5557,0.316835,0.294085,28.8708,0.909618,64.2138,1.08373,180.672,0.362154,262.678,1.17232,295.838,0.546069,0.229128,0.447324,0.252107,0.517067
0.0560787,0.812247,0.000332054,0.000298079,0.000451673,0.000866515,0.00114884,0.00158718,0.00296818,0.00617469,0.0136558,0.0417672,0.000139204,0.513194,0.992055,1,68.9761,0.32189,0.315582,28.4879,0.862754,64.4354,1.78073,182.642,0.26443,259.53,0.474113,299.981,0.331506,0.221321,0.439253,0.267093,0.543849
0.0490182,0.874717,0.000359416,0.00031808,0.000455523,0.000942903,0.00133252,0.00171763,0.00334831,0.0071017,0.015307,0.0469751,0.000101095,0.555858,0.97844,1,50.7051,0.495157,0.2951,28.37,0.331681,61.4012,2.01428,178.313,4.44696,261.406,1.83774,297.419,3.88893,0.233922,0.437756,0.274057,0.502136
0.0693911,0.655801,0.000556223,0.000418764,0.000754931,0.000928631,0.00132783,0.00190365,0.00329955,0.00703462,0.0154729,0.0487236,0.000116825,0.40074,0.979855,1,55.7955,0.230031,0.321288,27.7751,1.9178,64.4742,0.948407,181.502,4.21962,258.737,0.431014,295.79,0.683486,0.184566,0.383908,0.195679,0.394181
0.0490365,0.85084,0.000367318,0.000253187,0.000496062,0.00073684,0.000979716,0.0014215,0.00249654,0.00506938,0.0111058,0.0337435,0.000111456,0.432749,0.951657,1,52.3428,0.481458,0.265277,27.9096,0.46862,64.5695,1.53499,177.278,1.47234,260.727,0.813044,295.584,0.76172,0.199358,0.41372,0.244358,0.482621
0.0575428,0.733511,0.000514678,0.000424076,0.000655914,0.000930135,0.00118573,0.00167159,0.00315564,0.00652108,0.0150972,0.0462543,0.000122713,0.416723,0.989267,1,60.9818,0.279553,0.293413,28.6279,1.79543,64.3301,0.486624,180.828,0.981223,257.573,0.468346,294.655,0.689323,0.197778,0.411333,0.219102,0.425272
0.056943,0.807439,0.000424566,0.000496347,0.000797339,0.00111998,0.00166007,0.00212259,0.00390041,0.00838923,0.0181039,0.058925,7.53442e-05,0.439419,0.975853,1,49.5703,0.344073,0.301123,28.3882,1.38468,65.4424,0.620222,179.124,0.472341,261.414,2.25929,299.299,1.75277,0.18684,0.379176,0.193585,0.447201
0.0535582,0.755933,0.00058571,0.000456116,0.000674816,0.00119494,0.00148613,0.00207879,0.00369146,0.00805014,0.0173989,0.0553728,8.71295e-05,0.456191,0.955213,1,47.2997,0.34471,0.271596,28.157,1.1581,66.1868,0.436854,178.243,1.10074,259.016,0.328918,299.745,1.01379,0.194679,0.382956,0.203098,0.395638
0.0512928,0.786756,0.000347469,0.000399358,0.000653475,0.000783566,0.00115082,0.00146327,0.00280001,0.00573849,0.0123784,0.0395135,0.000103196,0.417303,0.98461,1,54.5436,0.387297,0.266935,27.7321,2.71588,64.2764,1.00602,179.208,0.617851,259.965,0.286722,297.636,0.955396,0.187349,0.391075,0.218647,0.44515
0.0549554,0.75335,0.000159272,0.000183897,0.000268734,0.000806257,0.00114933,0.00150927,0.00273476,0.00614264,0.0130012,0.0415863,0.000115861,0.67778,0.977043,1,55.2915,0.339482,0.304668,28.0425,0.40154,61.7358,2.31916,177.901,0.766887,260.33,0.558491,297.695,1.17322,0.213362,0.414287,0.25864,0.494435
0.0501201,0.77715,0.000303017,0.000423173,0.000581383,0.000757822,0.00108578,0.00134842,0.00266857,0.00513974,0.0108029,0.0338385,0.000144993,0.368099,0.908048,1,51.8088,0.369291,0.245932,28.3206,1.53696,65.7749,1.05417,179.299,0.7864,259.597,0.96044,298.414,3.97262,0.203333,0.417387,0.231743,0.468922
0.0590346,0.790083,0.000474478,0.000328364,0.000597791,0.000975495,0.00131173,0.00175058,0.00327229,0.00631155,0.0138804,0.0418836,9.87729e-05,0.418557,0.90205,1,52.0526,0.372421,0.298411,28.2298,0.625059,62.6088,3.15895,180.38,1.82709,260.372,0.666206,297.945,0.361377,0.215665,0.412788,0.246719,0.458522
0.0535648,0.727301,0.000275874,0.000234983,0.000377499,0.00103117,0.0013746,0.00188196,0.00354339,0.00724966,0.016207,0.0510534,9.8883e-05,0.637264,0.92611,1,103.33,0.317449,0.267987,27.4196,1.32505,65.4102,0.448296,179.281,3.08978,260,0.470319,297.544,0.533584,0.188867,0.369008,0.192413,0.388708
0.0501434,0.730841,0.000278253,0.000232229,0.000379078,0.000868001,0.00118888,0.00160035,0.00296353,0.0063872,0.0135989,0.0443787,0.000101167,0.580323,0.968304,1,65.2281,0.352874,0.260027,28.3243,2.69067,63.7214,0.76854,179.122,0.63126,258.67,0.322612,298.795,1.28946,0.196356,0.393225,0.217864,0.423919
0.0503426,0.74359,0.000293763,0.000233662,0.000461896,0.00082429,0.00117653,0.00160755,0.00297659,0.00612604,0.013475,0.042719,9.93093e-05,0.526169,0.959963,1,65.8887,0.361621,0.258878,28.609,2.10089,63.7599,0.828589,179.968,4.03818,259.092,0.348542,298.779,0.983202,0.19634,0.39984,0.216189,0.430267
0.047879,0.688688,0.000300592,0.000249307,0.000384504,0.00083313,0.00116959,0.00146543,0.00273888,0.00605002,0.0129701,0.0404887,0.000113251,0.543463,0.941711,1,58.5764,0.345645,0.237019,28.6907,1.2048,64.2139,1.3156,179.74,0.762483,259.12,0.702634,298.829,1.98878,0.207511,0.40051,0.220789,0.415977
0.0480864,0.81587,0.000262465,0.000222516,0.000374927,0.000656148,0.000882852,0.00124394,0.00227479,0.00464612,0.0101823,0.0311307,0.000134034,0.487575,0.972569,1,48.9284,0.429113,0.259081,27.3742,0.798655,65.0874,1.90491,180.217,0.553293,260.957,0.269361,297.64,0.476234,0.201502,0.414607,0.245785,0.497116
0.050218,0.796543,0.000517723,0.000454709,0.000669938,0.000963495,0.00129843,0.00169105,0.00316666,0.00662828,0.014307,0.0451393,0.000100938,0.388233,0.961584,1,67.0184,0.387125,0.262834,28.8301,2.05145,65.7879,1.93179,180.297,0.683506,260.605,0.430339,294.864,3.82938,0.205209,0.407824,0.206383,0.421506
0.0510942,0.793391,0.000544751,0.000375262,0.00070957,0.000859305,0.00120795,0.00161826,0.00284696,0.00620013,0.0132686,0.0435637,0.000102921,0.382308,0.98355,1,57.6988,0.390902,0.272378,28.534,0.853388,63.9327,2.48288,178.222,0.545102,260.503,2.43825,293.876,2.3952,0.206007,0.411343,0.23284,0.420127
0.0491141,0.777384,0.00032735,0.000514294,0.000604725,0.000914868,0.00122096,0.00158353,0.00302226,0.00626059,0.0136622,0.0422364,8.91245e-05,0.386402,0.982535,1,33.5109,0.431499,0.255888,27.8583,0.554889,62.8141,2.17809,180.206,1.31753,257.874,0.65927,301.51,0.971904,0.195569,0.397934,0.23236,0.448636
0.0552832,0.817976,0.000211515,0.000202625,0.000387568,0.000886156,0.00116128,0.0016447,0.00297506,0.00640597,0.0140186,0.0433733,0.000160417,0.58713,0.985267,1,94.6765,0.301398,0.320538,29.2244,1.96482,62.5387,0.823908,177.693,1.6022,261.462,0.592045,294.747,0.571302,0.223234,0.451658,0.262435,0.504994
0.0580478,0.855097,0.000400254,0.000269158,0.000557122,0.00121411,0.00173922,0.00236771,0.00444136,0.00965736,0.021346,0.069345,9.93419e-05,0.676708,0.993765,1,60.8054,0.32556,0.35443,28.5445,0.926745,61.4841,0.745209,179.919,1.09459,258.271,0.41587,298.252,1.72634,0.218643,0.431179,0.251396,0.452523
0.0569876,0.856445,0.000364,0.00035162,0.000526787,0.00130145,0.00170068,0.00232027,0.00442575,0.00973644,0.0214861,0.0684043,6.66152e-05,0.692128,0.984229,1,74.0658,0.398555,0.343529,28.101,0.352221,63.5804,3.06139,179.239,1.79878,261.323,0.412503,297.948,0.93728,0.215404,0.395995,0.234868,0.439163
0.0487514,0.791077,0.00025119,0.000261366,0.000448624,0.00118783,0.00154496,0.00221546,0.00413037,0.00867436,0.0190574,0.0630817,8.62799e-05,0.701076,0.946552,1,43.9647,0.363867,0.273728,28.9854,2.15161,64.1332,0.836017,177.926,0.659215,259.987,0.819604,298.461,2.00439,0.209508,0.397135,0.213562,0.416383
0.0536226,0.708143,0.000416744,0.000292209,0.000577098,0.000706846,0.00101255,0.00129947,0.00239443,0.00480722,0.0106858,0.0329514,0.000132975,0.399916,0.938834,1,49.6811,0.342356,0.262002,28.3276,0.590965,61.6308,1.82147,178.76,3.82664,260.906,0.42115,297.573,1.17526,0.213827,0.418372,0.251164,0.466576
0.0535208,0.740162,0.000281212,0.000264573,0.000456008,0.000786938,0.00106326,0.0014231,0.00270449,0.00571801,0.0122117,0.0377734,0.000142009,0.466147,0.949483,1,58.3098,0.321872,0.278815,29.2631,1.44721,61.423,0.922955,177.48,0.410045,259.746,2.71973,296.5,1.21572,0.221491,0.438112,0.258412,0.481448
0.0536128,0.812332,0.000442828,0.000377741,0.000513412,0.000771786,0.00111607,0.00149804,0.00264628,0.00566158,0.0127928,0.0384368,0.000141947,0.438463,0.993035,1,44.2196,0.329803,0.293399,28.5596,3.36472,64.2387,1.62331,177.975,3.53375,263.324,0.353429,298.135,0.557542,0.205031,0.423486,0.230012,0.506478
0.0502699,0.697295,0.000648498,0.000464552,0.000689528,0.000674561,0.000902855,0.00126736,0.00223868,0.00455693,0.00953293,0.0302837,0.000107542,0.279226,0.939628,1,62.9106,0.417539,0.230289,27.4643,0.574557,62.9431,0.800014,179.352,0.992912,260.346,3.25836,297.626,0.919637,0.191709,0.38533,0.222821,0.436487
0.0546618,0.652208,0.000316561,0.000440173,0.000644109,0.000715534,0.00109775,0.00140157,0.00256912,0.00507118,0.0113464,0.034933,0.000121005,0.330862,0.932283,1,61.9197,0.317876,0.247752,28.3739,0.634186,63.0133,3.03671,178.514,1.34688,261.187,1.32801,298.237,4.52898,0.205398,0.39538,0.221665,0.443231
0.053387,0.718249,0.00041327,0.000292749,0.00052813,0.000800593,0.00104639,0.00143546,0.0026675,0.0058207,0.0123687,0.03842,0.000128494,0.424553,0.994294,1,49.8685,0.316976,0.269345,27.8961,0.793981,64.192,1.07775,179.729,1.25573,259.547,0.83592,296.821,0.339989,0.199293,0.398157,0.227183,0.430631
0.049491,0.703638,0.000313485,0.000322212,0.000519366,0.000645724,0.000920178,0.00118026,0.00219789,0.00460112,0.0101694,0.0306476,0.000160184,0.382259,0.984744,1,49.526,0.324094,0.243004,28.0537,3.33513,63.173,2.4787,176.198,1.32371,263.755,0.417072,298.714,0.648674,0.195237,0.399704,0.221034,0.495678
0.0531126,0.663876,0.000314601,0.000310105,0.000465505,0.000692823,0.000947998,0.00128489,0.00227936,0.00489758,0.0104815,0.0323666,0.000139697,0.429243,0.994953,1,53.7853,0.291637,0.25765,28.6362,3.01288,63.4677,2.53177,179.038,2.18391,259.643,0.329917,295.631,2.18816,0.20037,0.401871,0.230251,0.445804
0.0527562,0.68284,0.00043661,0.000320906,0.000553917,0.000745632,0.00100035,0.0013058,0.00251474,0.00536277,0.0115429,0.0353883,0.000173677,0.382704,0.961433,1,52.2273,0.274782,0.255456,28.8374,3.9455,63.8834,1.18381,178.821,0.688272,258.521,0.31093,296.415,1.52949,0.207668,0.426101,0.237054,0.444873
0.0508915,0.662497,0.000241926,0.000294262,0.00039404,0.000604631,0.000823833,0.00113243,0.00202322,0.00406354,0.00883702,0.0270397,0.000159158,0.384373,0.941267,1,61.6412,0.316483,0.234731,28.4723,1.10452,62.9348,1.30112,180.079,1.45478,261.337,0.551023,299.16,0.665214,0.202155,0.410592,0.234417,0.495927
0.0520685,0.726306,0.000350511,0.000207625,0.000441233,0.000763548,0.00110645,0.00141802,0.00273434,0.00523657,0.0117521,0.0349796,0.000147138,0.483075,0.924055,1,38.9349,0.316265,0.259941,28.9937,0.880881,63.3718,1.78748,178.725,0.764215,255.947,3.67846,297.974,2.08234,0.211456,0.42894,0.255305,0.466311
0.0529346,0.735391,0.000313164,0.000179161,0.00040605,0.000695866,0.00100306,0.00131158,0.00253089,0.0048455,0.0109094,0.0324166,0.000140387,0.465385,0.923412,1,39.0492,0.33357,0.264244,29.0872,0.931685,63.263,1.61537,178.746,0.901319,257.655,3.66389,298.235,1.70915,0.213253,0.428048,0.265014,0.475025
0.0513126,0.73937,0.000318931,0.000252843,0.00050654,0.000775504,0.00108735,0.00140301,0.00263123,0.0052072,0.01135,0.0349099,0.000131534,0.432502,0.935713,1,47.3865,0.35305,0.258383,28.912,1.49079,63.2022,1.36463,179.796,0.814661,257.873,3.20591,297.53,0.999174,0.215874,0.425333,0.257067,0.463957
0.0493335,0.773043,0.000179533,0.000129328,0.000287354,0.000682813,0.000881728,0.00125397,0.00240444,0.00457509,0.0097305,0.0298564,0.000140263,0.595553,0.897626,1,65.9028,0.394887,0.253884,28.3066,0.793642,64.0689,2.28427,177.904,1.3263,262.607,0.396705,295.9,1.08162,0.208873,0.420477,0.238958,0.476995
0.0587572,0.72453,0.00057319,0.000682823,0.000902001,0.00101535,0.00133955,0.00188183,0.00332385,0.00696866,0.0156212,0.0487123,0.000118405,0.349584,0.969888,1,58.7708,0.286049,0.288073,27.8916,0.888645,64.5686,1.12199,178.931,1.61205,258.383,0.571226,300.936,0.884417,0.195807,0.390833,0.22305,0.43307
0.059855,0.688543,0.0003452,0.000302835,0.000496023,0.000839466,0.0012059,0.00157389,0.00301225,0.00592555,0.0126871,0.0398608,9.38437e-05,0.446105,0.912504,1,66.6132,0.319207,0.279097,28.3328,2.88414,61.6704,1.1355,179.231,0.537026,259.711,3.55013,297.513,1.14437,0.197477,0.389355,0.22162,0.411933
0.0566749,0.759483,0.000308409,0.00032422,0.000456529,0.00088083,0.00113018,0.00162265,0.0029371,0.00607471,0.0129327,0.0402897,0.000117493,0.469289,0.933453,1,58.3623,0.326064,0.286025,28.2639,1.12412,63.4122,0.764828,179.256,0.889538,260.676,0.477224,296.695,4.83599,0.198932,0.409648,0.217662,0.452604
0.0491124,0.753511,0.00027822,0.000258661,0.000379244,0.000668682,0.000935054,0.00128156,0.00237633,0.00478933,0.010634,0.0317134,0.00014172,0.463441,0.967623,1,68.4894,0.371282,0.25714,28.6644,1.54609,62.9459,2.30798,179.975,1.73619,259.221,0.397468,297.489,0.342749,0.21607,0.430897,0.25813,0.49836
0.0604012,0.755858,0.000405474,0.000355242,0.000578905,0.000911579,0.00130238,0.00174738,0.00315454,0.00673251,0.0145911,0.0468981,0.000113449,0.434606,0.986096,1,46.5735,0.304819,0.309577,27.3042,0.500979,64.6293,0.890491,177.476,2.54995,260.595,0.662102,297.741,0.561769,0.189391,0.38768,0.219358,0.436579
0.0571027,0.691496,0.000375263,0.000397323,0.000563026,0.00103883,0.00139545,0.00187793,0.00351156,0.0076065,0.0169526,0.0526489,6.76278e-05,0.529414,0.992461,1,69.0526,0.330184,0.282098,27.4506,0.545557,63.7483,0.939026,181.495,0.50925,256.73,0.788818,299.517,2.28754,0.183127,0.360115,0.204355,0.380312
0.058859,0.768321,0.000407548,0.000317552,0.000591762,0.000971773,0.00128074,0.00178989,0.00325795,0.00689746,0.0151848,0.0489515,9.27281e-05,0.496747,0.973397,1,61.2624,0.3306,0.302064,27.1456,0.614961,64.1521,4.74151,177.783,1.74465,259.576,0.41385,297.142,1.96766,0.177532,0.375149,0.20218,0.42042
0.0525248,0.774651,0.000265219,0.000194996,0.00037933,0.000859293,0.00103867,0.00150835,0.00277386,0.00590985,0.0128069,0.0395867,0.000127191,0.594153,0.973263,1,52.9051,0.358291,0.284674,27.32,0.420078,62.9338,0.426549,180.833,1.38594,259.685,1.43371,297.739,1.19187,0.203735,0.412311,0.236607,0.471792
0.0515474,0.783317,0.000188684,0.000172748,0.000280572,0.000651918,0.00100132,0.00126153,0.00243094,0.00527385,0.0114597,0.0335267,0.000116975,0.629907,0.99774,1,69.39,0.380363,0.286283,27.7661,0.449611,64.5019,1.26344,180.499,0.850661,260.264,1.0765,296.931,2.04435,0.204575,0.408925,0.25509,0.502105
0.0552829,0.841572,0.000437007,0.000342374,0.000596091,0.000891808,0.00119721,0.00169998,0.00304043,0.00643333,0.014533,0.0437599,0.000104991,0.444988,0.981471,1,51.4756,0.414924,0.306865,27.3657,0.421517,64.6165,1.07949,182.401,1.47282,258.964,2.07395,298.548,1.12026,0.21212,0.41849,0.249823,0.496325
0.059629,0.740831,0.000320944,0.000338079,0.000478984,0.000927572,0.00122224,0.00163408,0.0030712,0.00651306,0.0145484,0.0444486,0.000101875,0.503447,0.996529,1,58.5855,0.336007,0.320341,28.1475,0.443952,61.5081,3.50804,178.787,0.974443,258.732,0.467698,297.6,2.98687,0.217983,0.409975,0.265153,0.475946
0.0548451,0.770528,0.000289494,0.000307031,0.000564515,0.00092497,0.00125465,0.00170358,0.00306132,0.00689922,0.0149701,0.0463098,0.000118941,0.496195,0.994601,1,53.598,0.348172,0.301314,27.8955,0.414969,61.9057,1.00252,179.809,0.631735,260.501,1.09687,298.967,1.57493,0.218232,0.419405,0.252198,0.486368
0.0433481,0.7272,0.000177795,0.000190051,0.000256834,0.000613612,0.000812373,0.00114884,0.00219284,0.00431926,0.00945325,0.029294,0.000144112,0.590816,0.94087,1,54.0319,0.409843,0.22507,28.8562,2.592,64.325,0.614856,179.294,1.25241,260.243,0.497943,296.844,1.90176,0.218336,0.420626,0.253795,0.460212
0.0455575,0.852152,0.000249557,0.000183398,0.000341294,0.000817135,0.00111108,0.00145476,0.0026168,0.00579613,0.012675,0.0384818,0.00014628,0.614167,0.985585,1,44.2956,0.395004,0.266067,28.2029,1.5042,65.3671,0.738544,179.184,1.19119,260.352,0.568233,299.435,0.804088,0.208711,0.428737,0.246026,0.517622
0.0494888,0.789657,0.000174016,0.000182282,0.000303057,0.000625172,0.000857439,0.00123357,0.00228055,0.00468895,0.0101373,0.0309423,0.000147993,0.575272,0.977675,1,45.4869,0.364596,0.270408,28.3925,1.40245,66.1808,0.430204,180.817,2.94797,260.34,0.880695,297.767,2.90274,0.212842,0.426063,0.26154,0.523179
0.0523401,0.77697,0.000278937,0.000129754,0.000379436,0.000887802,0.0011739,0.00153089,0.00292267,0.00616314,0.0131806,0.0406889,0.000117678,0.573884,0.932554,1,64.4603,0.352143,0.276234,28.3201,0.674999,63.6298,1.72105,181.698,0.312087,259.411,0.310574,297.249,0.609977,0.20796,0.416744,0.228819,0.459492
0.0543508,0.679959,0.000150471,0.000218892,0.000220883,0.000587246,0.000900148,0.0011315,0.00211589,0.00443153,0.00932044,0.0287845,0.000154841,0.597551,0.927856,1,78.1501,0.305334,0.264891,28.0194,1.15465,62.2069,0.988796,180.758,0.993762,260.335,1.06079,296.167,1.29769,0.20874,0.411268,0.25277,0.482855
0.0442181,0.755632,0.000398565,0.000438756,0.00048352,0.00078238,0.000992375,0.00133479,0.00252574,0.00532706,0.0121133,0.0371623,0.000119748,0.403888,0.993856,1,45.085,0.438801,0.238398,28.8603,0.47233,62.7578,1.42311,177.479,1.18923,259.85,1.03605,297.663,0.889155,0.225969,0.428402,0.250488,0.503632
0.0595643,0.765764,0.000365907,0.000302993,0.000609175,0.00106846,0.00137924,0.00188331,0.00338263,0.00722201,0.0158419,0.04911,0.000115662,0.482348,0.96546,1,68.5986,0.287962,0.309714,28.7466,1.96416,64.355,1.57108,180.733,0.611234,259.605,0.592537,296.306,1.29343,0.197411,0.409658,0.21976,0.420485
0.0502132,0.756459,0.000399033,0.000287934,0.000559102,0.000565119,0.000809632,0.00106637,0.0018987,0.00403016,0.00861768,0.0261237,0.000140578,0.317512,0.989797,1,51.0731,0.375375,0.248875,27.6518,1.01591,65.4254,0.931428,179.298,2.09953,261.645,0.408083,295.76,0.572726,0.184875,0.409424,0.230695,0.499657
0.052109,0.637115,0.000409469,0.000302064,0.000517049,0.000693489,0.000977927,0.00132301,0.0024345,0.00508667,0.011511,0.0354849,0.000170545,0.421352,0.997654,1,61.7597,0.279585,0.256219,28.3997,0.718597,61.2519,2.50648,179.097,1.97295,259.825,2.5845,297.737,1.22148,0.219999,0.421935,0.248097,0.464025
0.063745,0.861064,0.000550296,0.000359591,0.000580668,0.00101055,0.0014399,0.00190207,0.00349209,0.00690652,0.0144661,0.044815,0.000100718,0.455639,0.904966,1,56.4084,0.35999,0.338632,28.3312,1.20842,64.8361,1.0216,179.529,0.630848,259.932,0.37555,296.54,0.945921,0.207134,0.423,0.239416,0.484073
0.0672437,0.64259,0.000529413,0.000334261,0.000569601,0.000934432,0.00135527,0.00180073,0.00328539,0.00673283,0.014291,0.0441667,7.49766e-05,0.446259,0.936532,1,51.7534,0.307597,0.298879,26.132,0.300921,61.0324,2.08455,178.314,2.22509,258.223,1.82874,298.211,0.673637,0.177655,0.34848,0.207439,0.373314
0.0515164,0.73359,0.0002858,0.000272728,0.000508814,0.000817708,0.00117803,0.00158156,0.00296631,0.00640396,0.0136366,0.0430053,0.00010606,0.500293,0.989274,1,65.76,0.330766,0.262436,27.9644,1.03846,66.3276,1.11721,179.901,1.54181,260.292,0.323205,296.528,0.55738,0.187016,0.383935,0.196176,0.402741
0.0521257,0.84446,0.000400956,0.000422893,0.000573348,0.000911685,0.00124168,0.00165802,0.00302464,0.00625773,0.0135627,0.0432696,8.92751e-05,0.429099,0.951573,1,60.5076,0.434629,0.277458,27.9731,0.85368,65.0713,1.91796,178.246,0.899991,262.79,0.278314,298.066,2.93955,0.189664,0.390855,0.204637,0.468707
0.0613576,0.646843,0.000456518,0.00052823,0.000678808,0.000928926,0.0012636,0.00174106,0.0031112,0.00675065,0.0150255,0.0464401,0.000130109,0.411666,0.979199,1,53.4098,0.246463,0.296562,28.6702,1.59256,61.8534,1.33677,181.942,0.298116,260.226,0.613966,296.527,0.410349,0.215356,0.411387,0.216716,0.443423
0.0581519,0.76199,0.000385126,0.000291111,0.000442827,0.00087897,0.00119867,0.00155095,0.00298541,0.00617183,0.0138122,0.0421497,0.00012321,0.494075,0.98304,1,57.1715,0.316116,0.314246,28.7422,1.07435,63.4271,1.52913,180.175,0.362201,259.855,0.274438,299.021,0.565331,0.223459,0.430626,0.258268,0.511339
0.0585228,0.787945,0.00037487,0.000293785,0.000463413,0.000879042,0.00121682,0.00151403,0.00286572,0.00599785,0.0135048,0.0412902,0.000123519,0.484089,0.968475,1,59.4692,0.322369,0.31549,28.6263,1.11132,63.328,1.37781,180.227,0.41598,260.528,0.265028,300.052,0.603374,0.215701,0.430278,0.258225,0.526445
0.0624012,0.720196,0.000411405,0.000407558,0.000611683,0.000946862,0.00123487,0.00181958,0.00326783,0.00686514,0.0139984,0.0452444,0.00013359,0.444675,0.952523,1,45.2173,0.268968,0.31337,28.5063,1.15765,65.0174,1.34011,181.127,0.890877,258.715,0.258799,296.656,0.320514,0.217363,0.421731,0.223502,0.467218
0.0560058,0.81016,0.000386055,0.0003807,0.000599025,0.000972028,0.00137711,0.00180912,0.00327604,0.00658876,0.0137309,0.0432649,0.000104744,0.444994,0.908528,1,50.3038,0.360334,0.286723,28.4548,1.279,64.2289,1.29816,181.024,0.915034,260.212,0.301763,296.941,0.740703,0.203621,0.414105,0.218664,0.451481
0.0615169,0.726342,0.00028462,0.000233304,0.000423246,0.000796749,0.00112343,0.00141117,0.00263485,0.00524024,0.0113523,0.034609,0.000144906,0.468399,0.919032,1,69.5806,0.293756,0.301874,28.2749,0.968647,62.8449,1.82397,178.474,0.325499,261.739,0.760088,297.42,0.354805,0.210236,0.419453,0.241908,0.499125
0.0566262,0.685146,0.000371247,0.000324652,0.000479792,0.000965551,0.00128761,0.0018467,0.00347397,0.00668316,0.014503,0.0447532,0.000108849,0.494208,0.883199,1,83.9813,0.304268,0.265737,28.5975,0.845122,62.631,1.96658,181.104,2.87152,259.302,0.426656,297.002,0.719572,0.212473,0.405378,0.213575,0.414747
0.0552937,0.682613,0.000333094,0.000286147,0.000452367,0.000960485,0.00128248,0.00180794,0.00338192,0.00635284,0.0140004,0.043785,0.000114202,0.528199,0.881134,1,87.1709,0.303425,0.26186,28.7421,0.871314,62.9818,0.72757,180.064,3.50665,260.605,0.296254,297.474,0.853322,0.213743,0.408124,0.209795,0.418773
0.0532662,0.784164,0.000322228,0.000262907,0.000439615,0.00100615,0.00138846,0.00182326,0.00333804,0.00651734,0.0139918,0.0435121,0.000106509,0.529868,0.889851,1,46.9065,0.38362,0.272924,28.1896,6.16891,62.7621,0.316775,177.652,0.482207,259.86,0.891423,297.602,2.81277,0.21265,0.407248,0.233788,0.434132
0.0531363,0.760051,0.000312973,0.00025653,0.000473891,0.000922333,0.00124021,0.00168641,0.00320035,0.00619098,0.0132706,0.0421102,0.000119999,0.515477,0.88894,1,55.5086,0.349582,0.268009,28.7658,0.776069,64.1979,0.4192,178.992,1.79897,259.34,0.30753,300.231,0.359787,0.21897,0.417849,0.231608,0.494351
0.0588796,0.720846,0.000258506,0.00029411,0.000439393,0.000874633,0.00115826,0.00154463,0.00283346,0.00592963,0.0127644,0.0395149,0.000127632,0.531342,0.948675,1,49.0601,0.297917,0.296159,28.0412,1.8132,63.224,0.618563,180.044,0.539793,260.044,1.02547,296.511,2.01306,0.202648,0.406803,0.22719,0.451176
0.0490438,0.829539,0.000491746,0.00033716,0.000578804,0.000792669,0.00113593,0.00153121,0.00280759,0.00603456,0.0133674,0.0409792,0.000132094,0.411469,0.982772,1,72.3207,0.381392,0.27026,28.6986,1.29687,65.6858,0.3336,180.056,2.75723,259.553,1.26074,299.56,0.843938,0.212495,0.428372,0.253381,0.496955
0.056546,0.799118,0.000221923,0.000243037,0.000387229,0.000934356,0.00131165,0.00178655,0.00328537,0.00685523,0.0150444,0.044977,0.000103393,0.60313,0.918388,1,62.0887,0.36467,0.305043,27.9304,0.473185,62.098,5.72717,175.86,2.77943,261.208,0.896415,297.252,0.653715,0.210951,0.406663,0.242251,0.456513
0.0533398,0.779368,0.000315368,0.000207467,0.000377522,0.000828546,0.00111217,0.0014886,0.00280324,0.00601312,0.0128808,0.0415348,0.000120553,0.599555,0.972713,1,40.434,0.349736,0.292799,28.2719,1.12433,62.3293,1.36608,179.407,0.620407,259.871,2.72921,301.822,0.308535,0.210132,0.415111,0.254217,0.528286
0.0530235,0.758597,0.000375531,0.000288668,0.000428375,0.000869637,0.00121474,0.00160447,0.00314574,0.00638544,0.0140826,0.0445566,0.000121332,0.508655,0.98138,1,46.368,0.325772,0.285131,28.5149,0.895537,61.2243,1.29827,178.234,1.49656,259.094,3.8134,301.881,0.281873,0.210612,0.416097,0.2454,0.534762
0.0525381,0.769312,0.000310044,0.000290292,0.000443817,0.000824092,0.00113494,0.00140842,0.00274689,0.00573853,0.0124958,0.0397126,0.000135081,0.516806,0.96125,1,49.618,0.340088,0.278404,28.3057,1.09584,62.1074,1.06162,178.138,1.80071,258.718,1.59522,301.938,0.268797,0.207873,0.414699,0.254416,0.529559
0.0532217,0.760477,0.000292858,0.000289603,0.000482505,0.000705741,0.000986689,0.00132374,0.00229819,0.00510573,0.0112119,0.0339541,0.00012216,0.432174,0.999588,1,59.6962,0.347764,0.274273,27.6892,0.740851,65.7664,1.91915,179.926,1.84049,265.219,0.28739,293.784,0.77844,0.193263,0.392589,0.191173,0.460134
0.0520785,0.736522,0.000498015,0.000400313,0.000636565,0.000863229,0.00119581,0.00161852,0.00303138,0.00661847,0.0141997,0.0458522,0.000108381,0.395891,0.999777,1,38.4659,0.328267,0.269412,28.7038,1.13712,62.7815,0.900555,176.882,0.920004,260.467,0.374447,296.842,0.405002,0.198516,0.400499,0.218296,0.43065
0.0502271,0.709401,0.000546988,0.000386788,0.000723303,0.000965675,0.00118873,0.00174281,0.00301696,0.00673705,0.0145352,0.0467608,0.000114076,0.395853,0.999616,1,51.7249,0.337712,0.255622,28.0082,0.911664,61.7364,1.25699,177.793,0.663655,259.134,0.394095,297.069,0.408528,0.200212,0.402127,0.209961,0.423411
0.0499185,0.694421,0.000498422,0.000407728,0.000646891,0.000917685,0.00110607,0.00170444,0.00292223,0.0063121,0.0137065,0.0444126,0.000115031,0.391772,0.999846,1,59.217,0.323241,0.250278,28.3719,0.6896,61.5031,0.991699,177.67,0.963319,260.147,0.397458,297.631,0.387884,0.197209,0.400851,0.208795,0.426651
0.0476975,0.735445,0.000223989,0.000143051,0.000306767,0.000874266,0.00111121,0.00163511,0.00289038,0.00643138,0.014575,0.0446045,0.000125655,0.71216,0.946602,1,54.9529,0.339548,0.25756,28.2647,0.487138,63.8279,2.90494,179.63,0.960822,260.596,2.07057,296.9,2.30515,0.211212,0.404223,0.224496,0.426202
0.0603565,0.784819,0.000640633,0.00049485,0.000754869,0.00101192,0.00130961,0.00180864,0.00345406,0.00676682,0.0151068,0.0460524,0.000103657,0.389596,0.928404,1,53.2138,0.322774,0.305719,28.8123,1.52032,64.5148,0.651446,179.309,0.95023,260.142,0.364038,299.213,0.438639,0.204787,0.410394,0.232445,0.455802
0.0514326,0.686018,0.000282451,0.000208163,0.000378961,0.00076404,0.000992641,0.00138611,0.00258268,0.00507383,0.0111968,0.0329474,0.000122503,0.525938,0.92783,1,53.5905,0.351306,0.246183,27.5571,0.526773,63.0331,3.07779,179.56,0.595464,261.362,2.13041,297.547,0.649045,0.198864,0.388584,0.215882,0.449908
0.0534571,0.707838,0.000243885,0.00025339,0.000345246,0.000700397,0.000961234,0.0012544,0.00230098,0.00478437,0.0103686,0.031339,0.000114069,0.460054,0.941906,1,81.4635,0.364814,0.258499,27.8643,0.497731,63.8717,1.71756,179.304,0.911507,259.943,1.00192,296.954,0.298717,0.198933,0.397531,0.235323,0.462059
0.0539764,0.651684,0.000394346,0.00034123,0.00051851,0.000677168,0.000929848,0.00128294,0.00237089,0.00475765,0.0105067,0.0317829,0.000147468,0.404835,0.957788,1,48.819,0.284935,0.248333,28.1039,1.53406,64.0244,1.23862,178.947,1.30195,260.975,1.16307,297.662,5.99139,0.193543,0.393872,0.210938,0.4607
0.0582143,0.687337,0.000368216,0.000416509,0.000677215,0.000743288,0.00105729,0.00146326,0.00260679,0.00529144,0.0114378,0.0358938,0.000130029,0.373851,0.969081,1,54.4815,0.286636,0.277409,28.1728,1.42729,64.7036,1.24428,180.508,0.71336,260.839,1.86799,297.434,0.435385,0.201179,0.398078,0.221781,0.446409
0.0525679,0.7318,0.000491857,0.000345111,0.000529507,0.000934091,0.00121549,0.00160287,0.0029701,0.00637194,0.0139396,0.0428617,0.000135323,0.416391,0.99337,1,39.8626,0.306261,0.272344,28.4909,1.83031,62.9007,2.19747,176.17,2.35863,261.965,0.962759,297.731,0.278313,0.2036,0.411119,0.212231,0.463215
0.0533275,0.727858,0.000426212,0.00034052,0.00054113,0.000907172,0.00117028,0.00152804,0.00279654,0.0059841,0.0133231,0.041016,0.000140908,0.438002,0.990611,1,40.6589,0.291458,0.274258,28.5936,1.37606,62.9239,2.70514,175.921,2.94351,261.959,1.64267,297.862,0.295367,0.19844,0.40742,0.212249,0.470209
0.0601261,0.676896,0.000347283,0.000361227,0.000621179,0.000684698,0.00100993,0.00139126,0.00260914,0.0053777,0.0108968,0.0341581,0.000134317,0.368621,0.979723,1,49.4481,0.271318,0.283386,28.2157,2.67465,63.8297,1.28012,179.961,0.498155,260.824,0.634325,295.586,0.534542,0.190857,0.397635,0.210326,0.448934
0.0588963,0.790998,0.000526868,0.000416298,0.000574335,0.00107008,0.00135993,0.00181163,0.00328032,0.00666857,0.0153049,0.0463943,0.000115086,0.441731,0.95959,1,73.913,0.311561,0.309088,28.2289,0.779202,65.3925,2.21642,180.037,0.805801,260.81,0.424823,298.452,1.34397,0.20336,0.411317,0.22499,0.46424
0.0557054,0.793577,0.00040205,0.000449545,0.000589997,0.000857184,0.00126704,0.00170964,0.00322208,0.00672879,0.0140013,0.0453139,0.000102803,0.435941,0.978651,1,56.9867,0.341188,0.295079,28.2004,1.14884,64.4998,0.76301,179.803,1.15337,258.373,3.71332,298.117,1.55009,0.198144,0.404749,0.235553,0.444173
0.0530399,0.841185,0.000344341,0.000300013,0.000536801,0.000920781,0.00127031,0.00164827,0.00302768,0.00647167,0.0144184,0.0438952,9.69232e-05,0.479917,0.975344,1,50.5985,0.399904,0.292033,28.1895,0.955925,65.0121,1.35609,180.953,2.47618,258.709,1.01096,295.986,0.828345,0.198616,0.40799,0.233993,0.437763
0.0520546,0.760012,0.000368982,0.000318561,0.000553886,0.000878492,0.00121185,0.00158597,0.00294933,0.00605922,0.0138038,0.0420451,0.000101528,0.476943,0.979753,1,54.2574,0.369093,0.272203,27.836,0.936953,63.5241,1.22796,180.099,2.21703,258.937,0.441449,297.983,1.2136,0.199605,0.397695,0.230108,0.439073
0.0481349,0.822393,0.000330194,0.000236495,0.000415821,0.000791442,0.00109354,0.00145174,0.00283457,0.00595562,0.0123856,0.0398955,0.000150553,0.528984,0.959147,1,53.792,0.37449,0.272029,29.1616,2.22303,63.2768,1.8831,179.015,0.764101,262.013,1.0543,297.141,1.43576,0.228363,0.447814,0.252646,0.509173
0.0467661,0.721477,0.000258035,0.000228858,0.000300752,0.000764071,0.000980135,0.00137048,0.0026771,0.00564325,0.01277,0.0397491,0.000111868,0.633687,0.989923,1,58.4429,0.392957,0.25244,27.9599,0.538736,61.5925,1.42917,180.259,2.08943,259.078,0.467797,298.512,0.607519,0.212013,0.404444,0.246185,0.445987
0.0550519,0.813337,0.000246413,0.000231202,0.000362811,0.00105708,0.00152106,0.00195205,0.00381558,0.0079399,0.0169932,0.0544918,0.000111644,0.73322,0.920338,1,60.2064,0.316305,0.313694,29.0872,1.20727,63.4463,1.04994,177.355,1.1027,260.786,1.31322,296.651,2.13221,0.218662,0.419454,0.233086,0.459156
0.0477625,0.715354,0.000228367,0.00019605,0.000272112,0.000727292,0.000958774,0.00128192,0.00245032,0.00543685,0.0117538,0.0360836,0.000130293,0.64176,0.997417,1,54.6087,0.362545,0.261176,28.1118,0.420522,62.0796,1.91253,180.783,0.988351,260.036,0.324864,298.988,0.63806,0.222959,0.418696,0.256193,0.49578
0.0546031,0.776538,0.000528636,0.000413775,0.000835777,0.00115322,0.00149351,0.00201915,0.00374094,0.00787206,0.0172619,0.0550571,8.43682e-05,0.415809,0.988589,1,54.5885,0.347124,0.285932,28.1905,5.16742,64.4743,0.70734,176.223,1.98356,261.219,1.44215,298.145,1.21704,0.190935,0.380093,0.202176,0.406355
0.0553591,0.73698,0.000331062,0.000264547,0.000471187,0.000806275,0.00106333,0.00141371,0.00267664,0.00562079,0.0121688,0.0369169,0.000126222,0.468753,0.987027,1,63.8006,0.338633,0.291137,28.0203,0.432172,61.4626,3.59561,181.406,1.06741,258.749,0.329285,299.335,4.77258,0.214952,0.428577,0.263806,0.509218
0.0546497,0.72805,0.000485487,0.000251443,0.00053136,0.000924014,0.00117976,0.00153058,0.00279695,0.00608801,0.0134977,0.0409007,0.00012332,0.442258,0.963677,1,62.5998,0.352045,0.282766,27.8072,0.420367,61.8137,3.19375,180.991,1.61149,258.08,0.326631,299.662,1.93213,0.22436,0.424213,0.261089,0.473854
0.057638,0.757409,0.000231359,0.000336408,0.000431131,0.000654516,0.000922142,0.00128195,0.00244795,0.00470467,0.0101761,0.0305841,0.000134709,0.42166,0.917326,1,59.2992,0.361785,0.287636,28.129,0.59075,62.3916,2.11673,178.936,0.912047,261.743,2.16485,297.971,0.897324,0.218839,0.426386,0.27937,0.51075
0.0567838,0.745924,0.000633802,0.000596965,0.000901754,0.000864785,0.00124571,0.00177834,0.00300812,0.00625191,0.013866,0.0424635,0.00013031,0.32666,0.963525,1,51.6862,0.308873,0.285886,28.4999,3.17423,63.8104,0.946006,180.093,0.577619,260.333,0.512983,297.976,0.870612,0.211071,0.420459,0.232333,0.452829
0.050853,0.737541,0.000556343,0.000538721,0.000817846,0.000803018,0.00110596,0.00140887,0.00266581,0.00513448,0.011827,0.0365151,0.000125944,0.30352,0.939287,1,41.7014,0.364948,0.25138,29.0769,0.734817,63.9326,0.820402,177.542,4.44294,263.237,0.517037,297.9,1.34127,0.217948,0.424238,0.219719,0.504548
0.048882,0.718107,0.000570311,0.000495164,0.000790474,0.000773655,0.001023,0.00142011,0.00250535,0.0050755,0.010859,0.0345179,0.00014033,0.267845,0.930887,1,48.1395,0.359706,0.232033,28.6572,2.88404,64.4017,1.53493,181.262,0.408691,258.167,0.278968,297.615,1.78686,0.211648,0.42398,0.233431,0.444707
0.0543686,0.710589,0.000218731,0.000270264,0.000400357,0.000693664,0.000951622,0.00119663,0.00227479,0.00488377,0.0103987,0.0320142,0.000129922,0.466689,0.999954,1,79.8699,0.328813,0.278571,28.1731,0.892096,61.2406,1.60423,178.114,0.70263,263.939,1.12893,296.274,0.652269,0.205811,0.410146,0.237632,0.501506
0.0504092,0.736149,0.000315696,0.000178923,0.000361909,0.00076699,0.00101061,0.00146784,0.00265334,0.0057897,0.0132489,0.0397958,0.000148565,0.569278,0.999913,1,49.4116,0.315296,0.273331,28.2993,0.504754,62.9275,4.55179,177.745,2.54097,261.769,1.21502,294.84,1.36138,0.210414,0.418442,0.226048,0.466837
0.0487966,0.70439,0.000227884,0.000184538,0.000300853,0.000736098,0.000985825,0.00123882,0.00240354,0.00517688,0.0111646,0.0358173,0.00012536,0.597314,0.999806,1,90.2485,0.334028,0.252651,28.032,2.37404,63.3752,3.14976,178.936,0.662408,261.484,0.348991,298.107,0.602587,0.195931,0.391522,0.219027,0.450695
0.050891,0.702852,0.000425068,0.000374692,0.000612447,0.000720317,0.00102529,0.00134221,0.00240979,0.00501079,0.0109594,0.0340218,0.000140616,0.336707,0.955676,1,47.6359,0.353804,0.249844,28.4284,0.613645,63.4281,0.513432,179.915,0.637499,259.765,1.27562,299.888,0.592579,0.221471,0.422803,0.2555,0.491536
0.0494943,0.721594,0.000360063,0.000292508,0.00049234,0.000658578,0.000838723,0.00121967,0.00214268,0.00435467,0.00958353,0.0284364,0.000140517,0.368348,0.92931,1,59.3197,0.376583,0.241069,28.8118,0.948077,61.7124,2.03405,178.237,1.07586,261.882,0.512146,296.512,0.701735,0.213529,0.426428,0.23777,0.5089
0.0500034,0.785903,0.000255971,0.000173364,0.000327461,0.000731918,0.00104594,0.00138874,0.00256186,0.00498439,0.0106661,0.0330743,0.000128698,0.557424,0.888802,1,45.3648,0.414334,0.258392,28.149,0.639903,62.7955,1.91093,179.52,1.68529,260.094,0.521252,297.931,2.06019,0.217338,0.424988,0.254391,0.47097
0.0464566,0.759639,0.000272631,0.000191803,0.000345825,0.000661615,0.000918987,0.0012907,0.00229611,0.00463632,0.0102991,0.031126,0.00015748,0.508909,0.959904,1,39.9629,0.379833,0.243764,28.1139,0.76473,63.3086,1.64652,179.115,1.00571,259.138,0.368763,295.902,1.00994,0.210256,0.423762,0.24365,0.474144
0.0519587,0.701524,0.000306477,0.000288254,0.00052836,0.000925812,0.00121191,0.00160168,0.00301591,0.00621174,0.0130205,0.0410609,0.000109646,0.459171,0.889868,1,55.6874,0.337146,0.246105,29.109,3.54698,63.8548,0.713263,179.75,1.7702,260.26,0.266835,298.674,2.3683,0.211771,0.408816,0.209277,0.443687
0.0565147,0.910275,0.000272658,0.000217055,0.000443909,0.00126933,0.00176274,0.00241901,0.00449957,0.00930624,0.0208894,0.0666944,7.16362e-05,0.738015,0.960127,1,54.4979,0.424866,0.344168,26.8982,0.41349,64.4458,1.59523,178.324,0.93685,260.798,2.12421,294.943,0.659795,0.200076,0.381572,0.221426,0.415278
0.0534981,0.829171,0.000273178,0.00026515,0.000384163,0.00105036,0.00137223,0.00189737,0.00353588,0.00784643,0.0166562,0.0528287,7.34487e-05,0.643682,0.983162,1,57.0851,0.408284,0.301569,27.2646,0.534063,64.1756,1.82622,179.616,1.65794,260.913,0.828626,299.405,2.79959,0.187153,0.375346,0.214994,0.421357
0.0570025,0.690532,0.000384737,0.000455452,0.000629334,0.000701658,0.000992167,0.00132743,0.00245178,0.00492111,0.010962,0.0322991,0.000137333,0.301707,0.984251,1,59.0858,0.300528,0.272349,27.8523,0.71746,62.8716,4.12144,178.224,1.11654,260.593,0.57953,296.256,2.03782,0.197746,0.402696,0.235141,0.460584
0.0498333,0.76092,0.000339618,0.000414645,0.000565154,0.000703278,0.000944317,0.00131334,0.00237597,0.00501402,0.0106956,0.0346576,0.000131953,0.339888,0.970816,1,52.5939,0.381296,0.254823,28.4782,0.897384,64.3981,0.596824,180.053,1.89404,260.187,1.51273,296.665,0.563893,0.213324,0.41986,0.245043,0.470481
0.0503447,0.75271,0.000328555,0.00040636,0.000561939,0.000688932,0.00093402,0.00129185,0.00232492,0.00491256,0.0105374,0.0339166,0.000131512,0.346861,0.966328,1,52.1566,0.385123,0.254396,28.3481,0.88594,64.2836,0.59174,180.394,2.00815,260.259,1.55826,296.527,0.498869,0.210354,0.422516,0.243133,0.473738
0.0517541,0.754563,0.000478496,0.000314147,0.000568213,0.000816672,0.00108919,0.00139865,0.00262003,0.00551978,0.011935,0.0375892,0.00014355,0.419645,0.994309,1,53.4353,0.321985,0.271128,28.5681,1.35464,64.5912,1.89091,178.233,0.395802,262.059,1.03192,300.454,0.309239,0.204664,0.412713,0.229968,0.529128
0.0421045,0.724648,0.00018615,0.000175738,0.000246016,0.000613863,0.00080534,0.00103332,0.00191039,0.00405808,0.00860057,0.0272916,0.000187473,0.536245,0.973144,1,52.6136,0.392569,0.225136,28.9774,0.615241,63.168,1.04091,179.649,0.388917,262.541,0.731438,298.279,1.27819,0.232132,0.446851,0.271888,0.531643
0.0412446,0.765995,0.000220905,0.000164441,0.000330603,0.000575501,0.000712722,0.00103626,0.00185782,0.00393005,0.00849581,0.0256885,0.000168407,0.452345,0.968789,1,51.6898,0.467986,0.22163,29.0519,1.1677,62.4634,1.26454,179.765,0.979993,262.518,0.398777,296.53,2.31228,0.231848,0.455576,0.264902,0.550895
0.0420167,0.762928,0.000241048,0.000180902,0.000319116,0.000565323,0.000701518,0.000997884,0.00182405,0.00388469,0.00826247,0.0252215,0.000161564,0.45653,0.966061,1,49.1399,0.461696,0.224114,29.3377,1.13433,63.0631,1.18928,179.672,1.12501,262.094,0.385573,296.886,1.56505,0.229106,0.454056,0.266774,0.550227
0.043359,0.785321,0.000178752,0.000299024,0.000392487,0.000617509,0.000853146,0.00111421,0.00209825,0.00432819,0.00946481,0.0284902,0.000182875,0.416383,0.958873,1,69.7028,0.423596,0.233845,29.231,1.11028,63.0703,0.856246,178.085,2.68545,262.828,0.337174,297.386,1.72416,0.233927,0.456656,0.273053,0.536801
0.0445449,0.769279,0.000217441,0.000204611,0.00036962,0.000644157,0.000885934,0.0012268,0.00221171,0.00453241,0.0100088,0.0295818,0.000171692,0.470746,0.94614,1,67.023,0.38415,0.235818,29.3521,1.23695,63.8067,1.21901,178.217,1.14837,261.935,0.343452,297.666,1.03181,0.223969,0.449024,0.247157,0.53089
0.0452642,0.830199,0.000304478,0.000171382,0.000360235,0.000803126,0.00108719,0.00138131,0.00261884,0.00532709,0.0112479,0.0357989,0.000116005,0.547224,0.917617,1,46.1092,0.476517,0.245355,28.5282,1.65459,62.3121,2.84212,180.426,0.55643,259.16,1.90058,297.606,1.06437,0.211942,0.425938,0.252572,0.462004
0.0477168,0.84917,0.000254967,0.00025306,0.000367783,0.000830444,0.00108056,0.00142427,0.00267092,0.00526811,0.0115708,0.0362017,0.00011794,0.54082,0.930234,1,52.098,0.460961,0.264996,28.6699,1.05388,63.7679,2.69685,178.244,1.49059,259.521,0.507412,296.625,1.48394,0.216807,0.432109,0.259512,0.481819
0.0432936,0.778267,0.000215417,0.000150463,0.000283395,0.000627963,0.000925231,0.00127684,0.00233375,0.0049661,0.0105671,0.0318254,0.000117081,0.579208,0.940247,1,50.9267,0.475369,0.23317,28.964,2.70769,63.4455,0.506793,179.348,0.630792,261.241,0.520253,298.709,1.43776,0.218057,0.422974,0.245093,0.49308
0.0476431,0.742315,0.000233295,0.000234275,0.000347865,0.000743696,0.000951354,0.00125108,0.00239622,0.00506464,0.0111778,0.0345737,0.000142057,0.546546,0.976243,1,60.1747,0.357016,0.24936,27.9684,1.30265,63.9069,0.386443,180.741,0.927781,260.141,0.514937,296.312,0.453779,0.203306,0.414062,0.219602,0.460591
0.0583402,0.769438,0.000326668,0.00033806,0.000511302,0.000934726,0.00118832,0.00156817,0.00292708,0.00547534,0.0121751,0.0369253,0.000105653,0.420802,0.884617,1,77.3347,0.370323,0.284393,28.3366,0.704077,62.5893,5.04236,178.489,1.11738,260.239,0.474154,297.097,0.630833,0.206367,0.409897,0.24421,0.4543
0.0569656,0.810116,0.000544283,0.000445164,0.000588279,0.000895199,0.00128691,0.00177401,0.00321078,0.00632126,0.0132108,0.0390384,8.12262e-05,0.404828,0.882465,1,57.6986,0.425895,0.281734,28.2778,1.21384,63.1287,1.74712,179.444,1.43182,261.437,0.953043,297.276,2.39398,0.201211,0.39433,0.224544,0.448005
0.0535054,0.688714,0.000225566,0.000186522,0.000342843,0.000722996,0.00104043,0.00140945,0.00263595,0.0058284,0.012376,0.0388306,0.000135655,0.577837,0.977671,1,48.5945,0.29599,0.27497,28.5796,1.78132,62.1715,1.38872,181.419,0.855678,260.481,0.888483,297.394,0.458652,0.213532,0.414705,0.230686,0.473747
0.0651578,0.818725,0.000724692,0.00067657,0.000930068,0.00106851,0.00140685,0.00191951,0.00344221,0.00705088,0.0150459,0.046588,8.63354e-05,0.301807,0.95904,1,63.0377,0.351046,0.335648,27.6563,0.571822,63.5455,1.508,178.118,4.00164,261.48,0.664715,298.458,1.56127,0.193851,0.39459,0.235582,0.459703
0.0555746,0.687046,0.00042991,0.000364638,0.000509299,0.000744881,0.0010202,0.00144901,0.00256429,0.00546178,0.0119721,0.0362583,0.000182017,0.401673,0.994862,1,47.2183,0.248889,0.269892,28.0697,3.15845,65.9424,1.73278,181.026,0.391471,260.054,0.910347,296.059,0.950934,0.192958,0.412191,0.200201,0.456226
0.0499178,0.649052,0.000237992,0.000156332,0.00025328,0.000600437,0.000846406,0.00114987,0.0020462,0.00427748,0.00895925,0.027075,0.00015722,0.539851,0.880388,1,69.7909,0.350759,0.229459,27.9053,0.657526,61.5733,1.34352,178.648,3.98949,261.98,1.24202,299.322,1.7364,0.216356,0.407145,0.239322,0.48698
0.0502345,0.689606,0.00023351,0.000200162,0.0003469,0.000716075,0.000926995,0.00135364,0.00233466,0.004722,0.0100177,0.0301228,0.000145903,0.511496,0.920216,1,70.4619,0.340181,0.244633,28.4731,0.649069,60.7021,2.58016,178.28,1.71384,261.78,1.37949,297.834,0.823956,0.209709,0.41813,0.239194,0.485854
0.0572709,0.848071,0.000509939,0.000459541,0.000628846,0.00089076,0.00116187,0.00154678,0.00301725,0.00615832,0.0131218,0.0421721,0.000109173,0.365954,0.97118,1,48.9056,0.376605,0.310055,28.3649,1.41914,66.7201,0.492066,180.622,0.677061,261.381,0.414614,296.76,0.489415,0.209395,0.418085,0.239288,0.511848
0.0674133,0.684805,0.0005605,0.000425465,0.00077555,0.000783598,0.00106691,0.00141765,0.00271541,0.00566782,0.0124358,0.0379399,9.45694e-05,0.302053,0.999744,1,61.419,0.296751,0.317047,27.2331,0.672007,63.403,0.873142,180.077,0.385194,259.017,0.893893,296.911,3.1741,0.186328,0.379106,0.238118,0.425895
0.0686582,0.690043,0.000569459,0.000455049,0.000769127,0.000770022,0.00105994,0.00141528,0.00270937,0.00559338,0.0123455,0.0375561,9.51298e-05,0.306758,0.999782,1,65.153,0.289666,0.322767,27.1074,0.612415,63.0454,0.98144,180.422,0.363046,259.377,0.939115,296.796,3.30385,0.185817,0.371612,0.242623,0.422437
0.0528559,0.755424,0.000403166,0.000393756,0.000581484,0.000764083,0.00101975,0.00140015,0.00269011,0.00532933,0.0116446,0.0362697,0.000109365,0.382874,0.958,1,41.705,0.355374,0.259962,28.2679,1.46433,65.8116,2.03519,177.544,0.494268,262.67,0.544403,297.522,0.444264,0.182798,0.383416,0.203987,0.452203
0.0576158,0.788448,0.000544779,0.000414931,0.000654545,0.00100468,0.00138418,0.00176912,0.00332172,0.00726257,0.0157909,0.0490641,8.95318e-05,0.430642,0.988486,1,59.2928,0.369244,0.307774,27.6487,0.580572,63.9959,1.79065,180.428,3.53896,260.108,1.95584,295.309,2.29763,0.203766,0.397139,0.228333,0.421652
0.0576815,0.754437,0.000257139,0.000203809,0.000385652,0.000754079,0.00106919,0.00139554,0.0025279,0.00529985,0.0116614,0.036241,0.000135069,0.532867,0.992005,1,48.2788,0.297844,0.294483,27.0809,3.17153,66.3582,1.3676,178.623,0.53009,259.67,0.318194,296.495,0.46476,0.175187,0.38151,0.213876,0.453005
0.0518917,0.718454,0.000431945,0.00038029,0.000526137,0.00097727,0.00129383,0.00180756,0.00332801,0.0068828,0.0150494,0.0461553,8.44191e-05,0.45526,0.920056,1,63.7278,0.350849,0.248194,28.6179,0.824786,66.6824,0.561982,182.932,2.19459,261.382,0.464946,296.94,0.775411,0.197579,0.384127,0.183753,0.392238
0.0573632,0.796277,0.000376194,0.000291232,0.000553397,0.000989325,0.00141435,0.001933,0.00349758,0.00706021,0.0155465,0.0491823,8.56233e-05,0.500251,0.947426,1,53.5201,0.352263,0.296055,27.3956,1.38166,63.3146,0.940139,179.488,0.616508,258.909,0.340365,298.768,0.804425,0.181237,0.378714,0.212537,0.404509
0.059529,0.628275,0.000280892,0.000225325,0.000360837,0.000846056,0.00118444,0.00166632,0.00297708,0.00651502,0.0147866,0.04689,9.31717e-05,0.650981,0.993587,1,61.1625,0.273503,0.287648,26.8521,0.539475,61.3199,1.5653,179.134,0.612568,262.09,2.5977,296.471,0.561771,0.18316,0.356083,0.185095,0.392234
0.0565388,0.62702,0.000312682,0.000218893,0.000360032,0.000875023,0.00115226,0.00164094,0.00310832,0.00658472,0.0149826,0.0477541,0.000109068,0.661086,0.995342,1,62.9894,0.26965,0.27843,26.9942,0.451857,61.2611,1.96851,178.84,1.33707,261.911,1.79074,296.829,0.713124,0.189908,0.371479,0.186924,0.405574
0.047439,0.821691,0.000318584,0.000187508,0.000325816,0.000851297,0.00116442,0.00157838,0.00297475,0.00644776,0.0142702,0.0456452,0.000116848,0.708747,0.993953,1,49.3061,0.376629,0.276299,27.8259,1.85684,64.5988,0.818782,178.602,0.932705,259.441,0.368282,298.05,2.49318,0.19724,0.405876,0.226306,0.458174
0.0443865,0.832245,0.000221728,0.000202705,0.000386371,0.000879635,0.00113195,0.00159445,0.00295856,0.00632579,0.0142056,0.0448588,0.000108768,0.639965,0.969893,1,61.6192,0.430996,0.255268,28.6696,5.98174,64.3578,0.519652,177.027,0.647518,261.673,0.273955,300.304,1.42186,0.20488,0.41269,0.224108,0.510645
0.0424623,0.802368,0.000227583,0.000137727,0.000246414,0.000714004,0.00101382,0.00132177,0.00252616,0.00521782,0.0109482,0.0354816,0.000135556,0.716515,0.919011,1,61.7631,0.430878,0.235061,28.5246,1.46366,65.5265,0.731741,180.547,2.73519,260.62,0.320111,294.559,1.08671,0.212118,0.422342,0.224357,0.450616
0.0573583,0.774243,0.000273842,0.000203843,0.000363839,0.00105294,0.00139988,0.00187169,0.00359715,0.00707682,0.0160969,0.0475828,0.000107347,0.691587,0.896883,1,47.9613,0.317628,0.308708,28.7709,1.16917,61.1909,1.3646,178.547,0.335057,258.918,1.99599,300.379,0.939195,0.217297,0.413084,0.254688,0.485103
0.0559335,0.770132,0.000254776,0.000216732,0.000393401,0.000804337,0.00110615,0.00152622,0.00279381,0.00589573,0.0123991,0.0403228,0.000172561,0.511596,0.957239,1,64.9529,0.29039,0.301632,28.9424,3.42126,63.2264,3.06064,179.652,4.76946,259.086,0.418652,297.102,1.30627,0.224903,0.452501,0.266269,0.497251
0.0519273,0.738222,0.000259162,0.000245646,0.000377808,0.000651735,0.000928042,0.00127464,0.00231959,0.00495339,0.0114291,0.033097,0.000143954,0.458049,0.990923,1,54.6533,0.359055,0.27631,28.3254,0.456905,61.6659,0.995214,179.409,0.280219,261.682,0.460436,296.969,1.0841,0.223144,0.435795,0.267612,0.513139
0.0548601,0.719365,0.000315083,0.000242415,0.000387879,0.000711128,0.000994553,0.00131086,0.00251304,0.00532748,0.0112998,0.0353325,0.000179545,0.460006,0.979636,1,69.2993,0.288998,0.287477,28.6109,0.535077,62.1937,0.882611,179.389,3.4777,259.305,0.35448,296.907,1.13537,0.225561,0.450703,0.271104,0.499297
0.0463854,0.867484,0.000291619,0.000191726,0.000379424,0.00074657,0.000973139,0.00126987,0.00243577,0.00512593,0.0112378,0.0340287,0.000123854,0.555877,0.976879,1,44.2964,0.454661,0.267179,28.3248,2.84878,64.4153,1.36429,178.441,0.700606,261.599,1.39312,294.701,0.50357,0.208145,0.422546,0.253859,0.48877
0.0476303,0.89127,0.000260047,0.000236706,0.000351733,0.000878843,0.00115129,0.00166794,0.00307714,0.00627456,0.0134672,0.0412189,0.00012613,0.615245,0.907714,1,61.3915,0.423055,0.269558,28.5346,1.84442,66.6168,1.14082,179.801,4.29797,260.654,1.16855,295.787,0.507505,0.209482,0.425989,0.226178,0.467042
0.0479225,0.874431,0.000270439,0.000242292,0.000354117,0.00086401,0.00115116,0.00163447,0.0030545,0.00622313,0.0133209,0.0410183,0.00012492,0.604503,0.913649,1,62.0513,0.419382,0.26934,28.6189,1.63242,66.4015,1.17074,180,5.84666,260.585,1.13978,295.649,0.421946,0.2102,0.430298,0.221944,0.471347
0.0557913,0.762165,0.00021609,0.000212353,0.000383104,0.000783953,0.00114319,0.00142564,0.00270814,0.00560835,0.0119511,0.0364961,0.000112695,0.550141,0.922992,1,46.7846,0.354605,0.286946,28.2249,0.659752,62.6777,0.840634,179.392,0.396761,260.544,1.42026,297.552,0.690821,0.208511,0.408505,0.245656,0.469203
0.0501496,0.774611,0.000282546,0.000191583,0.000301682,0.000694852,0.000911961,0.00126982,0.00230169,0.00471549,0.00990417,0.0309969,0.00016247,0.514501,0.943065,1,51.1326,0.360874,0.261136,27.9131,0.720429,64.5433,1.37752,178.723,1.46913,261.87,1.38543,297.579,0.396523,0.208683,0.420854,0.243869,0.514301
0.0504511,0.777126,0.000432148,0.000380298,0.000539931,0.00080562,0.00114428,0.0015656,0.00288136,0.00566696,0.0126635,0.0377005,0.000123423,0.378627,0.92347,1,58.909,0.403078,0.266066,29.7508,2.40469,59.8994,1.32497,177.374,1.42327,261.282,0.914,297.104,1.2351,0.240822,0.454719,0.270618,0.496425
0.0510165,0.805878,0.000439532,0.000319584,0.000531522,0.000858756,0.00111216,0.00149106,0.00278097,0.00534236,0.0120256,0.0358861,0.000144386,0.379925,0.930279,1,37.9078,0.383686,0.273914,29.6865,3.47225,61.2856,3.42312,178.454,1.97677,261.509,1.26268,298.447,0.7075,0.239249,0.462372,0.274768,0.536168
0.0572246,0.808509,0.000478449,0.000427874,0.000660776,0.000851138,0.0010947,0.00150457,0.00262541,0.00531559,0.0121328,0.036111,0.00012936,0.368543,0.933649,1,69.4977,0.348104,0.290709,27.8783,0.664806,65.939,0.524245,180.348,1.0662,260.583,0.369522,297.459,3.87078,0.200691,0.416753,0.232881,0.486091
0.0550257,0.753175,0.000459203,0.000410319,0.000669363,0.000732411,0.00109032,0.00143276,0.00246994,0.00525262,0.0106332,0.0324178,0.000107243,0.345968,0.903071,1,55.652,0.384417,0.260691,28.2165,0.971706,64.4044,0.702557,181.877,0.484673,260.416,0.283285,297.828,0.323118,0.199605,0.408291,0.220448,0.477234
0.0553342,0.757798,0.000383885,0.000355868,0.000504599,0.000942251,0.00118045,0.00164563,0.00311324,0.00602025,0.0138996,0.0417547,0.000134776,0.442085,0.953806,1,51.9582,0.310799,0.286204,28.6559,0.927836,63.2714,0.818433,177.66,2.69059,262.606,0.870525,294.766,6.29293,0.209456,0.419413,0.218922,0.450665
0.0544757,0.728278,0.000322105,0.000283242,0.000501212,0.000902952,0.00126719,0.00170686,0.0031155,0.00683515,0.0146987,0.0456242,0.000110014,0.514021,0.980378,1,46.5552,0.317552,0.288587,29.076,2.15828,61.169,1.22929,180.998,0.729367,259.493,0.886397,296.229,0.428023,0.217327,0.419784,0.23916,0.446753
0.0559146,0.78082,0.000451059,0.000333447,0.000525105,0.000874869,0.00117621,0.00160103,0.00292602,0.00605597,0.0134785,0.0431171,0.00012474,0.442962,0.98521,1,67.7658,0.352882,0.304857,28.2961,0.365056,63.6716,2.57234,178.007,1.65386,262.774,0.368399,296.206,3.89781,0.223899,0.42739,0.247869,0.494255
0.0552317,0.695924,0.000274613,0.000291542,0.000464914,0.000821571,0.00112871,0.00152755,0.00290139,0.00628323,0.013855,0.0423232,0.000131366,0.505878,0.981854,1,77.6824,0.282191,0.282308,29.0394,3.97153,62.7548,2.72224,179.586,0.771122,261.329,0.377397,295.68,0.351998,0.209438,0.417508,0.206283,0.459812
0.0545417,0.690283,0.000378846,0.000239384,0.000500651,0.000714908,0.000996268,0.00133813,0.00246409,0.0050919,0.0111702,0.0346433,0.000156968,0.398932,0.96004,1,64.4142,0.287746,0.260704,28.2443,1.92594,65.1359,2.09668,180.86,1.46335,261.447,0.27143,296.067,0.304975,0.200044,0.410578,0.195073,0.47296
0.0496467,0.736369,0.00042178,0.000253238,0.000654024,0.000923713,0.00119164,0.00161541,0.00300486,0.00674532,0.0145419,0.0456215,0.000109443,0.445583,0.999247,1,54.0728,0.360924,0.265697,28.6363,0.676388,61.4012,1.27403,177.938,1.60502,260.049,0.357405,297.612,3.04843,0.217145,0.416808,0.242568,0.452919
0.0502151,0.773012,0.000300062,0.000390765,0.000403613,0.000763147,0.00109586,0.00149451,0.00280225,0.00582848,0.013571,0.0408459,0.000111254,0.515213,0.999121,1,69.9952,0.399999,0.281806,28.3907,0.500965,60.4042,0.388799,178.774,1.30375,259.691,0.709761,297.148,0.798445,0.227649,0.429199,0.273225,0.494451
0.0521374,0.744333,0.000397648,0.000246233,0.000524327,0.000978343,0.00125534,0.00165972,0.0032265,0.00700712,0.0153658,0.048511,0.000113267,0.504094,0.972192,1,49.5724,0.334162,0.276907,28.6988,0.671252,63.4384,1.01467,179.997,1.33038,260.42,0.597692,298.744,0.916222,0.218804,0.414717,0.232257,0.456564
0.0540719,0.758374,0.000334327,0.000337687,0.000433878,0.000836957,0.00123487,0.00169725,0.00301183,0.00639822,0.0139978,0.0446965,0.000111598,0.505596,0.984262,1,49.6951,0.336023,0.28757,27.9659,0.739524,62.6113,0.764702,178.694,1.13421,259.102,0.521045,297.897,1.13319,0.203239,0.405231,0.242741,0.444346
0.0530214,0.726953,0.000416381,0.000337625,0.00067601,0.000944373,0.00125463,0.00162805,0.00310041,0.00672931,0.0146537,0.0455108,0.000106574,0.412796,0.972574,1,46.1335,0.3345,0.268908,28.5423,0.709238,62.1392,1.26192,178.619,1.02705,260.829,0.649462,298.571,6.91336,0.203811,0.401929,0.216446,0.439791
0.0612394,0.7638,0.000370405,0.000248725,0.00056374,0.000814277,0.00115923,0.00156754,0.00276912,0.00579293,0.0126097,0.0393191,0.000133836,0.42624,0.951977,1,60.878,0.291768,0.305337,27.5756,1.98829,66.6581,1.75638,181.01,0.633548,259.839,0.718629,295.159,0.273363,0.193519,0.403082,0.209381,0.462557
0.0540662,0.709953,0.000325152,0.000383529,0.000521032,0.000895717,0.00108624,0.00144613,0.00278498,0.00598457,0.0130144,0.0395645,0.000106597,0.477557,0.993034,1,59.3157,0.316086,0.268048,27.899,1.21322,67.0747,2.00822,181.004,1.88982,259.612,0.348196,298.701,0.288099,0.188082,0.379151,0.194755,0.449237
0.0530533,0.813476,0.000335257,0.000279834,0.000517934,0.00126291,0.00152607,0.00215472,0.00389611,0.00845166,0.0188223,0.0604275,9.96234e-05,0.561033,0.958816,1,53.7705,0.371048,0.304168,28.8892,0.651355,61.4836,1.12837,176.645,4.1029,259.958,1.03156,298.879,0.369137,0.233592,0.428057,0.252632,0.476723
0.0535321,0.809685,0.000278563,0.000226683,0.000312624,0.0008187,0.00128379,0.00168067,0.00325253,0.00658869,0.0143021,0.0459735,0.000116434,0.645559,0.93155,1,62.2092,0.355814,0.296848,28.4345,1.31385,63.5114,2.14401,178.33,0.416567,260.887,0.758408,296.922,2.71046,0.21584,0.414325,0.241552,0.471837
0.0529295,0.818979,0.000273755,0.000234159,0.000382089,0.000827707,0.00129594,0.00172144,0.00329812,0.00657837,0.0143751,0.046051,0.000125316,0.621678,0.937873,1,59.6743,0.343416,0.293846,28.3941,0.872282,63.4754,1.66727,177.763,0.51232,261.151,0.639026,297.171,2.54334,0.207336,0.417553,0.23173,0.461793
0.0500516,0.668223,0.000212512,0.000200251,0.00034121,0.000807427,0.000977116,0.00133178,0.00243743,0.00523946,0.0117813,0.0356285,0.000155826,0.582794,0.957386,1,67.3066,0.290249,0.252962,29.2063,2.71768,61.4634,3.83122,177.257,2.1079,259.833,1.12395,295.893,0.993891,0.212975,0.420965,0.238324,0.441978
0.0493821,0.697738,0.000290333,0.000218988,0.000338498,0.000559733,0.000869167,0.00113447,0.00215054,0.00439431,0.00919051,0.0286335,0.000173251,0.469671,0.965433,1,35.5061,0.322997,0.247874,28.6238,1.2004,62.2379,1.64512,180.362,0.657933,263.479,1.57319,292.671,1.57007,0.217948,0.430264,0.222748,0.471224
0.0498413,0.690909,0.000279734,0.000270321,0.000452542,0.000743962,0.000945995,0.00125187,0.00226065,0.00461854,0.0102197,0.0299103,0.000169436,0.418594,0.942829,1,62.3423,0.302243,0.240365,29.2358,4.09834,64.6655,2.32584,178.524,1.02579,259.483,0.384371,295.773,1.64374,0.208058,0.425121,0.228606,0.469636
0.0499316,0.739059,0.000371438,0.000315333,0.000488297,0.000677231,0.000906574,0.00125074,0.00236229,0.00470782,0.00987894,0.0308087,0.000153534,0.395837,0.916067,1,70.807,0.353786,0.241775,28.4554,2.13798,64.4503,3.23495,178.8,2.3137,261.19,0.45086,298.84,0.477857,0.205309,0.417754,0.23359,0.495001
0.046076,0.718587,0.000312886,0.0003373,0.000408517,0.000633704,0.000884756,0.00115125,0.00209182,0.00441272,0.00981425,0.0293272,0.000131299,0.416303,0.989389,1,67.2482,0.397003,0.233605,28.4286,0.706694,64.5026,1.1246,178.536,0.530647,261.371,1.35534,297.706,0.838064,0.207405,0.407637,0.251397,0.475845
0.0577434,0.697181,0.000247606,0.000235835,0.000461839,0.000925374,0.00119909,0.0016003,0.00296758,0.00622949,0.0132133,0.0417455,0.000123397,0.518173,0.937955,1,51.075,0.286654,0.281111,28.1244,1.51768,63.1586,1.65364,180.627,0.522825,260.61,0.583016,296.231,1.94481,0.197857,0.398195,0.20913,0.432965
0.052892,0.781593,0.000325206,0.000460363,0.000704983,0.000738627,0.00108004,0.00140191,0.00259998,0.00526223,0.0117063,0.034884,0.000156957,0.30784,0.967434,1,60.431,0.356886,0.283128,29.1309,0.739253,61.1783,0.827417,178.15,3.91845,260.288,0.681545,298.405,0.664774,0.238385,0.463042,0.29109,0.545767
0.0540263,0.779463,0.00049144,0.000288195,0.000712,0.000757932,0.00104991,0.00142371,0.00253223,0.00526899,0.0115699,0.0345549,0.000142568,0.344086,0.93223,1,72.4543,0.358564,0.280293,29.1907,1.62993,60.6704,0.883571,179.012,2.40101,260.082,0.536938,299.528,0.509425,0.232502,0.452225,0.281904,0.543229
0.0568556,0.706839,0.000468601,0.000364834,0.000478779,0.000758703,0.00109826,0.00144457,0.00264755,0.0056012,0.0123358,0.0382005,0.000126288,0.447987,0.98853,1,44.014,0.293559,0.281868,27.8363,1.12818,63.2182,2.64545,181.042,1.33311,262.435,1.09095,296.968,1.27331,0.193826,0.392776,0.199038,0.471711
0.0581427,0.725647,0.000370588,0.000399894,0.000717905,0.00090389,0.00126644,0.00168301,0.00308925,0.00661121,0.013756,0.0437422,0.000109928,0.374125,0.963972,1,58.7978,0.312896,0.285249,27.9955,1.23535,65.6685,1.69696,179.183,2.15785,261.843,0.93065,297.112,1.22859,0.200193,0.390069,0.209409,0.430348
0.0590804,0.756818,0.000469074,0.000333873,0.000649685,0.00111972,0.00150225,0.00208291,0.00374356,0.00723619,0.0167426,0.0514301,0.000106227,0.466629,0.92016,1,47.9646,0.316562,0.300654,28.336,0.816322,61.3259,2.10309,178.963,0.793397,259.749,1.77616,296.34,1.38793,0.211805,0.41092,0.235987,0.407493
0.0547994,0.862228,0.000274387,0.000276788,0.000420892,0.000930441,0.00128801,0.00168991,0.0032262,0.00682137,0.0139398,0.0438431,0.000115187,0.558245,0.941697,1,54.6924,0.372672,0.303689,27.9767,2.14119,67.7787,0.671522,177.738,2.0162,261.884,0.426142,299.223,1.26407,0.202075,0.401116,0.237537,0.484095
0.0571737,0.864233,0.000302896,0.000241935,0.000431418,0.000912718,0.00123506,0.00168899,0.00318149,0.00667013,0.0139566,0.0431613,0.00011857,0.581556,0.948585,1,56.1808,0.341227,0.318837,28.0436,1.73213,67.806,0.537462,178.203,4.29527,261.646,0.959225,299.77,1.20893,0.199831,0.401493,0.239109,0.502889
0.0514385,0.755518,0.000427248,0.000341996,0.000564782,0.00095192,0.00130534,0.00167252,0.00314839,0.00632073,0.0143186,0.0441197,0.00012279,0.45844,0.928515,1,49.5138,0.370424,0.27682,29.6726,0.606332,59.1996,1.74616,180.837,0.303389,258.457,0.548575,296.593,1.23682,0.24982,0.46579,0.275784,0.487878
0.0644875,0.703299,0.000452045,0.000298885,0.000490298,0.000823786,0.00112753,0.00157839,0.00275793,0.00600304,0.0125095,0.0388176,0.000148241,0.443235,0.958911,1,52.6103,0.272681,0.32601,28.5106,0.525353,61.9183,2.4774,179.763,0.555457,260.825,0.617249,302.182,0.389857,0.225716,0.431316,0.27706,0.545711
0.0571094,0.915264,0.000374983,0.000396383,0.00063901,0.00116134,0.0015896,0.00205074,0.0038474,0.00771939,0.0175002,0.0545089,0.000103296,0.492592,0.960195,1,47.9978,0.4043,0.336163,28.0446,0.728919,64.5911,0.452786,180.059,0.899909,261.526,1.39528,295.407,0.965872,0.221703,0.427271,0.244649,0.467195
0.0512184,0.71998,0.000247529,0.000210204,0.000359507,0.000804774,0.00109989,0.00151271,0.00288255,0.00636201,0.0139681,0.0440896,0.00011133,0.624579,0.984876,1,78.3631,0.355452,0.276453,27.7961,0.400993,60.509,1.08911,177.808,0.363159,258.787,0.650972,299.269,1.43569,0.211746,0.406461,0.253859,0.447942
0.0445453,0.897546,0.000397751,0.000327041,0.000468276,0.00095438,0.0012695,0.00182109,0.00339372,0.00724898,0.0158716,0.049261,0.000124403,0.556002,0.97958,1,44.6647,0.437966,0.269781,29.0095,2.08236,65.6329,1.48227,180.619,0.522858,261.559,0.475628,297.132,1.14731,0.228853,0.443295,0.232024,0.491873
0.047722,0.892564,0.000223053,0.000200694,0.000412276,0.000888719,0.00122863,0.00156155,0.00288292,0.00624967,0.0135734,0.0432538,8.47884e-05,0.591702,0.984804,1,44.3689,0.521087,0.287388,28.6655,1.24897,62.2475,2.40116,181.46,0.293405,261.905,0.357689,293.42,0.917553,0.218875,0.4284,0.25092,0.4605
0.0479308,0.883216,0.000368437,0.000289371,0.000451086,0.000971128,0.00132658,0.00186631,0.00357177,0.00793179,0.0169025,0.0527558,0.000112245,0.605851,0.99511,1,39.0111,0.406394,0.293682,28.8762,4.33226,63.6678,1.82037,179.812,0.768372,262.839,0.327958,296.749,0.395954,0.225815,0.43422,0.217987,0.504581
0.0471786,0.901949,0.000294539,0.000265146,0.000443995,0.000739159,0.00102553,0.00147172,0.00269429,0.00579124,0.0128364,0.0390909,0.000139932,0.508528,0.988881,1,55.4985,0.428933,0.28263,28.9218,2.47397,66.1941,1.04691,179.507,1.03168,260.936,0.262136,295.978,0.573009,0.226011,0.452006,0.265012,0.519336
0.0456063,0.700761,0.000356632,0.000410346,0.000693681,0.000626909,0.000851616,0.00106819,0.00207857,0.0043081,0.00979053,0.0293018,0.000167353,0.303752,0.998455,1,47.9418,0.382929,0.232483,28.7141,0.487691,62.4109,2.75962,180.103,0.792988,260.706,0.349295,296.758,0.328747,0.229673,0.442123,0.260968,0.519236
0.0468903,0.731902,0.000377616,0.000274774,0.000440706,0.000582456,0.000797904,0.00113872,0.00198298,0.00430811,0.00904547,0.0274072,0.000168493,0.401727,0.996691,1,48.8667,0.370175,0.247614,29.1169,1.01207,61.606,1.14792,179.847,0.867023,261.717,0.439,297.104,1.00024,0.227369,0.45137,0.27242,0.5622
0.0497091,0.815656,0.000357934,0.000357454,0.00043949,0.000688313,0.000929921,0.00118531,0.00231198,0.00476192,0.0106181,0.0312888,0.000168254,0.397842,0.992983,1,46.8011,0.375445,0.278048,29.0984,2.25265,62.8003,2.71257,177.937,1.70775,264.689,1.21599,295.863,1.31294,0.232193,0.45956,0.26786,0.567508
0.0467287,0.922773,0.000259307,0.000199415,0.000405144,0.000651518,0.000890263,0.00127306,0.00219428,0.00475244,0.0101382,0.031517,0.000176827,0.474566,0.983925,1,58.57,0.44395,0.27906,28.425,1.38179,65.6985,2.82774,176.29,0.329124,265.002,0.342592,295.966,2.33957,0.222692,0.461056,0.279605,0.595882
0.050156,0.775264,0.000455846,0.0005007,0.000773799,0.000712358,0.00101387,0.0012941,0.0024075,0.00520555,0.0114758,0.0341428,0.000133407,0.288644,0.966605,1,64.5335,0.392003,0.263479,29.2135,1.42847,61.2429,1.0708,181.367,5.02382,261.652,3.45116,298.625,0.681145,0.233877,0.451576,0.278468,0.520852
0.0505281,0.823159,0.000417514,0.000424662,0.000557319,0.00064562,0.000926188,0.0012402,0.00221978,0.00455352,0.00966992,0.0295641,0.000146131,0.333675,0.986071,1,55.4416,0.405054,0.276278,29.2418,1.51876,62.9874,0.951357,178.699,0.716624,260.146,0.97456,297.647,1.33805,0.224244,0.455714,0.304893,0.568949
0.0524135,0.658794,0.000348816,0.000324512,0.000567381,0.000561372,0.000880579,0.00112124,0.00204424,0.0042926,0.00932509,0.0288812,0.000152895,0.327589,0.991139,1,56.7652,0.320749,0.253278,28.6236,0.622315,63.0504,1.13321,180.015,1.19049,261.325,1.04062,297.111,1.0996,0.222518,0.42033,0.267903,0.49867
0.0582625,0.840215,0.000473451,0.000399735,0.000802816,0.00102468,0.00130624,0.00183172,0.0032645,0.00666254,0.0147221,0.0447321,8.99378e-05,0.372629,0.956114,1,51.8821,0.385532,0.312461,28.6109,0.775054,65.2383,1.11627,178.713,0.799681,257.082,0.601332,299.863,0.991966,0.207358,0.411592,0.264216,0.468852
0.0567738,0.832845,0.000529675,0.000488494,0.000750978,0.000864377,0.00126126,0.00168801,0.00312797,0.00624936,0.0142474,0.0425491,0.000102364,0.365713,0.958617,1,53.9774,0.411091,0.303891,27.4862,0.558329,63.1091,3.43902,180.497,2.49128,262.245,0.453958,301.383,1.8002,0.212741,0.412859,0.24975,0.525229
0.0579206,0.79104,0.000507752,0.000425876,0.000768199,0.000953299,0.00126499,0.00167947,0.00303561,0.00660706,0.0135163,0.042698,8.82003e-05,0.369058,0.990245,1,41.1719,0.377616,0.309684,28.5321,0.590165,63.5469,1.04723,178.638,0.837244,258.316,3.04405,294.257,1.97453,0.214076,0.407893,0.261626,0.436842
0.0522182,0.800811,0.000372972,0.000388891,0.000513132,0.000820038,0.00106416,0.00145158,0.00270578,0.00565571,0.0120051,0.0362277,0.000118963,0.430961,0.923984,1,47.7675,0.384727,0.265171,27.8856,0.837202,64.5997,0.957467,179.921,1.99954,259.708,1.3734,295.297,1.10415,0.194661,0.40924,0.220525,0.431898
0.054888,0.758858,0.000284404,0.000201074,0.000403458,0.000685494,0.000953039,0.00126338,0.00227654,0.00483981,0.0106498,0.0321504,0.000138296,0.464523,0.997117,1,48.1252,0.317217,0.282943,27.8607,1.02394,65.8422,0.837898,179.389,1.26263,261.185,1.54778,294.445,0.982148,0.191926,0.397825,0.239734,0.451343
0.0537411,0.699278,0.000298526,0.000342881,0.00052762,0.000735384,0.000944736,0.00135156,0.00247815,0.00556019,0.0118058,0.0364265,0.000111057,0.429873,0.987411,1,59.6049,0.331415,0.265022,27.997,0.852391,63.331,1.91343,178.085,1.26104,261.123,0.559577,299.316,1.97886,0.196591,0.385994,0.22601,0.479609
0.0470617,0.703596,0.000386032,0.00025626,0.000489332,0.000820188,0.00119709,0.00151567,0.00290473,0.0059151,0.0134856,0.0429571,0.000102876,0.497089,0.994953,1,55.4934,0.376542,0.241724,28.0722,0.573626,62.3623,2.69462,178.378,1.23754,260.728,0.794238,295.249,0.627867,0.201273,0.38959,0.20669,0.409887
0.0511564,0.705408,0.000311607,0.000337109,0.000426643,0.000883036,0.00113277,0.00164228,0.00297283,0.00648064,0.0140117,0.042984,9.75815e-05,0.469692,0.978966,1,52.0293,0.372475,0.259604,27.795,0.427454,61.7767,1.08108,178.393,1.47813,261.328,2.09216,298.172,0.463364,0.206246,0.390089,0.218871,0.436933
0.0541829,0.799078,0.00021905,0.000260318,0.000353982,0.000956696,0.0011879,0.00170146,0.0030987,0.00653417,0.0145137,0.0461326,0.00012574,0.707416,0.989182,1,66.7379,0.318408,0.306961,27.3753,0.955629,64.79,1.9985,179.132,1.12301,259.883,0.349546,296.586,1.49335,0.195988,0.397438,0.225983,0.448828
0.0482318,0.62563,0.000212372,0.000268749,0.000339805,0.000694807,0.000956246,0.00131266,0.00239698,0.00519163,0.0114959,0.0361274,0.000127524,0.493669,0.995195,1,54.2574,0.314999,0.236224,28.8845,1.52669,61.0669,0.827145,180.969,0.560605,259.873,0.76562,297.586,1.06899,0.214637,0.406407,0.230515,0.436552
0.0454615,0.706413,0.000286798,0.00015889,0.000319575,0.000696227,0.0010386,0.00134508,0.0025505,0.0055186,0.0122893,0.0372483,0.000141693,0.553805,0.978991,1,61.7972,0.357324,0.240499,28.9714,0.80096,62.3434,1.44755,177.555,0.565926,260.633,0.731789,296.183,0.863513,0.218779,0.425208,0.238098,0.464717
0.0444971,0.679063,0.000232719,0.000239646,0.00029858,0.000701887,0.00100518,0.00135686,0.00245554,0.00537199,0.0120433,0.0370389,0.000142643,0.570016,0.98013,1,61.5229,0.346866,0.229079,28.8733,0.628605,64.5662,1.30028,179.079,0.776696,259.324,0.586265,297.418,2.01903,0.21413,0.414933,0.237866,0.432073
0.0431593,0.775041,0.000262105,0.000199307,0.000355924,0.000668634,0.000881437,0.00120071,0.00229807,0.00477416,0.0107004,0.0335029,0.000144422,0.537636,0.988686,1,42.2418,0.414153,0.234961,28.2278,1.28949,62.738,0.628849,177.878,0.519806,260.567,3.16991,298.065,1.18699,0.202681,0.419786,0.242711,0.495113
0.0506486,0.824713,0.000359654,0.000356284,0.000513343,0.000912674,0.00129325,0.00173039,0.0031074,0.00681274,0.0151206,0.0466589,0.000110194,0.483307,0.974923,1,89.9974,0.381403,0.287894,29.6217,0.903777,64.011,0.423435,178.727,3.45701,263.207,0.405704,293.615,0.651965,0.230134,0.438417,0.229324,0.460691
0.058945,0.882155,0.000533953,0.000422965,0.000637697,0.00112682,0.00147953,0.00205523,0.00391916,0.00826694,0.0182273,0.0585367,0.000104968,0.476818,0.979286,1,60.4791,0.359477,0.351919,29.1302,1.16377,59.7682,1.53327,177.717,0.646064,261.821,0.260249,296.51,0.923374,0.230249,0.455581,0.256538,0.49753
0.0522522,0.726089,0.000259631,0.000269112,0.00043091,0.000812794,0.00111435,0.00151717,0.0027667,0.00588439,0.0131257,0.0405597,0.000176827,0.522606,0.980021,1,75.8214,0.277692,0.282173,29.6016,2.74048,62.3393,2.25118,179.82,0.431007,260.381,1.15606,297.596,0.308674,0.235244,0.448236,0.263893,0.496199
0.0481601,0.634839,0.000270295,0.000194278,0.000307426,0.000660808,0.000886768,0.00119672,0.00234321,0.00489484,0.0109257,0.0334056,0.00016688,0.570338,0.982628,1,57.7771,0.294491,0.241106,28.6608,1.45887,60.6903,1.9216,178.883,0.391911,261.522,1.30177,298.035,0.482641,0.218464,0.413997,0.245752,0.468541
0.0550822,0.856817,0.000361652,0.000399733,0.000686353,0.000857989,0.00114054,0.00154353,0.00281612,0.0056904,0.0122447,0.0356049,0.000107932,0.339702,0.954903,1,51.1966,0.422694,0.296914,28.4979,2.09294,65.157,0.872572,180.125,0.268473,260.465,0.580805,298.675,2.01237,0.215636,0.423713,0.271342,0.511548
0.0605669,0.675833,0.000288327,0.000271495,0.000425757,0.000906884,0.00137647,0.00188962,0.00341379,0.0064545,0.0135886,0.0431445,0.00012018,0.490076,0.858807,1,57.0917,0.280502,0.279191,29.081,0.740165,62.364,1.80678,179.99,0.676377,262.616,0.278145,294.369,0.688949,0.217114,0.41539,0.196042,0.420404
0.0639294,0.79952,0.000320881,0.000325306,0.000500375,0.00109534,0.00145661,0.00193123,0.00350854,0.00700784,0.0153339,0.0455856,0.000102502,0.501846,0.90733,1,52.4626,0.324871,0.330579,28.249,1.09162,63.4279,1.01354,177.69,0.760405,260.079,1.18049,298.466,2.08864,0.210125,0.402701,0.24965,0.461567
0.04496,0.658263,0.000530067,0.000408696,0.000586213,0.000730126,0.000952011,0.00127639,0.00238293,0.00507276,0.011308,0.0344591,0.000151366,0.340112,0.996709,1,55.2065,0.336522,0.218112,28.4422,0.652406,63.1419,1.58973,178.841,0.975651,260.966,0.388832,297.919,0.552351,0.207153,0.410976,0.219072,0.428603
0.0490522,0.648862,0.000555341,0.000370384,0.000591212,0.000719132,0.000949111,0.00129252,0.0023561,0.00505309,0.0113217,0.0342353,0.000112344,0.360758,0.99696,1,46.9134,0.344679,0.235671,28.748,0.968173,62.6026,0.941688,179.564,0.645496,260.259,0.505712,296.521,0.463235,0.20787,0.400076,0.22034,0.446906
0.0518684,0.707303,0.000256346,0.000310895,0.000428546,0.000766014,0.00109431,0.00140213,0.00263955,0.00558057,0.0120757,0.039051,0.000136275,0.469295,0.978329,1,57.1017,0.327662,0.260674,27.3613,0.45645,63.6611,0.456153,178.658,1.83843,259.426,2.46216,299.809,0.398708,0.201276,0.40001,0.226882,0.490271
0.0497619,0.686093,0.000614938,0.000313065,0.000593051,0.000794238,0.00105007,0.00143455,0.00265943,0.00565437,0.0126212,0.0388766,9.62526e-05,0.391394,0.992045,1,53.0388,0.343547,0.242137,28.7705,5.1076,64.3933,2.02909,179.441,0.936552,258.899,0.49659,297.833,0.581123,0.194044,0.387998,0.209163,0.413945
0.0583867,0.900144,0.000616712,0.000320697,0.00058882,0.00103663,0.00140146,0.00195868,0.00359358,0.00739904,0.0166313,0.0507695,7.87278e-05,0.476554,0.979926,1,60.7038,0.435744,0.341487,28.0141,0.455509,63.6367,0.551286,179.074,1.66315,263.933,0.941667,296.796,2.20504,0.216199,0.407355,0.251798,0.483727
0.0585338,0.735897,0.000326277,0.000508467,0.00062356,0.00111209,0.00157812,0.00203424,0.00378087,0.00781751,0.0171812,0.054664,0.000123911,0.48022,0.951403,1,41.106,0.270344,0.299162,28.7544,1.47163,63.1986,0.595426,177.177,1.28885,261.147,0.506209,296.683,1.22713,0.202372,0.410718,0.194786,0.449098
0.0509332,0.73584,0.000298882,0.000160519,0.000347887,0.000843768,0.00108031,0.0015486,0.00288631,0.00610338,0.0136562,0.0423357,0.000108982,0.579261,0.98795,1,59.1404,0.358392,0.275925,28.3508,0.560621,60.1374,0.970678,176.802,0.57918,260.45,0.428998,298.86,1.22906,0.210624,0.40882,0.247181,0.479856
0.0583941,0.807766,0.000382848,0.000481721,0.000700538,0.00118215,0.00158896,0.0021108,0.00398712,0.00799511,0.0177557,0.0556394,9.0805e-05,0.481269,0.935121,1,53.1759,0.331437,0.302944,28.2923,4.55918,65.1811,0.952318,178.89,0.475443,259.838,1.92628,297.003,1.76518,0.188458,0.38664,0.208711,0.388601
0.0534353,0.804934,0.000413925,0.00027999,0.000706398,0.00103992,0.00143798,0.00195477,0.00360287,0.00721214,0.015411,0.0519134,8.62823e-05,0.463631,0.930526,1,55.5205,0.387176,0.280655,28.6184,0.635125,63.7585,3.16141,179.131,4.09167,259.708,0.374419,296.928,1.40719,0.205937,0.404869,0.227512,0.419582
0.0517352,0.783794,0.000262711,0.00020695,0.000280729,0.000747049,0.00103064,0.00142016,0.00251106,0.00557873,0.0120694,0.0364161,0.000164779,0.595147,0.992297,1,52.6074,0.320051,0.288311,28.2226,0.960121,64.3344,0.749771,179.476,0.415778,262.902,1.00507,297.001,0.355674,0.215525,0.424718,0.238919,0.517647
0.0605851,0.709906,0.000210696,0.000173116,0.000335049,0.000680026,0.000906989,0.00120078,0.00234383,0.00485174,0.0107484,0.0322368,0.000133933,0.560745,0.996935,1,70.7604,0.305725,0.314516,27.5505,0.430256,61.8649,3.30874,179.332,0.344375,264.627,1.41168,296.605,0.516175,0.211135,0.406365,0.260359,0.533845
0.045777,0.670749,0.000440818,0.000414075,0.000624133,0.000644836,0.000888635,0.00116785,0.00222595,0.00453599,0.00995519,0.0310806,0.000125462,0.303727,0.999446,1,45.9417,0.359055,0.215765,28.3457,3.31511,65.124,0.608195,179.69,0.97332,257.666,0.500436,298.471,2.24167,0.190783,0.388321,0.226096,0.431502
0.061565,0.812383,0.000253785,0.000235317,0.000392928,0.00120693,0.00167028,0.00225991,0.00424098,0.00857736,0.018839,0.0592147,8.66988e-05,0.723242,0.93452,1,50.2108,0.331685,0.353139,28.1504,0.604238,61.6272,2.36922,180.231,0.504177,261.038,0.257187,296.151,0.315989,0.221602,0.414381,0.226301,0.445607
0.0483485,0.801232,0.000257903,0.000361495,0.000513411,0.000844186,0.00114038,0.00147101,0.00297137,0.00624044,0.0135719,0.0432305,0.000125702,0.468656,0.979055,1,48.408,0.367474,0.263547,28.9891,1.77199,65.9467,1.20513,178.55,2.3307,261.116,0.280421,299.172,0.310977,0.212751,0.414012,0.227576,0.490203
0.054323,0.730119,0.000281677,0.000348832,0.000511869,0.000812902,0.00110617,0.00145084,0.00267687,0.00588551,0.0126227,0.0380738,0.000150556,0.435342,0.969186,1,58.4624,0.313697,0.281878,28.1274,0.456029,62.6886,0.337923,179.76,0.703496,261.584,0.667831,297.904,0.961504,0.225384,0.425864,0.255094,0.494009
0.0533091,0.691306,0.000421556,0.000299038,0.000535694,0.000762308,0.00104258,0.00145886,0.00264386,0.00534461,0.0117698,0.0364507,0.000120591,0.404548,0.919093,1,68.2753,0.352182,0.255356,28.1056,0.434572,60.4344,1.46952,179.434,1.78377,260.728,0.411702,297.011,2.23872,0.215644,0.414101,0.23586,0.461773
0.0532809,0.700538,0.000250313,0.000279156,0.000376115,0.000628968,0.00088411,0.00114697,0.0021627,0.00482354,0.0101237,0.0304711,0.000138338,0.482863,0.988529,1,65.6728,0.314764,0.265621,28.2324,0.828541,63.996,3.54985,178.927,0.3959,261.385,0.897613,297.319,1.10305,0.198254,0.401561,0.236792,0.490561
0.0546534,0.640066,0.000390091,0.000277199,0.00049217,0.000743998,0.000982249,0.00129417,0.0024268,0.00518858,0.0114827,0.0340106,0.000148519,0.444602,0.988519,1,60.1444,0.282693,0.260471,27.897,0.788106,63.1768,3.6079,181.874,1.34053,259.867,1.25717,298.735,2.81558,0.204168,0.40227,0.233088,0.453104
0.0471445,0.745003,0.000531041,0.000401898,0.000650933,0.000799844,0.00117855,0.00150303,0.00279631,0.00585265,0.0128109,0.0411219,0.000122058,0.359744,0.955446,1,53.5077,0.387113,0.239963,28.9999,1.31645,62.4921,0.694632,177.373,1.44598,261.017,0.425571,297.2,0.660252,0.209554,0.425241,0.216835,0.458015
0.0474582,0.752017,0.000531135,0.000398771,0.000648422,0.000806578,0.00119098,0.00151271,0.0028135,0.0058888,0.0128928,0.04135,0.000121762,0.358042,0.957149,1,52.9477,0.383606,0.242879,28.9426,1.30247,62.3877,0.707581,177.366,1.42813,260.859,0.436251,297.155,0.643862,0.210296,0.425788,0.215371,0.456202
0.0522868,0.713455,0.00039585,0.000445978,0.000711868,0.00092017,0.0013055,0.00178621,0.00326557,0.00660357,0.0149238,0.0469629,9.14339e-05,0.424102,0.9352,1,86.9065,0.364961,0.25919,28.8482,0.602458,62.5167,0.507685,180.295,0.697215,258.128,0.274964,298.704,1.05931,0.215213,0.4102,0.237424,0.412337
0.0537216,0.824704,0.000221401,0.000224912,0.00034539,0.00075723,0.00111574,0.00149274,0.00267592,0.0056206,0.0122197,0.037483,0.000117037,0.555955,0.953779,1,38.865,0.368688,0.292469,28.3598,4.39208,65.2736,0.750048,179.393,1.36232,263.941,2.72046,293.648,0.667978,0.202141,0.409357,0.214575,0.472066
0.0492605,0.790593,0.000363521,0.000242688,0.000385568,0.000873547,0.00111574,0.00150486,0.00289396,0.00618939,0.0134001,0.0413808,0.000100554,0.544414,0.96774,1,72.8948,0.404954,0.264256,27.7469,0.521913,64.5014,0.95196,179.589,1.05605,258.858,0.276053,298.123,0.411656,0.19598,0.402624,0.217986,0.446276
0.0564113,0.734145,0.000324326,0.000360874,0.000576238,0.000788003,0.00115219,0.00156107,0.00278,0.00569733,0.0126624,0.0388168,9.52415e-05,0.406271,0.967091,1,49.2823,0.374258,0.288854,28.4073,0.478849,60.7133,0.64332,178.851,1.97383,257.912,0.615723,298.944,1.75339,0.216267,0.413769,0.265012,0.480759
0.0515501,0.750007,0.000461386,0.000377373,0.000591482,0.000853879,0.00122346,0.00157898,0.00289556,0.0061282,0.0137434,0.0421126,0.000108907,0.413335,0.967637,1,53.3739,0.395424,0.270572,28.3691,0.497708,61.5425,0.846338,179.795,0.7211,259.752,0.92476,299.987,0.966673,0.223321,0.420951,0.262416,0.479086
0.0523242,0.809717,0.000274261,0.000244588,0.000417285,0.000880887,0.00114793,0.00160854,0.00297045,0.00610255,0.0129254,0.040897,0.000115519,0.532058,0.923115,1,45.6813,0.374476,0.277821,28.4975,1.44074,62.9072,1.13458,175.047,0.782036,262.023,1.25878,297.635,0.377055,0.20328,0.404226,0.233174,0.462952
0.059937,0.671756,0.000313967,0.000246758,0.000405684,0.000843606,0.00120595,0.00156589,0.00303328,0.00606994,0.013614,0.0419498,0.000155095,0.49933,0.935171,1,68.2731,0.256263,0.292813,28.7302,1.86546,63.0304,1.33115,181.874,1.82646,259.98,0.654992,296.369,5.21795,0.221633,0.425691,0.23299,0.44976
0.0502203,0.702226,0.000235168,0.000220028,0.00036596,0.000713281,0.000908242,0.00130979,0.00232873,0.00498811,0.0109143,0.0328774,0.000138233,0.510813,0.946437,1,45.2482,0.327767,0.249642,28.8006,3.24468,63.4157,1.50899,179.033,2.04157,260.627,1.45967,297.076,0.483544,0.207692,0.412689,0.230819,0.467511
0.0546646,0.667702,0.000350828,0.000303185,0.000456843,0.000742687,0.00102885,0.00137444,0.0025751,0.00512167,0.0109242,0.0342187,0.000151608,0.426517,0.897759,1,50.1581,0.2985,0.252923,28.7863,1.60482,63.0884,0.622938,180.494,1.39258,261.183,0.339443,297.577,2.13051,0.216922,0.421719,0.220908,0.465354
0.0511175,0.713096,0.000403237,0.000342659,0.000519897,0.000791191,0.00107927,0.00140189,0.00259708,0.00562778,0.0121059,0.0380255,9.96336e-05,0.434984,0.983002,1,59.089,0.37986,0.256784,27.8707,0.476122,62.7583,0.888893,179.104,1.45746,261.347,0.364902,299.951,0.71367,0.201138,0.389859,0.222141,0.478399
0.0484882,0.693444,0.000400725,0.000337805,0.000543729,0.000747933,0.00105287,0.00151187,0.00263386,0.0055772,0.0124859,0.0398832,0.000117236,0.424834,0.99206,1,62.3952,0.341914,0.240179,28.0991,0.601873,64.1847,1.09579,179.012,0.79412,258.679,3.11751,296.068,2.99757,0.194109,0.396524,0.21366,0.407402
0.0622474,0.844931,0.00037981,0.000351451,0.000567855,0.00107124,0.00149719,0.00215093,0.0038424,0.00802925,0.0172987,0.0547334,8.77945e-05,0.521575,0.950234,1,46.4009,0.345709,0.3432,28.3711,1.46585,64.0408,1.5834,177.778,0.467541,263.683,0.253518,296.188,0.352213,0.203356,0.398993,0.201899,0.461318
0.0568208,0.743616,0.000339191,0.000264647,0.000475823,0.000859096,0.0011496,0.00144716,0.00277548,0.0060903,0.0134343,0.0398604,0.000133027,0.467573,0.993654,1,49.7682,0.305291,0.295109,27.5172,0.88958,64.539,3.97999,179.514,0.659541,263.668,0.407039,297.374,0.481066,0.20361,0.398011,0.215637,0.474212
0.0612341,0.766449,0.000409067,0.000377261,0.000602504,0.000885531,0.00125819,0.00178367,0.00316617,0.00671157,0.0141435,0.0449216,9.18193e-05,0.457898,0.984027,1,49.1089,0.332422,0.31939,27.7355,0.591512,64.3738,0.817321,179.634,0.400934,262.049,1.72401,294.521,0.409925,0.20013,0.388329,0.21314,0.442679
0.056642,0.752464,0.000435785,0.000399808,0.000623641,0.000934529,0.00120081,0.00154202,0.00290737,0.00565766,0.0126339,0.0377793,0.000129456,0.395414,0.928485,1,62.3118,0.319804,0.28169,28.7596,1.08576,64.3964,2.99503,178.168,3.28862,261.433,0.262237,297.998,1.07979,0.209716,0.416166,0.237343,0.470842
0.0544745,0.712486,0.000340356,0.000385303,0.000549479,0.000643649,0.000972185,0.00128631,0.00238544,0.00504715,0.0104748,0.032463,0.000132133,0.380649,0.962035,1,46.9203,0.340671,0.270925,28.6662,0.789662,62.9786,1.11888,179.704,0.444986,261.976,4.35647,295.963,0.667657,0.219093,0.421354,0.25381,0.481645
0.0524104,0.666722,0.000199719,0.000167252,0.000272569,0.00071008,0.000947386,0.00126137,0.00244988,0.00496891,0.0110615,0.0336272,0.000145698,0.640365,0.966841,1,69.7239,0.28817,0.259951,27.9643,0.979061,63.3415,1.82688,178.561,3.14248,260.078,0.264121,298.161,0.79213,0.195413,0.39318,0.224075,0.46446
0.0479715,0.683414,0.000144816,0.000106389,0.000226017,0.000617597,0.000831109,0.00115044,0.00211755,0.00436201,0.00914235,0.0277114,0.000172611,0.615225,0.898144,1,62.0389,0.315034,0.227086,28.1103,3.06713,64.3054,1.33327,178.303,0.587587,263.875,0.483687,295.937,2.32226,0.192736,0.397178,0.193222,0.468998
0.047106,0.676138,0.000185914,0.000118011,0.000219927,0.000599487,0.000843563,0.00112435,0.00206539,0.00425055,0.0091034,0.02744,0.000165734,0.642487,0.930091,1,58.2025,0.31928,0.22868,28.1782,2.72933,63.7807,1.09221,178.416,0.786451,263.11,0.537667,295.569,3.42804,0.192954,0.39904,0.199901,0.44897
0.0556614,0.763725,0.000419272,0.000323706,0.000520987,0.00105034,0.00151349,0.0019478,0.00377661,0.00797105,0.0181245,0.0567544,7.59029e-05,0.526673,0.98563,1,44.4036,0.376819,0.298358,27.3741,0.371187,62.4809,1.83447,181.142,0.870278,257.401,0.959798,299.04,0.435291,0.202303,0.391048,0.223736,0.422286
0.0471686,0.809364,0.000241077,0.000270374,0.000411532,0.000825602,0.00102674,0.00145752,0.00274393,0.00582912,0.0124067,0.0401659,0.000106368,0.531381,0.985917,1,84.354,0.420794,0.260117,28.3811,1.10597,65.0742,0.632188,178.888,0.801057,262.931,0.947182,297.618,0.273498,0.20005,0.404075,0.209487,0.47664
0.0600035,0.749369,0.000390474,0.000300254,0.000491749,0.000871422,0.00124805,0.00165488,0.00303169,0.00638522,0.0142174,0.0427804,0.000127081,0.477129,0.989754,1,34.7035,0.291726,0.319648,28.9102,1.25281,62.7802,1.15437,178.77,0.795983,258.849,0.53975,298.893,0.370314,0.213326,0.426242,0.255787,0.511387
0.0579971,0.777601,0.0005322,0.000548761,0.000834289,0.000950244,0.00121011,0.00166246,0.00308212,0.00658733,0.0147354,0.0448744,0.000112616,0.347484,0.990611,1,82.2226,0.318615,0.304619,28.4937,1.48413,62.9071,0.795114,179.825,3.07638,260.623,1.28887,297.635,0.50057,0.206989,0.415908,0.228592,0.485135
0.0561341,0.784432,0.000547756,0.000477296,0.00090014,0.000915009,0.00121201,0.0016548,0.00311019,0.00657899,0.0146141,0.0443976,0.000112131,0.308325,0.989785,1,80.7683,0.337283,0.294973,28.5185,1.12442,62.6299,0.63415,179.207,3.05607,260.915,1.17245,298.354,0.595885,0.20574,0.419698,0.227746,0.486444
0.0509277,0.662232,0.000326655,0.000236817,0.000555022,0.000724131,0.00106175,0.00137619,0.00250723,0.00508649,0.0109951,0.0351523,0.000139063,0.438797,0.911641,1,52.9704,0.326801,0.235135,28.0868,0.689712,62.7217,1.75156,180.882,0.324779,257.852,0.3399,298.351,0.676322,0.205325,0.413491,0.219116,0.434375
0.0522587,0.664796,0.00024383,0.000263118,0.000313868,0.000649367,0.000873607,0.00116614,0.00215557,0.00467157,0.0099901,0.0304925,0.00016028,0.495781,0.989883,1,64.1029,0.290735,0.257387,28.4631,2.1437,62.6063,1.15175,179.601,0.296595,257.885,0.457874,298.374,3.14956,0.203596,0.414464,0.251493,0.485586
0.0500764,0.777956,0.000441707,0.000345539,0.000524723,0.000694404,0.000952018,0.00128526,0.00234857,0.00503094,0.0111081,0.0330785,0.000152996,0.394999,0.997218,1,52.6454,0.355811,0.268027,28.5569,0.80829,65.008,0.74139,181.954,0.265366,258.762,0.625762,296.55,1.30072,0.216022,0.442642,0.253802,0.510625
0.0495098,0.795939,0.000349076,0.000318304,0.000479307,0.000715794,0.000960193,0.00132496,0.00245445,0.00522865,0.0110427,0.0349623,0.000136578,0.438593,0.999718,1,61.4541,0.378027,0.272134,28.7758,1.30844,63.6859,1.11888,179.02,4.28163,260.473,0.963519,300.104,0.475934,0.216855,0.432112,0.270126,0.54069
0.0513021,0.762611,0.00033177,0.000220916,0.00042407,0.00081311,0.00118786,0.0015598,0.00292506,0.00624357,0.0134963,0.0422238,0.000108261,0.500602,0.946241,1,62.348,0.373438,0.269491,28.8114,0.683644,62.6224,2.69754,178.446,1.037,260.806,1.72033,298.305,1.98834,0.214172,0.414327,0.240788,0.463305
0.0555189,0.766653,0.000303999,0.000333818,0.000519525,0.000849222,0.00109199,0.00146239,0.00277752,0.00560108,0.0125366,0.0384267,0.000107675,0.414991,0.968146,1,49.1982,0.337525,0.279243,27.9582,3.15473,64.8775,2.05936,179.032,1.16854,262.439,0.55185,294.983,0.798712,0.185589,0.386085,0.204172,0.420977
0.0526048,0.859979,0.000371718,0.000252668,0.00048692,0.00109168,0.00156393,0.00206554,0.00379243,0.00781682,0.01751,0.0532953,0.00012489,0.62567,0.915741,1,58.4041,0.339226,0.297449,28.7101,2.72218,65.5216,0.948889,177.868,1.61853,261.435,0.297365,296.38,0.967356,0.21208,0.423664,0.217325,0.446316
0.0552224,0.825326,0.000340246,0.000237238,0.000437063,0.00100344,0.00144679,0.00199753,0.00357023,0.007297,0.0165216,0.0504309,0.000123586,0.558684,0.929592,1,51.7923,0.323562,0.302952,28.9404,2.25803,65.0707,0.686409,179.238,2.09102,261.48,0.303513,296.851,0.818408,0.212848,0.427562,0.221697,0.449522
0.0458433,0.730091,0.000466021,0.000463798,0.000666528,0.000592163,0.000788221,0.00101854,0.00193903,0.00400119,0.00830618,0.0256175,0.000113601,0.268293,0.96207,1,56.2867,0.564623,0.223908,27.2359,0.368694,62.1316,0.665899,179.801,0.647035,259.935,0.612347,299.179,1.269,0.210582,0.412557,0.271255,0.502189
0.0562765,0.909286,0.000479085,0.00037894,0.00058373,0.000945757,0.00128255,0.00174037,0.00323746,0.00671934,0.0149882,0.0452922,0.000111291,0.453901,0.978573,1,52.1777,0.397006,0.328304,28.1737,1.24159,64.48,1.81678,179.686,1.1637,262.655,0.91217,296.087,0.502478,0.213646,0.428949,0.245389,0.508689
0.0533233,0.62034,0.000233823,0.000187802,0.00028258,0.000631593,0.000846626,0.00119573,0.0022363,0.00472366,0.0101832,0.03096,0.000161203,0.55407,0.976476,1,53.6373,0.264923,0.246901,27.4846,0.834119,64.503,1.09738,180.051,0.559757,261.415,0.3898,297.036,0.516205,0.186821,0.383299,0.200048,0.442588
0.0546102,0.612901,0.000228953,0.000167514,0.0003467,0.000664271,0.000872437,0.00123215,0.0021883,0.00472235,0.010198,0.0315084,0.000154406,0.504528,0.983055,1,46.6419,0.255802,0.247309,27.5825,0.793771,66.1972,0.550913,180.652,0.792848,260.604,0.323928,296.745,0.495523,0.182592,0.379222,0.192082,0.421212
0.0531543,0.690052,0.0002443,0.000258353,0.000336955,0.000719764,0.000971827,0.00127175,0.0024292,0.00488493,0.0109166,0.0330425,0.000140781,0.523478,0.945232,1,51.48,0.297736,0.251042,27.5836,4.66631,64.9644,0.559833,178.914,1.56483,262.086,0.413185,296.118,1.60718,0.179006,0.382334,0.18696,0.418968
0.0566119,0.642277,0.000309922,0.000231415,0.000408815,0.000727684,0.00098075,0.00134787,0.00241156,0.00515007,0.010895,0.0329939,0.000116808,0.471653,0.962789,1,50.4341,0.289936,0.261918,28.0747,0.529211,62.3704,2.07585,178,1.62287,261.488,0.936309,294.879,0.641243,0.188308,0.378491,0.207822,0.412471
0.0631314,0.659019,0.000318577,0.000255217,0.000462712,0.000830003,0.00103031,0.00147196,0.00263935,0.00561372,0.011784,0.0356203,0.000124793,0.430918,0.945963,1,47.9335,0.275868,0.291232,27.6419,0.847566,62.9928,1.10382,177.745,0.852663,261.663,1.38702,295.928,0.782048,0.197469,0.380044,0.220829,0.431713
0.0605924,0.665139,0.000248786,0.000262331,0.000388778,0.000705382,0.000980878,0.0012816,0.00249145,0.00490737,0.0107298,0.0323051,0.000134353,0.448672,0.967265,1,38.5226,0.273389,0.282048,27.7119,0.595122,64.9314,2.43068,179.602,1.83649,262.642,0.324256,295.427,1.42687,0.185636,0.389087,0.199429,0.439593
0.0566191,0.641381,0.000326758,0.000223399,0.000436747,0.000710845,0.00100503,0.00135575,0.00249867,0.00512243,0.0109109,0.0335919,0.000134716,0.476101,0.980065,1,38.8061,0.279495,0.264959,27.657,0.699553,66.1335,2.04143,180.745,0.618801,261.483,0.401066,296.313,0.943335,0.197446,0.380988,0.209633,0.421634
0.048528,0.833679,0.00035572,0.000392245,0.000530857,0.000789984,0.00108464,0.00144566,0.00272861,0.00581883,0.0127264,0.0398768,0.000140256,0.419424,0.980188,1,49.5819,0.406985,0.275384,28.9372,0.592178,63.4152,2.4006,180.869,0.610484,262.311,0.667071,296.094,0.392987,0.234333,0.459091,0.245646,0.537315
0.050513,0.810605,0.000412262,0.00029215,0.000495235,0.000863544,0.00120649,0.0016443,0.00297944,0.00643325,0.0139252,0.0444262,9.91708e-05,0.486505,0.97954,1,66.7241,0.447885,0.291985,29.4265,0.560403,60.2218,1.27183,179.11,3.53007,260.055,0.37269,298.955,0.441198,0.248547,0.452827,0.286199,0.551658
0.0526437,0.706974,0.00030458,0.000287952,0.000558989,0.000643311,0.000899477,0.00124874,0.00216237,0.00465016,0.0100108,0.0299103,0.000162792,0.358725,0.99471,1,46.8446,0.296046,0.263074,29.0298,3.47014,63.0849,1.57637,181.28,0.452151,260.407,3.42576,295.813,2.54332,0.208541,0.431558,0.252033,0.480144
0.0499388,0.683205,0.000309719,0.000302504,0.000372387,0.000637023,0.000870192,0.00104897,0.00207529,0.00442183,0.00979866,0.0286805,0.00020604,0.438011,0.983485,1,42.9871,0.289502,0.247933,28.4988,1.99542,65.4908,0.700409,180.152,0.648518,261.059,0.416532,295.564,1.81121,0.2167,0.428998,0.237134,0.489904
0.0605171,0.80815,0.000536751,0.000431049,0.00080369,0.00134281,0.00181466,0.00226987,0.00416465,0.00719761,0.0155117,0.0474945,7.27211e-05,0.374606,0.794247,1,61.9729,0.422576,0.275736,27.9932,0.505468,64.0588,3.04108,176.146,0.593282,259.902,0.919702,298.045,0.563895,0.195684,0.385308,0.214506,0.390084
0.0573083,0.778956,0.000320217,0.000201472,0.00041754,0.00109957,0.00147692,0.00215698,0.00385578,0.00677308,0.0143351,0.044868,7.73412e-05,0.57498,0.806591,1,40.0845,0.4011,0.27136,27.78,1.04077,62.9429,0.751302,179.675,1.66654,262.356,0.780078,295.637,2.54439,0.199404,0.38059,0.187762,0.39799
0.057668,0.680662,0.000490989,0.000375302,0.000577702,0.000677652,0.00093856,0.00130454,0.00231018,0.00482172,0.0102902,0.0320187,0.000115722,0.333957,0.972234,1,65.1609,0.317335,0.270888,27.9494,0.724078,63.2681,2.29657,179.848,0.567173,259.466,1.02977,300.342,0.674194,0.196934,0.39624,0.242177,0.500072
0.0588175,0.698897,0.000284432,0.000236557,0.000436326,0.000820758,0.00116653,0.00160785,0.00293253,0.00591368,0.0126655,0.0383916,0.0001237,0.510129,0.93947,1,46.4015,0.284371,0.288643,28.432,2.53943,62.8481,0.695328,177.967,2.18159,261.319,0.348808,294.738,1.36368,0.204204,0.402054,0.216413,0.42793
0.0551717,0.843541,0.000618186,0.000652344,0.000787758,0.000781644,0.00109897,0.00149783,0.00285002,0.0057956,0.0126643,0.0398003,0.000120447,0.31281,0.997474,1,66.359,0.392962,0.307825,28.3014,0.577766,62.8544,1.44193,180.516,0.35925,258.469,0.672394,299.31,1.08014,0.22202,0.448053,0.290972,0.542785
0.0491349,0.697384,0.000239127,0.000172002,0.000267967,0.000780182,0.00109738,0.00147927,0.00267899,0.00579857,0.0126232,0.0394618,0.000161807,0.68628,0.960262,1,60.5872,0.296621,0.257332,27.6066,0.665317,62.1615,1.33604,178.91,0.635563,263.035,0.297389,295.522,1.90837,0.207019,0.405978,0.212011,0.424814
0.0514328,0.738362,0.000247866,0.000251889,0.000416456,0.000813875,0.00107274,0.00146109,0.00281058,0.00573784,0.0125113,0.0382163,0.000108079,0.527257,0.968959,1,56.5235,0.357102,0.265,28.1405,0.762551,64.0188,0.62778,178.894,1.75079,261.427,0.343047,296.481,0.362682,0.199088,0.395768,0.2165,0.435913
0.0542242,0.725958,0.000352163,0.000340769,0.000576622,0.000855791,0.00117106,0.00164121,0.00302711,0.00617517,0.0136913,0.042769,0.000100927,0.431928,0.941155,1,69.1761,0.356472,0.266271,27.8838,0.504599,64.0573,1.37533,180.105,1.16166,260.014,0.29786,297.065,0.408075,0.199887,0.396354,0.207583,0.433056
0.0522534,0.773412,0.000305146,0.000228277,0.000384017,0.000946872,0.00132536,0.00169513,0.00317243,0.00676659,0.0147389,0.0464998,9.78941e-05,0.619485,0.937503,1,46.5733,0.352699,0.27649,28.3296,1.37092,63.0863,2.26296,177.682,1.43463,261.621,0.808873,297.643,0.34124,0.195601,0.391952,0.204016,0.449634
0.0552408,0.783427,0.00029579,0.000267193,0.000475927,0.000910417,0.00125606,0.00169676,0.00294229,0.00644814,0.0143772,0.0442076,9.7468e-05,0.53728,0.99213,1,44.4816,0.351668,0.296234,27.6303,0.930187,64.4257,1.69849,178.896,1.18512,262.794,0.337406,297.49,0.625607,0.191568,0.383407,0.208148,0.443952
0.0511698,0.800181,0.000432994,0.000435072,0.000587891,0.000825007,0.00119234,0.00160618,0.00300778,0.00624468,0.0134937,0.0416899,9.78816e-05,0.426933,0.957831,1,47.7973,0.396972,0.264848,27.9243,0.935612,66.9565,1.32148,179.566,0.585329,263.346,0.453785,294.46,1.05631,0.192829,0.387078,0.185072,0.42522
0.0499012,0.723846,0.000443967,0.000367364,0.000513682,0.000792765,0.00104788,0.00132084,0.00246791,0.0051827,0.0113217,0.0351897,9.87279e-05,0.393968,0.958374,1,56.7883,0.421171,0.243835,27.4713,0.509038,63.492,0.302511,178.117,2.80266,259.442,0.542053,300.759,1.83082,0.192414,0.388008,0.23174,0.453428
0.058014,0.650119,0.000363451,0.000388577,0.00060803,0.0006577,0.000936219,0.00132134,0.00238615,0.00502697,0.0107519,0.0315513,9.84835e-05,0.341083,0.982094,1,49.1582,0.336402,0.263154,26.8093,0.396462,63.7788,0.371665,180.669,1.07729,259.817,0.853947,297.041,0.380461,0.187249,0.364186,0.225588,0.413151
0.0525108,0.722208,0.000377615,0.000305459,0.0005134,0.000833288,0.0011448,0.00153177,0.00290682,0.00632911,0.0136323,0.0415377,0.000115536,0.464842,0.975149,1,56.5119,0.352454,0.277231,28.8512,0.536415,61.0801,0.590792,180.279,1.06706,260.285,0.288051,296.815,0.732723,0.229639,0.431382,0.25543,0.455038
0.0480304,0.728147,0.000307711,0.000248853,0.000413225,0.000705303,0.000968629,0.0012845,0.00237459,0.00502802,0.0112011,0.0353557,0.000154504,0.457624,0.981892,1,58.5062,0.335333,0.246072,28.1264,1.47211,63.7142,3.64528,179.445,1.02836,257.032,1.81713,299.695,3.27481,0.206343,0.413439,0.249937,0.487831
0.0649133,0.853793,0.000324,0.000351477,0.000508427,0.00101654,0.00138677,0.00184421,0.00349024,0.00776324,0.0166245,0.0501808,0.000111143,0.56232,0.981867,1,44.8759,0.327164,0.382101,28.712,0.578587,61.2479,0.887666,179.216,1.48145,263.705,0.553363,295.852,0.50137,0.227037,0.440766,0.267635,0.516587
0.0512528,0.843608,0.000362537,0.000298278,0.00050873,0.000872229,0.0011937,0.00163719,0.00298086,0.00618321,0.0135732,0.0427421,0.000129875,0.452737,0.984764,1,54.3656,0.380436,0.291934,28.888,1.03754,64.7921,0.509673,179.665,0.624208,260.035,0.310023,298.143,0.320992,0.225585,0.440177,0.26136,0.503241
0.0521749,0.799516,0.000362039,0.000410454,0.000550584,0.000930288,0.00130671,0.00165591,0.00306078,0.00683615,0.0141308,0.044667,0.000123884,0.442402,0.945332,1,47.4673,0.364586,0.283863,29.4898,1.23851,62.5324,0.475784,180.363,1.13182,260.858,0.548378,298.081,0.703325,0.233059,0.447826,0.248648,0.517308
0.0481572,0.79462,0.000478143,0.000282163,0.000640342,0.000760058,0.00102085,0.0014416,0.00266197,0.00503236,0.011418,0.0346101,0.000130616,0.345828,0.948221,1,55.2602,0.425151,0.252708,28.836,2.50033,62.3422,4.85532,179.456,1.56626,259.527,2.46482,296.501,2.25038,0.223441,0.439058,0.253107,0.49842
0.047371,0.806198,0.000404984,0.000356323,0.000587249,0.000690801,0.000888158,0.00122566,0.00220767,0.00471072,0.0100378,0.0307542,0.000110947,0.350401,0.955235,1,50.9276,0.488496,0.249819,29.1839,3.53463,62.7193,3.11637,179.326,0.596842,260.408,0.553622,297.954,3.94937,0.217424,0.433465,0.280408,0.492916
0.0476192,0.815431,0.000389436,0.000300038,0.000596445,0.000703663,0.00089771,0.001237,0.00228863,0.00472536,0.0102444,0.0311365,0.000113984,0.345973,0.958213,1,51.2047,0.467108,0.251375,29.1451,2.29019,63.5176,3.10593,179.293,0.777294,260.606,0.483238,298.216,2.72338,0.211782,0.429848,0.273498,0.490412
0.0472303,0.851826,0.000309953,0.000287005,0.000479379,0.000721165,0.00106255,0.00138418,0.00258567,0.00538355,0.0118144,0.0368356,0.000111651,0.430379,0.975734,1,61.0337,0.477311,0.263211,28.4969,0.830968,65.2955,1.36338,179.07,1.65499,260.124,2.91694,297.692,0.948508,0.212717,0.423694,0.256135,0.498842
0.042242,0.848757,0.000348924,0.000296975,0.000444162,0.000709993,0.000929403,0.00127694,0.00232865,0.00496156,0.0107692,0.0339832,0.000115073,0.457287,0.954513,1,56.2498,0.587453,0.236298,28.7998,0.85568,63.3934,1.80389,178.602,1.45482,259.615,0.53893,298.794,3.94219,0.22318,0.436394,0.269804,0.52256
0.0449599,0.835258,0.000390318,0.000360046,0.000576795,0.000762027,0.00113801,0.00144383,0.00267703,0.00559709,0.0123813,0.0384391,0.000111122,0.373376,0.996064,1,64.3399,0.482102,0.251448,28.6839,2.95737,64.0122,1.69782,179.017,2.49278,262.47,0.316734,297.056,1.46785,0.219006,0.426918,0.236684,0.49331
0.0479633,0.823386,0.000436764,0.000382035,0.000552776,0.000908261,0.00114357,0.00162446,0.00299752,0.00622714,0.0134275,0.0413914,0.000123806,0.412899,0.958586,1,44.5914,0.419213,0.262834,28.73,0.713381,63.0451,2.1702,179.408,0.293139,259.624,3.13227,297.346,0.965808,0.222069,0.435389,0.246028,0.478081
0.050138,0.840427,0.000425674,0.000376029,0.000555276,0.000940525,0.00120308,0.00166546,0.00309137,0.00638967,0.013781,0.042432,0.000109862,0.463291,0.914955,1,48.7926,0.443112,0.271004,28.7164,0.7491,63.4548,2.22065,179.144,0.310868,259.751,1.426,297.227,0.938571,0.221472,0.42941,0.253758,0.462884
0.0484079,0.835861,0.000433205,0.000382437,0.000583347,0.000838304,0.00111308,0.00158744,0.00290173,0.00576419,0.0126435,0.0392165,0.00010556,0.421474,0.963009,1,56.173,0.46173,0.266712,28.6044,0.618581,63.3964,1.6689,180.307,0.787586,261.257,0.788569,297.031,1.41723,0.21768,0.428494,0.24733,0.482875
0.0490926,0.78937,0.000243695,0.000236792,0.000349536,0.000812342,0.00107203,0.00149023,0.00282612,0.00611125,0.0134846,0.0417954,0.000159845,0.634071,0.996622,1,64.9586,0.318872,0.282276,29.0111,2.04887,63.0063,1.52606,179.135,0.279882,260.221,2.64767,298.681,0.369608,0.216238,0.439001,0.252772,0.511991
0.0531002,0.817972,0.000403557,0.000256951,0.000552955,0.00113096,0.00149643,0.0019043,0.0035842,0.00785774,0.0174132,0.0554742,8.41561e-05,0.552301,0.973739,1,54.8536,0.410237,0.296711,27.6501,0.394757,63.0718,0.542683,179.039,0.454772,261.264,0.341903,296.97,1.08848,0.205605,0.395794,0.221485,0.420712
0.0503027,0.737807,0.000227911,0.000223433,0.000513169,0.000675317,0.000862091,0.0012155,0.00219832,0.00467177,0.0101423,0.0303865,0.000204349,0.382454,0.976274,1,51.9989,0.30854,0.259631,28.9873,2.403,63.7481,2.22854,179.593,3.35157,259.938,0.657701,297.346,1.25696,0.221528,0.451801,0.265128,0.520674
0.0526179,0.662948,0.000305948,0.000246579,0.000287842,0.000576325,0.000802104,0.00104765,0.00199633,0.00412371,0.0090364,0.0270125,0.000177049,0.469483,0.976263,1,63.1089,0.306726,0.264407,28.9613,0.542502,60.0674,1.608,177.32,0.293731,260.154,2.34419,296.962,0.62945,0.226808,0.443445,0.292594,0.531707
0.0491519,0.73042,0.000275542,0.00027965,0.000444925,0.00070457,0.000935821,0.00131238,0.00233338,0.00507099,0.0107231,0.0325837,0.000150111,0.464105,0.96679,1,47.9442,0.353721,0.255805,28.7128,0.925919,61.9263,1.20856,180.181,0.495113,259.628,0.327626,299.924,1.49941,0.224281,0.434357,0.267198,0.516567
0.0474601,0.727201,0.000333063,0.000234546,0.000439754,0.000551273,0.000777829,0.00101061,0.00191491,0.00392304,0.00838878,0.0253626,0.000206584,0.411461,0.99475,1,58.9959,0.331491,0.248296,29.0899,1.01058,62.4207,1.85996,178.825,3.78879,260.37,0.402802,296.128,1.18828,0.223733,0.458065,0.2811,0.555972
0.0577785,0.774223,0.000365054,0.000246287,0.000400279,0.000798057,0.00109059,0.00142586,0.00272466,0.00560856,0.0122408,0.0383251,0.000112962,0.462036,0.96994,1,58.2576,0.342341,0.306663,28.8041,0.770865,63.8426,1.25876,179.167,0.299782,261.969,0.384827,297.365,1.17768,0.216862,0.41998,0.25826,0.497041
0.0531315,0.890284,0.000196014,0.000245101,0.000382872,0.000940996,0.00124163,0.00171082,0.00309652,0.00649338,0.0140489,0.0429427,0.000175002,0.643348,0.937941,1,54.0076,0.341259,0.315452,28.2684,0.81476,64.2052,0.469207,180.358,0.784718,261.947,0.321523,294.816,0.642391,0.224477,0.461505,0.240404,0.532094
0.0543819,0.707321,0.000591165,0.000389175,0.000574649,0.000827745,0.00116369,0.00156994,0.00286807,0.00608109,0.0136045,0.0407314,0.000126547,0.44881,0.989835,1,49.4475,0.300063,0.266843,26.8955,0.528092,64.8407,3.24189,180.604,0.838027,258.749,1.07264,300.058,1.0533,0.180954,0.382203,0.205309,0.439097
0.052338,0.778386,0.000434368,0.000288813,0.000594843,0.000916651,0.00125258,0.00169763,0.00311572,0.00688713,0.0155594,0.0487135,9.81114e-05,0.52344,0.968826,1,58.9866,0.37353,0.285101,28.6924,1.64285,61.5619,0.527769,177.993,2.26409,262.474,0.513021,297.132,0.343654,0.21561,0.410685,0.223129,0.46458
0.0576719,0.825495,0.000460111,0.000342493,0.000443572,0.00101499,0.00137355,0.00187943,0.00345092,0.00752363,0.0161384,0.0507701,9.57976e-05,0.530975,0.998718,1,66.0489,0.347405,0.31984,27.4374,0.831769,65.3374,1.86452,181.186,1.07355,260.408,0.865343,297.775,4.4798,0.190236,0.394159,0.217281,0.445073
0.0475943,0.753141,0.000312944,0.000242344,0.000488844,0.000776353,0.00108156,0.0014481,0.00277714,0.00552892,0.0119177,0.0364172,0.000126937,0.477091,0.903263,1,58.1052,0.408481,0.241772,28.7189,0.681083,62.655,2.23574,179.872,3.95771,261.048,0.432271,297.607,1.99873,0.225057,0.428217,0.238192,0.464464
0.0498663,0.887231,0.000242707,0.000218921,0.000341762,0.000749328,0.0010114,0.00137227,0.00246833,0.0054668,0.0117659,0.0361418,0.000121819,0.545978,0.982839,1,71.6163,0.45332,0.293717,28.2644,1.94812,63.6819,5.23388,177.663,0.654724,262.827,2.87944,295.759,1.17858,0.215528,0.432448,0.275062,0.516679
0.0483958,0.817325,0.000300819,0.000253015,0.000438274,0.000789141,0.00106748,0.00145189,0.00275714,0.00546544,0.0127315,0.0386349,0.000126769,0.477353,0.997922,1,66.5604,0.407525,0.272956,28.5468,0.461485,64.3971,1.98875,178.272,1.13503,262.235,1.12454,297.288,1.36508,0.215086,0.42998,0.245361,0.501328
0.0433049,0.770203,0.000350286,0.000300442,0.00042812,0.000638148,0.000845563,0.0011915,0.00215274,0.00476587,0.0105867,0.0331744,0.000114094,0.446538,0.999017,1,75.6794,0.491923,0.234126,28.4909,3.45778,63.5448,1.5582,181.912,0.964659,261.308,0.519454,298.005,1.33749,0.218181,0.425725,0.249946,0.487601
0.0415953,0.853942,0.00024404,0.000220123,0.000320335,0.000698511,0.000999098,0.00129274,0.00239837,0.00533158,0.0117142,0.0371278,0.000133992,0.59193,0.994988,1,63.9847,0.480509,0.25086,29.6191,1.11597,66.3894,2.24868,179.357,1.43468,258.41,0.497502,296.468,1.73626,0.238882,0.454843,0.283793,0.498517
0.0458442,0.814746,0.000320323,0.000252345,0.000459812,0.000910708,0.00113424,0.00160482,0.00308895,0.00694689,0.014467,0.0467213,0.000167082,0.542646,0.998263,1,65.4473,0.355454,0.270482,29.1396,2.358,61.3216,1.95173,178.281,0.4179,260.234,1.05068,297.053,1.55496,0.231858,0.465946,0.249553,0.514989
0.0568924,0.813872,0.00034928,0.00036053,0.000564953,0.000958377,0.00138967,0.00177358,0.00332926,0.0068406,0.0138173,0.0424329,9.71365e-05,0.492935,0.897693,1,58.8509,0.373142,0.286103,27.0458,0.664289,64.0833,1.30378,179.705,0.384743,259.86,0.468069,298.882,0.73393,0.183316,0.387123,0.204211,0.425943
0.0546628,0.784595,0.000404153,0.000439388,0.000648062,0.000975659,0.00129012,0.00176174,0.00320131,0.00646181,0.0149453,0.0460565,0.000102658,0.408445,0.96967,1,46.4751,0.384074,0.288087,27.6137,0.407581,62.6634,1.39508,180.291,2.69429,259.216,1.4747,298.294,2.08284,0.20572,0.410796,0.234391,0.475482
0.0579464,0.699564,0.000418458,0.000252572,0.000523932,0.00114205,0.00141456,0.00198718,0.00372119,0.0075554,0.0174581,0.0542971,0.000103268,0.600182,0.96954,1,52.5159,0.268558,0.2881,27.6191,1.35745,66.002,0.885298,178.593,2.6354,262.038,0.488983,295.436,1.08739,0.18089,0.366841,0.170052,0.376817
0.0564398,0.704788,0.000447806,0.000254475,0.000450362,0.00112284,0.00143047,0.00193627,0.00371295,0.00751236,0.0173521,0.054214,0.000105545,0.585994,0.966321,1,52.2386,0.270231,0.279658,27.5912,1.44206,65.8966,0.848443,178.094,1.63541,261.628,0.527758,295.881,1.26942,0.179203,0.364778,0.170082,0.360743
0.0497265,0.784629,0.000230471,0.000346898,0.000430014,0.000690156,0.000889473,0.00116954,0.00213516,0.00446409,0.0101939,0.0298545,0.000149312,0.395865,0.983969,1,60.7792,0.404007,0.268345,28.5544,0.391313,63.1567,1.77301,181.534,2.2642,260.568,1.52505,296.931,1.35258,0.2264,0.456017,0.287502,0.539945
0.0496503,0.830411,0.00039755,0.000207666,0.000368814,0.000614854,0.000887638,0.00122349,0.00227388,0.00490311,0.00993515,0.0309614,0.000146803,0.445875,0.962407,1,57.3152,0.429213,0.279456,29.1966,0.927221,61.6933,2.23103,178.495,0.703964,262.971,0.867884,297.357,2.06443,0.241511,0.464323,0.300473,0.615651
0.0490537,0.853262,0.000320249,0.000327315,0.000497768,0.000723029,0.000948629,0.00124204,0.00221239,0.00460714,0.0106151,0.0315002,0.000145474,0.398592,0.965869,1,44.3879,0.414442,0.271779,29.117,0.9128,63.8243,1.24795,179.372,0.263953,261.921,1.44464,297.19,0.909218,0.217483,0.452876,0.273617,0.556012
0.0480454,0.81671,0.000363029,0.000360894,0.000551173,0.00065732,0.000937409,0.0012909,0.00242337,0.00506587,0.0102609,0.031764,0.000154676,0.369992,0.941641,1,57.5871,0.42167,0.257658,29.0374,3.81942,63.3239,0.84081,180.699,1.33372,259.892,1.05414,297.615,1.77453,0.233516,0.461604,0.274874,0.540361
0.0514166,0.762903,0.000513452,0.000335164,0.000623666,0.000635701,0.000822396,0.00106952,0.00201194,0.0041566,0.00947128,0.027614,0.000178564,0.303226,0.996384,1,47.7529,0.35107,0.267743,28.3431,0.563036,62.985,4.00091,178.998,1.21289,262.127,1.23593,297.583,1.11972,0.216608,0.448597,0.278565,0.569369
0.057231,0.692484,0.000586194,0.000408194,0.000636397,0.00086338,0.00117995,0.00153648,0.00290795,0.00625332,0.0136013,0.0419995,0.00015515,0.396742,0.999226,1,67.176,0.261006,0.287413,28.383,1.91234,62.9344,0.441421,179.911,1.3403,259.503,0.252152,295.228,1.12484,0.206773,0.421912,0.21978,0.427149
0.0571561,0.679918,0.000326237,0.000371573,0.000536698,0.000786048,0.00108416,0.00151794,0.00269672,0.00588595,0.013076,0.0409797,0.00011522,0.461206,0.999369,1,41.6135,0.301381,0.289073,28.4224,0.584162,61.6116,1.6216,177.295,1.01148,262.784,0.250452,300.559,1.38304,0.211016,0.398735,0.241073,0.474376
0.0472988,0.746106,0.000306189,0.000204036,0.000412781,0.000799466,0.00109383,0.00153933,0.00277469,0.00609319,0.0130664,0.0405206,0.000121993,0.561154,0.973629,1,69.3915,0.359915,0.247867,27.9067,1.66854,64.9648,1.36965,182.399,1.55001,261.446,0.636767,294.106,0.30497,0.201906,0.399781,0.18602,0.420149
0.0489533,0.775041,0.000371918,0.00026862,0.000439384,0.000728632,0.00103077,0.00137402,0.00261249,0.00549661,0.0119773,0.0367526,0.000111843,0.48918,0.974584,1,43.1011,0.40969,0.264728,28.8849,0.934032,61.4001,1.20394,177.533,1.49544,262.175,0.414656,299.234,4.88117,0.215955,0.418703,0.261301,0.495927
0.0540954,0.714441,0.000466741,0.000379677,0.000628775,0.000652584,0.000809673,0.00112072,0.00209857,0.0042851,0.00925703,0.0280399,0.000156937,0.297803,0.964033,1,78.4721,0.318612,0.256784,28.1224,1.59498,65.8884,1.16892,180.632,1.46346,262.555,0.529393,293.232,0.299644,0.199497,0.412379,0.211045,0.466774
0.054763,0.649736,0.000253931,0.000192509,0.000342893,0.000591264,0.000941803,0.0011706,0.00212931,0.00449195,0.00956405,0.0282838,0.000149628,0.456157,0.959776,1,39.9413,0.298407,0.25362,27.4112,0.638108,62.9896,1.53093,178.704,1.06666,261.918,0.496687,300.915,0.663701,0.193234,0.389157,0.230103,0.505937
0.0605654,0.679953,0.000364932,0.000360797,0.000499153,0.000822668,0.000958421,0.00138297,0.0025969,0.00490415,0.0107167,0.0326078,0.000148066,0.367014,0.899965,1,65.9319,0.28695,0.273063,27.6961,0.674467,63.228,1.06562,177.931,0.877227,264.436,0.93942,294.978,0.655392,0.202759,0.398533,0.201335,0.445027
0.0517591,0.790265,0.0003067,0.000205418,0.000465323,0.000845497,0.000989334,0.00144197,0.00259746,0.00548783,0.0120488,0.0375252,0.000131015,0.493597,0.967674,1,38.7436,0.372016,0.283127,28.7692,1.13108,62.707,1.63121,182.126,0.957071,256.966,1.91994,299.372,2.32574,0.226608,0.441418,0.286801,0.508568
0.0491429,0.876344,0.000279317,0.000416115,0.000552583,0.000811436,0.00129547,0.00162172,0.00306423,0.00659326,0.0143035,0.0449886,9.38523e-05,0.466438,0.960873,1,84.9762,0.462074,0.276349,28.494,1.62702,65.1524,3.91812,177.616,1.05812,260.1,0.592764,298.634,1.29203,0.202916,0.41011,0.243069,0.455758
0.0507997,0.90376,0.000181449,0.000203448,0.000334114,0.000933217,0.00111193,0.00158582,0.00302884,0.00669948,0.0144498,0.0456311,0.000109449,0.711307,0.990147,1,54.0306,0.430169,0.323878,28.9028,0.502691,63.2302,0.659276,181.342,0.973905,262.477,0.674224,296.218,1.47931,0.23803,0.450314,0.281412,0.534952
0.0401171,0.758568,0.000395803,0.000294369,0.000583457,0.000567509,0.000704976,0.000936729,0.00169512,0.00356386,0.00750019,0.0228391,0.000238936,0.279983,0.955578,1,44.1627,0.422826,0.208584,29.8585,2.92558,62.7317,3.23579,180.21,1.83878,260.877,4.86837,298.431,0.944204,0.242745,0.489945,0.299692,0.594697
0.040403,0.797107,0.000320873,0.000401115,0.000497403,0.000444939,0.00064266,0.000889093,0.00162537,0.00333589,0.00703864,0.0219068,0.000201657,0.280428,0.973449,1,46.8621,0.524172,0.21768,29.6878,0.685157,64.3234,1.96797,181.315,1.32698,260.763,0.411372,298.642,1.33721,0.249975,0.491894,0.337292,0.620949
0.0642578,0.747526,0.000363365,0.000348325,0.000599695,0.000891352,0.00127425,0.00180965,0.00323855,0.00701293,0.0149487,0.0464935,0.000139806,0.444924,0.991938,1,58.0849,0.273941,0.342662,28.4747,1.7699,62.1614,0.82102,177.314,0.876389,261.863,2.24011,297.742,1.1582,0.22038,0.426549,0.256329,0.499074
0.0571165,0.785396,0.000363034,0.00032408,0.000520657,0.000865558,0.00110377,0.00145587,0.0027407,0.00581809,0.0130101,0.0401418,0.00016409,0.409977,0.975893,1,42.4257,0.297791,0.306442,28.6879,1.60965,64.1363,2.28474,180.328,1.84185,263.13,0.297053,297.125,1.42052,0.223173,0.440856,0.247184,0.505715
0.0600784,0.756512,0.000307619,0.000410633,0.000503928,0.000885987,0.00116082,0.00152431,0.00295658,0.00595631,0.0128918,0.0406001,0.000152809,0.403784,0.983856,1,59.5117,0.283611,0.316801,28.7914,2.79029,62.5591,1.14662,177.675,2.39339,261.587,0.311796,298.511,2.08755,0.216374,0.437606,0.252954,0.539863
0.0568505,0.800296,0.000488729,0.00040106,0.000574697,0.000827136,0.00118228,0.00163996,0.00287245,0.0064203,0.01409,0.0418222,0.00013531,0.400525,0.982571,1,71.1395,0.322579,0.308927,28.6375,1.14259,63.0074,3.47981,179.54,0.642008,262.62,5.04921,296.281,1.36155,0.219042,0.435924,0.240415,0.505153
0.0536893,0.685525,0.000327462,0.000360471,0.000503448,0.000708082,0.000966178,0.00129353,0.00225246,0.00473741,0.0102456,0.0324419,0.000187581,0.39048,0.937711,1,43.3149,0.293768,0.262371,28.8582,1.11615,60.7975,0.43857,178.583,2.66269,259.596,0.279644,298.501,0.914006,0.225401,0.445458,0.265002,0.521299
0.0461571,0.811809,0.000476669,0.000330899,0.000537752,0.000685285,0.000921879,0.0012417,0.00240599,0.00504434,0.0107858,0.0327827,0.000126303,0.364822,0.985242,1,55.5681,0.459816,0.255058,29.3593,0.64489,63.394,1.67602,180.502,0.535738,261.966,0.413172,297.293,1.73036,0.231683,0.451809,0.271197,0.521805
0.0464608,0.811786,0.000319116,0.00035254,0.000475722,0.000623881,0.000893179,0.00121106,0.00219926,0.00482109,0.00997836,0.03034,0.000147905,0.374959,0.985608,1,44.4372,0.443588,0.254646,28.5962,1.52841,62.9373,2.09628,180.522,0.61874,263.106,0.258983,294.779,1.55438,0.227578,0.448369,0.253623,0.5223
0.0475782,0.855625,0.000409735,0.000354182,0.000574775,0.000747788,0.000951068,0.00126328,0.0023456,0.00497519,0.0104864,0.0316886,0.000139394,0.362318,0.976362,1,54.0941,0.44217,0.263182,28.6532,1.23386,63.602,3.15875,179.649,5.19557,260.477,0.268129,294.626,2.81381,0.212943,0.449182,0.259309,0.503778
0.0510945,0.864316,0.000345799,0.000319501,0.000466541,0.000847099,0.00121293,0.00164516,0.00300798,0.00603536,0.0127351,0.039138,0.00011949,0.491105,0.922258,1,46.3217,0.419462,0.284466,29.1854,2.02779,64.7717,2.35269,181.841,0.326786,261.375,0.266971,296.548,0.791347,0.230749,0.445795,0.258078,0.482221
0.0494107,0.673154,0.000281019,0.000275341,0.000369789,0.000607037,0.000900539,0.00115555,0.00221592,0.00470031,0.0103561,0.0319486,0.000152333,0.47667,0.979685,1,61.1425,0.327359,0.245168,28.3371,1.07666,62.3551,1.05513,179.243,0.292113,262.608,4.72916,298.209,1.57635,0.212034,0.41027,0.237572,0.473839
0.0576734,0.724213,0.00048707,0.000339785,0.000515779,0.000859673,0.00110455,0.00151263,0.00279003,0.00573238,0.0124235,0.0384462,0.000149143,0.429057,0.960901,1,76.581,0.287464,0.2924,28.5856,1.35904,62.0592,1.07743,178.402,2.12416,260.017,0.28967,295.695,1.53007,0.213493,0.427375,0.249651,0.453513
0.0571716,0.732686,0.000492341,0.000302838,0.00049422,0.000872978,0.00111267,0.00153427,0.00282591,0.00586024,0.0125344,0.0392835,0.000157278,0.43838,0.947398,1,77.0328,0.285604,0.289489,28.4982,2.05464,62.1875,1.50933,178.639,1.57033,260.168,0.273697,295.512,1.94481,0.21398,0.429666,0.242632,0.446283
0.0593019,0.692234,0.000270736,0.00032198,0.000506089,0.000943031,0.00139737,0.00182295,0.00337225,0.00662714,0.0144408,0.0435394,0.000123962,0.542575,0.893999,1,43.3618,0.285634,0.283948,28.2272,1.22496,63.653,1.83478,179.77,0.741041,263.012,0.473378,297.867,1.07723,0.211115,0.39919,0.200678,0.442648
0.0592356,0.750858,0.000329079,0.000535426,0.000687418,0.000817714,0.00108134,0.00144131,0.00266869,0.00523724,0.0109045,0.0335131,0.000133144,0.344619,0.886553,1,64.4604,0.31957,0.274691,27.9717,2.27666,63.2903,0.628521,178.826,2.26163,258.439,1.36156,296.137,0.676111,0.188882,0.40971,0.220796,0.470788
0.049339,0.760512,0.000519539,0.000326402,0.000580242,0.000825388,0.00117127,0.00157744,0.00292042,0.00590245,0.0132801,0.0400991,0.000108691,0.431809,0.967757,1,48.4848,0.368584,0.253899,28.654,0.816907,65.2561,1.68003,179.279,0.872015,261.256,0.882906,297.088,3.69745,0.199354,0.403502,0.205817,0.452225
0.0503892,0.757082,0.00044887,0.000409079,0.000626502,0.000875413,0.00119708,0.00166264,0.0031242,0.0063009,0.0136738,0.0420863,0.000115821,0.421041,0.915844,1,45.9684,0.371709,0.251596,28.7662,1.65426,64.3502,1.56156,177.69,1.12862,261.133,1.52741,299.231,3.4562,0.209416,0.408263,0.225979,0.443016
0.0540652,0.853788,0.000245211,0.000209906,0.000406875,0.000846237,0.00116372,0.00147128,0.00281773,0.00604252,0.0131463,0.0411063,9.63526e-05,0.581173,0.987596,1,66.3095,0.397878,0.306187,27.677,1.85191,65.3306,1.93921,180.529,1.58008,259.52,0.796585,296.249,0.722212,0.194441,0.396104,0.249125,0.444148
0.0520499,0.715554,0.00041007,0.000342075,0.000508233,0.000689163,0.000997754,0.00126267,0.0023822,0.00478962,0.0104877,0.032547,0.000125325,0.382612,0.971609,1,48.0011,0.339325,0.256099,28.3864,0.702026,62.7465,1.22412,177.874,1.38327,262.266,0.415047,296.711,1.65696,0.197116,0.402207,0.23149,0.459177
0.0536741,0.694177,0.000308766,0.00029201,0.000517603,0.000751061,0.00102552,0.00142108,0.00258292,0.00550489,0.0112886,0.0348023,0.000149437,0.40785,0.935725,1,54.6654,0.301588,0.25585,28.2669,0.938234,63.7213,2.5513,181.321,2.32158,259.407,0.271032,298.551,1.1838,0.207059,0.413388,0.229314,0.454491
0.0519143,0.708635,0.000318356,0.000259627,0.000372946,0.000744613,0.00103994,0.00134587,0.0025363,0.00512073,0.0112603,0.035013,0.000120013,0.515178,0.958398,1,48.3252,0.335856,0.258673,28.3379,1.19929,63.6216,1.57741,179.284,0.365149,260.337,0.282182,296.181,2.01057,0.198963,0.401614,0.22226,0.430522
0.0582494,0.686262,0.000384019,0.000268126,0.000426475,0.000764878,0.00109181,0.00137861,0.00271004,0.00549918,0.0118548,0.0368243,0.000125721,0.464295,0.950961,1,53.9822,0.29575,0.282245,28.3698,1.15045,63.6766,1.23327,179.518,0.413258,261.45,0.297293,296.915,1.69283,0.206115,0.404125,0.223085,0.456508
0.052871,0.698239,0.000329726,0.000353857,0.000572068,0.00090571,0.00124676,0.00178773,0.00310419,0.00677702,0.015132,0.0463544,0.00010857,0.469472,0.949647,1,54.4346,0.325822,0.263058,28.3596,0.684684,62.1283,3.22617,180.216,2.94314,260.856,0.389095,296.026,0.757533,0.21225,0.402593,0.208371,0.428552
0.0574818,0.781494,0.000566847,0.000486235,0.000723614,0.000821225,0.00106071,0.00155848,0.00272444,0.0057652,0.0123667,0.0381181,0.000170026,0.333558,0.96787,1,53.4387,0.297533,0.297544,28.1514,0.885398,63.9602,0.864823,176.887,0.449606,262.043,1.99606,297.376,2.26927,0.206522,0.431896,0.242151,0.483331
0.0647531,0.737511,0.000300942,0.000290845,0.000569376,0.000728121,0.00103593,0.00127361,0.00245591,0.00504291,0.0109765,0.0327322,0.000127549,0.375603,0.987013,1,57.3492,0.296705,0.326825,28.5849,1.34536,63.8966,2.41403,182.369,2.20492,262.439,0.299436,297.575,0.345056,0.210314,0.426876,0.266813,0.521271
0.0610385,0.827856,0.000546702,0.000660699,0.000706902,0.000961978,0.00134613,0.00172244,0.00326754,0.00610728,0.013205,0.0412487,0.000119155,0.339623,0.881653,1,48.4654,0.350908,0.312972,29.6478,1.19035,61.7811,0.601709,177.349,1.20895,262.229,1.44373,297.084,0.608176,0.228626,0.445217,0.266125,0.495687
0.047973,0.647884,0.000234699,0.000215138,0.000425928,0.000751549,0.00105986,0.001438,0.00264498,0.00553339,0.0120794,0.03882,0.000126474,0.479171,0.975479,1,52.5273,0.324104,0.23249,28.3405,0.715554,63.4479,1.3995,178.004,0.694527,261.079,0.90583,297.393,0.441043,0.207067,0.392208,0.208391,0.434644
0.0511068,0.680834,0.000420316,0.000280434,0.000403361,0.000863373,0.00124594,0.001571,0.00294319,0.0062985,0.0137737,0.0453532,0.000131873,0.557546,0.979818,1,55.3199,0.282742,0.258675,28.6033,1.71401,61.8492,2.197,178.479,0.430666,260.04,1.6639,299.93,0.663671,0.199469,0.40051,0.219152,0.441359
0.0454787,0.780085,0.000210151,0.000262136,0.000329077,0.000877197,0.00113523,0.00164718,0.00293729,0.00636471,0.0141317,0.0431421,0.000113027,0.639439,0.953581,1,83.2933,0.389334,0.250312,28.8283,1.66944,63.6009,0.505114,178.202,2.90782,261.405,0.29641,295.151,1.65467,0.208199,0.413549,0.206322,0.432514
0.0477248,0.768316,0.000205523,0.00020579,0.000328496,0.000858079,0.00115665,0.00165294,0.00300965,0.00644918,0.0141156,0.043062,0.000122995,0.648511,0.947278,1,75.7526,0.372214,0.260891,28.3649,1.07454,63.6316,0.619992,178.505,2.16263,262.061,0.272296,295.665,1.49831,0.211777,0.417352,0.215351,0.434408
0.0589882,0.712614,0.000272932,0.00028745,0.000534936,0.000812184,0.00110996,0.00151785,0.00281717,0.00556262,0.0118594,0.0368196,0.00012136,0.462471,0.91885,1,45.7804,0.302238,0.28252,28.2274,0.694495,64.4952,3.86567,181.013,0.283618,258.739,1.58907,298.596,0.442242,0.205483,0.396928,0.243155,0.429728
0.0624699,0.671387,0.000272719,0.000179265,0.000432366,0.000938126,0.00130061,0.00176262,0.00332201,0.00657591,0.0143746,0.043801,0.000134596,0.586525,0.909793,1,54.9913,0.256022,0.30117,28.4054,3.02415,63.3681,0.989039,178.659,1.14786,261.834,0.26283,296.018,0.957563,0.208249,0.404053,0.208124,0.420888
0.0589318,0.826558,0.000385052,0.000345706,0.000662609,0.00106347,0.00143747,0.00192584,0.00359161,0.00703815,0.0150338,0.0466905,0.000101585,0.423598,0.910793,1,57.4724,0.378219,0.30687,27.9609,0.641049,64.0179,1.20205,178.898,0.624442,262.784,0.837073,293.268,1.82345,0.209454,0.412385,0.21585,0.413431
0.0493526,0.74189,0.000235898,0.000160082,0.000354349,0.000713633,0.00104406,0.00139515,0.00259003,0.00561817,0.0124396,0.0392442,0.000157496,0.621256,0.996158,1,56.4936,0.305461,0.268359,28.3738,1.44964,64.0755,0.398074,178.257,0.548576,258.95,0.766246,296.979,0.553287,0.203447,0.420753,0.235283,0.461984
0.0513032,0.917724,0.000448329,0.000346671,0.000554016,0.00103455,0.00144063,0.00185472,0.00347983,0.00730548,0.0162642,0.0506141,9.34364e-05,0.525509,0.977042,1,54.061,0.47024,0.306502,28.007,0.457945,65.1598,2.73054,180.338,1.62391,259.91,0.643645,298.939,0.954431,0.215354,0.42383,0.255348,0.483065
0.0619852,0.758156,0.000551648,0.000519224,0.000819684,0.000963409,0.00131988,0.00174501,0.00331399,0.00656536,0.013917,0.0420316,0.000126093,0.336004,0.917445,1,63.7885,0.302688,0.304588,28.5395,1.36794,63.7925,1.15916,180.042,0.686637,258.666,0.336868,298.494,1.14759,0.214742,0.421935,0.245299,0.466719
0.05871,0.698574,0.000365258,0.000333013,0.00050387,0.000731301,0.00105791,0.00145057,0.00258607,0.00485792,0.0108319,0.0331253,0.000142657,0.381558,0.890926,1,49.7593,0.311356,0.275433,28.7466,0.607537,62.4998,0.978098,178.849,0.475785,260.459,2.62407,299.393,0.71129,0.221913,0.426569,0.251809,0.5105
0.0543695,0.663862,0.000311377,0.000235667,0.000415423,0.000834827,0.00101085,0.00135166,0.00263446,0.00513277,0.0110844,0.0345435,0.000160393,0.481609,0.91273,1,60.9032,0.297908,0.261748,28.6763,0.567748,60.8457,1.66288,179.43,1.44759,259.051,1.23087,297.594,5.63261,0.224599,0.436508,0.253023,0.477354
0.0572831,0.648851,0.000327439,0.000177547,0.000368164,0.000796364,0.00111526,0.0015292,0.00272419,0.00555498,0.0116567,0.0365052,0.000133177,0.534118,0.89624,1,45.2827,0.290318,0.269758,28.7948,0.816244,61.3012,1.17111,178.925,1.71601,260.179,1.15029,297.752,1.09967,0.221062,0.410855,0.245971,0.459673
0.0569329,0.737384,0.000245535,0.000276734,0.000413415,0.000851752,0.00107826,0.00159153,0.00300973,0.00591748,0.01224,0.0384069,0.000141496,0.525624,0.905882,1,64.2133,0.297821,0.280512,28.1995,1.57681,63.3164,0.899489,179.857,1.4687,258.456,0.442152,298.272,1.68462,0.19848,0.417817,0.228242,0.454714
0.0570874,0.680207,0.000476111,0.000248408,0.000500134,0.000778561,0.00106436,0.00141935,0.00245499,0.00512179,0.011536,0.0339983,0.000161386,0.408191,0.940042,1,44.0154,0.275545,0.27169,28.4949,1.5442,63.1145,2.52921,180.31,0.837207,259.928,1.08689,297.121,1.29409,0.209496,0.41919,0.233663,0.484235
0.0477761,0.880596,0.000287348,0.000225646,0.000404955,0.000726287,0.00104622,0.00144044,0.00264714,0.0058361,0.0119103,0.0377136,0.000129348,0.482275,0.973692,1,66.8995,0.428355,0.274237,28.439,1.09931,63.8988,1.18045,177.915,1.50781,263.155,0.538152,297.744,0.526665,0.207879,0.431221,0.242364,0.529595
0.0634814,0.866473,0.000260686,0.000250162,0.000380157,0.000913276,0.00117744,0.00156414,0.00287799,0.0056012,0.012732,0.0364612,0.000133397,0.528391,0.925981,1,50.4552,0.330227,0.352025,28.5743,1.2061,64.055,0.804483,179.487,1.44543,264.603,2.59166,296.703,1.30498,0.222728,0.437744,0.276654,0.564431
0.065369,0.829412,0.000321255,0.000260853,0.000478366,0.000856344,0.00121298,0.00162184,0.00299979,0.00612967,0.0128122,0.0387357,0.000146781,0.485109,0.948187,1,43.9239,0.303102,0.354011,28.3327,3.1512,66.075,0.739697,180.982,1.11332,264.69,0.761936,297.514,4.37043,0.220073,0.435361,0.246523,0.560343
0.0678552,0.847038,0.000419051,0.000231206,0.000466463,0.000865812,0.00114684,0.00145034,0.0028686,0.00598771,0.0124401,0.0375614,0.000147958,0.46576,0.966278,1,55.8875,0.287125,0.370181,28.3463,1.18571,66.5705,0.571823,178.645,5.02047,265.168,0.632009,295.962,1.24936,0.207751,0.427271,0.265549,0.540866
0.0653072,0.843325,0.000473352,0.00032239,0.000624471,0.000987276,0.00127358,0.00168067,0.00326261,0.0068587,0.0141264,0.043663,0.000134317,0.455095,0.982453,1,52.7466,0.300644,0.361594,28.1865,1.33664,67.561,0.770725,179.126,1.59803,264.632,0.578567,295.485,2.73094,0.21172,0.420563,0.237078,0.501571
0.0617538,0.907377,0.000386056,0.00038657,0.000591128,0.00093229,0.00124728,0.0017206,0.00305879,0.00664006,0.0142098,0.0428228,0.000124292,0.40669,0.988185,1,54.114,0.342727,0.354907,28.4409,1.49145,67.4032,0.550159,179.007,0.870612,263.713,0.677631,293.924,1.27129,0.206036,0.433381,0.244041,0.500701
0.0667837,0.898737,0.000509667,0.000505468,0.000703071,0.00112792,0.00160005,0.00200518,0.00368518,0.00808134,0.0175905,0.0521977,0.000111541,0.4042,0.987973,1,49.7852,0.331197,0.385413,28.201,0.660919,65.2071,0.624288,179.176,1.28317,262.915,2.06706,294.845,2.48171,0.212684,0.429669,0.245842,0.494624
0.0747508,0.883504,0.000778869,0.000585752,0.00111513,0.00129931,0.00176193,0.00253138,0.00459742,0.00915126,0.0201337,0.0601761,9.34672e-05,0.322765,0.926456,1,49.913,0.311896,0.402251,28.7571,4.81164,65.1398,0.780725,180.296,0.500074,262.006,0.607814,296.33,1.13162,0.214243,0.427381,0.23074,0.477768
0.062065,0.86473,0.000391922,0.000406974,0.000756517,0.00103684,0.00145573,0.00184553,0.00324297,0.00649751,0.0137653,0.0427141,9.9774e-05,0.362576,0.896277,1,58.7312,0.400871,0.32324,27.9308,0.50935,64.4012,3.68684,179.332,2.27361,261.519,0.40066,297.895,1.57967,0.211412,0.423277,0.248215,0.4859
0.0532815,0.768812,0.000358238,0.000467368,0.000781749,0.00116472,0.00150274,0.00222214,0.00382131,0.00698531,0.0152336,0.0464132,9.04438e-05,0.379026,0.83293,1,49.843,0.392177,0.249616,29.0906,1.75135,62.9282,0.993111,178.851,0.721612,260.839,0.342836,296.336,1.35584,0.212643,0.411277,0.203089,0.408259
0.0521627,0.775537,0.000391034,0.00034082,0.000426461,0.000897692,0.00126838,0.00159496,0.00313336,0.0055601,0.0120132,0.0375158,9.57101e-05,0.454877,0.851638,1,55.2249,0.418236,0.254122,29.2119,2.6633,62.7399,1.17615,178.549,3.23956,260.72,0.403255,296.868,2.43088,0.217051,0.413539,0.230477,0.444154
0.0538289,0.762438,0.00024642,0.000237546,0.000314816,0.000883769,0.00113277,0.00163553,0.00310798,0.00600999,0.013123,0.0411185,0.000116686,0.630163,0.912708,1,49.4592,0.34679,0.283977,28.2962,0.547198,62.8949,2.7273,179.505,0.332624,259.809,0.726972,297.016,0.685573,0.21872,0.410599,0.247184,0.451656
0.0548734,0.746447,0.000231571,0.000263453,0.00035263,0.000857187,0.0011434,0.00168576,0.00301775,0.00604142,0.0130827,0.041191,0.000121387,0.617182,0.916207,1,47.1446,0.341989,0.286528,28.0618,0.402392,63.5955,5.09795,179.656,0.319033,260.136,1.08192,296.526,0.658883,0.219459,0.41213,0.24225,0.445492
0.052946,0.86203,0.000495763,0.000298896,0.00053307,0.00103752,0.00145706,0.00180706,0.0034106,0.00680764,0.0147469,0.0470522,7.25547e-05,0.465151,0.908208,1,57.8684,0.481628,0.282195,28.3188,0.767524,63.2275,0.804985,181.02,1.12059,260.58,1.39736,299.776,0.486302,0.200793,0.404842,0.226184,0.452006
0.0548751,0.855623,0.000252423,0.000308178,0.000440706,0.000875087,0.00114661,0.00168474,0.00306828,0.00617177,0.0133006,0.0409874,0.000132643,0.549316,0.947204,1,56.1531,0.343695,0.303529,28.2925,1.88618,66.5833,1.58954,178.639,0.610075,261.407,0.330491,299.136,0.808684,0.199338,0.415891,0.243518,0.492694
0.057601,0.781132,0.000439933,0.000317893,0.000512575,0.000922629,0.00130171,0.00166696,0.00305308,0.00602009,0.013102,0.0399848,9.78809e-05,0.45729,0.903483,1,51.2921,0.374164,0.295509,29.1162,1.68487,61.8653,0.655828,178.501,1.41855,260.314,1.86646,296.314,1.18365,0.224073,0.420451,0.261641,0.443474
0.0627141,0.674068,0.000445723,0.000293989,0.000630997,0.000735757,0.00102547,0.00133946,0.00244904,0.0052315,0.0114893,0.0357623,8.25723e-05,0.338304,0.996662,1,57.4033,0.320436,0.288399,26.8363,0.439425,64.4332,2.95648,181.191,1.45148,259.599,0.424877,298.198,1.20337,0.17755,0.358152,0.211649,0.443902
0.0564587,0.760335,0.000392963,0.000326831,0.00050842,0.000855336,0.00118566,0.00157004,0.00285006,0.00570047,0.0126958,0.0391489,8.40102e-05,0.451574,0.990499,1,47.2141,0.377901,0.285921,26.7149,0.447841,63.9327,0.523457,177.855,1.84901,262.298,1.95335,295.981,1.46061,0.174108,0.364963,0.19377,0.416146
0.063023,0.802951,0.000498785,0.000520739,0.000721626,0.000906281,0.00123612,0.00170809,0.0031833,0.00697743,0.01463,0.0444314,6.62141e-05,0.386948,0.98391,1,61.163,0.409044,0.32419,26.2356,0.309035,65.1328,0.791461,180.22,0.819504,261.362,0.629251,297.262,0.541473,0.180198,0.359864,0.215152,0.433902
0.0694523,0.79966,0.000599549,0.000671341,0.000785012,0.00101791,0.00148499,0.00210323,0.00358073,0.00790776,0.0169648,0.0526204,5.66124e-05,0.401916,0.994912,1,54.5007,0.373847,0.364317,26.8468,0.400953,65.2591,1.36893,181.678,1.03525,261.899,0.645637,295.879,0.646902,0.192118,0.365003,0.223893,0.40806
0.0754,0.887194,0.000860123,0.000613536,0.00118113,0.00166815,0.00216938,0.00274917,0.00536846,0.0109449,0.0248109,0.0765231,6.63518e-05,0.399113,0.99594,1,55.4048,0.348674,0.427209,26.558,0.355277,64.025,1.04435,179.088,0.817563,261.409,0.555196,295.978,3.2328,0.193359,0.381343,0.215719,0.412478
0.050248,0.660728,0.000276322,0.000174224,0.000288564,0.000885118,0.0011555,0.00151095,0.00279854,0.00612751,0.0135952,0.0447292,0.000112173,0.723404,0.965493,1,48.6192,0.320436,0.250078,26.6011,0.415503,63.7601,2.22636,178.038,1.70027,259.024,0.701385,300.104,0.455531,0.185085,0.359983,0.199575,0.420375
0.0444065,0.714186,0.000337151,0.000203229,0.000361757,0.000603364,0.000856168,0.0010754,0.00199673,0.00450792,0.00977033,0.0289274,0.000131932,0.45089,0.999388,1,61.0103,0.408552,0.228547,28.7281,0.751211,63.3157,1.16209,179.116,0.479536,261.103,1.36717,294.702,2.41345,0.206592,0.416489,0.240313,0.451807
0.0431399,0.806614,0.000168965,0.000205438,0.000315581,0.000676351,0.000877049,0.00128961,0.00236087,0.00499386,0.0110983,0.0352504,0.000126107,0.576042,0.996498,1,59.0657,0.431109,0.240282,28.2661,1.75465,64.8847,1.15241,177.569,3.59275,262.593,0.818575,299.594,1.41696,0.195186,0.402641,0.226172,0.500264
0.0555114,0.770446,0.000364703,0.000235573,0.00043123,0.00101963,0.00142177,0.00172501,0.00350611,0.00726098,0.0154806,0.0470564,0.000104958,0.563808,0.946515,1,62.4501,0.320749,0.292385,28.4463,1.2411,63.7148,1.88913,179.818,0.299971,258.998,1.06913,295.506,1.43909,0.200316,0.40565,0.216193,0.426523
0.0595737,0.793551,0.000300112,0.000258112,0.000435719,0.000856001,0.00121967,0.0016932,0.0030446,0.00619418,0.0136671,0.0418221,0.000101687,0.520667,0.923744,1,78.761,0.347207,0.305365,27.908,3.08842,65.4072,1.88531,179.811,0.460066,260.612,1.44531,295.673,1.62136,0.196307,0.393901,0.222907,0.434423
0.0584488,0.752963,0.000436252,0.000304422,0.000464093,0.000922095,0.00121015,0.00165177,0.00306917,0.00635739,0.0134703,0.0413254,0.000135226,0.493479,0.954803,1,44.2562,0.297865,0.304413,28.3346,0.77243,63.433,1.45982,177.985,1.18927,262.363,0.671684,297.289,1.45281,0.212632,0.413757,0.236176,0.477152
0.0637305,0.764516,0.00028926,0.000257101,0.000494002,0.000969918,0.00139487,0.00177331,0.00323569,0.00651215,0.0145464,0.0438206,0.000112367,0.518832,0.948068,1,37.0218,0.295601,0.334689,28.5806,0.812919,62.5004,1.51052,178.057,1.05835,262.397,1.66943,297.684,1.10559,0.214056,0.410316,0.238344,0.487733
0.0633556,0.754348,0.000390324,0.000266086,0.000470093,0.000887872,0.00123744,0.00158756,0.00314129,0.00616991,0.0133678,0.0408172,0.00011904,0.501762,0.914687,1,44.3327,0.307571,0.322462,28.4838,0.548574,62.6181,0.851681,178.71,3.36265,262.656,0.701916,297.553,1.50667,0.219024,0.416096,0.249826,0.482277
0.0623966,0.698011,0.000314207,0.000323517,0.000457269,0.000778361,0.00100939,0.00146829,0.00257522,0.00548092,0.0117961,0.0361533,0.000155755,0.438176,0.951076,1,80.1881,0.253586,0.29745,27.9335,1.02043,65.3887,0.611405,179.905,0.731741,259.072,1.37814,298.533,2.57061,0.193206,0.407019,0.227503,0.480004
0.0501939,0.76244,0.000438061,0.000465391,0.000721511,0.000828315,0.00121692,0.00159112,0.00288511,0.0061758,0.0137396,0.0432042,9.86225e-05,0.357906,0.99414,1,47.0209,0.393181,0.263473,28.4511,0.96688,62.2094,0.253393,178.602,2.20311,261.544,0.613415,295.651,0.635648,0.206953,0.407565,0.219248,0.439243
0.0565159,0.652979,0.000319122,0.000337189,0.000532167,0.000707383,0.00100111,0.00132734,0.00239626,0.00503589,0.0110291,0.0335583,0.000121749,0.406215,0.960239,1,80.7632,0.315656,0.262284,27.4115,0.455479,63.6329,0.312649,180.124,0.830786,263.351,0.352232,296.387,0.30452,0.200268,0.387077,0.203462,0.448279
0.0500163,0.853866,0.000445918,0.000409467,0.000619166,0.000999516,0.00133293,0.00186472,0.00333014,0.00712361,0.0156357,0.0494811,0.000110108,0.447693,0.968368,1,76.213,0.401196,0.28753,29.4864,2.68667,62.5969,0.321587,181.126,1.74639,259.867,0.380002,296.626,0.567427,0.2328,0.45276,0.251816,0.478958
0.0529712,0.858035,0.000410914,0.000358025,0.000616502,0.000915069,0.0013817,0.00180475,0.00335502,0.00656602,0.0142893,0.0461396,0.000115299,0.421364,0.933595,1,66.195,0.408283,0.295528,29.2133,1.10207,63.7955,0.272896,181.822,0.513509,260.086,0.613176,298.53,0.64823,0.239359,0.453407,0.273451,0.50068
0.0602504,0.885072,0.000417135,0.000361328,0.00053712,0.00113767,0.00142544,0.00197312,0.00364328,0.007564,0.0165131,0.0518276,0.000138055,0.534786,0.950465,1,53.9567,0.329707,0.356901,29.1907,0.924514,63.5742,0.276876,179.897,0.261473,260.555,0.813748,297.646,1.17696,0.241562,0.466815,0.284882,0.526576
0.0484123,0.603952,0.000245643,0.000202494,0.000346057,0.000643361,0.000913245,0.00128356,0.00234346,0.00508336,0.0113308,0.034804,0.000115835,0.56385,0.984004,1,59.2172,0.342368,0.227912,27.1613,0.382338,61.583,0.325561,179.267,4.43753,258.494,1.06781,297.934,0.919696,0.194981,0.378563,0.215408,0.414232
0.0541342,0.945159,0.000330045,0.000326528,0.000542901,0.00105029,0.0014759,0.00199385,0.00373373,0.00785996,0.0174731,0.0543117,0.000108037,0.54911,0.987035,1,76.0215,0.397473,0.337274,29.1455,2.71565,64.9569,2.27443,180.831,1.45887,262.446,0.96188,295.787,0.440163,0.228429,0.444685,0.251075,0.511594
0.0480123,0.647733,0.000288341,0.000175129,0.000321681,0.000637343,0.000877233,0.00125844,0.00221628,0.00481144,0.0105291,0.0315808,0.000140383,0.515736,0.974029,1,46.9488,0.335852,0.235591,28.3014,0.642686,60.9677,1.04503,178.619,0.74627,259.69,0.594248,298.313,2.43389,0.211287,0.406087,0.241135,0.47912
0.0511714,0.823679,0.000404764,0.000325051,0.000555196,0.000772883,0.00106845,0.00150579,0.00277378,0.00567611,0.0127348,0.0383943,0.000103702,0.45033,0.965677,1,69.8099,0.403329,0.273458,28.1499,0.950953,64.7135,2.07479,180.254,1.00338,261.643,1.68188,298.291,0.648709,0.196832,0.400703,0.229988,0.471748
0.0645695,0.644696,0.000342222,0.000309221,0.00040564,0.000972581,0.001385,0.00188344,0.0035384,0.00714387,0.016098,0.0485823,9.78139e-05,0.605444,0.933204,1,40.0288,0.272175,0.312001,27.6057,0.385449,60.4055,1.05227,179.633,1.16036,260.047,0.410259,296.514,2.87075,0.208386,0.383267,0.219526,0.416114
0.0492791,0.873352,0.000311307,0.000269698,0.000533585,0.000934,0.00133389,0.00180657,0.00346248,0.00659528,0.014595,0.0457114,8.6255e-05,0.485539,0.923897,1,68.2625,0.463585,0.266137,28.3854,3.14387,66.0011,1.63245,179.816,2.29274,260.791,1.27695,298.084,0.58629,0.191833,0.396333,0.215268,0.437334
0.047848,0.874997,0.000350987,0.000295487,0.000402454,0.000891191,0.00127626,0.00172408,0.00303738,0.00606804,0.0135802,0.0421712,0.000101638,0.513909,0.939751,1,60.9949,0.494086,0.267444,28.209,1.78082,66.5236,1.23361,179.712,1.26805,262.168,0.872073,298.114,0.920247,0.208944,0.413787,0.222888,0.48673
0.0521657,0.795304,0.000285818,0.000286141,0.000459133,0.000874228,0.00113098,0.00153206,0.00294254,0.0062394,0.0130534,0.040535,9.35012e-05,0.517452,0.974029,1,48.8912,0.406174,0.279051,27.7717,0.653826,64.5169,2.75506,179.586,1.49203,261.91,1.41997,295.065,1.38268,0.19643,0.391607,0.208729,0.428651
0.0551719,0.731875,0.000309086,0.000254081,0.000464525,0.000846977,0.00120301,0.00162849,0.00288871,0.00583886,0.0129815,0.0393299,0.000101161,0.512497,0.907015,1,65.8931,0.354684,0.266099,27.3295,0.489113,64.2418,0.395365,179.909,1.35092,257.801,0.5301,299.7,2.18472,0.189683,0.388108,0.221681,0.423638
0.0553339,0.769484,0.000279166,0.000398409,0.00055921,0.000715969,0.000963496,0.0013025,0.00242103,0.00511601,0.0111104,0.0325307,0.000151684,0.38751,0.979223,1,65.4109,0.345407,0.294515,28.3004,0.448137,62.3036,1.6573,180.292,0.689223,262.845,0.413014,296.52,0.775062,0.229435,0.446505,0.271705,0.534169
0.0513638,0.716506,0.000357637,0.000176074,0.000412649,0.000629226,0.000852802,0.0011423,0.00209547,0.00427687,0.00930379,0.028284,0.000157723,0.423971,0.953841,1,47.8945,0.365598,0.260053,28.6158,0.575164,61.3848,1.98486,178.321,3.02539,264.472,0.963903,298.708,0.509773,0.226335,0.43491,0.275168,0.542704
0.0512126,0.718595,0.000307856,0.000255723,0.000335763,0.000639966,0.000878682,0.0011849,0.00224103,0.00449701,0.00969346,0.029437,0.000187588,0.470156,0.948168,1,40.6993,0.339497,0.265489,28.6642,0.466456,61.6311,2.31697,177.458,1.67545,263.894,2.27077,297.113,0.465821,0.237062,0.449509,0.269906,0.541162
0.0507044,0.716095,0.000241557,0.000301833,0.000439688,0.000701974,0.000952898,0.00127367,0.0023238,0.00474337,0.0102813,0.031257,0.000196464,0.426866,0.917742,1,37.9984,0.332409,0.255577,28.5298,0.413228,60.6051,1.65179,177.396,1.20914,264.444,1.56149,296.699,0.414627,0.236638,0.449664,0.25467,0.530378
0.0492339,0.832276,0.000249758,0.000247049,0.000364825,0.000669781,0.000914884,0.00124074,0.00228204,0.00464818,0.0105329,0.0328959,0.000132089,0.475287,0.986191,1,82.1511,0.411997,0.277526,29.2258,0.863402,66.5805,1.30194,182.348,0.357263,259.395,0.672271,298.494,1.98094,0.229437,0.450939,0.292852,0.558941
0.0442967,0.781712,0.000497458,0.000414082,0.000537683,0.000818742,0.00106739,0.00148657,0.00278354,0.00618198,0.0128441,0.0402585,0.000151634,0.368672,0.990686,1,62.1279,0.409373,0.244716,28.8955,0.955096,61.6939,1.2404,183.434,0.264776,259.142,1.83103,297.046,0.953149,0.238758,0.465434,0.260706,0.484581
0.0509133,0.701389,0.000235366,0.000251205,0.000417845,0.000568683,0.000828248,0.00104589,0.00199648,0.00430762,0.00948005,0.0284961,0.000147078,0.391682,0.994121,1,61.5754,0.32918,0.257943,29.5642,1.57836,63.8334,1.79236,179.106,0.316829,259.894,1.23257,298.033,0.507238,0.220196,0.434271,0.278404,0.531609
0.0528219,0.724248,0.000211547,0.000311757,0.000460964,0.000680203,0.000967597,0.00124267,0.00230692,0.00508155,0.0109947,0.0328194,0.000144659,0.442096,0.997282,1,60.2806,0.31857,0.276793,29.2294,2.98978,62.5928,1.49247,178.818,0.280165,260.383,1.15048,299.263,0.494202,0.219789,0.431594,0.274497,0.530985
0.0547536,0.766097,0.000377357,0.000223452,0.000398422,0.000757464,0.000964835,0.00138664,0.00258047,0.00546765,0.0119684,0.0361639,0.000180588,0.480787,0.994657,1,73.5323,0.3057,0.300146,28.4676,0.649257,61.421,2.35749,177.902,0.264962,259.654,2.78041,298.021,0.513921,0.220791,0.45189,0.287744,0.537618
0.0465108,0.800619,0.000256164,0.000234048,0.000397433,0.00084081,0.00116496,0.00149362,0.0028673,0.00585545,0.0126619,0.0394129,0.000141272,0.516978,0.951023,1,50.1903,0.387097,0.257446,29.3999,3.68463,64.1227,1.4773,182.482,0.25291,261.163,0.399261,296.821,3.04407,0.232441,0.452608,0.244798,0.489877
0.0531637,0.746036,0.000290811,0.000216288,0.000352577,0.000732661,0.000975214,0.00137449,0.00248282,0.00504059,0.0109677,0.0340191,0.000173665,0.533013,0.948598,1,43.3296,0.307074,0.276868,28.5558,1.1531,64.2501,2.61657,180.867,0.250905,259.628,0.460923,295.26,0.671597,0.214966,0.440937,0.248223,0.488908
0.0562014,0.681444,0.000507859,0.000391011,0.000556074,0.00085094,0.00121072,0.00158285,0.00288909,0.00621767,0.0136954,0.0428771,0.000120056,0.37674,0.968069,1,68.2879,0.296297,0.278421,29.2691,1.47409,61.3953,0.910727,180.501,0.336428,259.253,0.366541,299.513,2.03142,0.223308,0.423628,0.244473,0.484122
0.0579476,0.65011,0.00039199,0.000434783,0.000521288,0.000713226,0.000964447,0.0013195,0.0024354,0.00489866,0.0108452,0.0331314,0.000175496,0.342051,0.951185,1,48.8444,0.274663,0.26921,27.8981,0.559903,63.5584,0.685479,181.408,0.810785,258.118,0.770163,297.676,1.89806,0.214922,0.424595,0.25395,0.468456
0.0582052,0.657472,0.000432363,0.000375605,0.000607931,0.00069842,0.000980829,0.00129505,0.00234368,0.004839,0.0106542,0.0326203,0.000167243,0.359548,0.966297,1,50.9423,0.271831,0.274624,28.004,0.692677,63.7856,0.582898,181.404,1.66409,257.675,0.686289,298.303,1.88592,0.216272,0.417804,0.258558,0.474033
0.0603604,0.685753,0.000660258,0.000425973,0.000634631,0.000767303,0.00116326,0.00144918,0.0027363,0.00564201,0.0121026,0.037375,0.000152028,0.360027,0.961873,1,50.4428,0.259542,0.28826,28.3518,0.674371,63.773,0.457008,179.369,1.96616,257.362,0.425616,298.473,1.11328,0.200186,0.419857,0.240655,0.476997
0.0577877,0.650301,0.00058954,0.000364962,0.000647675,0.000762512,0.00113262,0.00145675,0.00275757,0.00536143,0.011629,0.0361063,0.000121004,0.354005,0.934928,1,60.1028,0.290464,0.256271,27.4724,0.672375,64.2248,3.80682,178.593,0.306269,263.036,0.602475,297.61,1.3056,0.188195,0.374629,0.198589,0.40635
0.053127,0.79378,0.000255921,0.000293049,0.000437475,0.00078734,0.000974761,0.00136356,0.00251546,0.00526115,0.0113218,0.033812,0.000121376,0.453026,0.956311,1,70.1663,0.37682,0.276047,28.0954,1.95072,66.2866,0.652875,180.762,1.7393,261.886,1.34871,293.672,0.267865,0.20244,0.407539,0.226864,0.446248
0.0548229,0.82214,0.000308311,0.000193593,0.000442744,0.000879202,0.00115838,0.00156375,0.00277095,0.00584126,0.0124736,0.0387512,0.000113821,0.479841,0.948636,1,61.9232,0.362758,0.293171,28.5276,1.15916,66.1013,0.855434,180.296,1.16089,261.182,0.575314,293.6,0.254508,0.205566,0.417175,0.216857,0.465136
0.0538173,0.774354,0.000317279,0.000327988,0.000418859,0.000727283,0.00106667,0.00141635,0.00275112,0.00541368,0.0116267,0.0362967,0.000143499,0.452885,0.935713,1,52.4601,0.3341,0.275429,28.2702,1.144,65.1635,0.695819,179.688,1.58583,263.696,0.775675,294.003,0.253723,0.210308,0.41766,0.204635,0.463205
0.0529789,0.726152,0.000479543,0.000358146,0.000710035,0.00087337,0.00116019,0.0015592,0.0027334,0.00561268,0.0123987,0.037636,0.000129132,0.33099,0.929711,1,68.6088,0.333621,0.252461,28.1918,1.61525,64.5696,2.35513,178.168,0.83673,261.407,0.407661,298.041,0.25592,0.197667,0.40398,0.202513,0.462958
0.0519829,0.683021,0.000351716,0.000360408,0.000422403,0.000699385,0.000987435,0.00132657,0.00255617,0.00499173,0.0105266,0.0326218,0.000106727,0.428026,0.913958,1,69.9117,0.384281,0.242074,28.0739,1.02216,62.454,1.59755,178.208,1.08734,260.889,0.604041,297.58,0.25483,0.202705,0.391927,0.222788,0.443052
0.0590028,0.718105,0.000359361,0.000345474,0.000672495,0.000655843,0.000927199,0.00125541,0.00238052,0.00462237,0.0103689,0.0305921,0.000148896,0.309099,0.954769,1,46.9586,0.297102,0.284506,28.7484,1.14629,65.2381,0.897536,180.39,0.675402,263.315,0.450447,296.454,0.857248,0.213303,0.422001,0.236417,0.529899
0.0564887,0.660846,0.000619041,0.000420278,0.000668975,0.000892882,0.00125843,0.00178533,0.00314402,0.0063845,0.0142628,0.0446109,8.01677e-05,0.403285,0.917072,1,67.5773,0.340051,0.250418,27.3298,0.420931,63.7517,2.41121,179.929,1.12748,260.32,0.25966,299.773,2.90008,0.180121,0.365171,0.180744,0.402217
0.0617385,0.637322,0.000212002,0.000255265,0.000380326,0.000772916,0.00102701,0.00131867,0.00248941,0.00540436,0.0112735,0.034655,0.000124286,0.539017,0.964857,1,40.17,0.280153,0.282573,26.0901,0.368375,63.9205,0.699409,180.403,1.50683,256.029,0.352295,298.199,0.295664,0.180651,0.368869,0.21067,0.440491
0.0652406,0.695344,0.000549689,0.000347111,0.000640391,0.000946761,0.00132648,0.00182188,0.00330629,0.00693303,0.014933,0.0454989,8.85726e-05,0.402254,0.978895,1,52.6573,0.307225,0.315383,27.1033,0.435192,64.2085,2.09423,181.095,1.33795,260.323,0.71945,299.497,0.263883,0.197186,0.373423,0.218385,0.438898
0.0508395,0.734119,0.000242604,0.000257609,0.000453358,0.000731252,0.00102726,0.00136487,0.00249977,0.00515556,0.0113353,0.0349566,0.000109605,0.476255,0.950391,1,59.1568,0.364805,0.252419,28.22,1.83222,63.6516,1.11999,178.847,1.40398,261.15,0.333886,297.074,1.19274,0.193901,0.392425,0.212421,0.450788
0.0526356,0.780844,0.000279144,0.000293161,0.000407247,0.000787609,0.00110447,0.00147897,0.00265552,0.00556003,0.0125964,0.038874,0.000141259,0.484527,0.991149,1,53.2393,0.351856,0.290144,28.3647,0.7163,63.1053,1.59642,180.58,0.962487,260.814,1.24152,299.511,1.7518,0.226923,0.43354,0.271223,0.520766
0.0516488,0.81973,0.000281412,0.00021797,0.00039547,0.000753643,0.00107697,0.00136165,0.00255959,0.00558592,0.0119175,0.0367817,0.000116816,0.504204,0.977657,1,56.587,0.400207,0.28812,28.684,1.47029,62.8622,0.923325,180.142,1.38431,260.777,1.04634,296.991,3.15629,0.218233,0.431718,0.262084,0.526814
0.04792,0.770924,0.00022183,0.000235659,0.000394819,0.00077111,0.00100219,0.00144736,0.00266133,0.00548197,0.0119979,0.0363927,0.00013832,0.563485,0.947036,1,54.4523,0.380849,0.257522,28.2983,0.448726,63.4092,2.80564,179.915,1.21953,259.443,1.1226,297.758,1.02621,0.218377,0.426907,0.25074,0.474042
0.0504213,0.788097,0.000309494,0.000208039,0.000343709,0.00073159,0.00106081,0.00134128,0.00249904,0.00510471,0.0111901,0.0344016,0.000140167,0.480094,0.941441,1,59.7403,0.368858,0.267781,29.092,4.58934,63.676,1.57455,180.224,0.532194,260.724,1.77716,297.54,4.17544,0.222084,0.436217,0.26285,0.500927
0.0528867,0.634432,0.000267014,0.000205514,0.000356731,0.000629835,0.000915941,0.00119758,0.00220059,0.00456614,0.0100547,0.0303033,0.000123684,0.44646,0.960745,1,42.4634,0.336769,0.243399,27.2135,0.505732,62.1137,1.18973,180.588,0.399006,262.943,0.305187,299.312,0.480945,0.199603,0.381958,0.213363,0.477279
0.054569,0.669864,0.000242003,0.000239368,0.000338155,0.000632638,0.000894977,0.00119451,0.00226123,0.00480441,0.0101345,0.0316265,0.000155057,0.482618,0.984542,1,62.6407,0.299919,0.263811,27.0471,0.386392,64.6261,0.944872,178.874,1.86054,262.219,0.460142,298.349,0.354969,0.19722,0.389027,0.226109,0.485183
0.0539966,0.803288,0.000521826,0.000400094,0.000805078,0.001221,0.00158352,0.00222251,0.00414605,0.00834956,0.0187545,0.0613604,8.09073e-05,0.465399,0.973102,1,62.2211,0.35904,0.293348,28.9699,1.68875,64.3754,0.445806,179.484,2.26932,261.38,0.676478,296.117,1.75477,0.208508,0.39845,0.21008,0.410498
0.0573602,0.740278,0.000291374,0.000249209,0.000503825,0.000787497,0.00105968,0.00151927,0.00275191,0.00591145,0.0126416,0.0394205,0.000101967,0.476674,0.995809,1,47.5797,0.326133,0.291494,27.485,0.590621,65.2125,1.13828,178.088,0.470595,259.018,0.791705,298.257,0.963822,0.183398,0.378717,0.226601,0.433473
0.0575935,0.76378,0.000264958,0.000260432,0.000528936,0.000824154,0.00106013,0.00148871,0.00271611,0.00537325,0.0119004,0.0365486,0.000111426,0.431992,0.915263,1,63.1924,0.351197,0.289948,29.0562,1.10601,63.6219,0.963036,179.323,3.28949,263.003,1.17764,295.801,1.00026,0.217951,0.418942,0.244058,0.471022
0.0497591,0.662655,0.000246535,0.000312893,0.000364812,0.000805658,0.0010197,0.00145304,0.00261743,0.00561847,0.012498,0.0385732,9.13151e-05,0.555222,0.999842,1,46.0187,0.345824,0.2399,27.0854,0.805115,63.8567,1.9765,179.668,0.788361,261.74,0.257718,296.712,0.46032,0.175218,0.354258,0.176022,0.375781
0.0476617,0.764809,0.000340961,0.000218283,0.000375301,0.000744515,0.00108942,0.00139391,0.00266842,0.00579531,0.0126049,0.0395202,0.000105262,0.553418,0.999833,1,58.7761,0.433014,0.25678,26.8329,0.360155,64.5202,1.65639,178.287,1.52542,262.656,1.58076,297.364,0.357865,0.198324,0.379147,0.222844,0.43757
0.0612097,0.658131,0.000474013,0.000382136,0.000496787,0.000876143,0.00126147,0.00175482,0.00317321,0.00635775,0.0139251,0.043703,0.000171378,0.43691,0.964631,1,54.0686,0.225328,0.293614,28.5705,1.49407,65.1442,1.36063,180.6,0.295423,259.536,0.346226,296.291,2.50358,0.210605,0.416502,0.216776,0.433818
0.0599652,0.69169,0.00045642,0.000292105,0.000520972,0.000761266,0.00109527,0.00156539,0.00266239,0.00550423,0.0121739,0.0378366,0.000168427,0.42661,0.929189,1,45.1983,0.248564,0.282685,28.4661,0.997698,66.2442,2.46855,181.027,0.333883,260.28,0.378869,296.45,3.30667,0.202994,0.414512,0.21512,0.456164
0.048781,0.727143,0.000280185,0.000348946,0.000514031,0.000769618,0.00101405,0.00128125,0.00254982,0.00556834,0.0122683,0.0380439,0.000104433,0.43802,0.986452,1,66.1829,0.386554,0.252948,28.8823,4.34642,61.2477,0.811204,179.012,4.7076,258.851,1.30485,298.945,0.981809,0.212871,0.408147,0.255621,0.455692
0.0587289,0.693141,0.000369121,0.000224981,0.0005077,0.000779556,0.00110185,0.00157831,0.00275269,0.00594253,0.0123746,0.0382419,0.000135751,0.4475,0.990083,1,42.771,0.266469,0.285238,27.575,0.683477,64.6217,1.12857,179.255,0.416339,257.954,0.652181,299.104,1.40437,0.184078,0.387269,0.224105,0.436392
0.0427494,0.866057,0.000268061,0.000245891,0.00036929,0.000814383,0.00115877,0.00168625,0.00291189,0.00629527,0.0138962,0.0453478,9.07739e-05,0.589804,0.959766,1,60.8929,0.560322,0.250289,28.9922,0.623319,65.1847,1.49602,179.613,0.781922,262.557,1.674,296.823,0.830419,0.224266,0.419458,0.241856,0.464031
0.0669691,0.65693,0.000265829,0.000358904,0.000533293,0.000802294,0.00112315,0.0016331,0.00293639,0.00633905,0.0137107,0.0404832,0.000127088,0.465696,0.982629,1,44.407,0.24301,0.318238,27.5567,0.755939,63.5203,0.680884,179.424,0.595478,258.571,0.698981,298.781,1.76993,0.191959,0.387144,0.226647,0.43601
0.0426234,0.829213,0.000540933,0.00028946,0.000591292,0.00087501,0.00129377,0.00171392,0.00320717,0.0068583,0.0150292,0.0475412,0.000100744,0.463919,0.977511,1,46.9367,0.486187,0.241186,29.4047,1.39305,62.8774,0.703194,176.985,0.821596,260.959,0.382126,298.005,0.412786,0.215256,0.429578,0.2273,0.470489
0.0470217,0.872264,0.000413213,0.000569093,0.000695972,0.000942819,0.00132152,0.00171687,0.00301472,0.00673617,0.014892,0.0470145,0.000100786,0.380958,0.985394,1,45.4375,0.49394,0.274086,29.3797,1.42083,62.6419,0.690838,179.505,0.681559,263.476,3.46509,295.499,0.352119,0.236334,0.443655,0.253321,0.48763
0.0422016,0.851458,0.000439358,0.000290321,0.000568342,0.000845735,0.00116853,0.00153674,0.00277144,0.00588204,0.0134589,0.0415425,0.000102339,0.421449,0.994889,1,33.1469,0.543677,0.245569,29.4248,0.801141,61.9911,0.423638,178.774,1.28943,262.853,0.993265,296.061,0.411631,0.228617,0.443379,0.235855,0.487714
0.0471779,0.894767,0.000377147,0.00044544,0.000588512,0.000799001,0.00114172,0.0015479,0.00289632,0.00607284,0.0130318,0.0410329,0.000115079,0.425664,0.97121,1,64.6274,0.476699,0.272323,28.91,2.20477,63.5451,0.585519,176.887,0.478135,262.868,0.862332,294.673,1.29562,0.212511,0.435837,0.244866,0.485718
0.0538106,0.690626,0.000364999,0.000218865,0.000448629,0.000744418,0.000998311,0.00134223,0.00235041,0.00519837,0.0114759,0.0347333,0.000134631,0.460749,0.975014,1,53.7523,0.349202,0.280147,28.7453,0.359653,60.9542,1.69059,179.194,2.36321,260.158,0.636949,296.998,1.30986,0.24314,0.436285,0.285502,0.508334
0.055443,0.801056,0.000346666,0.000268395,0.000512199,0.000739144,0.00104048,0.00144109,0.00257449,0.00538558,0.0114311,0.0352586,0.000121381,0.38833,0.973816,1,62.9774,0.360995,0.292232,28.5039,1.91774,65.3039,0.428331,179.359,0.405418,261.783,0.89161,298.229,1.37624,0.209098,0.415741,0.251564,0.520003
0.0539604,0.645704,0.000233164,0.000177655,0.000340608,0.000722306,0.000988716,0.00135968,0.00252036,0.00473707,0.0102558,0.0301875,0.000149269,0.528272,0.86455,1,47.6649,0.311932,0.245625,28.611,0.519045,62.8107,1.58873,179.055,3.28948,259.824,0.58674,297.274,0.895611,0.219742,0.412801,0.238948,0.458209
0.055107,0.625906,0.000237532,0.000202513,0.000331474,0.000726231,0.000986864,0.00136536,0.00257498,0.00478552,0.010376,0.0303007,0.000152252,0.518657,0.84337,1,49.3314,0.305446,0.243517,28.5909,0.479651,63.1094,1.65397,179.161,3.4155,259.721,0.506678,297.567,0.658395,0.223732,0.413752,0.235892,0.461646
0.0555478,0.637547,0.000201885,0.000176786,0.000281331,0.000681104,0.0009474,0.0012518,0.00237569,0.0043476,0.00930979,0.0275552,0.00013639,0.52326,0.846654,1,38.0859,0.308911,0.24346,28.5935,0.524815,61.9492,1.10098,179.35,2.92225,259.432,1.18008,298.379,0.623934,0.207564,0.406389,0.234728,0.468534
0.0565697,0.638629,0.000211568,0.000159462,0.000321485,0.000706849,0.00101773,0.00127812,0.00251763,0.00454017,0.00970663,0.0284642,0.000154629,0.525075,0.837974,1,34.0559,0.292366,0.248531,28.5336,0.535303,61.5811,1.00233,178.201,3.25786,260.472,1.23224,298.603,0.636488,0.211482,0.409815,0.238664,0.459076
0.053559,0.642942,0.000214371,0.000169191,0.000270697,0.000644103,0.000923398,0.00116996,0.00219338,0.00427505,0.00904369,0.0269312,0.00013912,0.542896,0.869981,1,41.9951,0.337794,0.242504,28.1726,0.634727,61.7014,1.36847,178.222,0.940746,260.52,0.819639,297.893,0.680792,0.212417,0.403309,0.241303,0.488437
0.0551069,0.682425,0.000278703,0.000315207,0.000399404,0.000714668,0.000870388,0.00125862,0.00231425,0.0045982,0.00980488,0.0298321,0.000173369,0.39783,0.931412,1,64.3657,0.290289,0.260815,28.5519,0.735701,62.9933,0.865736,178.702,1.22833,261.405,0.526322,296.125,2.66339,0.211425,0.421309,0.245207,0.482553
0.0648728,0.756191,0.000513909,0.000521205,0.000858568,0.00119452,0.00145321,0.00209744,0.00381835,0.00726389,0.0156704,0.047028,0.000104258,0.339661,0.876948,1,49.317,0.296865,0.301091,28.0924,1.10393,63.6887,1.4417,178.883,1.9421,258.369,0.66792,296.563,0.476057,0.191639,0.394821,0.212741,0.402483
0.0595325,0.814938,0.000280263,0.000265385,0.000519611,0.000932664,0.00137301,0.00174194,0.00327171,0.00605518,0.0128808,0.0397772,9.53606e-05,0.496392,0.859214,1,60.0277,0.383071,0.29353,27.8184,0.731021,64.7962,1.15006,178.023,0.488537,264.113,1.04193,297.929,2.16195,0.196912,0.384177,0.215142,0.46287
0.0590636,0.784567,0.000311085,0.000224825,0.000379417,0.000903832,0.00114249,0.00162743,0.00294286,0.00566979,0.0121737,0.0359498,0.000128381,0.51289,0.874612,1,37.6678,0.317515,0.286785,27.6999,1.74387,66.2374,0.578502,177.305,1.67099,262.777,1.47993,296.227,0.982963,0.191389,0.38524,0.209988,0.435527
0.0550488,0.726909,0.000349061,0.000271216,0.00045863,0.000744208,0.00107325,0.00140442,0.00265692,0.00524483,0.0112389,0.0346291,0.000128721,0.440312,0.906764,1,79.4386,0.333875,0.268815,28.7522,0.890476,62.5251,0.734834,179.382,0.935128,262.02,0.37768,296.877,1.32892,0.218351,0.416571,0.244056,0.461749
0.0595362,0.722284,0.000301425,0.000312648,0.00045502,0.00124595,0.00154912,0.00221701,0.00423747,0.007932,0.0168516,0.052855,8.52889e-05,0.572766,0.858308,1,62.2024,0.328274,0.280242,27.3141,0.567124,63.5369,1.82474,180.201,0.420699,263.136,0.405211,295.007,0.27717,0.193165,0.374231,0.162801,0.3746
0.0587092,0.738046,0.000250798,0.000199773,0.000369151,0.000876292,0.00122799,0.00165471,0.00301176,0.00582543,0.0127813,0.039661,9.24325e-05,0.543206,0.893909,1,78.0738,0.350351,0.286987,28.0579,0.614286,62.8936,1.38096,178.032,1.24335,261.575,0.376762,297.03,0.260847,0.198298,0.390167,0.209411,0.450593
0.0551058,0.708819,0.000295288,0.000258237,0.000394043,0.000865608,0.00105954,0.00144537,0.00278743,0.00543077,0.0116201,0.0353055,0.000135434,0.510139,0.890652,1,66.4998,0.297852,0.257931,28.2074,1.3355,64.0272,1.33242,178.531,2.01105,262.518,0.465856,298.038,0.373846,0.190013,0.395262,0.188563,0.46359
0.0574979,0.710068,0.000186517,0.000173557,0.000302377,0.000723433,0.00104481,0.00140935,0.00250175,0.00484513,0.0102981,0.0316928,0.000159154,0.565895,0.862912,1,56.8584,0.284507,0.269987,28.5315,1.81265,63.955,1.07743,175.962,1.95071,260.92,0.286358,298.92,0.407017,0.198843,0.407423,0.232077,0.477887
0.0573534,0.706605,0.000299539,0.000220606,0.000374894,0.00096493,0.00121352,0.00166461,0.00325815,0.00605086,0.0132554,0.0396576,0.000109941,0.558375,0.844083,1,61.527,0.335221,0.266502,27.8776,0.708714,63.0294,1.40101,181.97,1.07059,260.837,2.00671,296.927,2.87961,0.206588,0.398709,0.205279,0.420217
0.0516156,0.788684,0.000383312,0.000288003,0.000473656,0.000885947,0.001147,0.00155839,0.0029578,0.00626143,0.0138693,0.0425613,8.67671e-05,0.531529,0.976647,1,48.5513,0.394373,0.273918,27.9528,0.716942,64.2769,2.30419,177.374,1.55688,260.975,0.467764,298.601,0.68218,0.184704,0.380076,0.210403,0.438976
0.0562187,0.703439,0.000327246,0.00024142,0.000419198,0.000906878,0.00125101,0.00170153,0.00327432,0.00681673,0.0149888,0.0465598,9.23734e-05,0.609716,0.966661,1,57.5971,0.312585,0.281657,27.4237,0.489934,63.9262,0.659295,180.701,0.300538,259.671,0.370761,297.158,2.97999,0.184603,0.373615,0.193382,0.390983
0.0598176,0.733943,0.000259358,0.000242097,0.000388908,0.000864081,0.00117492,0.0015882,0.00291375,0.00635459,0.0137549,0.0431979,0.000112198,0.572196,0.996023,1,64.15,0.30498,0.314003,27.0731,0.46141,64.3384,0.736824,183.01,0.310147,258.028,3.65708,298.276,0.818128,0.201469,0.392963,0.237556,0.466367
0.0549285,0.717563,0.000387636,0.000280593,0.000468782,0.00086551,0.00116087,0.00161123,0.00294481,0.00637583,0.0139924,0.0424063,0.000107795,0.55637,0.962499,1,53.25,0.315067,0.279512,28.1047,0.699207,63.8765,0.839621,180.19,0.413535,258.799,0.291446,297.738,2.25507,0.200522,0.395713,0.218001,0.450618
0.0576071,0.765367,0.000432386,0.000252878,0.0004444,0.000941721,0.00128542,0.0017475,0.00317243,0.00673712,0.0149807,0.0448047,0.000112418,0.504021,0.981487,1,52.1143,0.30869,0.302276,27.9154,1.42482,64.3127,0.969638,180.637,0.306431,259.44,0.350501,298.908,1.01112,0.195021,0.401,0.225353,0.43528
0.0447687,0.741951,0.000319799,0.000198346,0.000379086,0.000664861,0.000888315,0.00125052,0.00230464,0.00488532,0.0106375,0.0329756,0.000208358,0.506512,0.963732,1,72.1608,0.341373,0.245426,29.8657,0.867491,64.167,1.99932,179.09,1.58828,260.396,0.928544,296.725,1.59911,0.252336,0.472211,0.276994,0.528428
0.0471692,0.711085,0.000180131,0.000253075,0.000360163,0.0005983,0.000835228,0.00109523,0.00203778,0.00430812,0.00952303,0.0288743,0.000177376,0.487714,0.972993,1,61.8006,0.374011,0.252138,29.1725,1.18453,59.7409,0.784635,181.197,0.786018,260.323,1.9845,297.029,1.79487,0.249104,0.465631,0.297952,0.565131
0.0450672,0.780659,0.000371272,0.000193498,0.000371842,0.000719182,0.000909949,0.00123171,0.00233086,0.00500138,0.0107817,0.0338701,0.000174253,0.499816,0.982069,1,53.6276,0.390477,0.255344,29.4732,0.481946,63.864,0.324462,180.12,0.388964,258.943,1.22017,299.408,1.42808,0.250637,0.469354,0.306312,0.551384
0.06238,0.728983,0.000755039,0.000416954,0.000759304,0.000962785,0.00140939,0.00184592,0.00337699,0.00713527,0.0151982,0.0452128,0.000100028,0.381781,0.951688,1,58.3882,0.292213,0.302355,28.1978,2.68889,64.799,7.20719,177.957,3.31329,261.211,0.600873,295.897,0.882401,0.190238,0.385273,0.204295,0.399744
0.0622196,0.746019,0.000453316,0.00072005,0.000889093,0.000965261,0.00126874,0.00174919,0.00318504,0.00613368,0.0135721,0.043369,0.000121133,0.31234,0.928579,1,48.3407,0.293177,0.298078,28.0859,0.931642,63.8034,0.434868,178.304,0.949122,261.608,0.309165,297.003,1.59598,0.193837,0.402307,0.220277,0.424026
0.0592286,0.828319,0.000751008,0.000405932,0.00077055,0.00105398,0.00147038,0.00196281,0.0035229,0.00712606,0.0149892,0.0481982,9.93342e-05,0.378672,0.923075,1,43.0669,0.34161,0.304248,28.5721,1.99988,66.2268,0.353,181.547,0.74414,262.734,0.259026,299.678,0.368692,0.199364,0.408284,0.201342,0.485904
0.0530715,0.67763,0.000476012,0.000292123,0.00043022,0.000694386,0.000996246,0.00133218,0.00236147,0.00536832,0.0112668,0.0352928,0.000142298,0.415889,0.990222,1,69.0851,0.327049,0.26633,27.8723,0.520757,60.0626,0.986629,178.019,2.46112,261.352,0.531532,296.409,2.50632,0.216853,0.416235,0.24516,0.473296
0.0651243,0.796188,0.000509065,0.000581865,0.000760095,0.00101208,0.00135979,0.00177627,0.00345044,0.00667567,0.0151174,0.0456845,0.000114353,0.337854,0.948196,1,46.5067,0.296794,0.330707,28.2046,1.14665,64.5219,2.60859,177.92,0.755586,261.697,0.928236,298.959,0.494958,0.195607,0.40726,0.227077,0.489692
0.0598691,0.720916,0.000467688,0.000494957,0.000754542,0.000814857,0.00113895,0.00158837,0.0027449,0.00589445,0.0125716,0.0385082,0.000114389,0.291218,0.973849,1,57.3802,0.306375,0.293003,28.4782,1.27266,63.9357,2.99009,178.85,1.21246,260.746,1.79315,299.106,0.512734,0.206573,0.403075,0.24496,0.483494
0.060137,0.711565,0.000491615,0.000663117,0.000759507,0.000820306,0.00113111,0.00156246,0.00268839,0.00579459,0.0123252,0.0382378,0.000110399,0.336329,0.95836,1,57.3285,0.303184,0.289097,28.4542,1.32341,63.8363,3.38228,178.602,1.04475,260.651,1.169,298.876,0.712996,0.199879,0.396618,0.237621,0.463367
0.0686577,0.833566,0.000364386,0.000284684,0.000487218,0.00114012,0.00156221,0.00205005,0.0039485,0.00760541,0.0169659,0.051993,0.000105173,0.571446,0.894119,1,56.1059,0.300571,0.363891,28.2032,2.00874,64.7987,0.792787,179.11,2.37389,259.144,1.23156,296.729,2.37156,0.204778,0.409168,0.238398,0.441075
0.0489132,0.743909,0.00026561,0.00025291,0.00034171,0.000742924,0.00100174,0.00135796,0.00255926,0.00523545,0.0112684,0.0356073,0.000120758,0.533016,0.951698,1,57.1431,0.373324,0.250486,28.0931,1.29191,63.2277,2.60347,179.864,0.802325,261.42,0.353944,296.828,0.675681,0.199756,0.403092,0.212872,0.448005
0.0456049,0.749038,0.000324416,0.00026451,0.000438359,0.000851679,0.00116563,0.00161176,0.00293752,0.00596566,0.0131883,0.0427319,0.000100556,0.503875,0.951922,1,60.5292,0.417527,0.237684,28.765,1.42642,63.5023,1.7791,180.231,0.543111,262.869,0.353967,295.072,0.956367,0.213283,0.40568,0.197389,0.424586
0.0503683,0.80509,0.000294138,0.000254867,0.000417059,0.000899483,0.00114908,0.00155613,0.00288514,0.00620962,0.0133968,0.0432752,0.000134973,0.534348,0.986642,1,60.392,0.350877,0.278721,28.0972,1.20978,64.8885,2.53979,179.579,1.86649,262.516,0.277035,297.358,0.474001,0.205335,0.417043,0.210589,0.487643
0.0431938,0.797575,0.000355985,0.000293648,0.00050984,0.000977957,0.00136709,0.00180385,0.00341296,0.00722835,0.0163466,0.0519689,9.36235e-05,0.551631,0.960406,1,45.4578,0.466943,0.242682,29.3211,2.0139,60.8466,1.39343,178.851,0.831259,260.175,1.13538,297.339,1.98707,0.222344,0.426029,0.232675,0.432642
0.0500898,0.79186,0.000258415,0.000235535,0.000363979,0.00078067,0.00106151,0.0014753,0.00274296,0.00603251,0.0128824,0.0407898,0.000171278,0.581663,0.998687,1,61.1461,0.315781,0.284809,28.6291,1.40107,64.2806,0.656744,179.965,3.02804,259.875,1.19336,297.589,1.28565,0.219639,0.442711,0.25492,0.503144
0.0497194,0.719998,0.000213325,0.000219165,0.000331956,0.000768071,0.00102005,0.00138966,0.00256399,0.00565626,0.0125034,0.037633,0.000130228,0.584203,0.984084,1,74.7218,0.344339,0.264241,28.217,0.563162,61.9945,1.50468,181.083,0.576177,259.408,0.957369,298.884,1.42405,0.213886,0.41813,0.25106,0.479552
0.0538082,0.727903,0.000361956,0.000291767,0.000522059,0.000733332,0.00101805,0.00136236,0.00259381,0.00539489,0.0116556,0.0372541,0.000118346,0.426995,0.989443,1,48.202,0.325964,0.270825,28.0713,0.944656,65.0277,0.542619,178.737,1.5166,261.45,1.61344,295.808,0.427709,0.195259,0.390734,0.213605,0.448376
0.0558711,0.704274,0.000330431,0.000302044,0.000440169,0.000803646,0.00113947,0.00148987,0.00273402,0.00591618,0.0130053,0.0392119,0.000133197,0.506656,0.989913,1,53.3384,0.279325,0.280928,28.0686,2.03331,63.7171,0.410928,179.027,1.96108,259.446,0.893719,296.002,0.467417,0.190285,0.397239,0.216094,0.410085
0.0569418,0.694428,0.000378699,0.00022078,0.000453853,0.000792924,0.00103681,0.00148979,0.00268508,0.0057306,0.0126298,0.0384229,0.000110084,0.483744,0.974962,1,40.6823,0.314943,0.284877,28.2569,0.578304,61.7244,1.04397,178.304,1.00104,260.827,1.60142,296.665,2.13401,0.204348,0.398799,0.233358,0.453909
0.06566,0.745071,0.000395577,0.00050037,0.000574511,0.00122756,0.00154552,0.00201594,0.00379369,0.00807769,0.0175604,0.0570563,0.000105031,0.476614,0.971731,1,53.2093,0.275934,0.337978,27.7986,0.77545,64.7995,4.06941,180.85,2.32345,260.048,0.99349,298.054,0.702181,0.203335,0.3945,0.21636,0.431086
0.0548652,0.769428,0.000448578,0.000342194,0.000474853,0.000782021,0.00117215,0.00162228,0.00292814,0.00597071,0.0130823,0.0395458,8.81496e-05,0.454258,0.968328,1,55.7753,0.373105,0.274693,27.209,0.973778,65.1833,0.518087,180.202,0.63484,260.513,0.277793,295.667,2.07384,0.173591,0.373298,0.187591,0.399676
0.0512894,0.751082,0.000389745,0.000440827,0.000675008,0.000978619,0.00130802,0.00173151,0.00322505,0.00676069,0.0143902,0.0465836,0.000101879,0.425783,0.953139,1,53.3163,0.352179,0.260417,28.795,2.21213,65.1428,0.774388,180.276,1.62189,260.258,0.483237,297.998,0.642178,0.205608,0.404647,0.206685,0.436011
0.0500026,0.757262,0.000330068,0.000223468,0.000438774,0.000748519,0.000975318,0.00132366,0.00247342,0.00520238,0.0115415,0.0347346,0.000111836,0.461995,0.981805,1,47.8884,0.387781,0.260667,28.1906,1.47152,62.585,2.76061,179.173,0.705685,260.299,2.00428,296.419,0.604394,0.199321,0.407869,0.229765,0.462899
0.0520555,0.779589,0.000284022,0.000282986,0.000449512,0.000743128,0.00113063,0.00148212,0.00273922,0.00561456,0.0118646,0.0356733,0.000134584,0.493395,0.928842,1,59.861,0.344264,0.269224,28.7334,1.86693,63.6803,1.20965,176.922,2.37298,260.657,0.822922,296.694,2.9314,0.203555,0.42105,0.226431,0.484519
0.0644932,0.699628,0.000295999,0.00027205,0.000458758,0.0011335,0.00160433,0.00211551,0.00395333,0.00769102,0.0161728,0.051777,8.30176e-05,0.575537,0.899537,1,44.9513,0.311439,0.310274,27.1993,0.33638,63.4582,0.595204,181.693,0.433458,258.882,1.19525,297.681,0.379112,0.202846,0.376977,0.205287,0.422465
0.061148,0.7533,0.000361747,0.000318879,0.000528933,0.00114344,0.00159699,0.00219603,0.00396827,0.00760215,0.0168703,0.0517249,8.05572e-05,0.541181,0.890077,1,43.863,0.335024,0.297686,27.3226,0.434908,63.9072,0.978073,180.226,0.511542,259.493,2.26924,299.39,0.433735,0.189449,0.373068,0.205677,0.397898
0.0474266,0.706544,0.000201472,0.000157485,0.000292113,0.000650342,0.00084991,0.00118819,0.00217486,0.00451915,0.00974158,0.0290528,0.000158329,0.557083,0.90505,1,71.9527,0.355451,0.23362,28.8089,3.03776,62.9866,1.30194,177.867,1.58801,261.974,0.312544,296.526,0.492477,0.212991,0.421927,0.227521,0.479067
0.052288,0.77078,0.000197733,0.000261343,0.000374285,0.000738481,0.00104876,0.00139127,0.00252726,0.00527656,0.0112576,0.0342436,0.00012161,0.505033,0.921385,1,64.4664,0.40562,0.272559,28.2115,0.446134,63.0931,0.647834,179.632,1.28307,264.407,0.38877,296.101,0.867732,0.226509,0.422374,0.239797,0.496698
0.0476593,0.756946,0.00019701,0.000243164,0.000357135,0.00076218,0.00102104,0.00139343,0.00256238,0.00570631,0.0125384,0.0376934,0.000184908,0.558172,0.98963,1,52.8948,0.313379,0.265577,29.2439,2.07519,62.3096,1.74594,177.319,1.06633,259.652,0.905972,297.989,1.58932,0.226151,0.447041,0.265685,0.504175
0.0454073,0.796251,0.000300285,0.000162392,0.000321574,0.000783042,0.00108214,0.00147476,0.00283788,0.0056038,0.0122298,0.0394111,0.00012998,0.604209,0.914904,1,55.7064,0.4304,0.251167,29.107,0.677729,60.9417,1.2808,181.405,1.0999,261.7,1.46226,296.907,0.436803,0.236107,0.447807,0.251635,0.508242
0.0516193,0.702368,0.000461195,0.000291132,0.000480489,0.00058845,0.000799635,0.0010769,0.00204534,0.00416071,0.00884438,0.0275918,0.00014292,0.342861,0.995648,1,61.5396,0.336272,0.250586,28.0089,2.16178,64.6709,0.681467,178.618,1.3738,259.928,0.620969,298.564,0.946951,0.1951,0.405646,0.238072,0.510897
0.0523149,0.776916,0.000469065,0.000668174,0.000906689,0.000795303,0.00108727,0.00144643,0.00260605,0.00563288,0.0124703,0.0378317,0.000151181,0.269638,0.981359,1,49.8607,0.312836,0.270053,29.0981,1.73792,64.1884,1.09107,179.471,1.30118,261.471,1.88648,296.387,2.13985,0.20981,0.430044,0.230273,0.477771
0.0544534,0.761811,0.000247537,0.000336144,0.000482624,0.000708675,0.00098845,0.00129675,0.00233361,0.00479259,0.0101891,0.0302257,0.000176663,0.373389,0.912825,1,58.824,0.344221,0.273267,28.3685,0.666594,62.8461,2.19798,178.805,0.831942,260.437,0.390313,298.51,0.559762,0.227612,0.451701,0.271439,0.528757
0.049957,0.821307,0.000300536,0.000258276,0.000448989,0.000782157,0.00111788,0.00152905,0.00273273,0.00555155,0.01208,0.0358874,0.000139271,0.500386,0.918878,1,53.6137,0.390689,0.269168,28.8451,2.86005,64.2744,0.855641,181.881,0.355999,262.275,2.75779,297.45,2.62468,0.226923,0.443234,0.237216,0.514683
0.0497668,0.795018,0.000204561,0.000209732,0.000333376,0.000654472,0.000855447,0.00119574,0.00234458,0.0045733,0.0099867,0.03038,0.000153262,0.52647,0.9522,1,47.6193,0.381727,0.271091,28.912,1.03709,64.1627,1.65353,181.723,0.365101,261.772,0.781528,295.421,0.410921,0.228896,0.450378,0.269501,0.516981
0.0522838,0.720074,0.000523884,0.000368029,0.000691362,0.000787128,0.00112495,0.00145726,0.00252441,0.0054871,0.0116383,0.0359097,0.000111951,0.338343,0.965688,1,46.6792,0.373093,0.253001,27.6211,0.650233,64.5166,0.570117,180.17,0.479166,257.28,1.04155,301.406,0.698785,0.197849,0.39027,0.241269,0.455861
0.0577253,0.722166,0.000461279,0.000476241,0.000678882,0.00076591,0.00098047,0.00141932,0.00258666,0.00520362,0.0113834,0.0348511,0.000122571,0.33794,0.972151,1,50.5472,0.310611,0.279526,28.0682,0.759119,66.2496,0.378898,181.278,0.551081,257.054,4.73991,299.748,0.378246,0.196894,0.404007,0.240707,0.486952
0.0607195,0.601153,0.000352578,0.00041553,0.000527341,0.00069337,0.00100411,0.00126072,0.00237252,0.00501518,0.0108353,0.0331977,0.00012701,0.360169,0.973215,1,89.9179,0.267941,0.271473,28.0372,1.07434,60.6738,6.21488,178.043,1.0591,261.191,0.275815,297.055,3.35425,0.198649,0.390801,0.223467,0.442453
0.0542931,0.675669,0.000330697,0.000238447,0.000391814,0.000797356,0.00105705,0.00144818,0.00274025,0.00544173,0.0117954,0.0368081,9.20539e-05,0.506221,0.920689,1,79.9717,0.343307,0.245443,27.0686,0.480786,68.2865,0.362614,182.277,0.688809,259.515,0.558076,296.337,0.337658,0.181281,0.357003,0.180522,0.384299
0.0574773,0.732428,0.000348657,0.000294668,0.00045908,0.000737526,0.000997824,0.00137592,0.00264253,0.00543562,0.0117335,0.0356805,9.79879e-05,0.469958,0.983985,1,92.9493,0.341159,0.288614,27.628,0.687365,64.7559,6.63802,179.201,1.26727,260.656,1.35626,297.932,3.67162,0.191505,0.382131,0.231588,0.455729
0.0550598,0.662729,0.000378515,0.000376,0.000529172,0.000786755,0.00107952,0.00143967,0.00268527,0.00549195,0.011983,0.0378247,0.000115157,0.381456,0.981126,1,48.3185,0.328298,0.270375,28.4741,0.495761,62.4116,0.349471,180.276,0.951637,260.478,0.600826,298.098,0.511429,0.224076,0.411336,0.247911,0.467209
0.0531098,0.709649,0.00030962,0.00024882,0.000424945,0.000797325,0.00110258,0.00148596,0.00273252,0.00578139,0.0122422,0.0374655,0.000130552,0.467958,0.970742,1,57.7447,0.341454,0.2739,28.139,0.58057,61.3421,0.410097,179.854,1.13374,261.499,0.749808,298.454,0.463427,0.224637,0.419705,0.250167,0.481795
0.0485549,0.757073,0.000288118,0.000326612,0.000542175,0.000719374,0.000917922,0.00125881,0.00230422,0.00493618,0.0105803,0.0332348,0.000126306,0.400379,0.992026,1,68.244,0.383634,0.253722,28.8954,2.06644,64.9227,1.69809,179.263,1.52531,260.705,0.627406,297.931,0.397844,0.210283,0.419538,0.242379,0.514612
0.0535545,0.78484,0.000364796,0.000374917,0.000596414,0.000833214,0.00107907,0.00143856,0.00273156,0.00574474,0.0122766,0.0388087,0.000152291,0.397808,0.966778,1,76.1867,0.333673,0.284552,28.6858,1.24881,64.3023,1.22707,179.949,2.67483,260.188,0.720411,299.369,0.424674,0.222209,0.438149,0.264237,0.519089
0.0490652,0.783296,0.000330119,0.000349545,0.000472989,0.000765408,0.00112517,0.00144985,0.00269456,0.00567315,0.0125515,0.0383438,0.000141418,0.434762,0.956932,1,54.8825,0.391597,0.261677,27.9934,0.452301,62.6433,2.08022,179.816,0.259999,258.751,0.557656,296.644,2.75106,0.219817,0.435337,0.259735,0.465678
0.0464358,0.797881,0.00037921,0.000236262,0.000431644,0.000674598,0.000881886,0.00117865,0.00224907,0.0046628,0.0101421,0.0315056,0.000126996,0.425879,0.99096,1,66.3217,0.449577,0.250899,28.0467,0.771912,64.295,4.9094,179.06,0.272077,260.126,0.400569,297.369,0.709755,0.210786,0.420475,0.259488,0.505824
0.0486172,0.805284,0.000422132,0.000270829,0.000407822,0.00065813,0.000870757,0.00117395,0.00222008,0.00464841,0.0101536,0.0314473,0.000125679,0.431763,0.984134,1,71.8034,0.417374,0.261368,28.3644,0.751801,63.8943,3.00661,180.118,0.270122,260.451,0.530371,296.867,0.756609,0.204362,0.425685,0.261094,0.501893
0.0491422,0.796426,0.000298334,0.000147621,0.000310417,0.000856133,0.00109879,0.00148261,0.00275432,0.00590503,0.0126995,0.0395342,0.000138134,0.647345,0.935914,1,42.0947,0.362219,0.269707,28.1469,1.26242,62.545,0.899234,179.528,5.24083,260.351,0.57006,297.518,0.969585,0.210146,0.419881,0.234482,0.496082
0.0463964,0.85454,0.000222362,0.000175073,0.000296692,0.000871787,0.00114694,0.00146917,0.00293298,0.00590535,0.0125234,0.039366,0.000114389,0.687083,0.920787,1,42.0637,0.431408,0.264044,28.7662,2.22751,65.5871,2.64115,181.377,1.34608,259.816,0.565142,298.892,1.50696,0.214191,0.419286,0.253555,0.472004
0.0558417,0.835192,0.000313211,0.000261112,0.000390404,0.000844943,0.00118118,0.00160009,0.00309794,0.00617109,0.0137247,0.0420671,9.52326e-05,0.540244,0.965407,1,71.8778,0.383233,0.307493,27.9577,0.801861,64.1927,0.753364,179.232,0.46053,259.876,1.23729,296.797,1.08282,0.198485,0.401161,0.243384,0.468962
0.055608,0.821615,0.000361808,0.000284781,0.000414196,0.000881154,0.00121996,0.00168667,0.00327124,0.00648936,0.0145044,0.0444919,0.000105118,0.544233,0.97578,1,75.6081,0.367719,0.308225,27.7367,0.631337,63.1482,0.685457,179.106,0.404758,260.114,1.40785,296.552,1.03557,0.201374,0.405631,0.242162,0.457312
0.0562474,0.777088,0.000385119,0.000347486,0.000517398,0.000787568,0.00107373,0.00142202,0.00275192,0.00548553,0.0119503,0.0378739,0.000107769,0.439942,0.980342,1,61.1498,0.364919,0.298752,28.3694,0.806893,62.6827,2.01171,179.617,2.33714,261.759,0.456726,298.359,1.639,0.212351,0.416641,0.256347,0.508876
0.0565916,0.770689,0.000314389,0.000439325,0.000660792,0.000836493,0.00110765,0.00151586,0.00296047,0.00603978,0.0126498,0.0409967,0.000109649,0.366161,0.98844,1,56.5452,0.345101,0.296922,28.524,0.826985,62.8511,1.0545,179.847,3.83666,260.881,0.580701,298.37,1.506,0.210219,0.415485,0.25086,0.495141
0.0552621,0.857662,0.000533196,0.000419114,0.000658361,0.000960173,0.00130834,0.00168523,0.00309093,0.00652153,0.0142221,0.0447532,0.0001222,0.388476,0.95708,1,56.655,0.382759,0.302544,27.9324,0.511384,64.5966,2.53252,179.819,1.56583,258.599,0.27129,296.45,4.24935,0.209741,0.430803,0.248372,0.468093
0.0518653,0.83315,0.000544868,0.000445358,0.000760965,0.000996788,0.00130359,0.00173678,0.00317813,0.00668131,0.0149823,0.0460958,0.000122765,0.392484,0.988338,1,62.2273,0.375055,0.286795,28.049,0.571159,65.8675,3.41512,179.711,2.25657,258.83,0.264423,296.856,3.7895,0.209628,0.428974,0.229123,0.474145
0.0567539,0.845837,0.000567692,0.000471406,0.000628276,0.000895716,0.0011764,0.00160013,0.00292831,0.00637058,0.0136129,0.0435296,0.000110495,0.410839,0.979017,1,59.1033,0.358239,0.308735,27.9751,1.1398,65.2648,2.34203,181.586,2.0459,259.462,0.387829,298.996,1.11435,0.197642,0.41285,0.251166,0.474411
0.0456886,0.724759,0.000225861,0.000184672,0.000292802,0.000599623,0.00081315,0.00111829,0.00203413,0.00442138,0.00993468,0.029789,0.00017192,0.530215,0.998501,1,50.2925,0.337676,0.240306,28.4148,2.34804,62.2692,0.736809,181.678,0.265959,259.248,0.871883,297.325,1.18372,0.206689,0.429306,0.248319,0.505884
0.0537709,0.713024,0.000255606,0.000199924,0.000426149,0.000703495,0.000952104,0.0012614,0.00243949,0.00505525,0.010697,0.033404,0.000154779,0.483806,0.961031,1,58.4942,0.3014,0.271307,29.1076,1.27214,65.3578,3.69739,180.677,0.27245,260.897,1.8398,297.625,0.520671,0.214188,0.429745,0.232756,0.507545
0.0551545,0.765294,0.000326282,0.00030324,0.000380368,0.000738923,0.00109885,0.00149285,0.00269273,0.00574151,0.012144,0.0374052,0.000153085,0.512118,0.950854,1,62.1692,0.315471,0.290005,28.2799,1.36326,62.5797,1.56626,178.766,0.286772,262.365,0.780793,297.354,0.620718,0.211124,0.425566,0.237833,0.496673
0.0419692,0.760641,0.000243372,0.000263533,0.000356905,0.0006925,0.000871794,0.00116873,0.00222202,0.00470746,0.0105412,0.0322781,0.000134573,0.505629,0.987293,1,55.7975,0.44603,0.226176,28.6444,0.980942,63.7975,1.22891,177.798,0.373705,260.435,1.90373,296.615,0.863064,0.210043,0.422539,0.240349,0.462781
0.0576345,0.743165,0.000327764,0.000297561,0.000436731,0.00104529,0.00155997,0.00208472,0.00372209,0.00806254,0.0178757,0.0569351,9.04186e-05,0.632846,0.958308,1,48.6095,0.312905,0.309691,28.4788,0.80885,62.0698,1.05095,178.83,4.38637,260.722,0.395525,298.417,0.862993,0.211663,0.39405,0.228225,0.433046
0.0525224,0.818104,0.000361455,0.000303012,0.000485797,0.00105437,0.00138276,0.00186914,0.00366601,0.00778863,0.0173361,0.0569656,0.000115208,0.564713,0.981131,1,47.8109,0.337918,0.298412,28.6294,1.8766,64.7172,1.93139,178.708,0.802296,259.644,2.31656,296.085,1.56379,0.215245,0.413893,0.238621,0.420111
0.0537715,0.739313,0.000276705,0.000241961,0.000419973,0.000832798,0.00121879,0.00165682,0.00295082,0.00668637,0.0146488,0.0459122,0.000107786,0.577089,0.9949,1,64.9587,0.320292,0.288632,28.4342,1.1824,62.8309,0.455581,179.402,3.75526,260.014,0.323429,298.934,1.10297,0.206595,0.397402,0.241398,0.434985
0.0495901,0.684852,0.000239506,0.0001954,0.000301418,0.000775651,0.000995402,0.0013504,0.00264073,0.00543388,0.0119868,0.0373624,0.000141788,0.61224,0.954462,1,63.0537,0.316515,0.248051,27.7782,0.953828,65.9878,0.444164,180.338,0.777805,259.505,0.570368,295.83,0.696354,0.20657,0.39741,0.215256,0.411557
0.0547959,0.716202,0.000256311,0.00021897,0.000394051,0.000781483,0.00104096,0.00136741,0.00254587,0.00524161,0.0115598,0.0365271,0.000139396,0.52939,0.954981,1,78.4042,0.310781,0.271932,27.5537,0.768985,66.0595,0.798349,181.538,0.81879,260.335,2.07744,296.572,0.316598,0.199028,0.400726,0.21113,0.464948
0.050632,0.76844,0.000266914,0.000262743,0.000432987,0.000773673,0.00112517,0.00145495,0.00270302,0.00579941,0.0127115,0.0384697,0.000116942,0.485475,0.973382,1,46.9915,0.366716,0.267414,28.0978,1.21158,61.5982,0.399605,177.587,0.373447,259.795,0.387673,298.085,1.59697,0.199794,0.408349,0.23683,0.459858
0.0468557,0.723243,0.000286553,0.000195203,0.000314163,0.000740363,0.000977075,0.00130436,0.00237958,0.00501962,0.010979,0.0338067,0.000142107,0.532074,0.967764,1,52.6534,0.349398,0.242377,28.8675,2.02348,62.9945,0.48782,177.214,1.45547,259.443,0.464356,298.746,0.769774,0.207011,0.413298,0.244908,0.458881
0.0492075,0.694157,0.000308779,0.000198642,0.000330056,0.000779839,0.00105463,0.00138539,0.00251407,0.00543258,0.0117747,0.0362368,0.000142647,0.525469,0.981243,1,47.3772,0.311374,0.252916,28.9259,1.36074,62.8285,0.444252,176.861,2.09576,259.957,0.440403,298.453,0.809915,0.211722,0.412503,0.241435,0.449201
0.049596,0.825147,0.000237237,0.000232053,0.00041947,0.000758487,0.00102338,0.00140499,0.00272827,0.00562695,0.0125309,0.0382705,0.000175702,0.524217,0.987796,1,55.6573,0.334819,0.278956,28.2409,1.13673,65.5921,0.689754,177.415,0.818047,262.673,0.409171,297.67,1.91779,0.208419,0.42971,0.246051,0.504914
0.0513858,0.859801,0.000411064,0.000258662,0.000549555,0.000897551,0.00123973,0.00168428,0.00295764,0.00618176,0.0133625,0.0410428,8.63651e-05,0.464694,0.910187,1,65.7013,0.514147,0.281706,28.8445,0.628073,61.7729,2.68522,181.503,2.36535,260.955,1.83437,295.056,0.931225,0.226552,0.439526,0.251748,0.476026
0.0528362,0.624428,0.000259948,0.000187486,0.000351908,0.000675243,0.000857421,0.00118101,0.00227078,0.00461708,0.00994202,0.0302657,0.000141789,0.477161,0.970891,1,44.8338,0.286244,0.242669,28.0684,2.4201,62.2062,1.48459,178.148,0.385634,260.862,0.511727,299.577,0.449037,0.188409,0.386023,0.216858,0.466115
0.0521266,0.871709,0.000279332,0.000254409,0.000454351,0.000902672,0.00116665,0.00175219,0.00325373,0.00666987,0.0144616,0.0452281,9.64193e-05,0.550131,0.949268,1,68.4803,0.435475,0.297256,28.3143,0.573165,63.5496,1.18141,180.082,4.17367,259.179,1.14579,295.631,2.72842,0.211584,0.423344,0.245125,0.460015
0.0549491,0.624088,0.000312569,0.000275189,0.000447445,0.000745391,0.000990838,0.00134319,0.00256351,0.0055037,0.0121296,0.0377948,9.91272e-05,0.47904,0.991994,1,49.0669,0.329213,0.257402,27.0189,0.327857,62.4414,1.91554,179.42,0.373351,260.728,0.481666,301.333,0.534725,0.192548,0.366913,0.221168,0.440174
0.0592044,0.786554,0.000303132,0.000297518,0.000470798,0.000949307,0.00129122,0.00176821,0.00338588,0.00708109,0.0146457,0.0470615,0.00011205,0.556468,0.964891,1,67.6788,0.299015,0.312607,27.7525,2.20672,65.2289,1.02611,179.858,1.74682,260.68,0.820513,294.231,0.292647,0.188105,0.393421,0.19797,0.419866
0.0628405,0.839909,0.000374632,0.000288489,0.000522022,0.00126618,0.00171822,0.00233884,0.00412947,0.00851572,0.0194972,0.059799,9.67307e-05,0.615172,0.943819,1,42.2224,0.333835,0.361909,28.2242,0.414771,61.1451,0.940297,178.282,1.05262,261.51,0.675773,298.27,2.89863,0.22333,0.421524,0.254932,0.475834
0.0580563,0.866767,0.00039009,0.000292463,0.000515808,0.00116655,0.00159605,0.00214197,0.00429715,0.00877542,0.0188191,0.0604726,7.1887e-05,0.606193,0.937732,1,80.1691,0.396024,0.324598,27.3383,0.625705,63.4986,2.76537,178.636,2.017,260.729,0.45832,296.495,0.476939,0.19054,0.38151,0.207627,0.407212
0.0668645,0.829565,0.000294864,0.000260928,0.000413946,0.00109727,0.00158939,0.00209528,0.00390184,0.00802007,0.017608,0.0557052,7.99924e-05,0.640237,0.949241,1,62.7884,0.326626,0.370672,27.6345,0.538996,63.7237,1.58838,180.394,1.33215,260.574,0.373869,297.379,0.511053,0.19715,0.391955,0.231412,0.438232
0.0573116,0.699542,0.000329194,0.000262544,0.000466474,0.00104435,0.00139198,0.00192292,0.00360122,0.00742532,0.0163056,0.050572,0.000106753,0.579734,0.908064,1,49.8419,0.303378,0.28547,28.4312,0.655958,61.9537,1.24451,179.856,1.44989,260.665,0.505752,295.735,2.21439,0.216338,0.403992,0.215296,0.422418
0.0530138,0.640941,0.000381142,0.00023775,0.00041339,0.000864883,0.00117982,0.00154756,0.0028639,0.00607235,0.0136137,0.0427282,0.000125245,0.563546,0.958629,1,45.5835,0.274354,0.256178,28.5489,1.15615,62.6084,2.07434,179.413,2.37673,259.888,0.305597,297.154,2.50032,0.203837,0.396663,0.202737,0.419173
0.0494879,0.684585,0.000146843,0.00016431,0.000300129,0.000690405,0.000939766,0.00125474,0.00243827,0.0050589,0.0109409,0.0340013,0.000100884,0.643533,0.968838,1,61.7787,0.364261,0.246725,27.7793,0.81293,62.9984,1.95915,177.456,1.61774,261.309,0.850213,296.668,1.24832,0.18681,0.371816,0.216878,0.419854
0.0438612,0.678032,0.000206904,0.000152437,0.000298418,0.000714554,0.000961274,0.00127367,0.00237548,0.00514701,0.0118125,0.0348764,0.000117333,0.614494,0.963111,1,64.9132,0.390092,0.218753,27.7236,0.672692,61.4295,2.01708,177.209,1.06847,261.861,1.42248,298.796,1.22529,0.188975,0.382094,0.209586,0.417235
0.0472611,0.688576,0.000190502,0.000134583,0.000306682,0.000734138,0.00098192,0.00133477,0.00235094,0.00520557,0.011702,0.036166,0.00010367,0.621343,0.982614,1,69.9386,0.379447,0.238489,27.4811,0.61806,63.531,0.879207,177.135,1.0499,262.045,0.777185,297.849,1.0914,0.188095,0.370291,0.201514,0.448908
0.0461189,0.796,0.000238709,0.000237448,0.000348541,0.000932301,0.00131255,0.00161897,0.00313029,0.00687398,0.0148861,0.0483295,0.000108435,0.712257,0.98653,1,61.0462,0.380977,0.262372,27.7331,1.0298,65.1521,0.772578,178.15,1.39432,262.289,1.32868,296.002,1.17269,0.198945,0.386066,0.197909,0.422315
0.0558639,0.797287,0.000605145,0.00048146,0.000726564,0.00116395,0.00164168,0.00227005,0.00429572,0.00921987,0.020205,0.0683692,8.53301e-05,0.519482,0.980068,1,54.3298,0.343723,0.309826,28.4875,1.82134,61.4686,2.43925,179.687,0.971755,258.236,0.298789,298.824,1.53726,0.209399,0.410151,0.224483,0.45143
0.0538081,0.823037,0.000252035,0.000184362,0.000382524,0.000810399,0.00106084,0.00147213,0.00286986,0.00607327,0.0128404,0.0397419,0.000106284,0.612588,0.999464,1,58.7237,0.368307,0.302915,27.4779,3.95205,62.8529,0.908994,178.861,0.898106,262.201,2.22329,295.827,1.29558,0.188983,0.394522,0.222322,0.466364
0.052806,0.722094,0.000767376,0.000685705,0.00116066,0.00112021,0.00153934,0.00209106,0.00376057,0.00763749,0.0169084,0.0533028,0.000100257,0.320153,0.953592,1,42.5603,0.31272,0.253194,27.9833,0.55321,67.1927,2.5675,179.319,2.09089,260.53,0.306611,296.401,1.10968,0.194919,0.385952,0.16539,0.410032
0.046297,0.793304,0.000225414,0.000217542,0.000307603,0.000586984,0.000801145,0.00109751,0.00209468,0.00446934,0.00974326,0.0284101,0.000179665,0.472824,0.99688,1,74.4906,0.366756,0.259429,29.6992,1.38788,64.117,1.65608,178.517,0.606856,261.691,3.52692,297.524,1.24898,0.230905,0.464364,0.28848,0.586219
0.0519605,0.766764,0.000304359,0.000177219,0.000305485,0.000643388,0.000887565,0.00118479,0.00216442,0.0046586,0.00996999,0.0313622,0.000184333,0.506409,0.994558,1,47.454,0.339392,0.291339,29.003,1.62422,60.2323,0.291597,178.87,0.79003,259.898,0.369552,299.221,0.978736,0.241451,0.472858,0.315943,0.63187
0.0392823,0.696903,0.000181487,0.000216177,0.000310462,0.000506832,0.000693723,0.000941336,0.0017131,0.00377131,0.00828413,0.024438,0.000168973,0.475276,0.968665,1,52.1017,0.450106,0.202504,29.7043,1.06514,63.4451,0.412313,179.344,2.4262,263.681,2.11165,296.247,0.659639,0.230441,0.446863,0.245761,0.514772
0.0465433,0.806584,0.000497278,0.000287836,0.000550403,0.00069625,0.000984344,0.00132206,0.00241517,0.00487972,0.0106633,0.0332957,0.00012861,0.397724,0.978271,1,42.8355,0.434855,0.251679,28.5782,1.06958,62.7282,0.375426,179.392,1.15096,260.259,0.400757,297.24,0.620458,0.213355,0.433505,0.258376,0.498081
0.0469978,0.7844,0.00022921,0.000259923,0.000413325,0.000662184,0.000915024,0.00126036,0.00236651,0.00473106,0.0104583,0.0309828,0.000141698,0.463611,0.934818,1,39.0536,0.442481,0.247884,28.4342,0.441348,64.338,0.393104,179.525,4.9121,262.55,0.429344,297.814,0.506964,0.228238,0.431934,0.259457,0.523075
0.0510027,0.775493,0.000309448,0.000241825,0.000321441,0.000606292,0.000809442,0.00105814,0.00189819,0.00412831,0.00863079,0.0263684,0.000151307,0.438194,0.96853,1,51.3496,0.395605,0.265585,27.8292,0.840346,63.6585,4.03741,182.523,0.488967,260.473,1.09898,299.207,3.16203,0.21453,0.439308,0.282896,0.577998
0.0476592,0.649981,0.000280146,0.000368011,0.000466659,0.000645178,0.000886687,0.00123173,0.00226253,0.00443051,0.00972681,0.0287978,0.000151457,0.369294,0.94482,1,75.0034,0.345829,0.222996,28.7105,0.55849,62.7043,0.669566,177.571,1.94849,259.922,1.3484,297.414,0.417968,0.21331,0.415112,0.244128,0.443116
0.0557706,0.71724,0.000387081,0.000276381,0.000445918,0.000609856,0.000879756,0.00113185,0.00207387,0.00438492,0.00930817,0.0282888,0.000180922,0.385356,0.97686,1,42.0893,0.296155,0.27915,28.4819,2.97735,62.9471,5.04588,180.686,1.86357,259.275,0.438356,298.785,1.28258,0.215834,0.438604,0.281057,0.551197
0.0594002,0.720738,0.00035035,0.000453226,0.000638956,0.000885329,0.00117582,0.00164355,0.00294835,0.00603769,0.013544,0.0412766,0.000140294,0.388301,0.957235,1,79.017,0.288645,0.30416,29.3089,0.801412,62.488,0.461933,179.086,0.405414,261.007,1.27344,295.874,1.01518,0.230627,0.442098,0.254589,0.488568
0.0546308,0.739327,0.000368454,0.000308966,0.00049049,0.000792,0.00111804,0.00153062,0.0026902,0.00591076,0.0130064,0.0400796,0.000105303,0.475278,0.994944,1,54.4577,0.342414,0.28126,27.7901,1.07622,63.7264,4.74974,179.955,2.23558,260.825,0.413116,297.469,1.61988,0.195062,0.390289,0.219606,0.455293
0.0455923,0.747511,0.000270262,0.000247408,0.000424398,0.00074343,0.00103535,0.00141472,0.00254165,0.00538558,0.0117089,0.0362296,0.000122124,0.500508,0.968681,1,62.6582,0.408331,0.243695,29.2909,3.39407,61.3234,0.608904,179.362,0.87655,261.525,0.941246,295.544,0.649335,0.222793,0.428921,0.23537,0.470184
0.0470468,0.793337,0.000313327,0.000188592,0.000362948,0.000693148,0.00100824,0.00137655,0.00251941,0.00504284,0.0111729,0.0350189,0.000135248,0.496992,0.939819,1,77.9187,0.424049,0.25286,28.608,1.26676,62.8798,0.979915,180.162,0.590425,260.998,0.325622,295.758,0.913612,0.223806,0.439367,0.247607,0.475617
0.0446696,0.772076,0.000356893,0.000230792,0.00036493,0.00067308,0.0010038,0.00133492,0.00249444,0.00505386,0.0110595,0.0350918,0.000130972,0.533064,0.950677,1,75.361,0.424064,0.240022,29.0423,1.65348,63.39,0.974024,181.378,0.918137,259.505,0.41875,295.421,0.525507,0.220352,0.439225,0.240572,0.46755
0.0515283,0.846483,0.000218699,0.000309669,0.000503193,0.000866364,0.00118233,0.00155743,0.00291229,0.00642416,0.013744,0.042388,0.000152707,0.486457,0.976532,1,58.9999,0.358569,0.301594,29.529,0.776859,63.3192,2.75004,181.334,0.398049,261.591,0.322337,296.781,0.285755,0.246543,0.470989,0.27193,0.540856
0.0472999,0.669324,0.000189788,0.000271187,0.000374912,0.000799414,0.00107403,0.00142273,0.00266106,0.00585462,0.0125447,0.0400431,0.000107224,0.525894,0.972184,1,51.6434,0.362827,0.231144,27.7727,0.502496,64.9107,1.22291,178.373,3.75298,261.46,0.394439,299.281,4.26464,0.198074,0.375329,0.204085,0.430482
0.0457885,0.702706,0.000199651,0.000215332,0.000383349,0.000787815,0.00101215,0.00136466,0.00251235,0.0053962,0.0117655,0.037497,0.000113437,0.569753,0.979054,1,50.1711,0.365667,0.229425,27.7956,0.609838,64.9715,0.836756,178.876,2.84706,259.258,0.366827,298.14,2.52661,0.183235,0.380879,0.20354,0.416754
0.0439376,0.838323,0.000213646,0.000124527,0.000229645,0.000702204,0.00100554,0.00137359,0.00257011,0.00552283,0.0121548,0.0374053,0.000122753,0.724445,0.948557,1,65.0837,0.44972,0.258949,29.0095,2.29217,63.047,2.99148,179.474,0.686461,261.166,1.2858,296.793,0.726268,0.223946,0.433531,0.260101,0.509265
0.047147,0.770865,0.000197541,0.00020172,0.000324632,0.000710672,0.00101035,0.00132174,0.00250384,0.0054384,0.0116845,0.0362385,0.00013508,0.565348,0.959974,1,53.6126,0.373969,0.253517,28.5719,1.02045,63.4461,0.878714,181.178,2.36314,257.859,1.20433,300.036,1.87747,0.212163,0.425273,0.254834,0.493287
0.0469415,0.870337,0.000470628,0.000320263,0.000598137,0.00098849,0.00136414,0.00189662,0.00344479,0.00700812,0.0154719,0.0498526,0.00011302,0.48602,0.944547,1,47.8318,0.458772,0.272729,29.2913,1.20897,62.7467,2.59011,181.649,0.730744,258.214,0.932196,297.855,1.4227,0.243221,0.457838,0.265937,0.500767
0.0493052,0.831225,0.000418752,0.000460578,0.000623448,0.000960862,0.00129564,0.00164787,0.0031842,0.0066227,0.0146357,0.0470727,0.000109241,0.435476,0.977008,1,61.9275,0.4419,0.282786,29.1413,0.518996,63.1352,1.2874,179.675,1.4546,259.679,2.57914,296.503,1.93602,0.245283,0.447642,0.273866,0.497618
0.0532213,0.68227,0.00034851,0.0002604,0.000400917,0.000591539,0.000843808,0.0012104,0.00208549,0.00457165,0.00965778,0.0287906,0.000176297,0.403335,0.968801,1,88.0243,0.291201,0.257887,28.4886,1.34883,61.9856,1.87644,179.409,0.640861,259.267,0.434033,301.028,0.89253,0.205525,0.427487,0.262302,0.532563
0.0529614,0.690361,0.000360827,0.000252758,0.00040746,0.000591662,0.0008444,0.00120145,0.00209516,0.00458534,0.00967831,0.0287865,0.00017391,0.401786,0.97319,1,87.0954,0.293693,0.258585,28.5118,1.3048,61.9639,1.55836,179.535,0.608149,259.548,0.437088,300.986,0.965996,0.203385,0.426302,0.260498,0.5286
0.0496106,0.765757,0.000347407,0.000420169,0.000598497,0.000801722,0.0010602,0.00134487,0.00262194,0.00514149,0.0113827,0.0355626,0.000150945,0.368009,0.945166,1,54.7459,0.362988,0.256331,29.1496,1.73463,64.5111,1.60487,179.944,4.58139,259.355,0.940881,295.827,2.44528,0.228733,0.4446,0.250105,0.498022
0.0491693,0.681673,0.000475326,0.000313107,0.000495059,0.000555212,0.000791431,0.00111823,0.00193928,0.00417214,0.00878844,0.0261948,0.000150578,0.342274,0.96347,1,54.6387,0.336163,0.229709,28.3488,1.8114,64.5813,1.42681,181.798,0.437268,260.99,0.361332,297.075,0.504017,0.196647,0.406039,0.22922,0.452522
0.0526848,0.706963,0.00038007,0.000448025,0.00059015,0.000894221,0.00117835,0.00153136,0.00281378,0.00638789,0.0138597,0.0448393,0.000145095,0.44648,0.994957,1,59.6994,0.290724,0.267298,27.7957,0.69937,63.3289,1.13412,178.577,0.711597,259.864,1.99089,297.873,3.36639,0.200493,0.401705,0.219342,0.445537
0.0543558,0.747014,0.000395133,0.000308083,0.000563313,0.00081914,0.00118749,0.001581,0.00302578,0.0063577,0.0141187,0.0424217,9.75451e-05,0.480328,0.99551,1,47.8404,0.338289,0.279009,27.5052,0.996863,62.6057,1.53977,177.253,2.67965,260.61,0.650954,297.55,0.432298,0.181675,0.373456,0.203426,0.434316
0.0496029,0.713966,0.000371605,0.000353756,0.000563589,0.000811814,0.00110891,0.00150351,0.0027313,0.00587105,0.0126243,0.0408978,0.000135198,0.409434,0.992046,1,56.9227,0.327965,0.253872,28.4814,0.546418,64.5214,0.711658,179.982,1.06949,262.109,0.349305,295.829,5.10859,0.210512,0.417206,0.202628,0.444517
0.0582417,0.738672,0.000539134,0.000494174,0.000716501,0.000915758,0.00125033,0.0016916,0.00324942,0.0064207,0.0142037,0.0451464,0.000114634,0.353827,0.963574,1,61.7676,0.306191,0.293058,28.7502,2.29414,63.7612,1.00185,179.681,0.82448,261.669,0.736143,296.582,1.22251,0.210937,0.413539,0.22241,0.450415
0.0538779,0.702465,0.00029408,0.000254301,0.000409112,0.000726386,0.000950825,0.00133467,0.00258897,0.00536097,0.0115988,0.0355153,0.000102042,0.474422,0.994313,1,69.1462,0.364046,0.267753,26.8332,0.429149,62.4543,1.4369,178.296,2.16971,258.569,0.765956,297.478,1.05275,0.188366,0.37725,0.233595,0.432771
0.0631181,0.651679,0.000458768,0.000340393,0.000551847,0.000911108,0.0012582,0.00163876,0.0032302,0.00651089,0.0146353,0.0460394,0.00014598,0.438303,0.984334,1,51.5912,0.232068,0.302879,28.3198,1.08987,65.0475,1.2268,180.887,0.715775,261.534,0.434434,298.542,0.624738,0.205961,0.400521,0.205122,0.457165
0.06121,0.680429,0.000424484,0.000396964,0.000664045,0.0008944,0.00121402,0.00159934,0.00301209,0.00651352,0.0144594,0.0444721,0.000135741,0.41435,0.984473,1,46.72,0.25068,0.299017,28.3275,1.67166,63.5705,1.13908,180.047,0.95155,260.736,0.378801,298.862,0.581862,0.199617,0.406313,0.207228,0.460875
0.0553313,0.819703,0.00040217,0.00039888,0.000606552,0.000983006,0.00128123,0.00170498,0.00322136,0.00701556,0.0148735,0.0459868,7.89126e-05,0.453106,0.960813,1,71.834,0.430075,0.296648,27.4954,0.680094,62.2823,1.21659,179.745,1.60995,261.829,1.82488,297.049,3.04497,0.200195,0.39319,0.224553,0.438938
0.0563128,0.868732,0.000364682,0.000377304,0.000604923,0.00100784,0.00143946,0.00185236,0.0034376,0.00746944,0.0161469,0.049368,9.08461e-05,0.480803,0.973827,1,70.4604,0.404254,0.317095,27.5247,0.551079,64.3569,1.62078,178.66,1.21207,260.956,0.913105,296.8,3.25884,0.200673,0.399326,0.238043,0.434258
0.0507924,0.844596,0.00044285,0.000295642,0.000608731,0.00091343,0.00122914,0.00173197,0.00318805,0.00654721,0.0143785,0.0455431,9.78883e-05,0.441569,0.989645,1,44.6598,0.44391,0.290005,28.2108,0.532099,62.1116,1.49892,179.282,2.17978,262.668,0.87133,299.362,0.509728,0.223124,0.420875,0.255087,0.497465
0.0518888,0.780282,0.000325609,0.000246455,0.000493965,0.000822157,0.00116308,0.00147881,0.00278999,0.0060137,0.0132073,0.0404686,0.000172705,0.46593,0.98839,1,60.5326,0.317773,0.29251,29.5222,1.5008,61.9212,1.40794,178.085,0.778177,260.134,0.398702,296.778,1.64196,0.241557,0.466715,0.280725,0.508153
0.0510552,0.779093,0.000373412,0.000243177,0.00042241,0.000780322,0.00109228,0.00149921,0.00260772,0.00567651,0.0125971,0.0390181,0.000162735,0.497743,0.989487,1,57.9609,0.328967,0.288147,29.4033,1.22324,61.5437,1.61992,178.838,1.07878,260.751,0.426666,297.061,2.4234,0.23668,0.463267,0.275672,0.526872
0.050333,0.755637,0.00026713,0.000311248,0.000423152,0.000896234,0.00126503,0.00175713,0.00312606,0.00676582,0.0147567,0.0461018,8.2057e-05,0.557468,0.975709,1,59.1198,0.393743,0.260583,27.1805,0.449342,65.5684,2.12356,179.332,2.09176,260.799,0.264843,298.411,0.89628,0.183894,0.366824,0.195905,0.403301
0.0582646,0.732224,0.000414274,0.000339994,0.000496216,0.000967449,0.00126644,0.00170009,0.00312625,0.00660915,0.0145004,0.044579,0.000120643,0.492789,0.949767,1,47.1397,0.289256,0.293904,28.3321,1.33562,63.1592,0.997037,177.546,0.793993,261.245,0.714802,297.219,1.51636,0.199488,0.399762,0.213738,0.4326
0.0550279,0.73764,0.000310317,0.000279349,0.000588099,0.000930528,0.00126899,0.00171561,0.00320625,0.00665778,0.014725,0.047167,8.25049e-05,0.475766,0.962155,1,92.0032,0.38371,0.278651,27.3147,0.428901,63.1692,1.78567,180.029,1.51904,260.135,0.355155,297.75,0.556589,0.200496,0.379728,0.212629,0.419866
0.0556608,0.695638,0.000636697,0.000511788,0.000637479,0.00108805,0.00151874,0.00199765,0.00367278,0.00795421,0.017645,0.0578009,8.01189e-05,0.428741,0.956296,1,57.9244,0.336113,0.274745,28.28,0.531879,61.6427,2.2139,179.14,2.4828,259.33,2.15924,297.151,0.356851,0.207789,0.391959,0.20587,0.405553
0.0536827,0.880557,0.000441798,0.000504058,0.00062893,0.000830885,0.00113797,0.00157227,0.0027941,0.00604802,0.0131939,0.0410109,0.0001401,0.382305,0.994671,1,43.2081,0.361699,0.309431,29.2955,2.54756,64.6253,0.644881,178.405,0.714458,263.675,0.353366,294.981,0.624787,0.216132,0.45369,0.241336,0.527937
0.0515415,0.663517,0.000414608,0.000395623,0.000534843,0.000721101,0.00101733,0.00131976,0.00234666,0.00513679,0.0115026,0.0350291,0.000122895,0.38617,0.980925,1,75.4125,0.322045,0.250691,28.8611,0.815121,60.9484,2.87699,177.867,0.832781,261.161,0.540333,298.522,1.25999,0.20821,0.409121,0.23755,0.458178
0.0468296,0.799845,0.00042341,0.000347238,0.000643612,0.000705565,0.000983423,0.00135587,0.00262042,0.00544069,0.0116059,0.0368421,0.000146571,0.348749,0.992104,1,50.6281,0.406364,0.256274,28.6705,0.962627,63.5869,1.0571,179.377,0.393955,260.243,1.33155,297.15,1.0814,0.225241,0.447361,0.256099,0.511854
0.0465132,0.738847,0.000198016,0.000158361,0.000329742,0.000696227,0.000916986,0.00122862,0.00224609,0.00472918,0.0104984,0.0317231,0.000140528,0.537935,0.967685,1,57.0848,0.388668,0.244653,28.4398,0.933209,62.9031,1.8492,181.851,0.307016,260.688,0.642414,297.845,0.543135,0.215674,0.428586,0.241964,0.490442
0.0486975,0.746965,0.000219277,0.000193443,0.000288625,0.000684776,0.000858384,0.00116973,0.00213302,0.00445709,0.00978062,0.0299044,0.000121169,0.520557,0.965262,1,55.0124,0.404089,0.253167,28.2902,0.861158,63.5477,1.68231,181.497,0.329735,261.189,0.712425,296.935,1.0063,0.210155,0.41776,0.24687,0.489801
0.0521177,0.642958,0.000495972,0.00042478,0.000743302,0.00062012,0.000895278,0.00119516,0.00215429,0.00464694,0.0100452,0.0310908,0.000178785,0.274201,0.997756,1,68.0542,0.277546,0.246746,28.5586,1.85495,61.6567,1.43111,177.41,1.02842,261.816,0.696979,298.346,2.32632,0.209906,0.417787,0.239866,0.510005
0.0554977,0.617487,0.000472146,0.000483447,0.000663808,0.000730299,0.000971045,0.00129213,0.00246124,0.00511506,0.0112086,0.0343774,0.000165178,0.337718,0.98151,1,50.0951,0.250964,0.255687,28.5759,0.804324,63.167,1.16968,179.883,2.11968,258.193,2.384,297.881,1.12425,0.206922,0.414721,0.233516,0.453749
0.0456481,0.750935,0.00052325,0.000388688,0.000659889,0.000672722,0.000969049,0.00131057,0.00224602,0.00496353,0.010693,0.0330409,0.000121832,0.333809,0.994731,1,57.4557,0.434627,0.236125,28.2764,0.64396,62.7125,1.039,178.885,1.3376,261.592,0.38437,295.599,2.06753,0.206936,0.418578,0.230155,0.467453
0.0466428,0.782991,0.000532964,0.0004775,0.000731854,0.000708556,0.000969755,0.00125458,0.00240944,0.00484016,0.010712,0.032688,0.000144919,0.282337,0.976761,1,61.4325,0.41446,0.243397,28.6849,1.12144,65.4124,1.10532,181.054,0.265482,262.24,0.668969,298.308,0.582999,0.222021,0.435551,0.251339,0.505137
0.0494914,0.754199,0.000306736,0.000269764,0.000435003,0.000533688,0.000738037,0.000953645,0.00182132,0.0038085,0.00807807,0.024344,0.000179284,0.358164,0.988286,1,46.9375,0.373595,0.258779,28.7862,1.6079,61.4242,1.04768,178.242,8.09264,264.917,0.37471,295.059,1.11513,0.223757,0.457214,0.27595,0.587905
0.0475908,0.790038,0.000306374,0.000269723,0.000414865,0.000570678,0.000770932,0.00105291,0.00194671,0.00409043,0.00870707,0.0260872,0.000195801,0.371662,0.993532,1,46.5741,0.394521,0.262533,28.9129,1.10277,61.8137,0.602316,179.176,3.14732,265.34,0.267471,295.107,1.8593,0.241933,0.474191,0.297414,0.579953
0.0484221,0.778521,0.000355296,0.000272042,0.000440314,0.000554845,0.000771969,0.00100197,0.00184792,0.00398727,0.00860958,0.0250969,0.000177552,0.343453,0.984265,1,54.2175,0.384883,0.257516,29.136,1.40971,62.874,0.834204,179.732,1.32978,264.864,0.759371,294.517,3.06634,0.231761,0.461646,0.2721,0.580868
0.0523739,0.759668,0.000318281,0.000260945,0.000405899,0.000619459,0.000931305,0.00118968,0.00217829,0.00462706,0.0101433,0.0314315,0.000182924,0.453266,0.983311,1,61.5178,0.320235,0.27555,28.1378,1.04607,64.1397,2.08476,178.445,1.24553,260.412,1.03473,298.971,0.348452,0.211538,0.433367,0.272274,0.541239
0.0558535,0.744889,0.00049788,0.000394078,0.000724371,0.000879899,0.00128379,0.00162882,0.00312429,0.00605007,0.0134015,0.042817,0.00011541,0.360281,0.951807,1,47.8214,0.326767,0.277188,28.2627,0.665509,64.1711,1.1438,180.136,1.11997,261.325,1.364,296.397,1.32109,0.20258,0.404545,0.212499,0.439481
0.0496059,0.781033,0.000276957,0.000207727,0.000343981,0.000693897,0.000888061,0.00118816,0.00230732,0.00471563,0.0102668,0.0298374,0.000124323,0.511987,0.975147,1,59.0265,0.407347,0.266159,28.1817,0.624449,63.5465,2.06376,178.283,1.43608,259.317,0.805588,299.269,0.937084,0.208831,0.419875,0.274423,0.522459
0.0533465,0.656552,0.000291884,0.000207819,0.000336713,0.000727012,0.00102148,0.00140211,0.0026809,0.0052908,0.01147,0.0363962,0.000140469,0.533776,0.912185,1,49.9952,0.288203,0.252079,29.1558,1.48825,63.7106,0.580828,180.824,0.784807,261.97,0.602717,297.267,2.48398,0.212853,0.40786,0.215694,0.445411
0.0569843,0.717975,0.000272174,0.000195616,0.00032162,0.000805212,0.0010165,0.00142336,0.00258651,0.005537,0.0121045,0.0367438,0.000111566,0.574623,0.956255,1,52.7046,0.333252,0.289589,27.4378,0.501804,61.0308,2.39577,176.946,0.413957,256.993,1.39002,298.567,0.523019,0.197802,0.393159,0.258539,0.467377
0.053266,0.818476,0.000357779,0.000332787,0.000508603,0.000744478,0.00108812,0.00146036,0.0026498,0.005482,0.0119852,0.0371555,0.000125473,0.435574,0.98835,1,55.3059,0.368859,0.295395,28.6671,1.12575,64.2272,0.913477,182.294,1.20587,265.394,0.60827,296.635,1.40282,0.224879,0.432679,0.25031,0.517823
0.0506253,0.936253,0.000376882,0.000342757,0.00051171,0.00099718,0.00126221,0.00168596,0.00320866,0.00674927,0.0146695,0.045261,0.000128687,0.487598,0.988887,1,54.1168,0.425179,0.307217,28.6807,1.55307,66.1352,2.42137,177.913,1.1812,258.328,2.09898,298.835,1.89949,0.21845,0.443272,0.27929,0.516555
0.0508878,0.798351,0.000512733,0.000438484,0.000761929,0.000766763,0.00109353,0.00148531,0.00267419,0.00560498,0.0123342,0.0376281,0.000118895,0.334806,0.982596,1,55.3782,0.380563,0.267352,28.7033,3.49982,63.8175,1.12964,180.237,3.36103,259.032,0.69593,302.926,1.10114,0.200306,0.419935,0.252653,0.528975
0.0514907,0.831868,0.000516857,0.000463517,0.000734099,0.000766756,0.00102274,0.00145296,0.00273349,0.00559272,0.0121981,0.037326,0.00011758,0.332661,0.970688,1,56.2789,0.418845,0.277169,28.1425,2.26278,64.4127,1.31755,179.634,1.88289,258.547,1.498,298.533,0.925389,0.21639,0.425854,0.269947,0.494066
0.050197,0.871705,0.000485279,0.000528857,0.000788105,0.000906574,0.00120259,0.00167859,0.0031023,0.00658664,0.0138369,0.044597,0.000100118,0.367804,0.986489,1,61.7828,0.441962,0.284378,29.0191,1.04184,63.0147,0.788867,179.036,2.15338,257.802,0.621809,299.264,0.986703,0.209406,0.434251,0.263495,0.497651
0.0525433,0.907036,0.000575253,0.000356948,0.000674309,0.000982152,0.00141638,0.0018324,0.00334253,0.00689249,0.0157206,0.0477879,9.0091e-05,0.419653,0.983918,1,53.8455,0.456899,0.307771,28.7017,0.697745,65.0766,0.867155,180.241,0.801526,263.316,1.30713,296.352,1.98671,0.221627,0.424607,0.23806,0.496261
0.0613318,0.838594,0.000490216,0.000669156,0.00091483,0.00101023,0.00138128,0.00191801,0.00362362,0.00757507,0.0157392,0.0504429,0.000100605,0.358159,0.995706,1,50.3364,0.332506,0.338382,28.6933,2.28293,63.7909,0.682715,178.582,2.61838,257.037,0.714771,299.643,0.954599,0.204986,0.42232,0.263024,0.485742
0.058797,0.797865,0.000545686,0.000299165,0.000632815,0.00100042,0.00148416,0.00191753,0.00347373,0.00726206,0.0162025,0.0498845,0.000106003,0.455885,0.977985,1,66.5599,0.327636,0.312476,27.6345,0.534451,65.2051,1.64327,179.726,0.459575,260.207,0.308919,298.649,0.913939,0.194027,0.400825,0.213213,0.455839
0.0543148,0.813674,0.000488915,0.000478817,0.000898262,0.00127339,0.00170053,0.00230244,0.00426513,0.00909567,0.020324,0.0664086,7.69476e-05,0.447933,0.973932,1,41.8693,0.379595,0.297263,28.4209,1.29466,62.2837,1.11136,178.438,3.77657,259.965,1.93857,298.456,0.522998,0.207147,0.397141,0.220372,0.418294
0.0600702,0.890824,0.000522354,0.000355482,0.000720627,0.00131127,0.00183454,0.00250232,0.00452484,0.00995242,0.0219524,0.0718569,7.97268e-05,0.543759,0.9801,1,63.9235,0.36973,0.35505,28.1026,0.454863,63.7684,2.59801,179.032,0.403608,259.248,0.601143,299.967,0.536801,0.207842,0.409436,0.24003,0.464203
0.0608392,0.906513,0.00044668,0.000480996,0.000599465,0.00141561,0.00186813,0.00257722,0.00494501,0.0105177,0.0224568,0.0746065,8.01514e-05,0.588176,0.964236,1,71.4853,0.356594,0.363644,28.6645,1.1033,63.2222,0.685981,179.622,0.582379,256.99,0.402575,299.628,0.924296,0.209122,0.41868,0.246684,0.450653
0.0615106,0.950428,0.000609503,0.000541964,0.000680659,0.00141707,0.00201672,0.00264222,0.00497834,0.0099355,0.0233265,0.075075,7.46141e-05,0.551265,0.969258,1,44.7542,0.403189,0.376995,28.2099,0.820402,64.3619,3.69537,180.194,3.76462,262.361,0.978926,296.694,0.884026,0.219178,0.412952,0.235924,0.448597
0.0570311,0.83375,0.000565159,0.000696233,0.00084215,0.00125565,0.00172173,0.00241009,0.0042857,0.00975825,0.0204033,0.0674469,7.55493e-05,0.471214,0.986852,1,56.0533,0.355127,0.316784,28.4617,2.10814,65.2175,0.706608,177.904,0.558857,259.716,0.367438,298.147,1.12624,0.197338,0.389985,0.216821,0.401191
0.0577849,0.815064,0.000514304,0.000390807,0.00071231,0.00109528,0.00156831,0.00214488,0.0038655,0.0084834,0.018383,0.0587524,8.14958e-05,0.440915,0.984237,1,62.6775,0.3429,0.312677,28.4302,1.92244,64.1399,0.57383,178.162,0.919024,259.339,1.53039,300.391,0.409081,0.193304,0.39371,0.213809,0.457722
0.0558441,0.713486,0.000344972,0.00024729,0.000505077,0.000885648,0.00116436,0.00156879,0.00285636,0.00618845,0.0138753,0.0438767,0.000108074,0.485729,0.978427,1,51.5605,0.327761,0.285618,27.9539,0.551423,62.6008,1.99944,180.032,0.70263,262.575,0.285012,295.234,0.698445,0.210496,0.398937,0.215848,0.422068
0.0510197,0.706449,0.000297012,0.000376078,0.000463265,0.000861904,0.00115122,0.00157414,0.00292449,0.00600306,0.0136922,0.0431638,0.000106287,0.492417,0.984901,1,73.6309,0.345327,0.261054,28.2532,0.456254,64.3673,1.41835,180.919,0.905317,261.444,0.258153,295.029,0.640675,0.208388,0.40168,0.198133,0.42659
0.0478492,0.714727,0.000299372,0.000296094,0.000491882,0.000809395,0.00110238,0.00148737,0.00274512,0.00546414,0.0127027,0.040267,0.000107993,0.463248,0.982311,1,73.5328,0.384502,0.242016,27.7444,0.577722,62.7522,1.96172,180.568,0.873644,261.355,0.264507,294.963,0.627371,0.198444,0.396727,0.201281,0.40251
0.0467503,0.755019,0.000447953,0.000302949,0.000444714,0.000875943,0.00117642,0.00158608,0.00286275,0.00623769,0.0140639,0.0438559,0.000100777,0.513614,0.965297,1,70.2324,0.40344,0.243422,28.1564,1.01715,64.3705,1.41829,178.094,2.37806,262.141,0.264047,296.702,1.68401,0.197037,0.393385,0.193765,0.427953
0.0510168,0.743808,0.000244301,0.000301681,0.00049142,0.000720195,0.00102642,0.00138371,0.00261997,0.00555942,0.0118003,0.0379601,9.90945e-05,0.447293,0.994665,1,44.2148,0.40434,0.268931,28.1156,0.432542,61.4603,1.79647,178.873,0.483341,261.517,0.325046,296.592,1.2711,0.211602,0.406131,0.243377,0.455833
0.0466233,0.693419,0.000268182,0.000197472,0.000306022,0.0006682,0.000922197,0.00124914,0.00228972,0.00496129,0.0110806,0.035148,0.000143799,0.593307,0.977739,1,56.5066,0.333027,0.23447,27.5972,0.623896,65.0368,2.10426,180.235,0.428636,261.343,0.668415,297.763,1.51331,0.193197,0.391707,0.199727,0.449756
0.0444329,0.683143,0.000196293,0.000195344,0.000351462,0.000713921,0.000963752,0.00135684,0.00258011,0.00565943,0.0126921,0.0380619,0.000102994,0.607317,0.997276,1,54.9228,0.379915,0.225741,27.8254,0.678758,64.8099,2.47179,180.654,0.75568,259.875,4.16994,298.556,1.52475,0.192273,0.376248,0.205949,0.39112
0.0444704,0.6866,0.000198289,0.000226472,0.000321848,0.000722432,0.00104644,0.00140033,0.00265604,0.00569948,0.0125443,0.0390906,9.85323e-05,0.579215,0.993796,1,55.1248,0.39601,0.224646,27.8719,0.509495,66.6481,1.52433,180.646,0.827445,258.824,4.08247,297.515,0.74528,0.192662,0.378063,0.209718,0.384836
0.049123,0.697496,0.000337499,0.000234971,0.000372427,0.000778947,0.00106808,0.00145594,0.00267723,0.00599285,0.0132555,0.0415429,0.000104459,0.564682,0.997152,1,45.5774,0.336226,0.245604,27.3026,1.59864,62.7134,1.22731,179.057,1.35075,259.584,0.501668,296.949,2.63485,0.176076,0.367837,0.195523,0.38484
0.0613877,0.779301,0.000271178,0.00028061,0.000423287,0.00106428,0.00143282,0.00191891,0.0035895,0.00743746,0.0164009,0.0511618,0.000101231,0.605245,0.969532,1,73.5819,0.311937,0.327208,26.7036,0.374254,65.0013,1.76072,179.296,1.22988,261.691,0.706247,297.488,0.512964,0.188795,0.376522,0.209423,0.421686
0.0558599,0.767308,0.000302159,0.000211088,0.000387078,0.000919445,0.00124835,0.00171295,0.00319225,0.00668703,0.0141974,0.0432009,8.71107e-05,0.599067,0.953814,1,83.6966,0.350157,0.284985,26.7681,0.68824,64.3059,2.44049,179.589,2.49887,259.411,1.56024,297.863,0.488581,0.17111,0.36105,0.202473,0.391191
0.0618907,0.742711,0.000325101,0.000310962,0.000484387,0.00084615,0.00116488,0.001584,0.00295031,0.00626635,0.0132797,0.040876,8.36803e-05,0.475588,0.948651,1,71.2761,0.351274,0.30601,27.2318,0.475705,63.3588,0.775102,178.981,0.76802,259.003,0.719854,297.54,0.390521,0.188651,0.374485,0.229139,0.431724
0.0596089,0.68136,0.000339642,0.000321422,0.000510353,0.000836222,0.00112621,0.00142853,0.00262566,0.00566342,0.0123057,0.0385286,0.000102474,0.451694,0.992415,1,40.3252,0.313487,0.286973,26.8954,0.401622,64.2305,3.00838,178.663,0.691264,261.714,0.692931,296.301,2.81425,0.187898,0.366434,0.21007,0.42666
0.058361,0.627606,0.000424469,0.000273325,0.000489886,0.000800053,0.0011405,0.00145052,0.00255405,0.00555091,0.0120641,0.0376279,9.03287e-05,0.440375,0.964759,1,44.3007,0.31273,0.262283,27.193,0.477672,63.4043,3.51924,180.297,0.829383,261.087,0.461469,296.868,1.79622,0.184776,0.359969,0.197116,0.38767
0.0500258,0.58406,0.000320044,0.000392895,0.000533724,0.000682364,0.000922543,0.00128225,0.00247394,0.00469382,0.0103455,0.0323737,0.00012375,0.367429,0.935246,1,58.5127,0.329374,0.210903,27.0554,0.487872,63.5449,1.06458,180.58,0.552585,259.81,0.308457,296.011,1.25301,0.189573,0.374196,0.185284,0.383752
0.0630148,0.732702,0.000509751,0.000641859,0.000938401,0.000939,0.0012958,0.00171615,0.00308632,0.00661585,0.0144579,0.0433735,0.000132248,0.308708,0.985395,1,49.9926,0.279173,0.315972,27.9168,0.700253,63.6933,2.12776,178.104,1.57385,259.27,2.95505,298.847,0.914014,0.205103,0.412196,0.241138,0.480026
0.0643137,0.81971,0.000586754,0.000411247,0.000691547,0.00093212,0.00117903,0.00169724,0.00302942,0.00621069,0.0131801,0.0411348,9.87762e-05,0.351652,0.960526,1,49.8746,0.351469,0.336126,28.0046,0.885282,64.316,1.42153,179.085,2.20708,260.087,0.850569,297.742,2.74898,0.205903,0.406638,0.261742,0.496408
0.0566527,0.843395,0.000596369,0.000761906,0.00103561,0.000988684,0.00143426,0.00175113,0.00321257,0.00660453,0.014665,0.0436744,0.00011575,0.313492,0.972273,1,53.0646,0.378666,0.306506,27.8283,0.605267,64.8559,2.12783,177.797,0.584013,259.495,0.374257,298.708,0.845608,0.209541,0.421362,0.248276,0.486832
0.0633684,0.652293,0.000526935,0.000476474,0.000701428,0.000913715,0.00119107,0.0017236,0.00309996,0.00608302,0.0124288,0.0392479,0.000128441,0.360008,0.879688,1,54.7623,0.27341,0.27784,28.114,0.918471,61.7112,1.11669,180.21,0.74994,261.458,2.2418,296.508,1.72878,0.206866,0.403405,0.211257,0.416973
0.0636659,0.678298,0.000323127,0.00031371,0.000476453,0.000769631,0.00111523,0.001414,0.00262513,0.0047336,0.0105278,0.0309536,0.000110519,0.376415,0.85236,1,63.4135,0.315326,0.272961,27.8889,0.617825,64.6795,1.51474,180.554,0.380692,258.789,1.34862,299.433,2.23946,0.198623,0.391544,0.237473,0.434878
0.0626127,0.681274,0.000331056,0.000341999,0.000596879,0.000894984,0.00131803,0.00163645,0.00306546,0.00551316,0.0119593,0.0357741,0.000112934,0.416441,0.832824,1,57.5662,0.308752,0.269428,27.8644,0.431895,64.845,2.40735,180.627,0.336373,258.962,1.50105,298.596,1.55348,0.200014,0.393319,0.212245,0.424333
0.0575112,0.684527,0.000333671,0.000333926,0.00049792,0.000827973,0.00109997,0.0015334,0.00298633,0.00516112,0.0111899,0.0336764,0.000109738,0.422797,0.845253,1,55.9452,0.353104,0.256914,28.2559,0.656856,62.0421,3.41023,181.031,0.361975,258.902,0.513781,298.426,1.46302,0.216722,0.405317,0.23391,0.446507
0.065078,0.72,0.000384202,0.000308559,0.000560664,0.000800515,0.0011418,0.00147162,0.00259032,0.00516589,0.0110602,0.0335295,0.000125137,0.382634,0.912928,1,40.2045,0.291107,0.305474,28.3941,0.746464,63.7774,0.885957,179.643,0.562264,261.556,2.09387,296.15,1.18417,0.200731,0.407647,0.240794,0.461351
0.0481428,0.924794,0.000308634,0.000281855,0.000402522,0.000924908,0.00134074,0.00172394,0.00310451,0.00691117,0.0154945,0.0480778,9.06152e-05,0.592925,0.988368,1,40.4216,0.499402,0.295219,28.2073,0.981722,64.1955,2.6772,181.079,0.515989,260.764,1.58183,296.748,2.43061,0.213303,0.421158,0.25417,0.46476
0.0432515,0.770528,0.000364115,0.000430493,0.000514435,0.000751288,0.000994797,0.00138845,0.00253233,0.00540846,0.0114565,0.0361597,0.00012995,0.37693,0.969011,1,110.014,0.449184,0.233185,29.6792,0.603062,62.6952,0.804084,178.176,2.97672,260.673,0.58431,298.692,0.689205,0.233173,0.450936,0.260424,0.507533
0.0528643,0.814697,0.000309267,0.000220818,0.000371996,0.000819931,0.00112745,0.0014675,0.00280428,0.00555184,0.0125566,0.0388305,0.000102728,0.574057,0.93027,1,72.3508,0.39759,0.285257,28.3117,1.29286,61.9511,0.952182,178.894,1.12049,260.263,0.388471,297.721,0.655703,0.204131,0.413677,0.240327,0.500532
0.0557491,0.716812,0.00020637,0.000187123,0.000436169,0.000962274,0.00132895,0.00184875,0.0033955,0.00712429,0.0148678,0.0461968,0.000132998,0.617621,0.915273,1,63.6193,0.299958,0.290956,28.5325,0.429607,61.9031,3.26522,179.271,1.9705,259.707,1.02733,296.981,0.313054,0.228241,0.429902,0.233952,0.480226
0.053436,0.782254,0.0002637,0.000194181,0.000314593,0.000775517,0.0010635,0.00141423,0.00267902,0.00551026,0.0124662,0.0384747,0.000137841,0.659459,0.96243,1,51.4788,0.319297,0.2927,28.1113,1.15592,63.1521,0.999233,180.233,1.96648,262.622,0.951718,298.721,0.502891,0.204763,0.412089,0.227985,0.526757
0.0586951,0.757089,0.000341325,0.000370644,0.00055875,0.00106262,0.00145931,0.002019,0.00359215,0.00822686,0.0172358,0.0543811,0.00010193,0.491996,0.996392,1,44.1107,0.301611,0.314823,28.5232,0.583056,64.4995,2.20184,180.018,1.14248,257.178,1.11357,298.315,0.543832,0.206467,0.408914,0.233546,0.456551
0.0532545,0.818648,0.000357416,0.000242953,0.000414607,0.00088387,0.00118418,0.00158605,0.00307938,0.00636801,0.0142685,0.0445547,0.000114144,0.537429,0.996404,1,57.659,0.356039,0.29634,27.545,1.10335,65.047,1.87561,183.213,0.482424,258.86,0.316623,297.592,2.88606,0.200692,0.412965,0.223743,0.47255
0.0484371,0.759998,0.00029303,0.00035822,0.000510866,0.000811572,0.00111588,0.00151855,0.00269634,0.00598972,0.0128207,0.0397948,0.00012359,0.477346,0.957047,1,49.342,0.358858,0.254109,29.0196,0.894702,64.1241,0.955847,180.399,0.480939,261.061,0.504854,296.304,0.557053,0.214385,0.421991,0.221396,0.454958
0.0534104,0.80521,0.000464372,0.000313407,0.000582314,0.000779397,0.00110692,0.00144817,0.00285065,0.00576752,0.0130148,0.038882,0.000104956,0.443988,0.99549,1,44.8084,0.388677,0.28938,27.8823,0.671339,63.415,0.729964,177.886,0.638382,260.46,0.445365,297.478,0.821736,0.198515,0.401711,0.247896,0.461735
0.0506925,0.797037,0.000360055,0.000463435,0.000612895,0.000805501,0.00117469,0.00158595,0.00286628,0.00609646,0.0131391,0.0410074,9.76553e-05,0.427167,0.99157,1,46.7263,0.421122,0.272812,27.7397,0.521966,64.6879,1.8526,179.184,0.49397,260.41,0.380107,300.102,0.796297,0.20508,0.398058,0.238853,0.490314
0.059001,0.724078,0.000274515,0.000319635,0.000549602,0.000923835,0.00125892,0.00171105,0.00313664,0.00641282,0.0137552,0.0432072,0.00012328,0.49967,0.937936,1,69.8057,0.281997,0.293446,28.6158,1.77252,63.549,0.588752,179.278,2.30864,260.771,0.287299,295.997,2.7176,0.200988,0.406508,0.210889,0.427471
0.0564756,0.778826,0.00040516,0.000283199,0.000440961,0.00089982,0.00123451,0.00161906,0.0030941,0.00626415,0.0134817,0.041517,0.000107525,0.524056,0.946099,1,55.8892,0.337597,0.293736,28.251,1.37471,63.4863,5.25095,179.354,0.922392,261.937,0.274367,296.758,1.23197,0.195983,0.400767,0.216106,0.443057
0.0434563,0.761484,0.000278518,0.000280688,0.000389627,0.000722598,0.000994539,0.00134704,0.00244322,0.00513694,0.0113986,0.0361456,9.30008e-05,0.493617,0.972186,1,46.2092,0.504338,0.227605,28.1348,0.652398,64.7668,0.422654,177.771,1.52416,262.408,0.52751,295.068,0.683683,0.201747,0.390648,0.208598,0.426686
0.0467917,0.784724,0.00026646,0.000202346,0.000380992,0.000714233,0.00096055,0.00130865,0.00245421,0.00524782,0.0114387,0.0339641,0.000131358,0.528228,0.943999,1,54.6739,0.401332,0.248324,28.5335,1.78211,62.4684,6.33812,181.278,1.95771,261.066,0.496486,297.251,3.39134,0.21016,0.423482,0.234263,0.470892
0.0466378,0.764715,0.000310032,0.000299143,0.000408349,0.000743375,0.00105927,0.00145074,0.00260602,0.00515109,0.0112783,0.0354068,0.000121994,0.438773,0.932259,1,50.0137,0.429252,0.239618,28.6843,0.6932,64.385,0.417571,178.684,1.25527,258.044,0.350142,297.695,0.909699,0.217445,0.423589,0.251613,0.471818
0.0683159,0.763762,0.000461734,0.000401302,0.000610153,0.00108931,0.00138981,0.00195777,0.00359918,0.00691158,0.0150999,0.0457282,9.65643e-05,0.466632,0.874419,1,59.6157,0.309668,0.331185,28.2019,2.85067,62.4795,5.28718,178.597,1.40434,261.79,2.53437,297.567,1.70303,0.206473,0.397531,0.22063,0.45163
0.0490243,0.770731,0.000266715,0.000275673,0.000470695,0.0006642,0.00101561,0.00123783,0.002352,0.00516229,0.0109586,0.0344419,0.000154416,0.409835,0.993119,1,65.0828,0.353721,0.263883,28.9521,1.25524,62.6576,1.65179,177.543,2.8532,260.917,1.85012,296.331,0.984457,0.217954,0.438112,0.259564,0.507494
0.0693953,0.701342,0.000524906,0.000487423,0.000880932,0.000980059,0.00127721,0.00179861,0.00315546,0.00632493,0.0142645,0.0436243,0.000110393,0.32708,0.92796,1,58.464,0.279367,0.32818,28.3612,0.836703,62.1823,1.09108,181.788,0.503392,258.47,0.428757,300.049,1.58732,0.213385,0.415057,0.249411,0.484198
0.0625811,0.735492,0.000442975,0.000457778,0.000604503,0.00102666,0.00132495,0.00188185,0.00348133,0.00703051,0.0155971,0.0474761,0.000114266,0.438926,0.913129,1,59.5639,0.29411,0.310565,28.8492,1.10539,62.3724,4.42228,182.369,0.363804,257.9,0.437623,298.296,1.28737,0.218748,0.427288,0.238912,0.470268
0.0570767,0.731189,0.000296908,0.000228327,0.000385247,0.000814977,0.00118547,0.00153563,0.0028209,0.00587773,0.0125781,0.0398711,9.0794e-05,0.553301,0.967036,1,58.4518,0.334873,0.288739,27.8571,0.699538,64.6241,0.608072,180.184,0.404502,259.731,0.972734,298.528,0.35964,0.189862,0.381089,0.217941,0.453095
0.0484078,0.686369,0.000245898,0.000184693,0.000302768,0.000675016,0.000871306,0.00125099,0.00222544,0.00490332,0.0108752,0.0343176,0.00010485,0.584874,0.995408,1,52.0124,0.377273,0.244213,27.5854,0.637489,63.8999,3.37724,179.229,2.26485,259.988,0.938244,296.663,4.77916,0.195269,0.376756,0.227015,0.417953
0.0549199,0.776384,0.00048214,0.000304374,0.000511869,0.000804901,0.00112577,0.0015402,0.00273946,0.00580595,0.0126109,0.0386923,0.000114548,0.412871,0.977006,1,56.2602,0.351896,0.285602,28.1486,0.978218,64.1452,0.611848,178.979,0.413515,260.736,1.12374,299.279,0.340585,0.19876,0.406101,0.231575,0.505881
0.0493503,0.696397,0.000402038,0.000277522,0.000485595,0.000666926,0.00089935,0.00121769,0.00220368,0.00472572,0.010221,0.0309531,0.000163197,0.403296,0.978085,1,51.7093,0.330408,0.248466,28.8566,1.16064,62.6612,0.494712,180.126,0.647047,260.973,0.908776,295.377,1.87978,0.221636,0.43222,0.248949,0.477262
0.0484688,0.653113,0.000311016,0.000381792,0.000548283,0.000609306,0.000818749,0.00114446,0.00206951,0.00432395,0.00983429,0.0294786,0.000163361,0.351067,0.991347,1,57.7469,0.3202,0.233209,28.6095,1.30572,63.0354,0.904748,179.396,0.699497,260.283,0.789925,296.533,2.07471,0.214351,0.416711,0.238163,0.47449
0.0520086,0.822129,0.000310909,0.000311798,0.00048016,0.000911462,0.00124122,0.00170796,0.00321297,0.00664865,0.014488,0.0460375,0.000102012,0.502745,0.980233,1,70.9137,0.396146,0.288993,27.9044,0.570681,63.6916,2.23964,178.87,2.1979,260.742,1.12619,297.33,0.804976,0.208519,0.405133,0.238855,0.468246
0.0526355,0.742316,0.000379572,0.00029029,0.000423756,0.000800044,0.00112779,0.00149748,0.00275438,0.00592968,0.0130244,0.0399992,0.00010555,0.511255,0.984436,1,80.7891,0.33915,0.275602,28.8264,1.27624,63.5261,1.31871,179.903,1.24826,259.694,1.23478,298.152,2.03732,0.204052,0.401571,0.24135,0.443678
0.0529456,0.763021,0.000418236,0.000246761,0.000533284,0.000830298,0.00113402,0.00155399,0.00283075,0.00639242,0.0140105,0.04084,0.000109935,0.451754,0.98535,1,78.4773,0.3591,0.278703,27.9459,0.56874,64.2496,0.927942,178.985,0.326534,259.648,0.423259,300.515,1.51592,0.20644,0.400893,0.237896,0.49108
0.052405,0.729252,0.000287612,0.000340199,0.000376475,0.000686241,0.000919697,0.00126037,0.00236624,0.00516513,0.0111883,0.0346226,0.000141658,0.482537,0.992003,1,88.8954,0.324987,0.268327,27.5946,0.605677,62.8344,1.01378,179.339,0.324054,258.439,1.62181,299.531,1.50423,0.193198,0.404468,0.252799,0.482635
0.0514034,0.668025,0.000369129,0.000250368,0.000482298,0.000897312,0.00120518,0.00161136,0.00299082,0.00616851,0.0138833,0.0431579,9.51757e-05,0.504036,0.982911,1,38.1854,0.32632,0.252082,28.3164,0.764094,63.39,3.71137,177.858,0.25742,259.988,0.425289,296.963,1.51092,0.194981,0.379664,0.199716,0.396726
0.0567794,0.644666,0.000379938,0.00031955,0.000500793,0.000576598,0.000823972,0.00116154,0.00210176,0.00441065,0.00908601,0.0278865,0.000140361,0.343079,0.999447,1,85.5889,0.288963,0.259301,27.4887,0.509799,67.0911,0.558766,184.005,0.252174,258.498,1.61601,298.561,0.823118,0.19369,0.388826,0.242804,0.469901
0.0520301,0.746436,0.000435528,0.000466612,0.000735986,0.000678926,0.000924692,0.0011807,0.00219019,0.00468878,0.0106655,0.0314898,0.000146277,0.311093,0.995743,1,60.4221,0.355877,0.263036,27.6303,1.04822,64.0633,1.9919,183.129,0.254168,259.871,0.729238,297.774,3.09944,0.205075,0.423447,0.242684,0.490425
0.0511039,0.707453,0.000377763,0.000379469,0.000627235,0.000689442,0.000961289,0.00127897,0.00242104,0.00501564,0.0107321,0.0321279,0.000116825,0.358424,0.972986,1,65.3317,0.363478,0.253054,29.2236,1.17939,64.7859,1.28123,182.398,0.25241,259.815,0.556292,296.191,0.872178,0.216935,0.424098,0.243141,0.462874
0.0517059,0.672085,0.000363225,0.000342771,0.000540488,0.000633402,0.000861116,0.00119075,0.00206181,0.00455921,0.0101339,0.0320638,0.000164763,0.348762,0.999087,1,59.1207,0.334879,0.26225,28.4286,0.381168,61.0613,2.01208,180.343,0.328051,260.205,0.326187,298.22,1.40313,0.236215,0.442406,0.285679,0.542392
0.0586429,0.709406,0.00046007,0.000374015,0.000719456,0.000741612,0.00105596,0.00138885,0.00261068,0.00568941,0.0122588,0.0370817,0.000110669,0.337693,0.973148,1,47.566,0.33552,0.294187,28.5849,0.583223,60.7174,0.281444,178.546,2.78609,260.359,0.863912,297.416,0.840219,0.221269,0.420055,0.267184,0.498183
0.0523558,0.710117,0.000306303,0.000275228,0.000374648,0.000764901,0.00101999,0.00145474,0.00270831,0.0057055,0.0124001,0.0379149,0.000151056,0.546574,0.993573,1,55.3101,0.315116,0.281794,28.3967,0.493468,61.1896,0.263932,178.97,1.93107,259.836,1.40981,297.624,1.56795,0.227345,0.435379,0.263699,0.495547
0.0533491,0.719245,0.000307326,0.000262952,0.000370493,0.000778407,0.00101727,0.00145417,0.00264256,0.00582384,0.0121875,0.0382006,0.000134246,0.506393,0.951782,1,52.7471,0.3392,0.279415,28.7592,0.588698,60.8591,0.275258,178.48,3.42493,259.971,1.38492,297.11,2.14166,0.23211,0.436506,0.262773,0.503765
0.0552343,0.700213,0.00026163,0.000203287,0.000415903,0.000755895,0.00106253,0.00139322,0.0026099,0.005508,0.0124085,0.0387228,0.000138193,0.496213,0.990257,1,60.7692,0.309192,0.293413,29.0847,0.962833,60.9201,0.311843,180.272,1.10759,260.492,1.5845,298.298,1.30219,0.238113,0.43916,0.274902,0.532245
0.0477187,0.800708,0.000214113,0.000182553,0.000270142,0.000776105,0.000982062,0.00138016,0.00256055,0.00586736,0.0121494,0.0382033,0.000130393,0.681456,0.984209,1,53.9103,0.371042,0.270461,28.0317,1.25934,64.2895,1.65951,177.816,0.426534,260.195,1.37717,297.782,1.7177,0.203142,0.405651,0.244365,0.487832
0.0547092,0.703353,0.000236324,0.000186656,0.000332365,0.000910076,0.00133142,0.00173145,0.00330867,0.00704622,0.0161964,0.0507713,0.0001019,0.710951,0.966138,1,64.4578,0.318431,0.299845,28.7439,0.451098,60.7766,1.08079,178.886,0.502515,260.826,0.948794,297.793,0.508375,0.226042,0.414555,0.245597,0.465084
0.0561942,0.817794,0.000263667,0.000226022,0.000388395,0.000828557,0.00107571,0.00153169,0.00291376,0.00644431,0.013654,0.0425643,0.000101484,0.646917,0.995088,1,74.8071,0.356885,0.319551,27.71,0.891829,63.0297,2.48156,179.102,1.27366,258.732,1.4428,299.5,0.300639,0.197379,0.401889,0.25519,0.506119
0.0521284,0.798572,0.000237404,0.000219048,0.000385627,0.000900135,0.00124574,0.00161007,0.00296227,0.00645184,0.0140749,0.0432032,0.000110885,0.637355,0.99097,1,79.7456,0.348628,0.290471,27.7557,1.15403,64.317,1.52099,178.979,0.580799,260.002,0.967039,299.567,0.410316,0.193608,0.395047,0.232009,0.472891
0.0554317,0.832468,0.000278251,0.000234227,0.000415588,0.000861175,0.00111586,0.00159608,0.00300668,0.00652098,0.0141757,0.0438258,0.000117259,0.596891,0.990611,1,59.3066,0.371292,0.319837,27.5895,0.455257,62.5141,2.37079,178.407,0.564099,260.683,2.03685,297.967,1.18541,0.210633,0.416721,0.263213,0.491234
0.055497,0.824007,0.00031917,0.000211499,0.000350095,0.000890804,0.00113289,0.00169737,0.00318854,0.00691887,0.0147853,0.0444617,0.00012488,0.628458,0.994955,1,57.2545,0.351382,0.3212,27.3492,0.416519,62.7495,1.03511,177.677,0.381735,260.022,1.00207,298.642,1.02755,0.208746,0.412377,0.256022,0.499923
0.0531466,0.79847,0.000203982,0.000221292,0.000350171,0.000808592,0.00106909,0.00142289,0.00255404,0.00570146,0.0124147,0.03826,9.52835e-05,0.575822,0.987258,1,39.0739,0.417261,0.292592,27.337,0.467617,63.127,3.35886,179.424,0.669123,261.265,1.14027,298.17,0.627055,0.202768,0.39705,0.252261,0.490788
0.0620359,0.773145,0.000378086,0.000273456,0.000456791,0.00101078,0.00148608,0.00203428,0.00385733,0.00759491,0.016396,0.0507958,0.000113067,0.571869,0.921769,1,60.2163,0.299148,0.331597,28.812,0.565314,61.5122,1.12517,176.287,2.75973,261.369,0.521595,296.147,2.47079,0.219782,0.42085,0.243171,0.458396
0.0508823,0.798012,0.000247184,0.000297919,0.000417909,0.000825759,0.00109739,0.00144832,0.00260663,0.00530865,0.0115366,0.0360178,0.000117334,0.47273,0.928091,1,49.1409,0.397139,0.265023,28.4517,1.0675,61.8168,1.13563,178.036,1.39566,262.518,0.324466,297.108,0.397295,0.202012,0.415485,0.229227,0.472762
0.0510256,0.796211,0.000244131,0.000297381,0.00038589,0.000811155,0.00106779,0.00141371,0.00255294,0.00514322,0.0112304,0.035186,0.00011616,0.49345,0.931374,1,49.5105,0.393836,0.266272,28.4171,1.35954,62.1369,0.899397,177.968,1.57323,263.016,0.30798,297.397,0.353559,0.200823,0.411208,0.225933,0.476193
0.0545916,0.676432,0.000360482,0.000396069,0.00061343,0.000805369,0.00112375,0.00150526,0.00280287,0.00614575,0.0130463,0.0414218,0.000136075,0.41808,0.994172,1,67.3175,0.288408,0.26874,27.7489,0.823133,63.1878,0.861765,181.357,0.556541,259.745,0.435183,297.475,3.24932,0.205093,0.404719,0.211318,0.458652
0.0594367,0.726917,0.000296685,0.000337441,0.000501759,0.000806686,0.00109681,0.00142516,0.00270495,0.00555417,0.0121779,0.0395195,0.00012728,0.469261,0.99841,1,60.7047,0.292164,0.305588,28.0115,1.69522,63.1208,1.39246,179.043,0.502395,259.781,1.74205,297.206,0.656642,0.200968,0.403299,0.246006,0.466889
0.047588,0.861599,0.000415718,0.000251241,0.000571638,0.00103354,0.00137698,0.00195238,0.00349926,0.00798877,0.0173972,0.0542646,0.000106872,0.536508,0.993381,1,36.2322,0.41543,0.283165,28.8269,0.634176,64.5413,1.67113,181.319,1.25721,261.258,1.03904,298.023,1.80723,0.228374,0.432317,0.244596,0.455962
0.0488715,0.819187,0.000313103,0.000301894,0.000482968,0.000876223,0.00120619,0.00168503,0.00305846,0.00672936,0.0143886,0.0470912,9.72698e-05,0.532381,0.996045,1,37.7086,0.42199,0.280662,28.8467,0.560204,64.5889,1.44401,182.415,0.963312,260.423,1.65067,296.749,2.00714,0.227858,0.422258,0.248217,0.4669
0.0616087,0.718179,0.000371283,0.000373184,0.000580221,0.000930203,0.00129167,0.00174564,0.00303776,0.00640918,0.0146336,0.0441159,0.000113285,0.407647,0.972224,1,89.7518,0.277133,0.30688,28.7665,2.65187,63.5317,1.4092,176.849,1.60276,259.392,0.35041,298.232,0.860375,0.199672,0.401725,0.235223,0.453056
0.051044,0.782037,0.000408979,0.000411953,0.000559275,0.00071777,0.000956124,0.0013314,0.00255212,0.0053668,0.0112846,0.0353841,0.000125917,0.35832,0.987674,1,71.0526,0.399245,0.268873,27.9771,0.45635,64.5569,1.81247,182.038,0.5172,261.78,3.51616,296.976,1.16334,0.21321,0.422789,0.251884,0.469321
0.0531511,0.735762,0.000721419,0.000655022,0.000883926,0.000829534,0.00119413,0.00149188,0.0026457,0.00545584,0.0121207,0.0368154,0.000124767,0.262041,0.931237,1,57.0956,0.342882,0.250715,28.1804,2.52959,65.9502,0.59073,180.214,3.30087,257.889,0.302441,298.479,1.62356,0.198711,0.407264,0.223883,0.436638
0.0605676,0.817697,0.000939301,0.000711355,0.00100134,0.000926065,0.00127792,0.00174736,0.00311268,0.00654444,0.0141823,0.0439362,0.000108044,0.28515,0.982165,1,55.8892,0.363069,0.327198,28.2853,0.551268,61.9535,2.62482,181.115,0.29637,260.895,2.24252,298.206,0.887865,0.224489,0.436385,0.268108,0.527037
0.0594434,0.776532,0.000682557,0.000594605,0.000769567,0.000785785,0.00106813,0.00144023,0.00261337,0.00567225,0.0119246,0.0369604,0.000117622,0.281286,0.986307,1,59.9702,0.366618,0.312932,28.2544,0.486497,61.1926,1.3985,180.617,0.262807,260.316,1.00757,299.072,0.663334,0.226221,0.43802,0.298552,0.524329
0.0594724,0.772859,0.000597209,0.00048544,0.000818248,0.000804179,0.00103007,0.00138369,0.00253762,0.00563774,0.0117296,0.0365692,0.000122639,0.30681,0.9871,1,57.8985,0.353291,0.311344,27.974,0.493422,61.193,4.48892,180.643,0.268421,259.775,0.81502,298.006,0.864841,0.218316,0.436363,0.275913,0.552928
0.0556334,0.807788,0.000448412,0.000459271,0.000694527,0.000831838,0.00121672,0.00166961,0.00284478,0.00604756,0.01342,0.0401559,0.000150422,0.351843,0.96901,1,56.2036,0.332679,0.295818,28.3953,2.5575,67.3114,0.430664,181.681,0.433668,261.217,0.729347,296.566,1.88271,0.223861,0.432087,0.247383,0.486698
0.0569,0.694259,0.00028979,0.00025368,0.000418295,0.000763604,0.00100369,0.00128215,0.00255035,0.00520084,0.0108761,0.0330905,0.000146787,0.464463,0.954733,1,58.2619,0.309682,0.280931,27.8756,0.546616,61.8577,5.47182,178.606,0.548376,261.07,0.416767,298.811,0.970248,0.211386,0.414586,0.252028,0.480257
0.0583226,0.732535,0.000478896,0.000398045,0.000623047,0.00073843,0.00109286,0.00154219,0.00259751,0.00534027,0.0118715,0.0355363,0.000140734,0.33142,0.938538,1,64.9678,0.306486,0.284471,28.5427,1.43078,63.6038,0.592641,178.914,1.34115,259.476,2.3222,298.912,0.646908,0.211443,0.422034,0.255833,0.493
0.0535797,0.754002,0.000252046,0.0002106,0.000337322,0.000847929,0.00121164,0.0015552,0.0031161,0.00658759,0.0136316,0.0433254,0.000107954,0.593641,0.950067,1,72.2773,0.340891,0.279112,27.6846,0.840968,63.9276,0.592642,178.755,1.86602,262.343,0.636289,296.462,0.767783,0.197288,0.389007,0.203852,0.435365
0.0610535,0.724725,0.000290029,0.000294893,0.000460072,0.00103981,0.00135452,0.00178217,0.00320303,0.00714186,0.0157573,0.0478924,9.49554e-05,0.550973,0.988883,1,41.0449,0.300003,0.314923,27.5117,0.494554,64.3462,1.18879,180.116,0.980231,258.437,0.934746,295.81,1.37858,0.19499,0.383339,0.220166,0.411341
0.0609822,0.645918,0.000334211,0.000249543,0.000456739,0.000783711,0.00103048,0.00145726,0.00278409,0.00573685,0.0121862,0.0383449,0.000137988,0.502673,0.966709,1,62.0891,0.257202,0.286058,27.4049,0.582056,62.8481,1.30587,180.421,1.30772,261.56,0.804389,298.568,0.74278,0.191229,0.387433,0.210368,0.45159
0.0613857,0.623163,0.000260731,0.000212364,0.000322368,0.000597693,0.000875986,0.00109847,0.00208441,0.00444636,0.00947637,0.0291961,0.000176463,0.498584,0.993296,1,60.2467,0.240873,0.285733,27.4618,0.492326,65.3776,3.99156,180.898,2.05563,261.856,2.04042,295.812,0.529564,0.196916,0.39928,0.234181,0.470186
0.0601455,0.766441,0.000303871,0.000345288,0.000507066,0.000868318,0.00116093,0.00164899,0.00294498,0.00612673,0.013166,0.0400627,0.000120039,0.456737,0.932306,1,48.772,0.330659,0.30616,27.5448,0.625889,62.3926,0.835128,180.116,0.875408,262.404,0.726515,296.134,2.03099,0.209749,0.408702,0.232355,0.464239
0.0589512,0.799364,0.000354665,0.000380806,0.000541991,0.000852878,0.00118,0.0016422,0.00297876,0.00594811,0.0132068,0.0403033,0.000101497,0.429785,0.969236,1,54.1737,0.365837,0.310259,27.6329,0.653001,62.4655,1.33262,179.072,1.02139,262.545,0.68222,297.596,1.7888,0.199316,0.399767,0.237862,0.473822
0.0678338,0.740375,0.000424224,0.000329407,0.00049802,0.000913475,0.00120716,0.00163836,0.00308849,0.00646229,0.0137369,0.0419216,0.000107713,0.423045,0.951375,1,58.1247,0.296195,0.33684,27.5101,0.409633,62.8308,1.47031,178.32,0.434072,263.572,3.16475,294.906,2.16604,0.200178,0.392826,0.227885,0.445737
0.043562,0.812014,0.000180099,0.000159914,0.000268586,0.000739391,0.00102013,0.00140127,0.00260033,0.00536763,0.0122519,0.0376806,0.000116524,0.681087,0.964831,1,60.2655,0.439158,0.245836,28.3442,1.87108,64.3116,1.43744,181.296,0.349857,259.016,0.290148,297.821,0.367184,0.201073,0.418755,0.229489,0.457872
0.0440725,0.8091,0.000176364,0.000158048,0.000260485,0.00073208,0.000992006,0.00137264,0.00256712,0.00521351,0.0119807,0.0366712,0.00011316,0.667155,0.95762,1,61.9769,0.447115,0.246343,28.3995,1.7945,64.4882,1.54232,180.964,0.354629,259.001,0.283303,297.501,0.379594,0.204261,0.415063,0.235478,0.459403
0.0533097,0.755502,0.000273925,0.000237296,0.00037067,0.0008722,0.00118241,0.00156605,0.00290021,0.00646661,0.0133958,0.042595,0.000121033,0.619187,0.976977,1,56.8281,0.316805,0.282902,27.6015,0.684002,64.4141,1.67773,179.685,4.73525,260.856,0.250786,297.669,4.91963,0.190413,0.393241,0.208928,0.442847
0.0537091,0.752527,0.000269594,0.000222639,0.00035855,0.000869614,0.00117123,0.00156765,0.00293175,0.00649426,0.0134678,0.0427639,0.000119515,0.578279,0.971783,1,53.4565,0.320567,0.27969,27.4872,0.732322,64.7803,1.56914,179.623,3.17029,260.592,0.251925,297.936,5.41387,0.188944,0.389608,0.203568,0.449475
0.0515387,0.672885,0.000192805,0.000154614,0.000259589,0.000606516,0.000808795,0.00109531,0.00202376,0.00415717,0.00903537,0.027259,0.000107176,0.545259,0.93191,1,47.4224,0.409624,0.239708,26.5286,0.360647,63.9291,1.60224,179.661,1.89476,260.129,0.278766,298.089,0.576997,0.187469,0.372844,0.227615,0.445973
0.0520453,0.713831,0.000196845,0.00018865,0.000307239,0.000832378,0.00113302,0.00147859,0.00277873,0.00564082,0.0122472,0.0369263,0.000115885,0.624061,0.866013,1,65.7397,0.358954,0.24865,27.2645,0.487761,63.615,1.58805,180.837,0.425916,260.325,0.261835,296.217,4.21967,0.197652,0.390604,0.205579,0.408174
0.0560641,0.680175,0.000198724,0.000155026,0.000289592,0.000722934,0.00101515,0.00132681,0.00244326,0.0051607,0.0107331,0.0331543,0.000107487,0.606244,0.893265,1,63.0986,0.335915,0.262945,27.4409,0.565142,62.4925,1.56532,180.04,0.770761,260.5,0.283303,296.358,2.22663,0.194583,0.383467,0.214402,0.43792
0.0543382,0.692937,0.000244586,0.000166224,0.000341235,0.000794864,0.001064,0.00149691,0.00277298,0.00543371,0.0122534,0.036524,0.000127922,0.598443,0.934745,1,56.3995,0.301457,0.262057,27.1574,0.556553,65.3069,0.709735,179.855,1.13691,259.835,5.29715,298.125,0.493584,0.185361,0.379278,0.205995,0.419469
0.0482528,0.821483,0.000410514,0.000336564,0.000588042,0.00107251,0.00148831,0.00190754,0.00357213,0.00785096,0.016337,0.0533713,9.74428e-05,0.486478,0.964099,1,46.895,0.41799,0.267949,28.8173,1.08984,63.1448,1.62348,181.312,1.64948,258.762,0.27349,298.285,3.32426,0.215095,0.426295,0.226853,0.442044
0.0528079,0.916415,0.000367315,0.000287839,0.000482595,0.00102217,0.00139823,0.00201439,0.00348324,0.00743009,0.0171427,0.0529625,0.000107861,0.575059,0.981491,1,57.7642,0.400258,0.319581,28.0276,0.805231,65.0777,1.55607,181.198,0.404199,258.424,2.07341,299.469,0.47192,0.213259,0.43072,0.25873,0.488416
0.0525458,0.77365,0.000265417,0.000262242,0.000352746,0.00110662,0.0014495,0.00194201,0.00367026,0.00823412,0.0169887,0.0542254,9.67564e-05,0.717276,0.951898,1,46.2065,0.352034,0.294784,27.8179,0.516554,61.836,1.50543,179.254,1.62008,258.81,0.384181,299.192,3.4588,0.214263,0.403296,0.237309,0.443997
0.0520991,0.781584,0.000278142,0.000239698,0.000351656,0.00109544,0.00144244,0.00193147,0.00363878,0.00822917,0.0172019,0.0543333,0.000100211,0.7218,0.959543,1,45.9496,0.352809,0.294811,27.9337,0.566488,61.8643,1.20358,180.169,1.70282,258.811,0.408986,298.48,5.41881,0.211747,0.404647,0.231988,0.435842
0.0525954,0.859097,0.000167893,0.000189324,0.000353619,0.000759368,0.00104312,0.00143986,0.00275915,0.00537297,0.0125038,0.0377947,0.00013942,0.595733,0.969101,1,45.4138,0.384138,0.309347,28.441,0.523689,62.5985,0.589088,178.089,1.29122,260.045,0.365512,296.884,0.741223,0.225724,0.450185,0.288931,0.545498
0.0542854,0.864374,0.000294126,0.000195455,0.000388746,0.000894359,0.00120414,0.00160463,0.00298618,0.00675797,0.0137923,0.042039,0.000101555,0.602401,0.971192,1,50.5905,0.394371,0.318568,29.0137,0.921275,63.4569,2.27919,181.759,1.96538,262.373,3.06687,295.8,1.53777,0.224097,0.432348,0.254876,0.512244
0.045146,0.93539,0.000215775,0.000224764,0.000341554,0.000694554,0.000963799,0.00132545,0.0024952,0.00510749,0.0117761,0.0360951,0.000139106,0.570663,0.998999,1,54.0127,0.468186,0.274525,27.8985,1.62365,66.6343,0.774136,177.695,0.717277,260.333,0.48368,298.053,0.992554,0.197902,0.432474,0.260045,0.544887
0.0493336,0.758125,0.000244805,0.000176661,0.000314868,0.000783104,0.00106289,0.00138834,0.00265799,0.00589262,0.0120917,0.0381618,0.000114918,0.628524,0.941595,1,58.5601,0.369786,0.260063,28.4056,1.22557,63.8245,0.78463,181.099,0.71165,260.98,0.432583,299.443,1.66238,0.204646,0.404313,0.227231,0.482759
0.0507715,0.739567,0.000240462,0.000178563,0.000320974,0.000780505,0.000988993,0.00137117,0.00252439,0.00542089,0.0118065,0.0372375,0.000126999,0.602852,0.988821,1,58.9202,0.34347,0.273434,28.2126,0.980708,63.1803,0.513595,180.894,2.96488,262.477,1.11814,297.632,0.955492,0.213013,0.411397,0.237265,0.476965
0.0510854,0.709665,0.000207495,0.000228391,0.000345748,0.000721662,0.000994865,0.00126455,0.00241717,0.00507627,0.0112229,0.0345249,0.000131907,0.516334,0.96705,1,58.4805,0.34542,0.260066,28.1569,0.568252,63.24,0.508118,179.13,0.577516,261.131,0.994528,297.161,0.896048,0.21097,0.408945,0.236983,0.470343
0.0498431,0.782975,0.000351936,0.000330196,0.000464137,0.000773796,0.00105283,0.00152269,0.00277352,0.00585657,0.0126524,0.0395124,0.000103235,0.49391,0.958737,1,52.2022,0.388421,0.259193,28.2248,3.48425,65.4697,4.35834,179.817,0.425045,258.519,1.18798,297.673,1.83606,0.192789,0.395314,0.2289,0.420049
0.0468045,0.793425,0.000379892,0.000281076,0.00051907,0.000824721,0.00113156,0.00149348,0.00282448,0.00597003,0.0136076,0.0395907,9.71543e-05,0.458069,0.988539,1,56.3729,0.404815,0.244873,28.1507,2.54011,67.4435,2.03257,179.312,0.51245,260.197,1.68504,297.014,1.2779,0.176384,0.383869,0.194202,0.401447
0.0527173,0.722098,0.000304264,0.000273571,0.000390411,0.000844923,0.00115826,0.00150964,0.00286427,0.00538773,0.0117137,0.0349643,0.000130739,0.50282,0.869845,1,50.7472,0.372587,0.260665,28.839,0.407986,61.7528,1.04628,179.838,2.27654,259.765,0.356134,298.181,1.11438,0.237945,0.435419,0.265368,0.48332
0.0574773,0.731049,0.00025677,0.000209985,0.000348067,0.0007062,0.000954282,0.00134547,0.00244203,0.00469293,0.00990257,0.0301522,0.000140312,0.469285,0.866815,1,96.8247,0.344101,0.272458,28.2116,0.903242,62.4244,0.375089,181.06,0.356048,262.577,0.435741,295.887,0.439278,0.214528,0.424838,0.23683,0.481393
0.0633533,0.756176,0.000667756,0.000556895,0.000847862,0.00108948,0.00147251,0.00196008,0.00362546,0.00718829,0.0159377,0.0491531,9.73951e-05,0.341849,0.92735,1,46.3839,0.314438,0.315185,28.7686,0.559267,62.676,0.366363,179.336,0.346437,259.512,1.70268,295.897,0.950942,0.212459,0.416433,0.2358,0.425548
0.061566,0.765129,0.000448794,0.000453987,0.000670711,0.000867356,0.0011517,0.00156665,0.00284397,0.00582819,0.0122455,0.0377939,0.000123391,0.383168,0.942583,1,71.0749,0.31487,0.311062,28.4863,3.24366,63.0319,0.365646,179.581,0.315128,259.328,0.994245,300.623,3.01446,0.210827,0.421159,0.264258,0.53432
0.0627871,0.758669,0.000422765,0.000468319,0.000646478,0.000870578,0.00113412,0.00155852,0.0029718,0.00590046,0.0126473,0.0382648,0.00011932,0.331395,0.928789,1,74.9265,0.309035,0.308978,28.8054,4.36334,63.5659,0.329594,179.386,0.320485,259.624,0.552548,299.718,1.38172,0.208408,0.422725,0.261962,0.498035
0.0610521,0.707841,0.000390818,0.000343939,0.000639158,0.000785111,0.00109834,0.00141873,0.00249696,0.00546502,0.0114381,0.0349562,0.00013556,0.326227,0.958496,1,67.3119,0.276895,0.290591,28.3739,2.23877,64.5161,0.497702,179.325,0.411306,260.997,1.00633,297.923,0.998534,0.198688,0.404499,0.228996,0.466198
0.0446541,0.734845,0.000311376,0.000251285,0.000465669,0.000643839,0.000874537,0.00121411,0.00229906,0.00480209,0.0106955,0.033093,0.000132607,0.397883,0.972003,1,64.73,0.44066,0.232134,28.3616,0.407833,62.0706,4.04386,178.847,3.81806,258.859,1.19311,299.295,1.31781,0.222489,0.430775,0.268337,0.484471
0.0736728,0.742106,0.000421033,0.000322618,0.00064554,0.00118364,0.0016025,0.00212895,0.00401195,0.00808597,0.0177437,0.0553951,9.91839e-05,0.47248,0.970316,1,47.4035,0.26093,0.376488,27.8542,1.32478,61.3317,0.51243,177.923,0.387133,263.56,0.903281,294.404,1.36273,0.194276,0.392613,0.199519,0.423824
0.0402739,0.802823,0.000231978,0.000189097,0.000300714,0.000625232,0.000839759,0.0011293,0.00213755,0.00443919,0.00979152,0.0307489,0.000122374,0.548141,0.987804,1,63.3133,0.537892,0.22237,28.2069,0.809156,65.3801,3.94726,180.779,0.92645,258.794,0.316314,300.11,1.11468,0.204977,0.418455,0.254969,0.494662
0.0594406,0.739052,0.000433088,0.00034317,0.000581434,0.000841341,0.00119123,0.0015532,0.00284826,0.00607233,0.0132784,0.0413473,0.000148617,0.429717,0.971098,1,51.2362,0.282463,0.303106,27.9703,0.955104,62.4465,0.598335,177.363,1.5261,261.996,1.88339,294.054,1.20575,0.202453,0.413277,0.221262,0.445071
0.0497312,0.830787,0.00023883,0.000257423,0.000358784,0.00102765,0.00144432,0.00179207,0.00346324,0.00753022,0.0164588,0.052507,8.60451e-05,0.696948,0.982966,1,59.2003,0.408893,0.285663,27.2033,0.403511,65.1835,1.52572,180.143,1.1194,256.729,0.450296,298.415,1.09873,0.189553,0.385841,0.227693,0.404599
0.0496496,0.834748,0.000276337,0.000241279,0.000356899,0.0010655,0.00152224,0.00191528,0.00359898,0.00793552,0.0173609,0.0551144,8.32094e-05,0.687102,0.979783,1,58.8794,0.43714,0.287025,27.1006,0.376184,65.4116,1.20633,180.052,1.52885,256.336,0.412645,298.573,1.01697,0.197087,0.389371,0.229967,0.41611
0.0482741,0.813454,0.000225912,0.00022855,0.000407427,0.000804314,0.00117674,0.00152574,0.00298597,0.006416,0.0141205,0.0445938,0.000100466,0.614217,0.983889,1,73.0394,0.41494,0.269587,27.5797,0.577734,65.5298,0.422568,179.704,0.894201,256.915,1.05809,298.8,1.00889,0.194938,0.396472,0.23315,0.443436
0.0620916,0.770271,0.000320412,0.00034352,0.000503083,0.00108372,0.00160802,0.00205226,0.0040085,0.00845313,0.0183611,0.0569352,0.000121196,0.558746,0.967577,1,47.219,0.278351,0.340794,28.8476,1.48657,62.0973,2.79222,178.438,0.672093,261.473,0.33808,295.729,1.29929,0.220535,0.423905,0.22274,0.447963
0.0541155,0.758326,0.000242465,0.000266182,0.000399834,0.000880382,0.0011219,0.00152369,0.00282588,0.00613957,0.0129801,0.0416258,0.000123418,0.549408,0.987228,1,57.8652,0.336559,0.286256,27.3439,0.788493,63.5215,0.779803,178.025,1.22601,262.321,1.39491,295.485,1.16595,0.193185,0.391887,0.213768,0.442406
0.050256,0.819848,0.000424494,0.000252635,0.000412378,0.00111384,0.00161317,0.00213742,0.00420264,0.00868277,0.0190373,0.0595949,7.20578e-05,0.633759,0.947011,1,47.5503,0.425502,0.278056,27.5279,0.572863,63.3696,2.78933,180.479,0.420104,257.837,0.309322,301.171,1.12788,0.195567,0.388527,0.214409,0.430054
0.0626866,0.699779,0.000418174,0.000401464,0.000560987,0.00103468,0.00133488,0.00186833,0.00343894,0.00710942,0.0161053,0.0516998,0.000109498,0.458461,0.999294,1,58.8212,0.274322,0.311944,27.0957,0.538092,64.3971,0.703025,180.648,0.301126,259.168,1.84988,297.684,0.793952,0.188728,0.384873,0.208153,0.415903
0.0644372,0.683996,0.000455998,0.000364719,0.000604346,0.00086583,0.00118087,0.00152121,0.00287311,0.00635446,0.0138365,0.041456,9.04703e-05,0.429243,0.976545,1,62.168,0.292455,0.306543,27.5316,0.641273,64.1797,1.40094,176.841,0.378566,263.034,1.42085,298.056,1.19295,0.187241,0.363746,0.207856,0.42726
0.0669432,0.710024,0.000405721,0.000471153,0.000538101,0.000920049,0.00122243,0.00162596,0.00301676,0.0064207,0.0143566,0.042627,0.000108061,0.45546,0.987492,1,54.2517,0.269639,0.323646,26.7267,0.596771,63.5697,0.917449,177.136,0.55037,261.228,3.1958,299.301,2.05254,0.170565,0.364839,0.206569,0.449696
0.0542099,0.742514,0.000345931,0.000420776,0.000491256,0.000916796,0.00131634,0.00174992,0.00323469,0.00638348,0.0141478,0.0441247,9.56205e-05,0.487795,0.908112,1,100.075,0.377863,0.270813,28.102,0.624003,62.2267,2.11817,183.152,1.58056,259.024,0.320212,297.491,0.682387,0.216495,0.411064,0.226724,0.423109
0.0546331,0.717475,0.000336352,0.000298001,0.000526138,0.000915976,0.00129126,0.00160814,0.00318794,0.00619763,0.0139035,0.0430179,9.0151e-05,0.456911,0.925472,1,84.0013,0.372434,0.267656,28.1319,0.384219,63.2324,6.97763,182.024,2.05046,260.395,0.29114,297.073,0.848671,0.209282,0.401269,0.20916,0.4292
0.0584853,0.708345,0.000487718,0.000381122,0.000664032,0.000917008,0.0012079,0.00175779,0.00302949,0.00659811,0.0140897,0.0448668,0.000132703,0.41896,0.973218,1,60.6297,0.271107,0.289885,28.2915,1.26921,63.4009,0.51262,179.686,1.57551,258.845,0.355883,297.663,1.45832,0.197125,0.410706,0.217278,0.454718
0.0552251,0.729952,0.000402845,0.000386534,0.000473238,0.000760351,0.00109072,0.00139915,0.00260268,0.00536713,0.011404,0.0357971,0.000158274,0.417014,0.959233,1,39.7839,0.285517,0.275391,28.6764,1.8004,65.113,2.90715,177.399,2.17457,258.265,2.87658,296.912,1.95044,0.20303,0.416232,0.244374,0.46252
0.0515416,0.752484,0.000356596,0.00029489,0.000560506,0.000808508,0.00106962,0.00148712,0.00269119,0.00553118,0.0124005,0.0372738,0.000120794,0.416378,0.983597,1,41.713,0.354984,0.265982,28.0247,0.911018,63.7524,1.64682,179.745,1.03433,261.496,0.589003,297.093,2.09219,0.201343,0.40673,0.21871,0.459322
0.0507817,0.759386,0.000306032,0.000290449,0.000396817,0.000712594,0.000973408,0.00136054,0.00250261,0.00493863,0.0112983,0.0325497,0.000109064,0.472616,0.948046,1,39.5849,0.423185,0.260068,27.8527,0.542534,62.6931,0.627247,177.896,0.524205,262.747,1.63123,296.892,0.982497,0.203639,0.401693,0.236333,0.459683
0.0592669,0.711409,0.000305261,0.000214465,0.000438192,0.000890084,0.00120065,0.001555,0.00291425,0.00607642,0.0125277,0.0403543,0.000117281,0.531954,0.922928,1,52.8306,0.310449,0.288874,27.3242,0.422525,63.2647,0.94324,177.716,1.0971,260.9,0.564862,297.969,2.21442,0.196723,0.388652,0.223458,0.431326
0.0576136,0.734879,0.000349265,0.000262033,0.000415167,0.000910742,0.00121689,0.0016876,0.00317673,0.00623232,0.0130306,0.0412582,0.000113451,0.524635,0.931028,1,59.8469,0.310054,0.285387,27.9677,0.813384,64.2694,1.53931,178.232,3.13064,259.149,1.21711,295.737,3.02125,0.194084,0.387228,0.218971,0.41475
0.0532188,0.638378,0.000244806,0.000238241,0.000406905,0.000727478,0.00104393,0.00136534,0.00248642,0.00508855,0.0111624,0.0345894,9.40607e-05,0.498285,0.912376,1,42.3448,0.346715,0.233436,27.2213,0.577764,64.3302,1.46671,179.991,0.897186,262.799,1.41027,299.199,0.849392,0.182236,0.353989,0.178976,0.419889
0.054449,0.662926,0.000385662,0.000311899,0.000621671,0.000736066,0.00099631,0.00133848,0.00253913,0.0054485,0.0117534,0.0362058,0.000142316,0.378248,0.980906,1,56.7513,0.27101,0.250336,27.5453,1.13834,65.5531,2.67517,177.974,2.34768,256.48,0.791641,296.529,0.854957,0.174412,0.382419,0.205819,0.393817
0.0524055,0.652633,0.000298037,0.000351601,0.000482863,0.000677984,0.000954478,0.00130094,0.00232742,0.00498166,0.0109549,0.0337005,0.000121216,0.425014,0.998455,1,72.8396,0.307317,0.249387,28.1549,1.62924,63.3884,2.46574,178.786,0.69265,264.793,1.4279,297.696,3.34858,0.192837,0.382126,0.189235,0.467917
0.0536339,0.763273,0.000349706,0.000332767,0.000503212,0.000851354,0.00114161,0.0016148,0.00291168,0.00587681,0.0124224,0.0378058,0.000142684,0.426908,0.871567,1,42.8604,0.391602,0.274696,29.2257,0.340101,61.8634,1.42531,177.29,1.7254,258.25,0.567005,297.597,0.455734,0.254253,0.462194,0.297234,0.484959
0.0562721,0.730201,0.000418519,0.000336538,0.000535296,0.000651009,0.000919496,0.00118963,0.00223413,0.00440095,0.00950232,0.0287319,0.00014995,0.347779,0.960672,1,78.5705,0.338151,0.28058,28.1797,1.89189,60.3865,1.534,179.369,2.4759,261.554,3.19913,301.392,0.954604,0.216972,0.434197,0.285921,0.58309
0.0507474,0.750945,0.000409435,0.000376167,0.000474786,0.000689427,0.000891587,0.0012087,0.00226513,0.00460602,0.0100374,0.0301385,0.000185918,0.347541,0.954389,1,42.7184,0.327279,0.257374,28.8358,3.04495,63.4288,1.82391,181.26,0.29021,260.585,0.384483,294.92,1.51807,0.220402,0.448894,0.253864,0.492699
0.0575729,0.839235,0.000531754,0.000543456,0.000603374,0.00085211,0.00123958,0.00158785,0.00289068,0.00609115,0.012968,0.0396307,0.000104826,0.349261,0.939485,1,56.7308,0.397515,0.301485,27.7188,0.543992,64.9933,1.20655,179.071,1.15223,260.379,2.70526,300.582,1.38258,0.205721,0.409472,0.260857,0.518136
0.0521317,0.876161,0.000343808,0.000265275,0.000632611,0.000816599,0.00103854,0.00145634,0.00268129,0.00544261,0.0120021,0.0363614,9.1335e-05,0.41779,0.977143,1,53.2032,0.470287,0.287643,27.8211,0.981409,65.6527,0.895127,179.205,1.45354,259.22,0.697943,297.455,1.44734,0.194646,0.400639,0.260216,0.477425
0.0605277,0.716489,0.000392381,0.000290429,0.000664357,0.000865072,0.00121775,0.00174976,0.00321305,0.00660295,0.0141565,0.0446872,0.000116067,0.400432,0.967136,1,57.2536,0.300002,0.307508,28.7219,0.60587,62.5997,0.602115,179.395,1.09179,260.596,0.856971,296.642,0.951887,0.220891,0.420992,0.242505,0.454814
0.0597922,0.715774,0.000389954,0.000301559,0.000735231,0.000861377,0.00123042,0.00179808,0.00319532,0.00661963,0.0143152,0.0452414,0.000117262,0.410165,0.968979,1,55.3271,0.293351,0.304521,28.9409,0.64768,62.4087,0.599081,179.561,0.904173,260.46,0.789098,296.496,1.23921,0.2196,0.419261,0.240834,0.467221
0.0590391,0.753962,0.000668387,0.000622973,0.000651028,0.00100675,0.00133771,0.00175863,0.00346799,0.00731601,0.0160476,0.0497533,0.000120733,0.407721,0.980601,1,53.0944,0.296924,0.308672,28.2595,0.854859,62.8964,1.16139,178.57,0.624991,260.449,0.282642,295.382,4.11488,0.208287,0.417487,0.221449,0.427696
0.0455821,0.819507,0.00029667,0.000281124,0.000358091,0.000761907,0.00108151,0.00140642,0.0026575,0.00572084,0.012409,0.039103,0.0001055,0.567712,0.992972,1,81.4079,0.449112,0.257632,28.2721,0.79837,65.3146,0.844439,180.537,2.87007,261.854,1.8229,298.337,0.450586,0.207839,0.408869,0.234015,0.479296
0.0634411,0.63766,0.000376449,0.000467286,0.000729374,0.000811372,0.00112136,0.00147357,0.0027056,0.00557707,0.0119778,0.0368912,0.000142251,0.323107,0.957608,1,42.1203,0.243078,0.287174,28.5932,1.07115,63.4422,2.51444,178.421,0.585499,261.051,1.13377,298.427,0.652663,0.201094,0.397861,0.221424,0.468039
0.0470834,0.774184,0.000212391,0.000255018,0.000342535,0.000714487,0.000973668,0.00125565,0.00235791,0.00498759,0.0107867,0.0336286,0.000104761,0.516171,0.939944,1,67.222,0.469645,0.252457,29.3119,0.450094,63.562,1.1203,179.423,2.56319,261.546,0.717299,297.954,0.305852,0.231734,0.427824,0.262873,0.506246
0.0527783,0.820839,0.000323031,0.000242902,0.000384534,0.00075371,0.0010213,0.00149475,0.00256671,0.00543889,0.0116887,0.0354803,0.00012612,0.575254,0.977535,1,41.2566,0.347956,0.291291,28.5683,2.32051,67.0427,0.861889,179.707,0.684998,258.622,1.36126,300.026,0.302916,0.201478,0.411548,0.248171,0.538689
0.0512568,0.854168,0.000266699,0.000275617,0.000524319,0.000756107,0.0010122,0.00132665,0.00260592,0.00539501,0.011817,0.0353104,0.000144125,0.495403,0.976706,1,58.4774,0.392418,0.28988,27.8422,0.964416,64.7182,0.678725,179.913,1.24195,262.154,0.337362,297.168,0.493164,0.214182,0.433685,0.255964,0.529423
0.053505,0.641501,0.000382137,0.000199805,0.000644594,0.000663503,0.000912402,0.00126785,0.00219084,0.00473207,0.0101185,0.0313238,0.000150425,0.378395,0.965592,1,62.3801,0.285612,0.245238,28.2369,1.48094,64.3742,0.364436,178.834,0.870417,260.641,1.74468,297.249,4.63496,0.198116,0.393526,0.223319,0.427064
0.0522122,0.684163,0.000527049,0.000342708,0.000592726,0.00075834,0.00114963,0.00156188,0.00272201,0.00568146,0.0125984,0.0392648,0.000132111,0.403747,0.958839,1,64.1759,0.292095,0.251638,28.8654,1.29737,64.8255,0.442995,178.071,0.826385,261.732,2.24515,297.043,3.15077,0.204477,0.399907,0.20321,0.456618
0.0475298,0.749926,0.000291708,0.000344238,0.000524355,0.000759938,0.000990737,0.00131568,0.00252629,0.0051707,0.0114053,0.0353159,0.000111699,0.399547,0.983299,1,47.9718,0.419318,0.241976,27.7941,0.799131,64.2743,0.437466,177.441,1.23741,260.698,0.873777,295.964,1.62617,0.192602,0.39467,0.217971,0.436069
0.0472621,0.708234,0.00038472,0.000339349,0.000498035,0.000683239,0.000929401,0.00125097,0.00234965,0.00478325,0.0103003,0.0320126,0.000110822,0.377877,0.984853,1,54.7798,0.39433,0.23065,28.0033,1.12838,62.6932,0.479946,177.909,0.450484,260.669,0.800081,295.324,1.34592,0.185525,0.387997,0.217493,0.414567
0.0656184,0.703555,0.000509295,0.000493882,0.000670181,0.00103347,0.00141879,0.00182501,0.00349756,0.00713174,0.0156146,0.0478812,0.000135308,0.400053,0.970008,1,38.2943,0.237525,0.323385,28.6217,1.23518,65.7444,0.380326,180.43,4.82617,261.654,1.01552,296.282,1.43027,0.207354,0.410562,0.201517,0.443242
0.0654404,0.69659,0.000441169,0.000390332,0.000645054,0.00096367,0.00133252,0.00177416,0.00317544,0.00664048,0.0144129,0.0451011,0.000142011,0.425361,0.952085,1,36.7722,0.237169,0.316556,28.3333,1.04594,65.7342,0.478659,180.594,1.96532,260.409,0.911172,295.353,1.60122,0.206979,0.405611,0.211635,0.437066
0.051983,0.769938,0.000388454,0.00037613,0.000565286,0.000908694,0.00123946,0.0016577,0.00298936,0.00636156,0.0139278,0.0445689,7.7147e-05,0.453777,0.962724,1,92.6263,0.43295,0.264062,26.886,0.41146,64.0868,3.76375,177.028,0.531585,260.181,0.642627,298.633,0.958142,0.18212,0.368105,0.209386,0.421129
0.0554278,0.747853,0.000410526,0.000394017,0.000584497,0.000803948,0.00110045,0.00148241,0.00263531,0.0056828,0.0121928,0.0373952,0.000135395,0.392379,0.982699,1,36.986,0.305177,0.284248,28.8666,1.38327,66.0648,0.471355,181.317,2.41394,260.859,0.468646,297.27,1.83919,0.210189,0.420685,0.236557,0.477668
0.0481183,0.711206,0.000285216,0.000313487,0.000442324,0.000590363,0.000846155,0.00114808,0.00205676,0.00431145,0.00940862,0.0284036,0.000147789,0.384252,0.963819,1,94.9355,0.383931,0.238322,28.3034,0.452072,63.3365,2.22426,177.342,0.589515,261.811,1.22816,297.23,0.848569,0.209725,0.417029,0.254808,0.487239
0.0508551,0.750946,0.000323157,0.00025574,0.000462084,0.000618549,0.000836322,0.00109945,0.00209008,0.00453121,0.00928586,0.0273371,0.000146078,0.378766,0.958603,1,96.7805,0.36257,0.255096,28.4721,3.95711,61.6656,2.73886,176.824,0.735175,261.942,1.02301,294.529,0.856496,0.201698,0.420312,0.249482,0.488148
0.0535951,0.696971,0.000392332,0.000319431,0.00047289,0.000684213,0.000919308,0.00112842,0.00214098,0.00465554,0.0100254,0.0295723,0.000146929,0.37114,0.987116,1,102.837,0.312522,0.263543,28.4637,1.61561,63.1416,1.2932,178.98,0.838732,264.346,1.16131,296.132,0.645987,0.207148,0.409781,0.235947,0.489368
0.0543524,0.738077,0.000221691,0.000230208,0.000367959,0.000635327,0.000858566,0.00126631,0.00231837,0.00456844,0.00985827,0.0299821,0.000208557,0.46114,0.960508,1,79.9669,0.27678,0.277667,28.7057,1.07557,65.5119,0.713903,178.668,3.71299,258.285,1.30542,297.812,2.80066,0.211077,0.444867,0.271009,0.523782
0.054151,0.736943,0.000285782,0.000320801,0.000450701,0.00068524,0.000997338,0.00123849,0.00229218,0.00482474,0.0105462,0.0313738,0.00017499,0.403987,0.970209,1,71.0349,0.304712,0.276466,28.4646,1.34938,63.59,0.912375,178.803,0.843222,259.437,1.44672,297.983,0.566488,0.213903,0.434799,0.268414,0.516048
0.0521119,0.711306,0.000457486,0.000349169,0.000528357,0.000801092,0.00106463,0.00139005,0.00264825,0.00564261,0.0121782,0.0379001,0.000124273,0.416854,0.977997,1,63.2918,0.329562,0.259963,28.1324,0.58381,64.4145,1.99134,180.014,1.82991,261.174,0.45867,296.799,1.19886,0.203993,0.403547,0.216655,0.452924
0.0617934,0.694902,0.000433377,0.00029455,0.000485617,0.000727619,0.00102868,0.001396,0.00255709,0.005045,0.0110977,0.0325213,0.00014884,0.407711,0.937167,1,64.679,0.274047,0.292309,28.2185,1.2724,63.7904,1.88083,179.587,0.690219,258.846,1.88375,299.943,1.75576,0.202043,0.410893,0.251552,0.493828
0.0621298,0.725452,0.000412928,0.000390446,0.000628975,0.00091128,0.00115048,0.00160196,0.00289217,0.00578319,0.0124019,0.037965,0.000138676,0.369299,0.914768,1,57.5514,0.295229,0.299773,28.397,0.718615,63.0172,1.30268,180.223,1.27545,259.087,0.35126,297.947,1.80405,0.215596,0.424273,0.254902,0.46797
0.0563627,0.872236,0.000431168,0.000338714,0.000582068,0.000924067,0.00129547,0.00167036,0.00316637,0.00643496,0.0141015,0.0424521,0.000125183,0.454137,0.945348,1,65.2758,0.363391,0.317832,29.2206,1.78927,64.2569,1.26872,178.741,2.07597,262.016,0.360061,297.047,1.3224,0.225471,0.444033,0.261139,0.522221
0.0509049,0.665969,0.000321593,0.000250671,0.000415704,0.000710863,0.000939191,0.00132711,0.00239446,0.00487863,0.0105371,0.0331579,0.000124857,0.443911,0.947519,1,50.3393,0.358876,0.246136,28.1294,0.458267,61.0085,3.13983,179.633,0.47246,259.254,1.4547,297.298,0.83606,0.215379,0.412756,0.249305,0.437825
0.0584898,0.712361,0.000271475,0.000258727,0.000458567,0.000890159,0.00129435,0.00166761,0.00313576,0.00646702,0.0141154,0.0429155,0.000120516,0.537887,0.93366,1,70.6521,0.293699,0.293505,28.546,1.42082,62.5832,2.0009,176.946,2.46146,262.616,0.733313,296.203,1.239,0.208407,0.402038,0.218306,0.439785
0.0516356,0.730434,0.000357176,0.000265266,0.000475501,0.000734074,0.000933939,0.00129902,0.00235432,0.00494861,0.0104469,0.0319629,0.000143092,0.428269,0.966954,1,50.7393,0.328661,0.257252,28.2664,0.647698,65.4293,1.23412,180.536,0.708308,260.067,0.578227,298.173,0.68061,0.198844,0.410488,0.237842,0.466491
0.0488016,0.854575,0.000591956,0.000365126,0.000664966,0.000889713,0.00124123,0.0015633,0.00305017,0.00629694,0.0136526,0.0430878,8.26641e-05,0.395867,0.954588,1,60.8397,0.505367,0.2638,28.3306,0.616941,65.4981,1.06573,178.772,1.50672,262.028,1.57589,298.344,2.56039,0.19968,0.401392,0.228093,0.444362
0.0410117,0.806359,0.000242965,0.000319788,0.000502266,0.000663641,0.000921788,0.00129165,0.0022258,0.00468938,0.0105937,0.0324133,9.17297e-05,0.409622,0.975587,1,40.4845,0.639309,0.220415,28.7265,2.19551,64.7764,0.965979,179.431,1.98525,260.652,0.283912,296.224,0.756078,0.208497,0.41435,0.236432,0.455628
0.0389189,0.829218,0.000392684,0.000300502,0.000443307,0.000689868,0.00101138,0.00130848,0.00263183,0.00533547,0.0117308,0.0362797,0.000140673,0.47506,0.964313,1,61.1909,0.508053,0.217671,29.1243,1.43409,64.835,2.20634,179.245,0.65358,260.654,0.353793,297.407,0.619896,0.218809,0.443997,0.232973,0.478303
0.065427,0.64151,0.000478752,0.000492264,0.000685722,0.000877631,0.00117527,0.00158638,0.00289988,0.00599248,0.0132142,0.0406792,8.10605e-05,0.385415,0.940849,1,43.5445,0.298917,0.288051,27.0977,0.483101,61.231,0.756903,178.361,1.0045,262.378,0.376442,297.445,1.11077,0.179916,0.354928,0.194346,0.406855
0.0653093,0.681861,0.000585221,0.000459603,0.00075571,0.00109487,0.00151715,0.00200795,0.00370663,0.00692407,0.0147924,0.0475913,7.48776e-05,0.413899,0.851744,1,58.1274,0.320275,0.281957,27.418,0.49204,63.4433,2.63029,177.45,2.41745,258.237,0.356472,297.709,0.622884,0.183482,0.369394,0.187721,0.377882
0.0621224,0.731838,0.000437672,0.00041138,0.000628119,0.000980435,0.00135282,0.00183426,0.00331505,0.00642399,0.0145846,0.0433927,7.9899e-05,0.406707,0.941753,1,48.1343,0.340231,0.294974,27.0087,0.539802,63.8922,2.15622,180.257,1.62093,258.465,2.67262,299.429,2.50737,0.181019,0.36164,0.215486,0.415399
0.0591698,0.735613,0.000362152,0.00029455,0.00050829,0.00105543,0.00147667,0.00198772,0.00361842,0.00742167,0.0156757,0.0511315,0.000103094,0.550639,0.934737,1,52.2033,0.295037,0.295457,27.6684,2.1358,63.7237,1.24707,178.092,0.854221,261.498,0.286451,294.722,0.583922,0.187826,0.38438,0.167931,0.418679
0.0521335,0.673759,0.000301854,0.000292408,0.000416233,0.000857943,0.00116501,0.00156661,0.00298877,0.0058836,0.0130922,0.0400453,9.10753e-05,0.501407,0.957648,1,55.7427,0.345104,0.250522,28.1156,0.487219,63.4753,0.772655,178.484,2.2802,261.103,1.18385,293.2,1.6823,0.191545,0.378168,0.195947,0.361322
0.056856,0.693347,0.000288378,0.000233901,0.000445831,0.000914065,0.00119472,0.00156082,0.00293257,0.00600885,0.0130956,0.0409014,0.000106034,0.534259,0.917744,1,56.8475,0.33115,0.272399,27.283,0.565302,63.5606,0.687099,178.977,3.04893,261.463,1.55075,292.575,2.14319,0.201388,0.382167,0.196406,0.390504
0.0582539,0.728444,0.00031691,0.000248363,0.00047305,0.000942844,0.00136565,0.00173638,0.0032015,0.00655799,0.0141227,0.0461232,8.28564e-05,0.563398,0.924288,1,64.606,0.364133,0.288531,26.9506,0.349009,63.237,0.890889,177.089,3.75936,259.697,3.4377,293.189,1.43335,0.191148,0.371785,0.205408,0.387513
0.0533022,0.63001,0.000175647,0.000172213,0.000306486,0.000870681,0.00109187,0.00160291,0.00295965,0.0060426,0.013331,0.0400207,0.000100945,0.642374,0.927545,1,46.4773,0.303814,0.244574,27.1429,0.793008,62.8703,1.90069,180.103,0.501166,260.858,0.284037,300.619,1.16452,0.18175,0.35729,0.182541,0.410524
0.0587239,0.696371,0.000245376,0.000169782,0.000272496,0.000853741,0.0012326,0.0016117,0.00310361,0.00647456,0.0137381,0.0432075,9.58516e-05,0.761731,0.930591,1,72.9416,0.304945,0.290078,26.4935,0.559526,64.8371,1.77301,178.035,2.55143,257.896,0.26443,296.937,1.6195,0.174476,0.35232,0.205997,0.375893
0.0561484,0.712024,0.000227557,0.000173531,0.000278041,0.00092856,0.00136641,0.00176803,0.00335042,0.00683001,0.0150551,0.0466799,0.000106323,0.776782,0.914672,1,79.4119,0.290931,0.280421,26.7198,0.673727,64.9109,1.82582,178.809,2.66719,257.743,0.285489,296.392,1.25692,0.173333,0.36435,0.188993,0.380079
0.0529693,0.804261,0.000662708,0.000509454,0.000953196,0.000854067,0.00134967,0.00169889,0.00309889,0.0065849,0.0146379,0.0457455,0.00010943,0.299059,0.994354,1,42.5804,0.375886,0.285448,28.5381,0.540693,63.4874,0.672049,177.828,0.460356,259.694,0.322389,295.729,1.11797,0.212878,0.422577,0.245502,0.444981
0.0564369,0.742353,0.00057085,0.000674779,0.000755105,0.000985783,0.00124757,0.00174237,0.00316028,0.00668578,0.0151917,0.0460217,0.000116491,0.358689,0.972377,1,43.7714,0.312635,0.289149,28.7875,1.23673,62.2063,0.927077,179.563,0.714595,261.481,0.353815,297.657,1.44085,0.212823,0.418031,0.225494,0.460593
0.0551436,0.764433,0.000661964,0.00062222,0.000846723,0.000994827,0.00124728,0.00175984,0.00319856,0.00673235,0.0150881,0.047243,0.00014085,0.332284,0.987312,1,47.836,0.312368,0.292381,28.3745,0.982055,61.311,1.49957,179.76,1.25395,261.071,0.309422,296.647,1.12638,0.221249,0.436245,0.235891,0.477115
0.0517605,0.698055,0.000587096,0.000516146,0.000863936,0.000925928,0.00123439,0.00165761,0.00290784,0.00637884,0.0142274,0.0450228,0.000108095,0.321851,0.976158,1,50.9527,0.335102,0.261562,29.8486,1.60168,60.9161,1.22615,179.205,0.690702,263.059,0.345757,295.409,2.53197,0.226644,0.427021,0.219359,0.457487
0.0615542,0.703279,0.00033773,0.000268078,0.000484606,0.000850978,0.00119608,0.00162693,0.00283708,0.00631486,0.0138924,0.0413687,9.32798e-05,0.504907,0.995386,1,56.1681,0.297629,0.300296,26.8299,0.503697,66.9485,1.25736,178.781,1.09107,262.202,0.908554,296.774,0.33737,0.178131,0.350039,0.199663,0.396499
0.0491773,0.681356,0.000242921,0.000276182,0.000448273,0.000905642,0.00119076,0.0016544,0.00299258,0.00623438,0.01344,0.0443099,0.000104413,0.519186,0.968085,1,43.6775,0.327257,0.242958,28.4764,0.873203,62.7778,3.75656,178.933,1.6971,259.2,0.383966,296.226,5.21985,0.196786,0.388053,0.204069,0.406725
0.0496698,0.72094,0.000370083,0.000201103,0.000409904,0.000883561,0.00123588,0.00162789,0.00312178,0.00669201,0.0151886,0.048626,9.18112e-05,0.564535,0.985143,1,52.0188,0.363262,0.261645,28.3713,0.692729,63.4065,0.830896,180.486,0.638003,258.763,0.521209,299.736,0.455968,0.2064,0.399314,0.223602,0.430716
0.0572475,0.719059,0.000374899,0.000248705,0.000449746,0.000776199,0.000965092,0.00134509,0.0025258,0.00473481,0.00991526,0.0309022,0.000148526,0.388039,0.886628,1,62.8956,0.319429,0.264836,27.8945,0.922613,63.7408,1.78988,181.762,0.441607,260.097,0.28334,297.337,0.510024,0.20491,0.419854,0.228398,0.470094
0.0575301,0.679499,0.00040014,0.000257203,0.00046251,0.000773954,0.00100372,0.00137316,0.00257936,0.00489488,0.010277,0.0315317,0.000160253,0.436778,0.897871,1,50.8679,0.283185,0.264699,28.4873,1.23194,64.1136,1.53212,181.541,0.365476,261.131,0.299106,298.242,0.465313,0.209669,0.417352,0.218314,0.490375
0.0549776,0.789031,0.000388826,0.00026955,0.000456588,0.000945876,0.00137055,0.00179256,0.00336389,0.0070467,0.0157354,0.0504384,0.000133562,0.553808,0.995248,1,48.0836,0.301335,0.308802,28.5881,1.40985,63.363,0.571019,180.146,0.912868,259.221,0.266947,297.657,0.385829,0.214047,0.431197,0.235768,0.473661
0.0550913,0.787854,0.000391104,0.000271243,0.000456008,0.000955776,0.00137945,0.00181158,0.00338656,0.00711063,0.0158705,0.0508235,0.000134478,0.54955,0.995088,1,48.0526,0.301285,0.308893,28.5625,1.41695,63.4325,0.571978,180.188,0.928258,259.229,0.268678,297.63,0.389783,0.214233,0.431215,0.234769,0.473366
0.0517966,0.694111,0.00034327,0.000322507,0.000474149,0.000746338,0.000941001,0.00138425,0.00256361,0.00562549,0.0123505,0.0387761,0.000135435,0.436047,0.995661,1,53.8588,0.314716,0.263043,28.4532,0.62048,62.5435,0.636666,179.971,0.497905,259.272,0.291291,301.205,0.431893,0.209923,0.41841,0.239434,0.518587
0.0535301,0.682931,0.000293403,0.000265952,0.000415227,0.000762668,0.00113528,0.00141464,0.00265306,0.00569095,0.0126132,0.0390904,0.000139708,0.521565,0.990037,1,68.4787,0.28669,0.275753,29.0415,1.11225,63.1918,0.833947,180.391,0.980523,260.526,4.40319,293.928,1.86452,0.21963,0.42075,0.232822,0.440479
0.0533966,0.813643,0.000398752,0.000351995,0.000452444,0.000903352,0.00112182,0.00164033,0.00306128,0.00636475,0.01377,0.0429231,0.00011407,0.506653,0.977474,1,78.6138,0.387128,0.301536,28.5751,0.496615,61.628,2.6772,179.981,0.664624,260.725,0.270363,298.284,0.988897,0.225143,0.437324,0.265395,0.506756
0.0521481,0.759875,0.000253032,0.00020852,0.000403275,0.000803522,0.00118452,0.00149638,0.00278838,0.00585006,0.0131078,0.0392187,0.000120616,0.536295,0.980116,1,50.8062,0.347158,0.283299,28.9124,0.89964,62.0628,2.88824,178.357,1.28215,260.568,6.53791,297.786,0.319617,0.21697,0.422188,0.252329,0.485573
0.0615666,0.745907,0.000348904,0.000322363,0.000577138,0.000895986,0.00107399,0.00162113,0.00292418,0.0060955,0.0128095,0.0398923,0.000122199,0.444334,0.95111,1,57.2382,0.298097,0.314257,28.7094,0.699974,64.8042,0.699884,181.437,1.10876,259.983,0.252549,298.215,2.63205,0.218158,0.422338,0.247146,0.490699
0.0475854,0.664467,0.00021465,0.000277757,0.000373657,0.000540123,0.000796404,0.00103662,0.00188699,0.0036706,0.00826465,0.0238939,0.000189305,0.366697,0.916903,1,51.154,0.341644,0.220898,29.1729,1.19453,64.0415,1.96988,177.87,0.716098,262.349,2.96408,296.455,0.521039,0.222004,0.432068,0.249587,0.504037
0.0592791,0.718911,0.000552023,0.000329298,0.000579284,0.000770549,0.000987834,0.00134048,0.00248076,0.00490999,0.0100155,0.0313685,0.000135516,0.334994,0.913039,1,62.0279,0.311115,0.277798,28.4928,1.61352,64.3994,1.16575,180.956,2.48445,261.488,0.269236,295.639,1.22256,0.20954,0.418082,0.232446,0.460233
0.0578553,0.662153,0.00035811,0.000435493,0.000569898,0.000849787,0.00124597,0.00164752,0.00296263,0.00557267,0.0126563,0.0374801,0.000123489,0.396931,0.874302,1,59.0656,0.296538,0.254276,28.2454,0.850899,63.682,4.99118,179.523,0.947417,258.609,0.298072,298.987,2.2065,0.199217,0.399384,0.212231,0.432699
0.063721,0.722341,0.000320555,0.00035422,0.000552134,0.00100771,0.0013125,0.00188099,0.00337929,0.00698482,0.0152389,0.0470224,0.000106687,0.516848,0.938189,1,51.0056,0.299721,0.31193,26.545,0.385661,64.0788,0.451559,177.826,1.8104,261.927,2.44394,295.027,0.615701,0.19003,0.371463,0.19785,0.392785
0.0719472,0.711634,0.000729428,0.000465681,0.000821359,0.00117157,0.00163559,0.00212188,0.00390328,0.00808657,0.0183226,0.0566025,8.25805e-05,0.426958,0.97437,1,52.677,0.273242,0.360809,28.4112,0.636622,63.5208,0.58752,181.76,3.19071,259.712,0.983586,298.241,1.22284,0.209753,0.394896,0.236108,0.428861
0.0690379,0.83427,0.000589043,0.000755857,0.000992309,0.00119365,0.00163951,0.00228,0.00422486,0.00881615,0.0189151,0.0602991,0.000102704,0.373506,0.983938,1,62.4233,0.295613,0.378834,28.2092,0.921523,63.653,1.29218,178.556,0.467606,260.143,0.326371,298.127,1.23306,0.20774,0.417008,0.243005,0.44967
0.0623714,0.824514,0.000679934,0.000418806,0.000790265,0.00114577,0.00145392,0.00199458,0.003742,0.00803425,0.0180539,0.05625,8.28009e-05,0.432741,0.973052,1,63.3721,0.349944,0.342848,28.5138,0.631677,62.8,1.94816,180.7,1.75775,260.301,0.270986,298.994,3.05437,0.214824,0.413028,0.244863,0.46308
0.0732007,0.814683,0.000392649,0.000509349,0.000638129,0.00115691,0.0017188,0.00218617,0.00405383,0.00893829,0.019272,0.0617319,8.1096e-05,0.464438,0.984418,1,54.3641,0.310116,0.39877,27.4614,0.436867,62.9776,1.08822,180.314,1.06839,260.418,0.406906,295.45,0.393496,0.199939,0.400317,0.22602,0.439129
0.0539167,0.777479,0.000300923,0.000313571,0.000425092,0.000848343,0.0010779,0.0015107,0.00270993,0.00581971,0.0130333,0.0397461,0.00011521,0.461371,0.961538,1,45.2559,0.341919,0.276617,27.9609,1.31853,64.9485,2.10391,178.842,1.59279,259.579,1.22225,300.112,2.48642,0.188858,0.395236,0.22996,0.463858
0.0556149,0.739455,0.000409102,0.000328061,0.000732926,0.000839726,0.00129009,0.00167445,0.00308528,0.00672476,0.0143807,0.0452603,9.04448e-05,0.436986,0.998608,1,81.6228,0.350205,0.286567,27.6857,0.639707,62.8833,1.44153,178.031,0.58014,262.102,0.322011,294.919,0.560486,0.193802,0.383812,0.198376,0.420116
0.0461507,0.718567,0.000233509,0.000130909,0.000300804,0.000809887,0.00101214,0.00139136,0.00262196,0.00546178,0.0123079,0.0382679,0.00014396,0.609399,0.988207,1,37.8375,0.3577,0.254692,28.9328,0.601166,61.2069,1.47136,178.753,1.29357,261.723,2.00801,298.674,0.426344,0.233197,0.430081,0.252313,0.5171
0.0491666,0.722354,0.000440733,0.000291177,0.000603211,0.000796819,0.00112983,0.00155148,0.00288971,0.0061581,0.0134576,0.0420713,0.000129049,0.444205,0.993342,1,82.4929,0.325325,0.25352,28.5858,2.38513,63.6324,1.2788,178.899,1.35892,259.549,0.420435,297.36,3.24455,0.203822,0.407808,0.22291,0.433606
0.0565328,0.678269,0.000324297,0.000281463,0.000414098,0.00075844,0.00106768,0.00144301,0.00259581,0.0056223,0.0125953,0.0391047,0.000130745,0.530795,0.964091,1,81.1323,0.288804,0.282796,28.6136,0.974529,61.7988,1.92795,176.826,0.63952,258.546,6.51762,300.06,1.25095,0.20748,0.411143,0.249756,0.489324
0.0486762,0.760936,0.000256624,0.000217453,0.000398482,0.00070995,0.000967356,0.00129062,0.00246968,0.00534396,0.0114628,0.0355885,0.000129892,0.498868,0.989449,1,57.3478,0.369231,0.259217,28.298,1.09445,63.5438,0.784709,178.762,0.999516,260.506,0.286272,296.566,0.784519,0.203742,0.4166,0.230226,0.480805
0.0439316,0.662455,0.000142971,0.000126024,0.000241565,0.000591398,0.000792707,0.00108886,0.00203997,0.00419936,0.00881017,0.0275691,0.000137609,0.589554,0.952711,1,49.942,0.381169,0.212775,28.0102,0.962576,63.6989,0.972412,179.723,1.81563,260.559,4.53404,298.361,1.61351,0.198791,0.39063,0.227156,0.445709
0.0614201,0.805401,0.000454643,0.000464989,0.000656259,0.0012714,0.00184053,0.0025221,0.00465415,0.0100605,0.0221256,0.0734425,7.5541e-05,0.601651,0.995928,1,64.4077,0.316072,0.348882,28.378,0.881791,63.6571,2.2094,179.739,1.16029,262.011,0.40888,296.5,1.11259,0.205355,0.392789,0.198666,0.433849
0.0591782,0.774373,0.000455829,0.000341172,0.000488309,0.00120245,0.00151598,0.00207753,0.00386602,0.00822043,0.0183682,0.0586243,0.000104979,0.538688,0.985064,1,39.1284,0.285384,0.320329,28.4939,1.2626,62.9537,1.62124,177.043,1.21008,259.658,0.54026,296.786,2.26948,0.194114,0.403666,0.216989,0.409577
0.0488984,0.699129,0.000249329,0.000233615,0.000364284,0.000707238,0.00103257,0.00142979,0.00255312,0.00544266,0.0117637,0.0370819,0.000139993,0.53996,0.982677,1,64.6657,0.311335,0.248325,28.3365,1.42507,64.7262,0.98069,180.568,0.983549,260.156,1.2774,298.644,0.935242,0.204185,0.400195,0.219849,0.477212
0.0566683,0.772107,0.000407384,0.00045682,0.000629485,0.000994322,0.0013118,0.00177503,0.00320862,0.00684383,0.0152299,0.0471662,9.40743e-05,0.45778,0.990762,1,55.4311,0.343769,0.300869,28.0494,0.718924,63.7912,0.908898,178.639,0.538987,260.382,0.558451,296.722,1.03829,0.203373,0.39145,0.229148,0.440433
0.0548723,0.747625,0.000420909,0.000346417,0.000636963,0.000900983,0.00124929,0.00171375,0.0031598,0.0069017,0.015129,0.0469487,9.73568e-05,0.456612,0.977054,1,51.6011,0.330746,0.281854,28.2952,2.07509,64.0769,2.6227,179.311,2.75078,260.524,2.45637,296.727,0.390513,0.196393,0.395159,0.195598,0.438703
0.0513872,0.778094,0.000436579,0.000328803,0.000479873,0.000836912,0.00116848,0.00156396,0.00308009,0.0065018,0.0140724,0.0437628,0.000103338,0.471528,0.98554,1,48.6952,0.356377,0.27184,28.174,0.906113,63.8392,3.15758,178.657,2.08853,262.041,3.05598,296.651,0.382361,0.194314,0.389438,0.212112,0.423598
0.0615319,0.710416,0.000359759,0.000371919,0.000571031,0.00106536,0.00143189,0.00196064,0.00340743,0.00708713,0.0158175,0.0508055,0.000123474,0.448709,0.978281,1,53.9233,0.273437,0.314422,28.3316,1.22229,61.2905,1.5275,176.581,1.02746,262.338,0.262896,295.462,1.67381,0.209082,0.407788,0.214927,0.443964
0.0584841,0.773673,0.000445978,0.000330701,0.00063447,0.000932025,0.00126792,0.00171627,0.0033396,0.00696586,0.0150872,0.0459635,9.28608e-05,0.477485,0.977328,1,54.1386,0.354056,0.318222,28.6695,0.458316,60.882,1.25765,178.997,0.600566,263.857,0.253526,295.562,0.560892,0.220916,0.419474,0.234534,0.450825
0.0572513,0.750398,0.000476208,0.000393056,0.000568295,0.000906563,0.00126867,0.0017247,0.00311229,0.00661842,0.0142912,0.0444459,0.000107759,0.413896,0.963084,1,41.0487,0.344418,0.2958,28.0708,0.52236,61.4818,1.48048,178.957,1.8721,263.129,0.251962,297.07,0.44819,0.214418,0.409335,0.22108,0.484047
0.0511038,0.769418,0.000281743,0.000234927,0.000422601,0.000805138,0.00116588,0.00148053,0.00278665,0.00593857,0.0130384,0.03886,0.000105701,0.486717,0.979681,1,46.3742,0.402669,0.277771,28.3559,0.480237,61.4485,1.34145,177.655,1.609,264.675,0.264092,298.728,0.607054,0.2235,0.411681,0.245921,0.502145
0.0564241,0.819672,0.000654867,0.000502295,0.000913202,0.00103107,0.00133833,0.00189188,0.00342326,0.00699846,0.0152481,0.0477603,0.00012434,0.350102,0.947531,1,56.2835,0.336224,0.304645,29.5357,1.24521,63.7776,2.34044,181.453,0.668397,258.749,0.279072,296.916,0.527498,0.232829,0.454952,0.250262,0.49101
0.0577841,0.795765,0.000708959,0.000511807,0.000884886,0.00100352,0.0013162,0.00186695,0.00339513,0.00692797,0.0149493,0.0470257,0.000129959,0.346782,0.939946,1,53.4857,0.326774,0.304882,29.3114,1.63275,63.7163,2.87182,181.358,0.644493,259.427,0.28089,296.858,0.628744,0.233526,0.451127,0.251434,0.485559
0.0534057,0.734079,0.000344325,0.000292202,0.000445619,0.000648576,0.000939504,0.00123068,0.00225555,0.00486916,0.0107375,0.0326478,0.000148762,0.436189,0.998934,1,69.8178,0.322352,0.280792,28.6984,0.56959,63.2256,1.27128,179.037,3.13559,264.141,0.386815,297.142,0.67427,0.220026,0.427904,0.257248,0.524901
0.0514552,0.663522,0.000489763,0.000476542,0.000642563,0.000794742,0.00103475,0.0014557,0.00267332,0.00563271,0.0124351,0.0381102,0.000117995,0.367459,0.966985,1,44.6651,0.315677,0.241731,28.3771,1.3854,63.0409,2.16959,178.196,0.400059,256.734,0.97822,297.31,1.14842,0.193325,0.398048,0.22018,0.400292
0.0568135,0.822577,0.000428082,0.00036186,0.00058787,0.000827801,0.00119097,0.00149744,0.00277514,0.00576835,0.0124772,0.0395738,0.000105628,0.398835,0.969419,1,53.6313,0.371989,0.299459,27.7812,0.784367,64.2527,2.2021,177.841,0.415952,263.679,1.3544,299.102,0.547416,0.190022,0.397349,0.229257,0.488674
0.0589264,0.711383,0.000444719,0.000357766,0.000520033,0.000937509,0.00123287,0.00173624,0.00322734,0.00686971,0.015062,0.0476749,0.000125723,0.488762,0.989944,1,55.1728,0.277392,0.304137,28.1249,1.26697,62.706,1.10855,181.548,3.19894,258.76,0.285392,297.99,0.286356,0.208943,0.413439,0.225446,0.438902
0.0421323,0.772363,0.000224594,0.000196013,0.000308363,0.000623834,0.00084831,0.00112139,0.00215399,0.00441367,0.00980264,0.0304087,0.00012038,0.541636,0.986915,1,52.8023,0.465661,0.222979,27.9569,1.86779,65.1632,1.69548,177.903,0.481664,264.062,1.5094,295.083,1.20946,0.187479,0.391473,0.190516,0.459261
0.0573026,0.681359,0.000264386,0.000234151,0.00040159,0.000792999,0.00107055,0.00148983,0.00266589,0.006036,0.0128881,0.0390451,0.000134606,0.535952,0.9719,1,72.1393,0.284931,0.285314,27.6168,0.48223,62.479,1.97488,178.764,1.48209,260.984,0.250854,297.612,2.37197,0.200511,0.400797,0.223027,0.4544
0.047857,0.757447,0.000418078,0.000539527,0.00062486,0.000623308,0.000912196,0.00119912,0.00213703,0.0045552,0.00970867,0.0300695,0.000142544,0.301384,0.969502,1,44.4227,0.389859,0.242202,28.9374,1.42747,65.1391,1.0524,178.198,0.632605,261.566,3.44442,297.353,0.51049,0.213268,0.425469,0.251313,0.507498
0.0482465,0.760606,0.000585593,0.000400339,0.00075487,0.000682479,0.000925169,0.00127289,0.00235434,0.00468798,0.0105229,0.0319134,0.000154634,0.267885,0.966559,1,54.9097,0.38478,0.245934,28.6078,1.14573,62.9964,0.817878,177.039,1.05666,261.658,0.697904,296.697,0.866783,0.216446,0.4358,0.245606,0.502976
0.0607966,0.681288,0.000510983,0.000603877,0.000729424,0.000792462,0.00115747,0.00156884,0.00281806,0.00591597,0.0127915,0.0393915,0.000122274,0.329669,0.974639,1,70.1373,0.284863,0.296198,28.7288,1.70651,61.2518,1.47703,179.729,0.828765,259.694,0.330263,299.649,0.556638,0.218406,0.416336,0.248151,0.501714
0.0604913,0.688304,0.00050907,0.000402002,0.000584608,0.000693931,0.000929122,0.00122187,0.00227578,0.00476807,0.0103099,0.0307378,0.000181901,0.319359,0.971846,1,64.1687,0.257153,0.281369,27.6039,0.719293,66.5408,0.53073,179.472,2.20311,261.687,1.57791,295.698,1.27401,0.18933,0.407544,0.225357,0.455326
0.046945,0.762235,0.000758954,0.000640164,0.00098835,0.000807452,0.00114913,0.00151708,0.00277015,0.00583604,0.0130206,0.0404541,0.000113605,0.258624,0.977468,1,49.3755,0.425636,0.243835,28.9115,0.674213,61.8475,3.35724,178.052,0.704344,259.385,0.541827,298.117,0.572173,0.218508,0.430757,0.251084,0.456402
0.0647467,0.705217,0.000306696,0.000257236,0.000396631,0.000708978,0.00098982,0.00131117,0.00243156,0.00451332,0.00960867,0.0277375,0.000150824,0.431043,0.857046,1,78.702,0.288182,0.288302,27.8848,0.918892,64.3376,0.52429,178.23,1.42227,260.222,0.583031,299.298,1.09056,0.197426,0.408256,0.244189,0.517866
0.0482117,0.787503,0.000372111,0.000299993,0.000499162,0.000823114,0.00118593,0.00156805,0.00286869,0.00561112,0.0123958,0.0385262,0.000103236,0.444248,0.905931,1,40.6025,0.465877,0.249212,28.7893,0.749936,61.7034,4.33761,181.18,0.37777,260.494,0.842706,296.96,0.605162,0.222867,0.429416,0.242958,0.461402
0.0578293,0.734548,0.000269314,0.000235723,0.00042779,0.00061367,0.000814417,0.00111486,0.00204803,0.00427614,0.00906506,0.0266793,0.000199786,0.385334,0.950594,1,73.8388,0.29781,0.291123,28.6944,2.24512,62.8754,0.298812,179.142,1.16786,261.436,0.368133,297.743,2.33266,0.229162,0.456259,0.296533,0.60136
0.0485831,0.704746,0.000314003,0.000276089,0.000457771,0.000585596,0.000826746,0.0010428,0.00198997,0.00425614,0.00934778,0.0280172,0.000189191,0.354109,0.986145,1,89.56,0.353493,0.249747,28.6048,0.536853,62.7393,0.416501,180.362,0.958512,260.758,2.29607,298.015,0.852225,0.238495,0.455437,0.285237,0.556395
0.0490987,0.698975,0.000346624,0.000316865,0.00047763,0.000622175,0.000873466,0.00124376,0.0022307,0.00470708,0.0100848,0.0309338,0.000157412,0.403769,0.988559,1,66.1748,0.344559,0.254245,29.1196,0.906506,60.1216,0.872708,178.994,0.669179,261.32,0.332806,296.997,1.00778,0.229437,0.445628,0.269018,0.51567
0.0485268,0.80541,0.000348767,0.000313612,0.000438876,0.000684546,0.00101496,0.00135926,0.00247591,0.00519729,0.0111115,0.0340296,0.000142755,0.43465,0.99169,1,48.7172,0.3745,0.263761,28.6634,2.58569,65.0108,2.09705,179.567,2.48427,262.503,2.08158,297.18,0.290853,0.206653,0.427973,0.235442,0.506943
0.0551292,0.701668,0.000374134,0.000338644,0.000527444,0.000711033,0.000949,0.00126644,0.00234121,0.00472444,0.0104079,0.030678,0.000166942,0.355676,0.98877,1,56.8393,0.294815,0.274082,28.5006,0.951878,63.9849,1.99238,179.586,1.28155,262.391,0.471252,296.961,0.270378,0.213549,0.427147,0.232646,0.525738
0.0673385,0.701329,0.000444653,0.000255245,0.000500675,0.000696045,0.00095806,0.00138195,0.00252557,0.00507258,0.0110694,0.0324668,0.000161799,0.418772,0.916436,1,55.926,0.251605,0.318105,28.6585,4.57628,63.5314,2.25661,180.116,1.49139,261.499,0.290798,296.066,0.30659,0.210205,0.428619,0.238258,0.49881
0.0622681,0.753203,0.000266178,0.000305405,0.000460868,0.000847933,0.00116815,0.00152437,0.00294535,0.00610596,0.0131494,0.0387876,0.00014146,0.515938,0.944895,1,71.871,0.276504,0.316985,28.1216,1.32153,64.3527,2.99327,178.055,1.57876,262.216,0.655668,299.55,0.479816,0.19914,0.408122,0.238522,0.499713
0.0485144,0.713209,0.000358719,0.000513279,0.000673732,0.000743063,0.00102277,0.00140127,0.00253082,0.0049565,0.0110021,0.0345004,9.33852e-05,0.335704,0.93917,1,38.8514,0.434765,0.226301,27.5013,0.472478,65.4357,0.881537,181.095,0.835269,259.958,1.27987,298.297,0.276302,0.189636,0.380728,0.195488,0.422677
0.051597,0.836131,0.000291756,0.000291872,0.000437235,0.00103223,0.00141291,0.00183255,0.00344747,0.00686613,0.0146778,0.0458219,0.000104221,0.563171,0.897235,1,94.6718,0.388688,0.274848,28.5198,2.43681,64.971,0.888517,178.517,1.5056,261.748,0.407016,295.788,0.695968,0.203573,0.407377,0.203084,0.427832
0.0552423,0.820946,0.000285046,0.000289155,0.000402216,0.00098351,0.00133929,0.00176793,0.00330322,0.00665192,0.0137447,0.0435701,0.000119985,0.555587,0.878527,1,85.7885,0.358027,0.289727,28.826,5.28135,64.6709,1.41098,179.514,1.3609,261.645,0.458066,295.728,1.30407,0.215203,0.426247,0.222799,0.457875
0.056392,0.842942,0.000396713,0.000274552,0.000476832,0.000989587,0.0013238,0.00184069,0.00332793,0.00668994,0.0142753,0.0442749,0.000106177,0.515569,0.896886,1,104.929,0.368455,0.298763,28.6696,1.76086,65.0753,1.29699,179.719,1.04825,260.79,0.371121,295.672,0.645682,0.20822,0.419303,0.225512,0.448327
0.0562421,0.758788,0.000296537,0.000328233,0.000492434,0.000939473,0.00122451,0.00165473,0.00319325,0.00646255,0.0140999,0.0438603,0.000125018,0.481555,0.943414,1,117.567,0.313667,0.290801,28.6854,1.60567,63.4233,1.4139,180.249,2.04968,262.786,0.280631,295.229,0.868215,0.211168,0.420562,0.20569,0.456519
0.0550351,0.752369,0.00030417,0.000392119,0.000557147,0.000915747,0.00121176,0.00160643,0.00315495,0.00627116,0.0137628,0.0431354,0.000133222,0.459617,0.942153,1,92.554,0.313773,0.281514,28.4908,1.64247,63.7305,0.968247,180.333,1.89437,262.051,0.394684,296.023,0.711199,0.211629,0.418477,0.212534,0.458622
0.0509467,0.768979,0.000250523,0.00021547,0.000391474,0.000836975,0.00115467,0.00149932,0.00284675,0.00636628,0.0137843,0.0424023,0.000125771,0.601386,0.992521,1,43.683,0.344937,0.28035,27.8674,0.838569,62.0984,1.35388,178.655,0.878343,260.396,1.65101,300.268,0.363071,0.202891,0.408244,0.232112,0.514231
0.0483128,0.760506,0.00024727,0.0001819,0.000318428,0.000808995,0.00108885,0.00150593,0.00280911,0.00606751,0.0135049,0.0421117,0.000109322,0.651196,0.989405,1,83.5038,0.391116,0.267555,27.5825,0.469348,62.4778,1.95195,180.197,1.21703,260.646,0.320554,297.654,0.349384,0.206058,0.403764,0.228201,0.455958
0.0502237,0.774823,0.000263335,0.00025338,0.000409246,0.000754102,0.00106364,0.00141441,0.00275916,0.0058878,0.012864,0.0405227,0.000108513,0.531475,0.988712,1,77.6201,0.396232,0.273705,27.9994,0.445704,64.0096,3.07565,181.047,1.46385,261.345,0.298822,298.732,0.336167,0.214743,0.408438,0.23848,0.482007
0.0621653,0.699611,0.000448596,0.000489484,0.000722591,0.000880594,0.00117216,0.00152202,0.00291171,0.00602563,0.0131647,0.0405064,9.82788e-05,0.333109,0.993317,1,54.4572,0.294928,0.296066,27.7642,4.20559,64.2655,0.731898,177.192,1.2477,261.286,3.77979,296.561,5.27675,0.180552,0.370474,0.208895,0.421541
0.0583091,0.686376,0.000652289,0.000533059,0.000849273,0.00102894,0.00141127,0.00192762,0.00340279,0.00720147,0.0156497,0.05027,0.000108941,0.383832,0.946145,1,52.0576,0.284011,0.276044,28.1248,0.686419,63.3852,1.38159,178.219,2.26119,260.22,0.430969,296.349,0.576872,0.194901,0.391735,0.19432,0.409165
0.054433,0.868387,0.000350726,0.00028831,0.000412439,0.000864107,0.00117871,0.00160043,0.0028686,0.00587418,0.0122279,0.0371236,0.000139232,0.534899,0.902554,1,61.1961,0.386078,0.299707,28.3043,0.660365,64.1953,1.7568,178.548,0.661813,259.735,1.0814,298.952,2.35161,0.220613,0.438893,0.274158,0.525752
0.0563879,0.803948,0.000391493,0.000448798,0.000558018,0.00108768,0.00148548,0.00196099,0.00369031,0.00706025,0.0156503,0.0483581,8.52413e-05,0.500808,0.909396,1,61.6127,0.376516,0.289537,28.1811,2.76465,64.1774,0.612029,179.422,1.43504,260.201,0.641765,297.583,0.49755,0.195732,0.395324,0.204848,0.420159
0.0606177,0.864819,0.000450471,0.00031593,0.000694408,0.000990408,0.00133277,0.00187539,0.00335219,0.00642099,0.0142891,0.0434371,0.000109906,0.410097,0.913123,1,43.1541,0.355682,0.316348,28.0759,0.820127,69.5773,1.12954,180.126,2.38269,259.428,0.44173,296.883,0.456213,0.197995,0.409185,0.225473,0.452223
0.0532821,0.823157,0.000398144,0.000440231,0.000521836,0.000913087,0.00123505,0.00157613,0.00294568,0.00579721,0.0124497,0.0388742,0.000124644,0.404555,0.907311,1,47.6898,0.398078,0.282168,29.2525,3.48345,62.7502,0.465065,180.863,0.652563,261.919,0.898017,298.235,2.03666,0.235861,0.446516,0.256952,0.523189
0.0486236,0.930599,0.0003451,0.00023793,0.000481005,0.000806121,0.00113413,0.00159757,0.00289407,0.00564573,0.0124471,0.0365878,0.000113157,0.471737,0.90142,1,70.3277,0.530723,0.273704,28.5347,0.659432,67.1792,0.442195,180.814,2.31915,258.192,0.625256,296.615,0.622181,0.221418,0.444974,0.270118,0.507226
0.0520434,0.715355,0.000374405,0.000270843,0.000470375,0.000851819,0.00119062,0.00163663,0.00296365,0.0062337,0.0139733,0.0430319,0.000139525,0.476228,0.962927,1,40.3589,0.320492,0.270686,28.7553,0.538426,61.9284,1.11792,176.737,0.509303,260.122,0.900783,294.806,0.638269,0.224478,0.422935,0.241718,0.433356
0.0587155,0.779657,0.000572812,0.000542721,0.000850473,0.00109486,0.00148937,0.00196684,0.00372292,0.00754768,0.0164363,0.0538443,9.44877e-05,0.361456,0.960301,1,71.0204,0.342751,0.30472,28.36,2.40635,60.6068,1.34869,180.23,1.28861,260.447,0.471419,299.687,0.725588,0.207035,0.410131,0.229223,0.47416
0.0556364,0.846094,0.000435993,0.000441728,0.000651199,0.000856482,0.00114251,0.00155999,0.00297099,0.00610032,0.0133221,0.039509,0.000161241,0.381909,0.968257,1,37.8707,0.33465,0.311271,28.9855,0.954029,63.3975,1.59644,177.547,1.38735,262.868,1.87715,295.501,0.551171,0.23031,0.453811,0.262627,0.526415
0.0507939,0.708002,0.000480239,0.000502572,0.000717787,0.000676039,0.000958554,0.00126774,0.00218906,0.00451179,0.00952939,0.0298164,0.000134111,0.278429,0.934593,1,85.7936,0.38111,0.238824,28.0009,0.797077,62.4761,2.84367,180.386,1.39575,258.949,0.465106,298.524,1.33861,0.20679,0.418267,0.245634,0.470494
0.0525808,0.721947,0.000368272,0.000310333,0.000548893,0.000712746,0.000978358,0.00131988,0.00255535,0.00503619,0.0111435,0.0330963,0.000129511,0.392171,0.92788,1,83.034,0.347777,0.252705,28.2928,0.722324,64.7897,0.516158,178.688,1.37792,262.301,0.459534,297.342,0.959463,0.204248,0.401221,0.225987,0.454654
0.0525389,0.676028,0.000347153,0.000313042,0.000499349,0.00074981,0.00107689,0.00144114,0.00252662,0.00539263,0.0115865,0.0370287,0.000136295,0.418374,0.970566,1,70.5629,0.303788,0.252567,28.1676,1.19555,62.8537,3.2386,179.155,0.959241,260.987,0.978866,294.805,1.04746,0.197503,0.398286,0.21162,0.415914
0.063772,0.701553,0.000416686,0.000381978,0.000571225,0.000962968,0.00122529,0.00167393,0.00326956,0.0068134,0.0150124,0.0446152,9.37514e-05,0.463953,0.979317,1,55.0191,0.308179,0.321919,27.9488,0.446638,61.6233,1.96646,179.975,0.290977,260.381,0.259469,298.5,1.6393,0.208545,0.397792,0.242843,0.445202
0.0420108,0.683523,0.0003307,0.000332622,0.000520022,0.000552647,0.000751981,0.00101822,0.00192113,0.00390771,0.00869554,0.0260267,0.000189397,0.311861,0.962144,1,58.8054,0.375746,0.205168,29.5076,1.58986,64.2584,1.12464,179.821,5.313,261.514,1.09713,297.248,0.308101,0.228759,0.442758,0.249158,0.513475
0.0482426,0.659923,0.000340633,0.000268264,0.000407619,0.000559779,0.000778187,0.00108318,0.00193863,0.00419053,0.00878711,0.0272476,0.00018316,0.404755,0.966289,1,63.2818,0.315641,0.232171,28.8594,3.40706,62.0871,0.905282,178.021,1.27496,261.458,0.882171,300.006,0.295443,0.212978,0.427485,0.24136,0.538359
0.0551792,0.822108,0.000338919,0.000384228,0.000600272,0.000780778,0.00107984,0.00148692,0.00280118,0.00573879,0.01253,0.0390683,0.00015482,0.409043,0.977448,1,45.5354,0.331975,0.306075,29.1937,1.35584,63.7368,0.797647,178.593,1.29702,260.902,1.77315,299.387,0.266681,0.227431,0.450462,0.277059,0.557428
0.0436745,0.70289,0.000282234,0.000191164,0.000344933,0.000593723,0.000850583,0.00109083,0.00197044,0.00432091,0.00917567,0.0285196,0.000137495,0.467915,0.981445,1,57.6664,0.432968,0.223188,28.1728,0.692716,61.7171,1.1889,180.834,0.26008,258.08,0.897046,298.011,1.14634,0.217472,0.422346,0.265164,0.47932
0.0454174,0.746752,0.000218336,0.000222704,0.000352638,0.000612818,0.000867411,0.00111458,0.00210812,0.00456807,0.0098353,0.0297762,0.000140102,0.488599,0.985197,1,49.407,0.393487,0.237879,28.5476,0.953318,64.2904,1.57017,181.562,0.287697,259.53,3.614,300.578,1.52607,0.208848,0.418815,0.260502,0.499031
0.0470705,0.737574,0.000307336,0.000204623,0.000363681,0.000654592,0.000898627,0.00122164,0.00224752,0.00481491,0.0105258,0.0316439,0.000121749,0.489155,0.987011,1,47.0781,0.400132,0.245449,28.456,0.915774,64.1341,1.44447,179.942,0.287398,257.543,0.721425,297.975,0.621305,0.208049,0.41211,0.254193,0.478719
0.0548166,0.699046,0.00030259,0.000267546,0.000491628,0.000770661,0.000999831,0.00132883,0.00243177,0.00508517,0.0107768,0.0330287,0.000147216,0.412693,0.924944,1,71.4934,0.311117,0.264702,28.9402,1.55989,63.778,1.05276,181.291,0.483596,261.429,0.399423,295.757,1.68264,0.221723,0.426357,0.236798,0.469463
0.0548821,0.689015,0.000485243,0.000339737,0.000518634,0.000790493,0.00109751,0.00150794,0.00285551,0.00565801,0.0126682,0.0388954,0.000134258,0.415675,0.930895,1,70.0672,0.316227,0.267804,28.5671,0.442897,62.62,1.1429,181.767,0.796321,259.54,0.261187,298.601,1.92302,0.225021,0.430496,0.235323,0.500548
0.0620262,0.83661,0.000385585,0.00031612,0.000510488,0.00100187,0.00137738,0.00179393,0.00338498,0.00696462,0.0147382,0.0458777,0.00010137,0.508869,0.946249,1,53.2939,0.340008,0.33678,28.241,3.18043,63.7014,0.4331,176.962,1.35142,261.669,0.969779,296.982,0.864706,0.201433,0.404724,0.241019,0.470354
0.0632446,0.83113,0.000408818,0.000292778,0.000468655,0.00104691,0.00140934,0.00191608,0.00361549,0.00708656,0.0156704,0.0486911,0.00010045,0.556509,0.91783,1,46.5625,0.337448,0.342787,28.3495,0.742666,62.7669,0.443984,178.442,1.02607,262.268,0.691554,298.404,1.58273,0.211605,0.412712,0.240788,0.495828
0.0578842,0.781399,0.000261812,0.000303709,0.000511863,0.000912226,0.0013815,0.00180147,0.0033303,0.00671989,0.0149585,0.0462318,0.000127068,0.511815,0.91554,1,49.8175,0.320081,0.306677,29.0423,1.08441,63.1141,0.504653,180.995,0.798842,260.155,1.59403,298.635,1.23226,0.232451,0.436758,0.25543,0.501348
0.0528741,0.880349,0.00042883,0.000401434,0.000568622,0.00100738,0.00141378,0.0018983,0.0035277,0.00717031,0.0154441,0.0476414,0.000117897,0.460632,0.900852,1,45.5241,0.397129,0.295005,29.7746,4.57437,62.7653,0.680482,180.35,0.48079,259.997,2.65855,297.587,1.22999,0.235613,0.459108,0.26221,0.491495
0.0499852,0.672506,0.000384498,0.000364942,0.000620404,0.000796912,0.00107607,0.00135967,0.00257198,0.00552543,0.011856,0.0390974,0.000125006,0.391684,0.986202,1,45.0742,0.315994,0.236051,27.6709,1.82409,65.2528,0.85672,177.524,0.569948,260.214,0.611136,297.046,1.33979,0.183207,0.376759,0.193763,0.388422
0.0523763,0.799979,0.000485129,0.000465442,0.000786042,0.000814503,0.00113118,0.00162204,0.00285057,0.0059579,0.0135155,0.0401065,7.70668e-05,0.339086,0.974801,1,86.3405,0.448541,0.26742,27.4238,0.704108,65.7234,0.791578,179.945,1.97217,260.515,0.558061,296.949,0.896208,0.185191,0.378419,0.21306,0.420647
0.0568738,0.73953,0.000287898,0.000240838,0.000338677,0.00083204,0.00121949,0.00151819,0.00296213,0.00617296,0.0131174,0.0414781,0.000105669,0.615553,0.960094,1,51.5481,0.339205,0.29766,27.4695,0.468218,63.0465,1.61175,178.441,0.954266,258.948,0.851063,300.612,0.358458,0.200931,0.391275,0.24415,0.479997
0.0561528,0.714733,0.000326022,0.000248409,0.000403585,0.00090266,0.00131874,0.00169682,0.00322213,0.00659134,0.0144105,0.0451811,0.000115096,0.569734,0.932998,1,57.1792,0.314719,0.283135,27.7603,0.518625,61.0512,0.860227,178.599,1.25064,258.14,1.09374,302,0.444758,0.202734,0.398856,0.23888,0.488748
0.0503927,0.700403,0.00032084,0.000314769,0.000460394,0.000770284,0.00103032,0.00140124,0.00268883,0.00576815,0.0126466,0.0389248,0.000130474,0.473522,0.979945,1,59.3065,0.312181,0.247396,27.8354,0.94806,66.218,0.95411,180.509,0.525017,262.107,0.519595,294.816,3.80373,0.191706,0.38371,0.1807,0.408537
0.055983,0.749117,0.000307101,0.000240197,0.000382315,0.000774386,0.00108134,0.00141496,0.00256909,0.00538649,0.0115537,0.0356457,0.000109103,0.47002,0.941149,1,69.8956,0.34521,0.276575,27.912,1.22384,64.193,0.507829,177.418,3.36493,258.653,1.1318,300.566,0.493158,0.189514,0.384425,0.242199,0.461498
0.0501202,0.823801,0.000291226,0.00022815,0.000390959,0.00102112,0.00136466,0.00180557,0.00349946,0.00674488,0.015182,0.0468863,0.00010744,0.565767,0.905131,1,70.6584,0.407664,0.26741,28.073,0.504176,65.2172,1.47922,178.423,0.941435,261.026,2.90783,298.414,0.437199,0.203861,0.407911,0.21257,0.456199
0.0490237,0.797314,0.000233813,0.000217921,0.00033439,0.000852036,0.00110669,0.00155536,0.00295272,0.00585296,0.0125088,0.0399702,0.000112641,0.580076,0.915586,1,61.4786,0.409751,0.259634,28.0027,0.512249,65.4856,1.268,178.313,0.6533,258.835,0.680129,296.112,0.574776,0.210532,0.404204,0.241442,0.423746
0.048438,0.805046,0.000386099,0.00031147,0.00053399,0.000843818,0.00121883,0.00161005,0.0029156,0.00612835,0.0135735,0.0417755,9.05562e-05,0.500103,0.972426,1,47.4626,0.455467,0.261464,27.9408,1.05969,62.7946,0.87779,179.307,0.85933,263.189,2.17131,298.524,0.996891,0.198081,0.390947,0.219824,0.451897
0.0534266,0.817626,0.000298229,0.000294764,0.000488945,0.00102388,0.0013562,0.0019529,0.00331786,0.00675397,0.014556,0.0469535,0.000103891,0.556933,0.913305,1,51.4381,0.362531,0.281485,28.3147,1.43505,64.6368,4.14217,177.601,1.84297,259.755,0.397581,295.033,1.40903,0.192409,0.403231,0.199769,0.418412
0.0620575,0.804383,0.000514902,0.000321239,0.000723178,0.00112514,0.00160117,0.00204435,0.00406427,0.00801929,0.0176319,0.053772,7.97598e-05,0.447213,0.929773,1,68.2668,0.358382,0.326016,28.3838,0.581921,61.6348,1.10896,178.167,1.28296,261.139,1.7737,299.722,0.766687,0.206883,0.405905,0.228291,0.472372
0.0560009,0.856575,0.000309187,0.000345014,0.000409722,0.00118181,0.00143478,0.00207946,0.00365904,0.00735868,0.0164715,0.0509612,9.45396e-05,0.578887,0.910034,1,56.0178,0.390794,0.313496,28.7412,0.703461,62.6094,0.465368,178.826,0.980597,260.202,1.06718,294.992,1.16488,0.221083,0.425858,0.242356,0.447942
0.0495927,0.887547,0.000308017,0.000190262,0.000470714,0.000872846,0.00131294,0.00162539,0.00320805,0.00666448,0.0144483,0.0444251,0.000115175,0.597342,0.977624,1,43.7414,0.40212,0.292654,28.3438,1.53538,65.4384,0.53515,180.219,1.59057,261.087,1.52942,298.263,0.611118,0.206476,0.421412,0.231792,0.50166
0.0636307,0.746441,0.000528732,0.000390873,0.000538499,0.00116302,0.0016779,0.00218109,0.00411863,0.00912482,0.0199821,0.0641149,8.47472e-05,0.614361,0.975737,1,74.9942,0.299154,0.349994,28.5034,0.58067,60.5861,3.55362,178.205,1.26631,261.255,0.257485,298.234,2.90023,0.218317,0.405903,0.233618,0.438845
0.052195,0.804982,0.00034664,0.000434425,0.000457318,0.000812541,0.00106941,0.00149133,0.0027612,0.00571201,0.0125898,0.0392294,0.000142458,0.491968,0.967092,1,58.2923,0.338752,0.283733,28.667,2.09083,64.2792,1.26523,179.22,1.46179,260.644,3.52137,296.022,0.623532,0.211596,0.426698,0.235097,0.485164
0.0506979,0.76463,0.000225652,0.000230395,0.000471736,0.000860887,0.00107857,0.00153624,0.00284488,0.0059817,0.0128533,0.0411239,0.000106288,0.554195,0.965296,1,53.7805,0.395143,0.270349,27.8017,0.562155,62.6873,0.474527,180.176,0.576618,259.626,0.377193,296.716,0.448261,0.208687,0.4045,0.232469,0.454118
0.051211,0.737623,0.000282005,0.000266881,0.000360044,0.000868859,0.00113779,0.00154998,0.00291641,0.00601256,0.0132494,0.0413402,0.000127813,0.531755,0.970407,1,55.7261,0.342873,0.26895,27.9393,0.475417,62.514,0.390173,180.591,0.647702,260.744,0.353591,296.222,0.42387,0.209172,0.415854,0.217439,0.444101
0.0422473,0.807838,0.000208683,0.000142571,0.00031704,0.000652821,0.000926011,0.00125475,0.00231892,0.00494888,0.0109027,0.032707,0.000129574,0.579944,0.984607,1,44.4701,0.460332,0.24052,29.0511,1.49453,64.1038,0.438348,179.436,1.8084,261.855,1.01454,297.585,1.83468,0.22167,0.430625,0.25458,0.503696
0.0513189,0.682715,0.000188547,0.000175982,0.000353078,0.000734561,0.000992416,0.00127182,0.00243461,0.00508283,0.0110795,0.0339238,0.000149441,0.543883,0.983523,1,67.3278,0.294974,0.256105,28.0392,0.651839,65.0603,5.33566,179.747,0.638143,259.925,0.30767,297.877,0.86917,0.200744,0.398898,0.224327,0.45664
0.0546416,0.681305,0.000235486,0.000141911,0.000308152,0.000699844,0.000893884,0.00119735,0.0022841,0.00487992,0.0107027,0.031927,0.000141652,0.56598,0.970572,1,59.4715,0.290845,0.267276,27.844,0.826622,65.3252,4.78131,180.633,0.585664,261.463,0.285435,298.075,0.646722,0.195846,0.392698,0.219539,0.462069
0.05235,0.813633,0.000328923,0.000425387,0.000639546,0.000842713,0.00121785,0.00151926,0.00295401,0.00608218,0.0133321,0.040913,0.00010359,0.368782,0.978865,1,50.9226,0.404507,0.284188,28.8051,0.805211,62.8239,0.655063,178.444,0.598613,260.017,4.34973,296.744,2.47592,0.214688,0.424736,0.253049,0.470095
0.0580304,0.673901,0.000307126,0.000378731,0.000483306,0.000822818,0.00117958,0.00148258,0.00289715,0.00603438,0.0129731,0.0404258,0.000123232,0.418723,0.972133,1,64.6257,0.273944,0.27599,28.1385,1.02362,64.1142,3.03207,180.248,1.79736,260.444,0.334129,296.062,0.461313,0.19405,0.391519,0.198424,0.421762
0.0544012,0.71652,0.000397222,0.00050394,0.00072828,0.000861318,0.00114491,0.00151604,0.0028652,0.00612265,0.0129694,0.042054,8.39397e-05,0.347366,0.976004,1,50.5547,0.372016,0.261124,27.325,0.725095,64.4007,0.664757,178.266,0.802229,262.998,1.31013,297.393,0.843702,0.18505,0.362251,0.188405,0.409775
0.0522531,0.740959,0.000558702,0.000475671,0.000737406,0.000897101,0.00125013,0.00175463,0.00318487,0.00640366,0.0145152,0.0452279,7.52982e-05,0.374173,0.959146,1,84.1381,0.400756,0.250591,27.0428,0.765363,66.3216,1.303,179.152,0.349546,261.371,0.535601,294.533,1.08803,0.174654,0.35518,0.175266,0.36282
0.0586924,0.819394,0.000461425,0.000442483,0.000758289,0.00100855,0.00142568,0.00186422,0.00346824,0.00749992,0.015538,0.0500891,8.3658e-05,0.431688,0.985306,1,86.5525,0.358939,0.309038,27.4097,1.39107,67.9636,4.35601,179.778,1.33058,260.306,1.45328,296.383,1.52846,0.178042,0.374245,0.195516,0.413509
0.0586289,0.664144,0.000500592,0.00041234,0.000663457,0.000892965,0.00115773,0.00165685,0.0030423,0.00615099,0.0140002,0.042753,0.000104933,0.369075,0.959451,1,67.5493,0.286497,0.272828,28.1141,0.842072,62.5523,0.824295,177.67,1.98051,260.674,0.689517,296.733,1.25551,0.192107,0.383938,0.205837,0.390533
0.0482656,0.815517,0.000183588,0.000157517,0.000239123,0.00076075,0.000983454,0.00135416,0.00252353,0.00504028,0.0109657,0.0334738,0.000121347,0.728091,0.915145,1,42.6228,0.415959,0.263307,27.4122,0.700301,66.7129,2.65625,179.562,0.811734,261.083,0.474358,296.969,0.329352,0.201645,0.399586,0.226114,0.478223
0.0565085,0.737493,0.00022578,0.000225471,0.000333397,0.000923808,0.00130082,0.00172567,0.00324819,0.00615745,0.0130392,0.0396343,9.12066e-05,0.594176,0.863739,1,53.0573,0.348656,0.269809,28.0103,0.915421,64.2909,0.568556,179.788,2.42368,259.963,1.77278,298.632,1.03163,0.190962,0.380622,0.213945,0.406495
0.0555817,0.73416,0.000229233,0.000140258,0.000285847,0.000890167,0.00118377,0.00160658,0.0031189,0.00589643,0.0123975,0.037677,9.84015e-05,0.683473,0.834207,1,60.5389,0.34788,0.264249,27.6964,0.705088,65.607,0.531426,179.872,3.57075,259.136,0.750001,299.904,1.07606,0.193011,0.375779,0.215061,0.441409
0.0535563,0.753347,0.000250526,0.000158968,0.000280404,0.000980568,0.00132388,0.00182675,0.00342816,0.00641113,0.0134122,0.0420817,9.79929e-05,0.688776,0.838146,1,60.5294,0.358123,0.261779,27.8706,0.633254,66.3768,0.701969,179.713,2.05123,258.805,0.780704,300.08,0.982682,0.196984,0.381413,0.218645,0.41597
0.0555505,0.778419,0.000162464,0.000139827,0.000324346,0.000834015,0.00117864,0.00158837,0.00309317,0.00577452,0.0125543,0.0384325,0.000113871,0.652378,0.867693,1,52.9625,0.334365,0.274942,27.4423,0.925147,65.7314,0.586627,180.466,4.45614,257.61,0.552405,299.865,0.586937,0.183795,0.383879,0.215452,0.449146
0.0596787,0.711793,0.000414268,0.000372008,0.000602322,0.000864011,0.00119951,0.00158579,0.00301542,0.00600682,0.0128584,0.0412811,9.81415e-05,0.395689,0.973247,1,51.646,0.313977,0.293396,28.2541,1.03841,60.9681,4.01751,177.779,0.378154,263.412,1.02082,295.579,1.64595,0.194883,0.388243,0.205503,0.442518
0.0553281,0.748875,0.000397434,0.000392271,0.000638937,0.000803809,0.00108132,0.00150504,0.00273668,0.00575151,0.0129572,0.0396564,0.000134729,0.392328,0.980754,1,52.2162,0.309858,0.284146,28.3247,1.20461,65.8798,0.780085,181.218,0.854785,258.097,0.35733,298.088,0.9554,0.212151,0.418204,0.247226,0.459844
0.0604608,0.635866,0.000431805,0.000270808,0.0005396,0.000858386,0.00120431,0.00156521,0.00285004,0.00634682,0.0134522,0.042414,9.72955e-05,0.466613,0.984478,1,49.496,0.299415,0.290667,27.7873,0.378782,60.2967,0.658195,177.809,0.987255,262.995,0.56115,296.08,1.07561,0.204554,0.383025,0.21524,0.424338
0.0635975,0.643194,0.000264171,0.000236222,0.000440733,0.000738388,0.000994048,0.00137783,0.00265698,0.00513253,0.0115319,0.0350013,0.000118603,0.492092,0.952421,1,78.7364,0.293666,0.296869,26.8299,0.295017,63.2034,0.621495,181.765,2.4683,258.045,0.491428,298.001,2.08152,0.204139,0.392191,0.243235,0.456764
0.0605692,0.712444,0.000397169,0.000335849,0.000515413,0.000989935,0.00141733,0.00184256,0.00328465,0.00729418,0.0157283,0.0490103,0.000103939,0.526395,0.958721,1,87.3321,0.301053,0.311088,28.2798,0.502448,61.9965,1.37595,180.293,0.764859,262.162,0.836236,297.757,0.622758,0.215905,0.404502,0.228987,0.454381
0.0570994,0.708624,0.000347351,0.000280495,0.000486784,0.001137,0.00146495,0.00196322,0.00379935,0.00774632,0.0172001,0.0553837,0.000104306,0.562507,0.943482,1,80.4932,0.298509,0.297077,28.8254,0.487619,61.3882,1.21961,179.943,5.12856,261.591,1.16586,295.454,0.357029,0.223561,0.415754,0.215797,0.425533
0.0525343,0.766209,0.000347202,0.000301139,0.000559444,0.000662293,0.000893067,0.00110487,0.00209148,0.00436794,0.00948606,0.0281387,0.000127734,0.336607,0.995836,1,38.9783,0.377943,0.265663,27.8337,1.00697,67.2895,1.55094,179.296,0.302534,259.956,0.894175,298.419,1.28197,0.194871,0.400902,0.25911,0.518526
0.0492821,0.799577,0.000425549,0.000521648,0.000614131,0.000649433,0.000869983,0.00125457,0.00226795,0.00470696,0.010227,0.0303991,0.000122619,0.331979,0.986535,1,47.1685,0.448523,0.255557,27.0976,0.51101,63.9036,0.682445,180.531,0.346753,259.556,2.0599,299.435,1.04217,0.194812,0.408908,0.255581,0.516674
0.0599235,0.773275,0.000421075,0.000486121,0.000575524,0.00101269,0.00133118,0.00193252,0.00356638,0.006867,0.0148596,0.0478092,0.00011761,0.456887,0.915628,1,63.4948,0.30261,0.305017,28.7381,3.90109,63.3266,2.82992,179.236,3.50098,261.299,0.365771,295.968,1.4496,0.209809,0.417094,0.211796,0.451871
0.0516697,0.648035,0.000162497,0.000183929,0.000326884,0.00050979,0.000655332,0.000955863,0.0017666,0.0036006,0.00751653,0.0227244,0.000164454,0.447668,0.974776,1,49.248,0.340603,0.24082,26.8358,0.396104,62.3594,0.83494,181.16,0.310197,262.194,5.59036,296.92,0.821494,0.200681,0.400392,0.246898,0.503972
0.0529165,0.672142,0.000202164,0.000177028,0.000283898,0.000518426,0.000719312,0.000949555,0.00177663,0.003774,0.00803287,0.0239901,0.000130663,0.525687,0.977042,1,65.8118,0.36385,0.256152,27.2813,0.363961,63.4629,1.28074,180.701,0.341264,262.41,0.933534,296.206,0.688535,0.200843,0.400342,0.260619,0.491136
0.0532838,0.763441,0.000185181,0.000229325,0.000249717,0.000676739,0.000894942,0.00123356,0.00224459,0.00473334,0.0101875,0.0308945,0.000152103,0.581305,0.951526,1,46.5672,0.337851,0.285579,28.8921,1.26195,62.1333,1.6848,178.299,0.60643,264.385,0.804033,296.503,0.283744,0.222484,0.433364,0.25191,0.564872
0.0494461,0.767736,0.000440349,0.000366056,0.000474967,0.000714452,0.00100826,0.00134009,0.00249619,0.0053778,0.0119114,0.0370108,0.00013563,0.404585,0.988267,1,72.3412,0.386842,0.274012,29.7928,0.712203,61.279,2.43335,177.525,2.51261,260.295,0.548464,297.609,1.14319,0.243374,0.463015,0.297587,0.541241
0.0429044,0.769007,0.000432354,0.000252997,0.000581639,0.00072482,0.00102635,0.00139525,0.00259751,0.00566143,0.0121988,0.0380786,0.000152605,0.383981,0.985816,1,73.0645,0.425375,0.240801,29.9924,1.49485,59.779,1.57156,179.063,4.79842,261.376,2.77214,298.672,1.17905,0.254236,0.47588,0.280215,0.524101
0.0596123,0.734126,0.000376567,0.000245173,0.000564053,0.000911497,0.00121995,0.00164065,0.00281999,0.00605746,0.0135333,0.0413551,0.000170115,0.423935,0.995128,1,38.6447,0.273514,0.315055,28.2107,0.583012,62.3521,0.551276,177.903,0.383116,259.194,0.34005,298.806,1.22863,0.220207,0.437768,0.260417,0.508425
0.0571201,0.790292,0.000461624,0.000412939,0.000812999,0.00106677,0.00147724,0.00215302,0.00378701,0.00800089,0.0172707,0.0524597,9.2472e-05,0.391276,0.938809,1,68.2454,0.341846,0.292706,28.4067,1.01835,65.5565,1.02448,181.978,0.393976,259.779,2.09778,298.922,1.29135,0.205858,0.404059,0.216042,0.440538
0.0508585,0.718924,0.000341476,0.00052209,0.000583253,0.000551398,0.00075009,0.00110014,0.00199773,0.00405288,0.00879055,0.0261,0.000155163,0.297383,0.980162,1,52.6469,0.363746,0.258408,29.4489,1.81121,61.2065,2.11608,179.405,2.39213,262.911,0.880648,297.043,1.68912,0.233356,0.452239,0.287106,0.556153
0.0623579,0.827873,0.000335589,0.000406219,0.000591233,0.000944747,0.00129208,0.00180644,0.00331352,0.00652833,0.0145859,0.0449933,0.00010618,0.416048,0.960535,1,63.1648,0.328694,0.333712,28.4819,1.54721,65.2357,0.932303,180.201,0.55067,258.79,0.76228,298.644,0.957274,0.204199,0.417992,0.254989,0.491514
0.055571,0.787165,0.000403825,0.000373362,0.000611699,0.000849681,0.00114868,0.00150894,0.00286217,0.00591615,0.0127336,0.0399862,0.000118124,0.407721,0.975151,1,52.9888,0.362151,0.300717,28.955,1.62231,61.2348,2.03159,179.604,0.363225,261.722,0.328626,294.266,0.467802,0.226886,0.437563,0.251062,0.484228
0.0535435,0.746058,0.000382818,0.000290894,0.000450892,0.000751143,0.00105722,0.00144116,0.00260649,0.00561997,0.0124566,0.0376782,0.000138003,0.427583,0.994283,1,61.796,0.314422,0.279226,28.6231,1.21418,65.4234,1.56338,180.183,0.986615,260.441,1.09869,300.339,0.429221,0.209647,0.41968,0.24044,0.520662
0.0531609,0.769379,0.000338462,0.000293269,0.000452024,0.000751689,0.00103709,0.00140219,0.00245328,0.00540016,0.0118897,0.0367002,0.000132112,0.460665,0.995438,1,56.1978,0.344105,0.283681,28.1141,0.673672,65.2884,1.19487,180.918,0.575085,260.789,1.38506,298.81,0.404426,0.211442,0.417191,0.247822,0.52012
0.0485785,0.694725,0.000400169,0.000367905,0.000455806,0.000698387,0.000986331,0.00132645,0.00231513,0.00483201,0.0102768,0.031395,0.000133397,0.380518,0.90265,1,65.1913,0.370364,0.229948,29.1793,1.50879,62.0908,0.826547,178.638,1.86613,260.915,0.551552,296.562,2.88193,0.220497,0.421806,0.242153,0.458456
0.0529648,0.636075,0.000278383,0.000263969,0.000373912,0.00059563,0.000795491,0.00108429,0.00202335,0.0039884,0.00871794,0.0263509,0.000201698,0.412074,0.950208,1,39.952,0.27366,0.240514,27.8408,0.878813,64.4306,0.708481,179.228,1.23749,262.45,0.389348,296.117,0.720523,0.199617,0.408888,0.214792,0.461203
0.0491151,0.709944,0.00064573,0.000609024,0.00073924,0.000780027,0.0011107,0.00140793,0.00258784,0.00569481,0.0121883,0.0376188,0.000123136,0.288785,0.98895,1,60.5206,0.36051,0.245499,28.666,1.37522,61.452,2.43846,178.885,1.67187,259.459,2.50308,299.125,2.02567,0.210892,0.417205,0.246174,0.44316
0.0504324,0.773967,0.000450143,0.000461269,0.000766104,0.000736415,0.000987912,0.00137158,0.00257264,0.00531379,0.0114468,0.0359131,0.000117883,0.289342,0.975302,1,63.4835,0.405733,0.260216,28.7623,2.42924,63.1164,2.71739,180.632,2.02389,257.051,0.639884,300.817,3.96356,0.215056,0.427453,0.271883,0.50706
0.0484117,0.765665,0.000507804,0.000604978,0.000693253,0.000765315,0.00100093,0.00141794,0.00264025,0.00533197,0.0116477,0.0361323,0.000120361,0.326605,0.984575,1,63.608,0.39734,0.252475,28.9741,1.57938,63.7805,3.74783,181.05,1.48535,257.581,0.955204,300.581,5.82355,0.214793,0.433341,0.251957,0.522989
0.0502118,0.82173,0.000507251,0.000369544,0.000600595,0.000915214,0.00131442,0.00171563,0.00310047,0.00681266,0.0151536,0.0479361,0.000120095,0.441523,0.992348,1,64.5856,0.380927,0.284888,28.9503,0.532973,61.9733,1.88367,177.148,1.90718,261.888,1.42802,295.26,0.482725,0.219119,0.434002,0.233039,0.472415
0.0505211,0.780117,0.000355558,0.000451668,0.000658594,0.000836282,0.00113304,0.00155617,0.00283817,0.00613341,0.0138374,0.0437287,0.000120192,0.405981,0.993005,1,57.7885,0.386096,0.275032,28.2837,0.748907,62.9129,2.95083,177.113,0.860602,262.443,0.326622,295.322,0.398325,0.221639,0.421955,0.233461,0.467583
0.0605478,0.778335,0.000418994,0.00026134,0.000568365,0.00102378,0.00138715,0.00182662,0.00350929,0.0073241,0.0154674,0.049657,8.43971e-05,0.520802,0.975396,1,46.0283,0.323957,0.321336,28.4175,1.3105,63.0932,1.67633,178.369,0.438805,262.36,0.345091,297.295,5.82353,0.195103,0.386296,0.2198,0.414195
0.0638473,0.817878,0.000446903,0.000508094,0.000646124,0.00114117,0.00167527,0.00218442,0.00393307,0.00791463,0.017178,0.0562685,0.000134889,0.471766,0.949078,1,47.8802,0.271393,0.343708,28.4311,1.02532,63.7643,0.508105,179.187,1.29199,259.728,0.288866,297.739,0.965568,0.202349,0.430431,0.219995,0.461672
0.0634697,0.876106,0.00045616,0.000376133,0.000671984,0.0010468,0.00158934,0.00198811,0.00384391,0.00751877,0.0166668,0.052713,0.000104606,0.459096,0.93554,1,49.1857,0.350836,0.351131,28.1568,2.42601,64.2601,0.342467,178.997,1.17532,260.888,0.506605,294.77,1.2678,0.212055,0.421438,0.232932,0.467978
0.0672338,0.759796,0.000427561,0.000366663,0.000559759,0.00107184,0.00148624,0.00191954,0.0035179,0.00777774,0.0163685,0.0509158,9.45717e-05,0.505776,0.968541,1,43.2614,0.304532,0.355481,27.8336,0.402804,63.6072,0.540265,178.897,2.63556,264.314,0.539574,294.893,1.22075,0.213767,0.397429,0.211831,0.463879
0.0496611,0.784912,0.000403469,0.000325137,0.000630585,0.00124795,0.00176651,0.00237416,0.00442515,0.00984865,0.021895,0.0737331,6.95257e-05,0.572674,0.96239,1,68.6849,0.382105,0.268095,28.3875,1.03443,64.7742,0.777287,179.056,0.601327,260.281,0.281487,296.205,0.621506,0.198007,0.382151,0.184154,0.366063
0.0552394,0.791437,0.000415928,0.000362854,0.000523156,0.00107935,0.00144972,0.00201442,0.00376503,0.00806663,0.0181629,0.0595098,9.9638e-05,0.570396,0.998306,1,50.739,0.323998,0.306881,27.9559,1.5583,64.0451,1.48674,179.244,1.34031,260.589,0.274444,297.175,1.33092,0.199351,0.39757,0.201838,0.423484
0.0502764,0.723547,0.00020082,0.000184253,0.000340567,0.000714768,0.000911936,0.00131596,0.00248683,0.00529071,0.0118138,0.0357607,0.000126906,0.603511,0.978637,1,59.8832,0.34548,0.261142,27.4002,0.731919,62.2635,1.05507,178.835,1.36496,259.657,0.921846,297.209,1.01226,0.196764,0.392234,0.229228,0.456476
0.0512321,0.596579,0.000292589,0.00023417,0.000342917,0.000764147,0.00107045,0.00139273,0.0025697,0.00560459,0.0122026,0.0382515,9.70003e-05,0.558958,0.988148,1,56.0897,0.319072,0.239503,27.6181,0.412757,62.0628,1.96263,177.638,2.07577,262.596,0.503332,297.214,0.573027,0.193229,0.363993,0.191401,0.406037
0.0655402,0.610749,0.00024847,0.000201495,0.000399863,0.000861564,0.00112112,0.00150732,0.00291308,0.00625068,0.0134885,0.0424177,0.000124219,0.584191,0.979965,1,56.9175,0.233575,0.301691,26.9026,0.608163,61.6348,0.777667,175.419,1.71139,260.995,1.17429,298.738,0.298662,0.17509,0.36055,0.196262,0.430484
0.052982,0.595752,0.000240658,0.00021212,0.000331911,0.000903538,0.00127432,0.00175305,0.00319639,0.00643132,0.0143761,0.0443118,9.80933e-05,0.620902,0.911387,1,51.442,0.284847,0.235344,27.814,0.758448,62.9723,2.44642,177.803,0.638615,262.57,0.255236,294.961,4.18548,0.185803,0.359321,0.158244,0.360786
0.054685,0.626628,0.000264039,0.000215506,0.000335779,0.000852697,0.00126306,0.00164015,0.00313704,0.00629959,0.0141504,0.0432403,0.000103924,0.646608,0.911056,1,55.227,0.279756,0.247926,27.4887,1.03908,63.0945,1.45878,178.212,0.712573,263.342,0.264394,295.395,1.81476,0.180651,0.35701,0.154482,0.368159
0.0593071,0.656832,0.000211514,0.000180078,0.000372715,0.000790472,0.00105876,0.00147004,0.00268484,0.00544964,0.0116974,0.0352201,9.81454e-05,0.552006,0.925601,1,68.1397,0.292047,0.266514,27.3697,0.960453,64.8279,1.36907,177.133,3.2833,262.822,0.343225,294.423,1.2313,0.17116,0.353221,0.162329,0.383676
0.0578261,0.65428,0.000371062,0.000313934,0.000396082,0.000973649,0.00137121,0.00175376,0.00328161,0.00642563,0.0137836,0.0432715,9.21144e-05,0.519339,0.887819,1,44.0582,0.302579,0.251327,26.9095,0.71319,64.0121,1.97846,178.07,0.521463,261.959,0.27035,295.796,3.42193,0.170241,0.34867,0.157282,0.358696
0.0587484,0.760982,0.000254619,0.000222954,0.000285291,0.000828325,0.00107689,0.00149763,0.00276033,0.00543704,0.0116805,0.0341028,0.000119467,0.571564,0.887295,1,75.1659,0.331309,0.290897,28.0632,0.726234,65.495,1.64131,181.74,1.60704,258.809,2.0032,299.529,0.532025,0.201686,0.408334,0.241523,0.496205
0.0575709,0.753696,0.000263393,0.000210539,0.000402758,0.000764441,0.00104658,0.00141213,0.00264862,0.00497943,0.0102616,0.0318113,0.000152573,0.459033,0.878928,1,48.8268,0.319313,0.279649,28.6395,0.846256,64.7912,0.81698,182.388,2.72857,258.78,0.923226,296.905,2.4553,0.21793,0.437731,0.252226,0.49403
0.0606444,0.817269,0.00034959,0.000299764,0.000492309,0.000961573,0.00126733,0.00171477,0.00312642,0.00589176,0.0126298,0.0372037,0.000111647,0.467496,0.855302,1,53.5936,0.36224,0.304263,28.5968,0.579417,62.7142,1.2186,179.398,0.585598,259.033,1.16535,297.033,1.78857,0.213315,0.427236,0.255623,0.480078
0.0624015,0.893522,0.000349872,0.000297691,0.000486495,0.00101423,0.00133251,0.00182365,0.00335919,0.00602418,0.0128244,0.0385656,0.000105459,0.475791,0.841527,1,51.6747,0.404538,0.321368,27.7897,1.99703,65.2044,3.2608,180.55,2.48409,259.389,1.30312,297.925,2.81133,0.208906,0.416498,0.256959,0.488204
0.0609678,0.67512,0.000373264,0.000305042,0.000489696,0.000881335,0.00124022,0.00164313,0.00313636,0.00549497,0.0120419,0.0359909,0.000126247,0.420527,0.806516,1,54.2179,0.312175,0.267731,29.0302,0.903368,60.1132,1.21384,177.584,0.741797,260.827,0.383635,297.242,0.581503,0.224295,0.423866,0.232322,0.460527
0.0566843,0.750296,0.000352927,0.000277965,0.000451684,0.000793766,0.00114835,0.00148707,0.00273336,0.00507662,0.0110186,0.0323036,0.000159415,0.411278,0.870391,1,53.8255,0.310958,0.274842,29.2949,1.23076,63.2084,0.584723,179.842,0.879852,263.83,0.378475,296.485,0.743836,0.22649,0.441962,0.237301,0.498104
0.0480139,0.802249,0.000286793,0.000274444,0.000353352,0.00066708,0.000847038,0.00118442,0.00215872,0.0043483,0.00915393,0.0274655,0.000151551,0.450039,0.939713,1,45.0232,0.44188,0.256855,28.3297,0.64849,62.5596,2.11707,181.999,0.435214,257.958,0.335527,297.611,0.967771,0.232876,0.450472,0.298457,0.543378
0.0596738,0.655432,0.000491622,0.000473214,0.000695032,0.000660563,0.000954578,0.0012452,0.00224817,0.00464206,0.0101287,0.0304022,0.000165994,0.282806,0.956924,1,65.7518,0.272002,0.277004,28.5749,0.763992,62.2938,3.25001,178.994,0.697013,261.65,4.06107,299.473,1.39626,0.214952,0.424923,0.262414,0.510031
0.0512693,0.797751,0.000205456,0.000189495,0.000302302,0.000925192,0.00117608,0.00168954,0.00327524,0.00694474,0.0148287,0.0461178,0.000112034,0.742919,0.949315,1,63.8615,0.350863,0.287506,27.8065,0.767738,62.9366,3.50186,178.055,0.94843,259.069,0.534145,298.177,1.41552,0.197718,0.396025,0.237517,0.431047
0.0485801,0.858595,0.000463912,0.000466114,0.000754105,0.00105295,0.00138427,0.0018986,0.00358633,0.00699637,0.0155138,0.0491202,0.000104587,0.392636,0.936665,1,42.523,0.429785,0.262685,28.6463,0.791511,65.4954,0.766467,179.674,1.83252,260.947,0.469936,296.304,0.922168,0.20576,0.423852,0.207245,0.431096
0.0562639,0.788552,0.000197348,0.000228794,0.000392239,0.000870123,0.00124217,0.00160549,0.00308638,0.00661356,0.0144728,0.0436449,0.000115035,0.594477,0.994048,1,61.4344,0.343,0.313107,27.3826,0.36767,62.8689,1.23509,177.848,0.641619,262.521,0.60336,297.445,0.827973,0.202417,0.403273,0.237166,0.465255
0.049478,0.858411,0.000477764,0.00026444,0.000514599,0.00129227,0.00164164,0.00223605,0.00428023,0.00936363,0.0202544,0.065868,0.000104159,0.59944,0.95391,1,44.1299,0.356232,0.287605,29.0896,2.58109,64.2228,2.90998,179.181,2.85723,260.506,1.52548,297.028,0.920397,0.215269,0.423283,0.211761,0.438038
0.0666412,0.807303,0.000286623,0.000340926,0.000577279,0.000982992,0.00148639,0.00197319,0.0036724,0.00764848,0.0169977,0.0543619,9.70989e-05,0.524124,0.990611,1,67.0131,0.299284,0.367592,28.0425,0.789962,63.2668,0.869575,177.889,0.360863,260.829,0.882916,297.336,2.11403,0.200479,0.401109,0.238353,0.46599
0.0572275,0.717042,0.000348639,0.00048495,0.000777888,0.000993244,0.00133834,0.00172314,0.00322826,0.00691977,0.0151248,0.047109,8.12745e-05,0.392794,0.990477,1,60.1543,0.320881,0.279916,28.0152,2.17928,64.0781,1.73705,180.236,3.95493,258.811,0.694993,295.677,0.758811,0.182122,0.367955,0.198762,0.375736
0.0561817,0.725833,0.000523442,0.00030196,0.000613009,0.000851449,0.0012038,0.00174142,0.00305101,0.00623693,0.013613,0.0432469,0.000124137,0.429305,0.972621,1,42.943,0.297593,0.275519,27.4342,0.593429,67.6881,3.20172,179.746,0.252862,259.806,1.58233,300.88,0.467122,0.18445,0.385675,0.198322,0.472262
0.047007,0.829338,0.000317986,0.000448842,0.000667874,0.000941483,0.00124492,0.00158018,0.00303043,0.00649639,0.0142191,0.043551,9.06867e-05,0.391549,0.978613,1,68.1305,0.517495,0.26355,28.6435,0.585745,60.3514,0.706644,180.497,0.265139,259.061,0.341016,295.413,1.57443,0.226374,0.433214,0.264616,0.44861
0.0546467,0.781527,0.000231356,0.000210083,0.000419007,0.000773433,0.00114105,0.00149868,0.00273345,0.00554574,0.0118209,0.0371948,0.000152785,0.523212,0.966908,1,43.3016,0.307996,0.287884,28.048,2.8263,66.703,2.41979,181.921,0.260781,259.431,1.98203,299.76,0.905509,0.200312,0.418423,0.230626,0.529475
0.0570922,0.729359,0.000396232,0.000319977,0.000473333,0.00088264,0.00116765,0.00158492,0.0029744,0.00618293,0.0133421,0.0414247,0.000139553,0.491027,0.962318,1,66.2183,0.282071,0.290015,28.4845,0.918883,64.4641,2.57652,179.992,0.2558,259.208,0.722393,296.762,1.43172,0.200812,0.415117,0.224049,0.449446
0.0476619,0.724874,0.000236413,0.000205278,0.000327597,0.00067497,0.000967825,0.00133615,0.00237102,0.005255,0.0115817,0.0354587,0.000140218,0.523013,0.996194,1,88.3745,0.345364,0.251978,28.6293,1.51775,62.3287,1.6755,179.465,0.253906,259.956,1.22069,299.637,0.747452,0.209848,0.419417,0.244394,0.502369
0.0486734,0.85692,0.000488403,0.000394727,0.000614279,0.000793807,0.00104938,0.00142343,0.00270104,0.00557557,0.0120522,0.0375533,0.000122913,0.342291,0.987122,1,67.9525,0.429379,0.270245,28.7352,0.810378,66.3947,1.03357,180.842,0.263374,261.041,0.385435,295.985,1.00503,0.215242,0.436641,0.247897,0.487967
0.0493003,0.90294,0.000423363,0.000412163,0.00059382,0.000892279,0.0012728,0.0017792,0.00312613,0.00654673,0.0140479,0.0435945,0.000108099,0.400048,0.958233,1,59.9442,0.459525,0.280901,28.8922,3.12353,66.219,0.517305,181.553,0.253415,263.798,0.750766,294.795,0.444984,0.219439,0.433316,0.221282,0.480038
0.0598152,0.819266,0.000477615,0.000376881,0.000683027,0.00102425,0.00137954,0.00172548,0.00334294,0.00646519,0.0147509,0.0455303,0.000115054,0.427062,0.958152,1,58.9246,0.332582,0.321856,28.5112,0.681445,64.9469,0.643328,182.479,0.265605,262.175,0.275445,295.306,0.374561,0.214922,0.429826,0.21578,0.48207
0.0430842,0.774668,0.000215169,0.000169684,0.000255464,0.00079334,0.00102319,0.00135894,0.00258061,0.00563346,0.0132807,0.040106,0.000139872,0.724356,0.999252,1,53.0403,0.400797,0.253576,28.4257,0.468226,61.7117,2.35366,177.395,2.33201,258.902,0.888249,299.763,1.85305,0.222486,0.429529,0.266849,0.522636
0.0528379,0.838524,0.000247697,0.000255528,0.000429115,0.000802429,0.00112696,0.00155159,0.00295622,0.00653544,0.0133874,0.0429413,0.000145684,0.560206,0.994365,1,76.9765,0.354206,0.313948,28.8449,0.988555,60.2572,1.6024,178.861,1.02133,264.22,0.585713,294.925,0.623776,0.234764,0.455799,0.260433,0.524049
0.0594475,0.838344,0.000314211,0.000301788,0.000559869,0.00103909,0.00138487,0.00179867,0.00332463,0.00691521,0.0158205,0.0467853,0.000124821,0.50605,0.923828,1,51.2379,0.34258,0.32995,28.8538,0.563928,62.5514,2.22693,179.393,1.27235,259.134,1.19665,299.799,1.04475,0.231227,0.44716,0.277394,0.531561
0.0464308,0.709547,0.000380594,0.000338504,0.000539662,0.000648309,0.000826751,0.00117193,0.00214031,0.00466333,0.00976163,0.0301596,0.000182729,0.371999,0.988908,1,61.0968,0.331262,0.237176,29.1156,0.918106,63.7275,0.898944,179.819,1.01334,262.556,0.923181,296.384,1.4376,0.224473,0.438587,0.23848,0.518968
0.0478363,0.739801,0.000443141,0.000396676,0.000652256,0.000669462,0.00102367,0.00129995,0.00240788,0.00478182,0.0107988,0.0326672,0.000131242,0.302466,0.97696,1,54.8832,0.386938,0.241466,28.7038,1.29073,62.9789,1.46475,179.271,2.39072,258.673,0.631823,297.705,1.48568,0.210603,0.424257,0.25232,0.475546
0.0466393,0.795688,0.000435479,0.00044515,0.000561225,0.000866068,0.00113623,0.00154314,0.00280348,0.00601758,0.0122853,0.0407351,0.000104428,0.431519,0.983426,1,48.4626,0.432021,0.25369,28.9117,1.00626,63.5948,1.73713,179.575,1.19248,260.105,0.338458,297.474,1.17313,0.213224,0.42023,0.238023,0.465234
0.0541173,0.739489,0.000463325,0.000377208,0.000774706,0.000939393,0.00114201,0.0016175,0.00295092,0.00649645,0.0139323,0.0434699,0.000114188,0.359789,0.994011,1,44.6846,0.338312,0.282306,28.6119,0.663514,61.9862,0.813999,179.304,0.821636,261.659,0.26536,295.698,0.582298,0.217448,0.418308,0.227999,0.449986
0.0600868,0.948213,0.000435166,0.000400955,0.000708104,0.00112685,0.00173469,0.00225835,0.00416594,0.00816618,0.0179584,0.0559432,7.42185e-05,0.473579,0.906146,1,83.6131,0.472828,0.341749,27.9674,0.581482,65.1203,1.62575,178.916,2.44583,262.298,4.42878,296.955,0.949884,0.212755,0.410166,0.239915,0.454641
0.0540235,0.629426,0.000195383,0.000196932,0.000290596,0.000708701,0.000888014,0.00121947,0.00227424,0.0046668,0.0101052,0.0308628,0.000176302,0.548413,0.934986,1,38.1223,0.269745,0.257809,28.8621,1.17808,61.3199,1.19961,179.238,0.654997,259.521,0.265653,297.747,0.860857,0.217834,0.426601,0.244304,0.491865
0.0525853,0.768896,0.000368398,0.000326712,0.000472534,0.000720614,0.00107312,0.00149393,0.00263986,0.00549797,0.0118621,0.0365526,9.6764e-05,0.432866,0.952622,1,109.631,0.397623,0.266708,28.0957,0.69289,65.2084,0.516173,178.807,2.65723,261.516,0.469298,298.86,0.376974,0.19811,0.391854,0.231031,0.460125
0.0574487,0.768677,0.000346155,0.000277284,0.000510918,0.00106697,0.00149502,0.00207367,0.00364388,0.00751357,0.0163584,0.0515511,0.000127013,0.521864,0.932189,1,33.5372,0.296241,0.301116,28.3202,0.862811,63.0117,3.18463,179.264,0.294598,261.622,0.361384,294.798,0.286478,0.212659,0.417062,0.199477,0.441161
0.0521407,0.789938,0.000428225,0.000306747,0.000604323,0.000893374,0.00119413,0.00160841,0.00285618,0.00576446,0.0127925,0.0378762,0.000100156,0.425363,0.912054,1,97.5446,0.402718,0.259543,28.0708,0.793107,64.2774,0.68865,178.367,1.53732,260.525,0.592605,298.068,1.90943,0.191705,0.392476,0.218958,0.446062
0.0542615,0.643906,0.000448607,0.000339828,0.000576855,0.00075762,0.00104865,0.0014389,0.00254646,0.00523371,0.0122401,0.0374084,0.000139474,0.410439,0.97426,1,38.2367,0.294756,0.264374,28.7128,0.605037,61.4459,2.79998,179.795,0.528486,260.621,0.564772,298.494,0.871511,0.223516,0.422353,0.236902,0.479374
0.0489359,0.624566,0.00038326,0.0002813,0.000462364,0.000625493,0.000779623,0.0010796,0.00207629,0.00433638,0.0100065,0.0292664,0.00016077,0.40268,0.990494,1,54.4726,0.300813,0.2278,27.8209,0.627943,63.4364,2.55683,179.007,1.36549,260.479,0.610805,299.903,1.69711,0.200242,0.397066,0.22518,0.474301
0.0490144,0.657443,0.00030456,0.000335578,0.000510268,0.000602205,0.000909032,0.00124703,0.00219331,0.00462719,0.0100038,0.0311415,0.000150557,0.376077,0.994012,1,46.6893,0.325127,0.237762,28.4114,1.01466,61.7299,2.22188,179.093,0.67077,259.293,0.319878,295.761,4.43063,0.207639,0.415134,0.247017,0.440128
0.056272,0.617423,0.00054094,0.000388235,0.000659535,0.000787268,0.00105625,0.0013726,0.00261933,0.0055003,0.0121129,0.0372199,0.000162519,0.35022,0.977819,1,45.0981,0.24007,0.25867,28.6908,1.09218,63.5784,3.32109,180.548,1.34223,258.87,2.93502,294.133,0.830263,0.207466,0.408855,0.219788,0.399853
0.0576954,0.575686,0.000440992,0.000368568,0.000675818,0.00068372,0.0009027,0.00124489,0.00234627,0.00482538,0.0105447,0.0326462,0.000145278,0.317329,0.952789,1,44.6334,0.254805,0.250703,29.0035,1.17252,63.0816,3.11591,180.627,1.53039,259.683,3.81594,294.883,1.7848,0.213037,0.407007,0.217054,0.427433
0.0523945,0.640835,0.000415862,0.000351404,0.000565309,0.00063112,0.000906851,0.0012197,0.00210958,0.00468238,0.0103676,0.0317873,0.000153788,0.318373,0.998129,1,48.9523,0.300405,0.249186,28.4707,1.15902,61.6518,1.95715,179.573,0.986642,259.907,0.331305,297.253,1.12625,0.208508,0.421323,0.237001,0.491411
0.048869,0.712759,0.000293422,0.000326717,0.000429665,0.000654216,0.000926225,0.00118623,0.00227109,0.00471948,0.0102752,0.0312627,0.00016524,0.387119,0.992363,1,65.8805,0.330792,0.244399,28.0169,0.978151,63.608,2.35536,178.683,0.558066,261.762,0.586073,296.473,0.50629,0.198696,0.41267,0.234057,0.460162
0.0502076,0.868538,0.000316361,0.000201281,0.000388508,0.00104576,0.00143957,0.00206147,0.0037198,0.00799527,0.0176222,0.0567306,0.000117875,0.749865,0.962223,1,53.6469,0.358044,0.306806,28.632,0.707513,63.3337,0.977918,180.968,0.805244,256.832,1.38505,297.361,0.763609,0.21941,0.43505,0.248709,0.476602
0.0435856,0.768681,0.000200657,0.000159305,0.000245326,0.000775809,0.00104605,0.00139757,0.00264177,0.00595932,0.0131019,0.0411558,0.000160789,0.709416,0.996206,1,59.7619,0.360904,0.255437,28.7448,1.55595,61.2399,3.9064,176.81,1.7304,263.412,0.445645,295.974,2.35404,0.226138,0.434839,0.231342,0.483034
0.0456559,0.695806,0.00018861,0.000144282,0.000254875,0.000694235,0.000944058,0.00127075,0.00239894,0.00532065,0.0117925,0.037109,0.000158292,0.740971,0.991049,1,56.6606,0.321202,0.252516,28.5432,0.493367,62.0344,4.07556,179.325,1.08245,262.487,0.390098,296.344,4.07544,0.223268,0.422915,0.236198,0.480899
0.0459954,0.672037,0.000177238,0.000136762,0.00028476,0.000666714,0.000875805,0.0011828,0.00223038,0.00489389,0.010644,0.0334979,0.000137025,0.662088,0.993121,1,63.2613,0.347815,0.238603,28.2097,0.866245,62.0531,2.66407,180.122,2.28107,259.196,1.58272,296.094,0.834864,0.205582,0.403453,0.237769,0.449399
0.0493192,0.737328,0.000284225,0.000239753,0.000384559,0.000888294,0.0012466,0.00173407,0.00325782,0.00690341,0.0153257,0.046249,0.000151119,0.622889,0.946419,1,66.9703,0.296933,0.264168,28.803,1.47416,62.6252,1.00204,178.033,0.772566,259.179,1.12023,300.053,2.15768,0.217298,0.423901,0.23121,0.479591
0.0488854,0.919179,0.000306444,0.000290527,0.000453086,0.00107078,0.00143392,0.00181234,0.00336388,0.00745564,0.0162998,0.0514527,0.000100101,0.612997,0.981471,1,44.2347,0.484074,0.303866,28.1334,0.474467,63.0302,1.33911,180.113,2.21624,262.823,0.571012,296.57,0.696424,0.229422,0.430104,0.247377,0.498495
0.0489651,0.778462,0.000213808,0.000180003,0.000250973,0.00084708,0.00115514,0.00171675,0.00317836,0.00704872,0.0154296,0.0476604,0.000116801,0.841615,0.995557,1,66.8646,0.333479,0.283785,27.3323,0.998576,64.8295,0.505922,179.754,0.880078,259.439,0.256856,297.656,3.05703,0.195525,0.387547,0.220997,0.429354
0.0519086,0.735112,0.000189437,0.000122616,0.000288813,0.000903974,0.00118144,0.00158958,0.00307105,0.00683966,0.0146228,0.0472423,0.000127335,0.809259,0.976756,1,52.1985,0.306145,0.290749,27.6728,0.622807,62.7993,0.708747,179.222,1.31408,261.108,0.326766,297.197,1.89824,0.2057,0.400339,0.222198,0.457159
0.0460212,0.676894,0.000191201,0.000165712,0.000277012,0.000710666,0.000914715,0.00122974,0.0023373,0.00509457,0.0107655,0.0343732,0.000115195,0.589308,0.972078,1,68.3815,0.373821,0.2282,27.7105,0.576629,63.3008,2.90887,178.976,0.288668,260.013,3.16965,297.298,0.827011,0.193247,0.383783,0.210279,0.424714
0.0457934,0.659276,0.00011819,0.000160883,0.000233015,0.000638881,0.000810406,0.00113636,0.00204927,0.00447071,0.00975046,0.0305281,0.000139348,0.649168,0.983258,1,61.0952,0.35345,0.228366,27.2029,0.629399,61.3195,3.52929,178.38,0.377896,260.57,0.714609,296.293,0.449789,0.191787,0.385306,0.22186,0.427412
0.0519789,0.770998,0.000261217,0.000135704,0.000258019,0.000855414,0.00124039,0.00163756,0.00327908,0.00683983,0.0148332,0.0452025,9.52139e-05,0.744171,0.93698,1,79.0972,0.370394,0.279398,26.9563,0.506801,64.631,0.917485,179.901,0.946099,260.813,0.490547,299.524,0.99174,0.191772,0.373563,0.217708,0.433157
0.0552054,0.781243,0.000254233,0.00017338,0.000351712,0.000977229,0.00134159,0.00185373,0.00350964,0.0074181,0.0160961,0.0503783,9.98695e-05,0.761868,0.936874,1,77.2074,0.323502,0.300737,27.4014,0.500973,64.0141,1.1159,178.765,0.884193,259.629,1.78581,295.977,0.998297,0.187199,0.383909,0.206948,0.403336
0.0650188,0.624113,0.000545513,0.000413173,0.000627014,0.00106333,0.00149657,0.00198191,0.00365833,0.00731495,0.0157801,0.0497933,8.35107e-05,0.442026,0.908094,1,38.2929,0.290327,0.29266,27.8954,0.368401,60.9359,1.54431,178.155,0.46903,259.064,0.468287,296.924,1.28508,0.208766,0.380825,0.217606,0.403275
0.0504623,0.773538,0.000329196,0.000417725,0.000529793,0.000719506,0.0009379,0.00132231,0.00238619,0.00472214,0.0102741,0.0312284,0.000129221,0.386607,0.934148,1,62.09,0.383193,0.248427,28.1525,3.27415,67.2597,2.42318,177.649,3.7003,262.36,0.89656,297.059,0.553812,0.192089,0.396577,0.21386,0.461715
0.0603883,0.643984,0.000256421,0.00028774,0.000471107,0.000811728,0.00106301,0.00151084,0.00265348,0.00517476,0.0114147,0.0347699,9.87779e-05,0.476574,0.906169,1,47.1112,0.334724,0.270815,26.8831,0.31955,61.5092,0.894288,180.04,0.402095,259.217,0.483429,297.388,1.93403,0.19792,0.376014,0.225241,0.403629
0.0567449,0.777901,0.000226249,0.000256317,0.000447119,0.000942018,0.00123799,0.00175055,0.00312818,0.00643379,0.0138853,0.0429605,0.000132739,0.53383,0.907517,1,67.7306,0.298365,0.290823,28.7631,1.40297,65.0771,3.49714,177.482,3.50828,262.045,0.615688,298.424,0.776349,0.207277,0.409786,0.225307,0.441082
0.0587889,0.731923,0.000326846,0.000458392,0.000690386,0.000886824,0.00113979,0.00160979,0.00284853,0.00590803,0.0127197,0.0392073,0.000100968,0.379526,0.971428,1,40.6897,0.365374,0.300446,27.8264,0.28291,61.4814,0.659363,179.744,0.451403,260.514,1.20821,297.631,0.867204,0.219333,0.410651,0.256345,0.464773
0.0496578,0.696399,0.000179139,0.000281005,0.00038077,0.000696453,0.000924845,0.00129753,0.00238116,0.00524841,0.0112012,0.0339694,0.00012225,0.534646,0.963513,1,64.7254,0.327434,0.238834,27.8397,2.43974,66.9983,2.55885,177.196,3.14431,259.844,0.410299,297.127,1.49235,0.174908,0.37351,0.187956,0.423226
0.0513937,0.70793,0.000371308,0.000180616,0.000379383,0.000692843,0.000984304,0.00127601,0.00238334,0.00502569,0.0110123,0.0343859,0.000114577,0.477435,0.995472,1,46.3727,0.339027,0.255077,27.706,1.13399,64.9406,1.87459,180.522,0.875862,260.567,1.96362,297.12,1.48282,0.187965,0.384205,0.212432,0.444865
0.0522117,0.896051,0.000748318,0.000466774,0.000872107,0.00089471,0.00120074,0.00167937,0.00302293,0.00613616,0.0132201,0.0409085,0.000123146,0.334697,0.988489,1,60.5572,0.43045,0.300133,28.5231,1.13908,63.7038,0.7897,178.344,1.45512,259.328,0.448384,295.626,0.827942,0.21753,0.445679,0.271997,0.499003
0.0470601,0.680572,0.000382113,0.000445821,0.000675181,0.000594667,0.000856066,0.00109238,0.0020701,0.00430887,0.0094182,0.0288833,0.000173577,0.263026,0.998712,1,48.3142,0.342837,0.233553,29.0754,1.44673,62.3027,1.301,179.737,1.09601,261.87,0.575064,300.668,2.29243,0.226135,0.440484,0.263947,0.547032
0.0583194,0.816712,0.000416376,0.000397422,0.00064864,0.00090776,0.00122069,0.00167028,0.00323518,0.00640204,0.0138137,0.0429081,0.0001197,0.382515,0.940551,1,67.2401,0.343773,0.311833,29.3032,1.58628,62.5162,0.862808,179.8,1.26705,260.983,1.32035,294.491,0.695589,0.224071,0.445332,0.247996,0.479417
0.0632533,0.817683,0.00042309,0.000266579,0.000522877,0.00105209,0.00146174,0.00188841,0.00351162,0.00701059,0.0154863,0.0480323,0.000115032,0.482841,0.928162,1,68.7382,0.320084,0.338634,28.5601,1.01659,63.5836,2.0013,179.193,1.75228,262.994,0.263579,297.319,0.290485,0.21674,0.426677,0.221229,0.516063
0.0607191,0.772911,0.000388664,0.000435376,0.000586754,0.00108177,0.00139824,0.0019216,0.00355962,0.00725556,0.0154331,0.0477828,9.0452e-05,0.461641,0.914018,1,60.1215,0.346112,0.307825,28.2042,1.33347,61.6374,1.3639,179.353,1.89696,262.158,0.68695,296.48,0.280011,0.209979,0.399957,0.2114,0.442007
0.0553927,0.764444,0.000568769,0.00042664,0.000596019,0.00101135,0.00146416,0.0019637,0.00351833,0.00716782,0.0161278,0.0519697,8.80672e-05,0.450606,0.96403,1,52.4005,0.349376,0.280876,27.6017,0.720906,66.8069,3.34099,177.553,1.0087,260.27,0.857524,299.504,0.274446,0.185578,0.372432,0.204137,0.387301
0.0589458,0.77078,0.000503385,0.000450958,0.000609837,0.00105924,0.00150692,0.00194185,0.00361822,0.00717951,0.0161462,0.0522701,7.41727e-05,0.447566,0.937858,1,54.5978,0.364658,0.294246,27.7597,0.855605,66.2645,2.9795,177.406,0.685269,259.589,0.78442,297.866,0.277154,0.187404,0.37163,0.200336,0.410019
0.0522321,0.682506,0.000249647,0.000194473,0.000404865,0.000636745,0.000927263,0.00120454,0.00219015,0.00457798,0.0100841,0.0298713,0.000191342,0.476752,0.965885,1,57.8632,0.289356,0.257415,27.9583,0.677144,63.6215,0.744941,177.972,1.38243,261.929,0.268521,295.574,4.03869,0.209101,0.42275,0.221878,0.482055
0.0569641,0.661692,0.000516022,0.000544625,0.000788956,0.000870689,0.00117785,0.00168207,0.0029998,0.00614223,0.0136759,0.0423654,9.922e-05,0.345899,0.948419,1,54.3934,0.302702,0.258243,27.8289,0.888859,64.1339,1.80895,180.131,1.21697,258.993,4.81591,299.848,0.349567,0.189638,0.37968,0.193429,0.431688
0.0570142,0.689859,0.000642749,0.000493024,0.000682175,0.000752603,0.00104657,0.00135249,0.00249565,0.005081,0.0111649,0.0347963,0.000111605,0.319749,0.983456,1,57.2447,0.314799,0.268402,27.8373,0.65847,66.3809,1.91301,181.507,1.90098,259.822,0.644474,298.427,0.558242,0.192159,0.387702,0.22658,0.422606
0.056242,0.685204,0.000477862,0.000402024,0.00069936,0.000762472,0.00109293,0.00144973,0.00261052,0.00541984,0.0119153,0.037044,0.00011595,0.342479,0.993469,1,61.3398,0.296938,0.264529,27.641,1.28652,67.6593,2.47911,181.965,1.02304,259.621,0.606055,297.392,0.672432,0.185578,0.38132,0.197919,0.41633
0.0564628,0.661812,0.000596056,0.00046296,0.000632624,0.000712209,0.00102884,0.00135633,0.00247566,0.00516629,0.0114678,0.0355778,0.000123317,0.344131,0.987209,1,61.6449,0.278924,0.258303,28.0016,1.30382,66.7166,3.1131,181.514,0.755375,260.092,0.683248,296.721,0.58702,0.181395,0.3784,0.197664,0.406601
0.0561833,0.672194,0.000518828,0.000442683,0.00059257,0.000699742,0.00103292,0.00139544,0.00249541,0.00516928,0.0114281,0.0356316,0.000129705,0.358995,0.9741,1,64.0435,0.281738,0.259263,27.8107,2.10731,66.3992,2.6005,181.042,1.04695,260.723,0.762862,297.177,0.712934,0.185518,0.383591,0.198052,0.425313
0.0541443,0.684293,0.000386287,0.000382507,0.000632853,0.000872842,0.00115549,0.00153792,0.00288452,0.00583755,0.0127768,0.0392799,0.000106797,0.370483,0.950777,1,57.9919,0.316106,0.251221,27.8897,0.813005,64.629,2.53979,178.583,1.28639,260.066,0.328356,295.834,1.78461,0.187048,0.380409,0.188431,0.397274
0.0557251,0.653368,0.000486798,0.000539537,0.000680432,0.000780783,0.00112697,0.00145025,0.00264752,0.00568238,0.0121833,0.0376275,9.23082e-05,0.326492,0.969887,1,60.8642,0.328307,0.251706,27.662,1.02917,64.3532,3.24175,177.24,1.14999,259.614,0.317192,298.785,1.37303,0.185431,0.362251,0.206002,0.399085
0.055278,0.670641,0.000450006,0.000450277,0.000643027,0.000761058,0.00108825,0.00141504,0.00254906,0.00552774,0.0117517,0.037003,0.000116913,0.36068,0.992615,1,75.2834,0.293578,0.259552,27.7509,0.486961,63.8929,3.38547,177.81,0.841056,259.733,0.311673,297.319,0.911973,0.179156,0.382134,0.202327,0.413773
0.0502195,0.84839,0.000607162,0.000594564,0.00119355,0.000893559,0.00123305,0.0016162,0.00301175,0.00668681,0.0135036,0.0442509,8.89089e-05,0.269024,0.993971,1,45.9482,0.440246,0.267553,27.972,1.01589,67.5891,0.869511,181.637,0.691477,261.381,0.644636,296.85,1.26447,0.190117,0.394897,0.211279,0.425915
0.0522364,0.832551,0.000741333,0.000907004,0.00102754,0.000962128,0.0013327,0.00184692,0.00328309,0.00707213,0.015279,0.0497684,8.07159e-05,0.28988,0.976069,1,74.747,0.46154,0.278452,27.8663,0.43655,66.2222,0.887178,179.988,2.78855,262.82,0.351211,296.541,2.39033,0.206469,0.397277,0.212559,0.442446
0.0539807,0.830893,0.000445542,0.000400535,0.000593621,0.000990031,0.00135496,0.0017931,0.00319472,0.00702682,0.0157174,0.0483566,9.17162e-05,0.465401,0.974876,1,101.926,0.389046,0.29467,28.1382,5.46654,65.0624,1.38975,180.79,0.44293,258.102,0.714884,298.2,0.772909,0.197854,0.405879,0.232565,0.446593
0.0533675,0.830007,0.000446268,0.000395018,0.000647531,0.00102582,0.00143123,0.00187871,0.00342017,0.00737291,0.0164987,0.0505311,8.11391e-05,0.456078,0.981186,1,101.895,0.398536,0.292578,28.5231,6.761,64.6901,1.63583,180.269,0.403252,258.16,0.663813,298.834,0.757453,0.198362,0.399855,0.232629,0.436143
0.0564784,0.808678,0.000396482,0.000419634,0.000615413,0.000945053,0.00122597,0.00172645,0.00326688,0.00675304,0.0149141,0.0469615,0.000103317,0.435273,0.980648,1,61.6407,0.355375,0.303255,28.0299,1.32401,63.943,2.17048,180.426,0.293831,260.229,0.463212,296.78,1.92921,0.19788,0.408854,0.225961,0.449841
0.058375,0.768715,0.000730064,0.000593408,0.000885987,0.0011114,0.00162353,0.00209586,0.00379224,0.00797095,0.0173392,0.0556302,0.000112898,0.378084,0.933288,1,50.7043,0.312804,0.305411,29.5557,1.71476,61.4023,1.99644,179.907,1.10217,259.891,0.936259,297.465,0.917984,0.234782,0.440238,0.242696,0.464193
0.0490378,0.726281,0.000235999,0.000194751,0.000298945,0.000730663,0.000951041,0.00129918,0.00238293,0.00512736,0.0111213,0.0331044,0.000130397,0.564718,0.959809,1,62.8307,0.356211,0.247459,27.5574,0.586212,65.6617,1.20921,177.987,2.79106,260.736,0.49031,297.651,1.69664,0.190067,0.390831,0.215185,0.456522
0.046203,0.820092,0.000185635,0.000165026,0.000341227,0.000823475,0.00113991,0.0015616,0.00294347,0.00567191,0.012388,0.0381251,0.000125203,0.616865,0.910012,1,48.8292,0.423615,0.248086,27.7255,1.47644,63.2327,3.60681,181.172,0.332158,258.959,2.94662,298.522,0.853667,0.198326,0.415576,0.225633,0.462099
0.057627,0.762781,0.000262914,0.000249962,0.000477716,0.000818182,0.00107551,0.00144423,0.00281844,0.00585586,0.0123858,0.0368605,0.000147456,0.4795,0.966119,1,63.8785,0.29475,0.296518,27.7804,0.966901,65.3004,0.523984,179.132,2.79031,262.755,0.387136,296.235,2.3847,0.197374,0.406961,0.218514,0.458579
0.051037,0.786374,0.000240419,0.000219024,0.000383023,0.000930774,0.00125931,0.00167248,0.00324805,0.00674701,0.0150091,0.0475323,0.000101463,0.634778,0.941367,1,63.3503,0.407001,0.281913,27.7181,0.375141,62.3089,4.3434,179.033,0.703013,259.226,1.39125,299.215,0.540722,0.218531,0.410864,0.248081,0.461753
0.0502734,0.810067,0.000260023,0.00028318,0.000429896,0.000805284,0.00107323,0.0015502,0.00287793,0.00622951,0.0133672,0.0412471,9.28216e-05,0.550122,0.991975,1,52.2599,0.426672,0.282059,28.1551,0.680047,63.2105,0.626447,178.596,1.0145,260.942,0.935384,297.281,1.25726,0.207458,0.405999,0.240265,0.474739
0.0481016,0.83882,0.00037236,0.000231582,0.000470066,0.000863195,0.0011458,0.00144941,0.00271955,0.00596477,0.0126986,0.0397352,9.38082e-05,0.495382,0.988288,1,54.2231,0.487477,0.269785,27.6385,0.747353,64.1098,0.512412,179.716,1.69932,260.24,1.59945,299.382,0.663652,0.205395,0.404196,0.244906,0.492626
0.0525375,0.67522,0.000231444,0.000325243,0.000447009,0.000659055,0.000925743,0.00134751,0.00251187,0.00504872,0.0110759,0.0338061,0.00013861,0.432077,0.955191,1,49.1184,0.307077,0.254125,28.9836,1.26726,62.7612,0.478711,176.877,1.08043,261.987,0.660875,296.062,1.98046,0.20844,0.406466,0.236745,0.429521
0.0532452,0.710682,0.00044568,0.000212735,0.000448913,0.000789906,0.0011105,0.0014432,0.00255316,0.00544218,0.0114979,0.0368807,0.0001512,0.47731,0.971895,1,37.2375,0.295022,0.268882,28.282,3.50337,60.4982,4.3361,178.449,1.53613,261.468,0.978297,295.397,0.52242,0.201125,0.415302,0.224836,0.435685
0.0566807,0.775451,0.00037008,0.000581221,0.000726843,0.000851383,0.00118645,0.00162283,0.00307879,0.00657216,0.0138059,0.0428452,0.000113116,0.335484,0.988884,1,54.6175,0.321926,0.298248,29.3124,2.00986,63.4215,1.21126,178.728,0.986697,260.632,1.64184,296.613,3.05759,0.209145,0.421706,0.248934,0.452075
0.059354,0.773228,0.00052871,0.000493342,0.000783861,0.000812225,0.0010914,0.00142536,0.00277517,0.00533263,0.012117,0.0376561,0.000121445,0.33866,0.98041,1,57.175,0.326272,0.309109,28.7293,0.585442,63.0497,2.53522,179.732,1.97214,261.025,0.534049,298.315,0.365101,0.212602,0.429492,0.259747,0.516898
0.0558494,0.828917,0.000613078,0.00055292,0.000819067,0.00095822,0.00129031,0.00174683,0.00312843,0.006454,0.0144773,0.0457142,0.000125006,0.372399,0.988624,1,72.4937,0.35351,0.308488,28.1783,0.655457,64.4628,1.17242,179.496,0.400387,259.95,0.335814,298.246,0.675858,0.217848,0.42918,0.254431,0.490917
0.0563952,0.694424,0.00038861,0.000338129,0.00054884,0.000952653,0.00130408,0.00179185,0.00328551,0.00716212,0.0154092,0.0481904,9.34881e-05,0.50977,0.988878,1,44.8962,0.301178,0.285045,28.4273,1.01436,61.8803,1.87002,179.918,3.46874,258.218,1.17666,297.918,1.32863,0.197679,0.390362,0.217609,0.416319
0.0591038,0.751321,0.000446394,0.000407359,0.000644901,0.00095807,0.00141734,0.00180369,0.00333706,0.00694814,0.0158937,0.0502804,0.000122332,0.447153,0.976202,1,46.8177,0.287405,0.30713,28.4244,1.5318,65.1318,1.48446,179.76,0.308362,258.721,2.03918,298.259,1.02876,0.205052,0.413659,0.225938,0.449977
0.0465538,0.856437,0.00014357,0.000196812,0.00028882,0.000798023,0.00101061,0.00138694,0.00260729,0.00546895,0.0120064,0.0358223,0.000153432,0.61563,0.939201,1,45.0733,0.396803,0.261954,28.0517,1.12511,65.7377,1.51106,179.051,1.78435,262.203,1.7884,293.923,0.732201,0.203292,0.423978,0.219772,0.473076
0.0484934,0.731647,0.000429496,0.00023238,0.000447401,0.000733296,0.00103373,0.00132789,0.00256808,0.00504171,0.0106837,0.0333741,0.000128931,0.420666,0.898755,1,59.0787,0.376816,0.232192,28.7844,2.34639,62.7516,1.89807,179.39,0.46495,260.465,0.448188,300.458,0.526001,0.199104,0.41684,0.219534,0.494817
0.0546625,0.698723,0.000236474,0.000333546,0.000525816,0.000768077,0.000993366,0.00142878,0.00252075,0.00513459,0.0113116,0.0334139,0.000117947,0.399111,0.93103,1,51.788,0.329912,0.248358,26.8938,0.642923,66.1281,0.595728,178.825,2.74255,258.655,0.880677,296.097,2.16484,0.174822,0.369059,0.203019,0.384456
0.0511835,0.701131,0.000282631,0.000157007,0.000326094,0.000659197,0.000939079,0.00121231,0.00220842,0.00446185,0.00926214,0.0285855,0.000134532,0.513241,0.88704,1,50.2365,0.3622,0.237646,27.765,0.878578,63.8516,5.46199,179.438,0.627981,264.637,0.503364,295.708,0.421178,0.197618,0.389229,0.195151,0.445303
0.0611939,0.849619,0.000619341,0.00051176,0.000760577,0.00100974,0.00137184,0.00191256,0.00339392,0.00716284,0.0153152,0.0466438,0.000117472,0.362575,0.937348,1,64.5322,0.339692,0.330448,28.8514,1.10928,63.9767,3.58347,179.903,1.14161,261.141,0.813324,296.299,0.439964,0.221298,0.441087,0.242381,0.507502
0.0602776,0.772211,0.000472418,0.000548479,0.000843081,0.000815459,0.00112415,0.00149569,0.00267547,0.00527345,0.0115543,0.0353313,0.000139899,0.276623,0.932577,1,54.0457,0.310151,0.299487,29.1219,3.56643,63.1018,0.589897,179.413,1.35195,261.122,1.64742,299.912,0.261322,0.213928,0.438591,0.254042,0.551574
0.0610089,0.802022,0.000757143,0.000567768,0.000880106,0.000863284,0.00125333,0.00157845,0.00296272,0.00566889,0.0129275,0.0385581,0.000121049,0.280912,0.934772,1,55.5982,0.347344,0.309315,28.225,1.33885,63.3764,0.935847,180.308,1.72147,260.594,0.76018,300.5,0.290653,0.215704,0.425736,0.257345,0.544817
0.0486624,0.7798,0.000663273,0.00052647,0.000781143,0.000719364,0.001028,0.00140385,0.00254021,0.00561019,0.0117389,0.0365594,0.000170194,0.277741,0.99137,1,54.9347,0.34953,0.263524,29.5909,1.20968,62.9418,2.19174,177.199,1.25537,261.86,0.505023,295.481,3.31867,0.235516,0.465023,0.250245,0.527742
0.0491541,0.800783,0.000556024,0.000444612,0.000853016,0.000784235,0.00107403,0.00138838,0.00258816,0.00552732,0.0118962,0.0368755,0.000159147,0.286,0.993897,1,57.3305,0.365708,0.268375,29.2335,1.1093,62.8076,1.57435,177.309,2.06457,262.703,0.302675,295.352,1.88497,0.228392,0.454469,0.26166,0.491162
0.0608321,0.710221,0.000395984,0.000346923,0.000483897,0.000969052,0.00133698,0.00168524,0.00315084,0.00643816,0.0137907,0.0436498,0.000105241,0.481038,0.93189,1,49.4897,0.293732,0.294581,28.2146,0.827578,64.3368,0.66136,181.441,0.735105,259.297,1.9058,301.418,0.400952,0.199861,0.395776,0.220937,0.459813
0.0609335,0.709841,0.000397805,0.00035173,0.000482394,0.000957589,0.00133078,0.00167016,0.00312581,0.00638411,0.0136571,0.043246,0.000104499,0.477149,0.93074,1,50.3939,0.292511,0.294102,28.2154,0.823959,64.2723,0.656594,181.435,0.765429,259.357,2.19326,301.398,0.386416,0.199521,0.394858,0.221604,0.459794
0.0504225,0.824385,0.000318819,0.000345259,0.000462505,0.000766244,0.0010398,0.00146721,0.00265775,0.00536347,0.0117982,0.0356195,0.000136889,0.437955,0.93996,1,71.2809,0.396753,0.270639,28.6334,0.90221,64.4024,3.36039,180.118,1.48411,259.128,0.418953,295.713,2.8375,0.216524,0.440289,0.259377,0.475344
0.0589921,0.738364,0.000345902,0.000246005,0.00049626,0.000909178,0.00125928,0.00163695,0.00306934,0.00602979,0.0130586,0.040507,0.000111638,0.471282,0.930244,1,58.242,0.308705,0.291628,28.3581,1.89886,62.7069,1.34326,179.865,1.33023,259.701,0.643397,298.576,0.827429,0.198976,0.402166,0.224419,0.45948
0.0634789,0.741247,0.000438307,0.000409492,0.000570705,0.000963348,0.00130313,0.00174909,0.00315676,0.00643485,0.0133236,0.042615,0.000112641,0.451265,0.92984,1,49.6472,0.296416,0.312733,28.2708,2.53929,64.1637,2.43262,179.573,0.877377,258.694,0.966862,300.555,0.85952,0.20108,0.401216,0.246091,0.468739
0.0640042,0.824263,0.000369583,0.000443765,0.000685413,0.00100979,0.00148129,0.00193348,0.00368565,0.00710876,0.014657,0.0479598,0.000105372,0.406968,0.921634,1,51.0444,0.326022,0.330759,28.2975,2.23256,64.532,1.54866,178.812,1.09446,260.078,0.561344,300.597,4.37873,0.199493,0.414039,0.237465,0.512074
0.0635867,0.779068,0.000489259,0.000370298,0.000659643,0.00107545,0.00156467,0.00207485,0.00356319,0.00738759,0.0155399,0.0480337,0.000100607,0.415875,0.916244,1,42.2064,0.316192,0.319448,28.4687,3.33805,64.1405,1.37293,179.462,0.507018,258.691,0.472413,298.069,0.519028,0.205218,0.410069,0.239115,0.427185
0.0638668,0.779742,0.000544158,0.000773292,0.00108156,0.00108156,0.00147415,0.00204916,0.003504,0.00685684,0.0154348,0.0480081,9.02274e-05,0.314529,0.929865,1,70.8094,0.335931,0.319156,28.4933,0.576935,63.7056,1.25426,179.942,3.72617,262.18,0.331672,296.721,0.452047,0.209294,0.408984,0.213929,0.452602
0.0545155,0.744096,0.000717068,0.000512094,0.000796409,0.000932122,0.00128507,0.00172196,0.00335587,0.00661015,0.0137426,0.0430946,9.61548e-05,0.325658,0.910038,1,70.3409,0.361705,0.260667,28.4432,0.687227,63.5542,2.75745,179.953,0.515339,257.238,0.262169,299.073,1.04178,0.202365,0.407999,0.224068,0.425002
0.0531709,0.758038,0.000748901,0.00056088,0.000898194,0.000961465,0.00132277,0.00180751,0.00341353,0.00686386,0.0144703,0.0448705,9.59078e-05,0.34191,0.923936,1,70.4617,0.37417,0.261934,28.3512,0.581818,63.0995,3.38708,180.118,0.723422,257.968,0.261095,298.891,2.00762,0.206074,0.410912,0.223334,0.434107
0.0564367,0.653867,0.000507075,0.000568473,0.000825646,0.000717917,0.00104235,0.00135972,0.00242833,0.00495547,0.0106836,0.0345945,0.000100058,0.255725,0.976222,1,48.4229,0.35973,0.260074,27.371,0.359616,62.6647,1.05804,180.978,1.21145,259.42,0.583656,298.146,0.921142,0.206153,0.391305,0.23595,0.45344
0.0479136,0.794489,0.000144218,0.000140146,0.000206637,0.00058459,0.000823804,0.00112243,0.00207178,0.00445235,0.00952074,0.0293226,0.000166115,0.699132,0.99203,1,58.028,0.362034,0.271364,27.77,2.9565,62.2441,1.91398,177.192,1.51489,263.55,0.468077,296.941,0.612374,0.20087,0.420948,0.260862,0.539566
0.0454758,0.702025,0.000175859,9.34085e-05,0.000216969,0.000618696,0.000847826,0.00115839,0.00219754,0.0047852,0.0101946,0.0320062,0.000154161,0.714614,0.96612,1,66.5746,0.346701,0.243077,28.639,1.28794,61.646,2.30357,177.123,1.10311,264.461,3.48963,297.539,1.3204,0.212335,0.413869,0.236342,0.494602
0.0508185,0.682296,0.000274094,0.000180242,0.000340278,0.000782472,0.00102058,0.0014079,0.00267639,0.00559076,0.0124676,0.0376107,0.000158083,0.597478,0.972908,1,47.4858,0.288833,0.261476,28.3963,0.805488,61.383,1.29561,180.049,0.28254,256.683,0.303644,297.871,1.2141,0.208366,0.425788,0.246947,0.443063
0.046097,0.660069,0.000224379,0.000240433,0.000357535,0.000609931,0.000878875,0.00116243,0.0021518,0.00448182,0.00984449,0.0308693,0.000132915,0.481448,0.978729,1,72.2306,0.368769,0.226984,28.542,0.644586,62.8596,1.6485,181.77,0.313764,259.648,0.71918,297.357,0.820314,0.213846,0.412376,0.242407,0.456573
0.0493555,0.705414,0.00037896,0.000281972,0.000483444,0.000692462,0.00095409,0.0012279,0.0023213,0.00494738,0.010855,0.0337095,0.000165015,0.437039,0.97299,1,56.5333,0.318178,0.249964,28.6604,0.805948,63.3141,3.12727,180.101,0.889638,262.852,1.23551,297.786,0.296123,0.216596,0.430393,0.214832,0.518107
0.0565049,0.725464,0.000451161,0.0002694,0.000462159,0.000867267,0.00119523,0.00148914,0.00280432,0.00614752,0.0131907,0.0404664,0.000125699,0.453253,0.971401,1,60.8172,0.31634,0.287845,27.9343,0.698623,61.2629,0.724069,179.373,0.369835,259.937,0.269561,297.982,1.37744,0.206593,0.407835,0.247561,0.451021
0.0484749,0.762226,0.000377251,0.000279013,0.000455154,0.000763245,0.00099981,0.0013537,0.00260101,0.00534888,0.0117563,0.0364477,0.000172367,0.466981,0.974001,1,59.7019,0.324854,0.260754,29.025,0.749485,62.6813,3.34792,178.895,1.81925,261.047,5.45252,297.278,1.22159,0.222452,0.443091,0.251025,0.518294
0.0524079,0.689738,0.000483067,0.000399843,0.000681852,0.000709328,0.000993182,0.0013696,0.00239674,0.00523167,0.0116326,0.0358584,0.000145737,0.365576,0.989958,1,52.0267,0.312477,0.264143,29.059,1.01576,61.736,0.933106,176.45,0.874067,258.987,0.618168,300.368,0.88773,0.215558,0.430138,0.260819,0.502235
0.0463988,0.882458,0.000136784,0.000134377,0.000276873,0.000734128,0.000970279,0.00129059,0.00254475,0.00531484,0.0116039,0.034864,0.000132962,0.68668,0.962425,1,51.5663,0.43424,0.275018,28.2349,1.37765,65.3807,0.490859,178.515,0.795614,260.924,0.565481,297.528,0.929101,0.208992,0.423185,0.270011,0.515268
0.0555517,0.807955,0.000280625,0.000204559,0.000374187,0.000826054,0.00118544,0.00156861,0.00284731,0.00628987,0.0135044,0.04241,9.04468e-05,0.576004,0.985007,1,52.0622,0.395172,0.312928,28.2476,0.551321,63.0149,1.1677,179.647,1.17253,264.383,0.542366,294.818,1.33353,0.215282,0.410409,0.23389,0.470114
0.0554352,0.812079,0.000385824,0.000366597,0.000476274,0.000925526,0.00133838,0.00173229,0.00331522,0.0071417,0.015297,0.0478944,0.000127787,0.473758,0.976237,1,60.9044,0.344268,0.310839,28.4406,0.793455,62.4434,0.835427,179.404,2.71901,261.542,0.499515,297.891,1.21168,0.226356,0.439418,0.241646,0.503681
0.0548065,0.698986,0.000227561,0.000153593,0.000288169,0.00080629,0.00103175,0.00143766,0.00272081,0.0056776,0.0125537,0.0385136,0.000181545,0.725601,0.947396,1,60.8534,0.253871,0.292421,28.6569,0.835583,61.2617,2.12088,179.297,0.603167,261.124,0.573353,295.121,1.19136,0.218407,0.431552,0.245031,0.472883
0.0461994,0.847607,0.000394692,0.000277755,0.000480137,0.000794682,0.0010694,0.00153142,0.00276334,0.00593599,0.0130853,0.0403552,0.000113054,0.407915,0.985082,1,48.4748,0.458599,0.260662,28.6952,1.142,63.385,1.02739,179.785,0.683767,259.229,1.40777,299.019,0.764304,0.220249,0.433158,0.256211,0.514584
0.0548501,0.774512,0.000262602,0.000321605,0.000462939,0.000796691,0.0011271,0.00144045,0.00272983,0.00567799,0.0122821,0.0382562,0.00016169,0.410143,0.957742,1,63.2994,0.31122,0.289529,28.8806,1.75224,62.9534,0.555639,179.421,1.89891,261.107,0.405746,296.373,0.875398,0.222713,0.447688,0.260385,0.49604
0.0529408,0.795799,0.000367613,0.000258214,0.000407665,0.000758491,0.00101509,0.00147378,0.00265106,0.00573844,0.0120199,0.0377094,0.000139057,0.440117,0.968706,1,65.556,0.356595,0.289021,29.2011,5.60983,62.2499,2.43928,179.632,1.39829,261.542,1.01598,297.566,0.540883,0.228277,0.44632,0.276344,0.504196
0.0486223,0.808696,0.000297063,0.000227899,0.000350369,0.000715454,0.00100175,0.00124114,0.00245313,0.00495381,0.0112329,0.03388,0.000148896,0.4619,0.963195,1,45.4253,0.39016,0.266955,28.8009,0.444763,63.0281,1.1471,178.948,0.650637,258.335,1.08597,299.513,1.41606,0.222376,0.447579,0.288577,0.518592
0.0479402,0.847616,0.00021362,0.000193957,0.000310655,0.000766672,0.000979867,0.00139549,0.00248314,0.00543845,0.011228,0.0350019,0.000139743,0.552825,0.943027,1,60.0569,0.418901,0.270354,29.0131,1.64185,62.9748,1.46764,178.851,1.65611,262.19,2.31064,298.656,1.53117,0.219849,0.443196,0.275024,0.522984
0.0546889,0.829423,0.000504559,0.000390674,0.00065395,0.00100664,0.00143893,0.00197812,0.00337963,0.0067915,0.0152532,0.0464463,0.000121195,0.426142,0.937135,1,53.6365,0.353977,0.298685,29.352,1.12855,62.7673,1.71008,178.578,1.70035,261.227,0.286468,295.145,0.911075,0.225376,0.445624,0.241498,0.466685
0.0543175,0.798042,0.000357577,0.00030581,0.000492302,0.000848253,0.00125064,0.00160368,0.00325303,0.00611988,0.0132967,0.0412079,0.000104362,0.473485,0.904827,1,61.7839,0.377502,0.278409,28.3999,0.685692,63.6199,1.73149,179.6,1.4128,262.14,0.578007,294.385,0.682976,0.208182,0.410216,0.214712,0.426463
0.050627,0.838934,0.000301043,0.000368622,0.000521124,0.000874098,0.00123943,0.00163713,0.00297293,0.0060332,0.0132967,0.0404337,9.29669e-05,0.451706,0.922493,1,42.4319,0.483204,0.272002,28.2586,0.557921,63.0656,2.02616,178.246,0.959543,263.366,1.00642,294.303,0.663287,0.215767,0.413405,0.224808,0.453739
0.0503149,0.825777,0.00041351,0.000309208,0.000531358,0.000889359,0.00123098,0.00161667,0.00295313,0.0061029,0.0135518,0.041403,0.000101721,0.466877,0.962962,1,45.973,0.420155,0.274248,28.294,0.94914,63.1005,2.21651,177.849,0.714262,264.58,0.883506,293.609,3.20809,0.205583,0.405521,0.206777,0.446715
0.0548943,0.758535,0.00033061,0.000347596,0.000511424,0.000841653,0.00116843,0.00159258,0.00302372,0.00615515,0.0128763,0.0410462,0.000101833,0.448313,0.956861,1,59.1973,0.359076,0.281749,28.2719,0.619266,63.004,1.04792,176.26,2.4166,261.933,0.544176,297.22,0.494566,0.20193,0.396219,0.230174,0.445058
0.0548747,0.783946,0.000359725,0.000308624,0.000525107,0.000916352,0.00128495,0.00165597,0.00300943,0.00616094,0.0135131,0.0412766,0.000106448,0.462553,0.954115,1,57.7688,0.356527,0.283514,27.7127,0.714928,63.8962,3.45625,176.974,1.0408,259.461,2.07089,300.558,0.647007,0.192903,0.390474,0.233567,0.452095
0.0526927,0.73384,0.000368159,0.000286223,0.000450617,0.000826448,0.00106741,0.00154693,0.00285472,0.00537095,0.0120433,0.0374108,0.000127735,0.46926,0.927988,1,49.8872,0.345282,0.260028,27.8301,0.64654,64.2227,2.23261,179.172,0.708269,261.085,0.769481,299.913,1.45336,0.20233,0.402253,0.219206,0.489241
0.0573715,0.749179,0.000340757,0.000290503,0.000616231,0.00088916,0.00128535,0.00160818,0.00299912,0.00661413,0.0141017,0.0440478,0.000106702,0.437919,0.987043,1,68.2317,0.317972,0.297159,28.2089,0.693643,63.0742,1.0055,177.939,2.19896,259.167,0.514949,296.73,1.07839,0.198212,0.400022,0.231847,0.439516
0.0615295,0.70167,0.000559902,0.000510954,0.000566742,0.00095314,0.0012588,0.00183059,0.00338347,0.00719869,0.0158276,0.0489137,0.000105105,0.45183,0.990202,1,47.5035,0.285818,0.310423,27.9315,0.507889,62.5576,1.11763,178.975,0.812422,260.391,0.40171,299.383,0.718763,0.20177,0.394929,0.225101,0.461521
0.0523809,0.786153,0.000249438,0.000226303,0.00032496,0.000780429,0.0010922,0.00132867,0.00261174,0.00527379,0.0114394,0.0344437,0.000142036,0.573913,0.952517,1,44.5721,0.343095,0.28016,27.9779,0.729837,64.3901,1.58044,177.85,1.49838,258.838,1.48597,297.595,1.24446,0.203301,0.414349,0.249761,0.487209
0.0524488,0.799134,0.000277952,0.000148682,0.000384446,0.000761612,0.00100589,0.00138726,0.00259272,0.00535191,0.011509,0.0353009,0.00016923,0.554406,0.944738,1,42.9288,0.32899,0.283544,28.4624,1.32441,64.381,1.17832,178.89,1.80273,258.698,1.76386,298.941,1.0557,0.213735,0.437032,0.273977,0.515951
0.0510234,0.81605,0.000461528,0.000436526,0.000581387,0.00102024,0.00144888,0.00185672,0.00347125,0.00731603,0.0158039,0.0510765,0.000100482,0.466457,0.972933,1,46.7131,0.380269,0.27893,28.4589,1.90387,63.8574,1.30996,175.965,1.13093,265.315,0.413116,293.597,1.02506,0.203852,0.399288,0.17987,0.420687
0.0536227,0.95892,0.000493127,0.000416453,0.00076658,0.000941395,0.00129724,0.0018159,0.00336148,0.00698462,0.0150538,0.0472684,9.3136e-05,0.40676,0.992953,1,59.5162,0.490497,0.32334,28.039,0.603428,66.955,2.60221,179.332,1.60488,264.772,0.462795,296.154,0.995518,0.216731,0.422924,0.250437,0.494116
0.0542726,0.937986,0.000673697,0.000534758,0.000779319,0.00105037,0.0014413,0.00197808,0.00359079,0.00786518,0.0175649,0.0541315,8.18007e-05,0.40613,0.987067,1,57.5517,0.487628,0.327914,28.7077,0.489437,63.0578,1.67681,180.204,0.749874,263.628,1.39359,294.743,0.558854,0.228901,0.435554,0.250875,0.487
0.049211,0.79301,0.000391353,0.000300508,0.000541978,0.000820453,0.00111993,0.00151729,0.00268505,0.00573793,0.0123533,0.0398758,0.000107359,0.45591,0.976552,1,55.8639,0.418276,0.262527,27.9656,0.961009,63.7408,1.70725,177.791,0.720962,265.207,0.258248,295.397,0.316536,0.201077,0.401489,0.190201,0.458723
0.0487211,0.865092,0.000533226,0.000448821,0.000685823,0.000844268,0.00117191,0.00162673,0.00304886,0.00629195,0.0142462,0.0444069,9.59081e-05,0.383965,0.996691,1,61.0831,0.479785,0.277588,28.5008,0.659199,64.3574,1.04079,175.813,0.617671,264.108,0.252914,296.956,1.89027,0.211235,0.415184,0.234517,0.484404
0.0490711,0.883497,0.000559586,0.000464751,0.000701499,0.000849991,0.00120559,0.00163885,0.00303818,0.00640169,0.0145501,0.045184,9.27581e-05,0.387684,0.997279,1,59.1143,0.491461,0.283365,28.5003,0.562343,64.2087,0.932667,175.645,0.582851,263.692,0.253024,296.49,1.56331,0.209291,0.41697,0.234148,0.48202
0.050123,0.84039,0.000447562,0.000423394,0.000652674,0.00106053,0.00147223,0.00191322,0.00352211,0.00737697,0.0161596,0.05221,6.9075e-05,0.439019,0.949307,1,59.5891,0.499589,0.269365,27.8557,0.791635,63.239,3.5857,179.653,2.97002,262.153,0.259006,295.699,1.30055,0.196459,0.390152,0.193688,0.410208
0.0514925,0.82575,0.000507577,0.000416711,0.000656413,0.00109013,0.00150319,0.00199697,0.00373574,0.00746212,0.0166342,0.054339,7.13177e-05,0.435916,0.953765,1,62.6688,0.477138,0.280173,28.2799,0.450373,63.227,2.54542,179.948,0.899478,261.555,0.361493,295.202,1.67756,0.214814,0.403945,0.21986,0.417595
0.0513773,0.695353,0.000303369,0.000304702,0.000450433,0.000754535,0.00107198,0.00140453,0.00263138,0.00579831,0.012719,0.0401013,0.000116165,0.476459,0.994183,1,54.252,0.327648,0.256579,27.8436,0.967296,62.8926,0.791984,177.931,2.41475,260.602,0.685663,297.309,0.761848,0.191229,0.386614,0.20826,0.435934
0.0478873,0.668714,0.000287957,0.000204639,0.000406572,0.000686294,0.000920761,0.00128805,0.00236132,0.00508736,0.0111207,0.0350938,0.000147202,0.499175,0.96169,1,62.3849,0.325846,0.241974,29.453,0.976402,61.0031,0.897614,175.725,0.634595,262.241,1.22591,296.812,1.82332,0.221776,0.427357,0.241937,0.465028
0.0491814,0.826904,0.000297182,0.000215153,0.000396964,0.000699366,0.000935106,0.00129979,0.00245911,0.00502466,0.0108668,0.0322547,0.000163904,0.499371,0.986519,1,53.5751,0.365845,0.278673,29.1275,0.826438,65.7451,2.73404,183.018,0.321662,258.507,0.337443,299.637,0.578057,0.228225,0.463616,0.285126,0.566536
0.0475654,0.734738,0.000240153,0.000250682,0.00037398,0.000535928,0.000755245,0.000992678,0.00183681,0.00391778,0.00850245,0.0256536,0.000191734,0.375962,0.990829,1,67.1713,0.373148,0.249475,28.4845,0.666944,61.9261,1.63401,183.497,0.281112,258.532,0.445638,297.752,2.17063,0.235372,0.468381,0.30276,0.583109
0.0466934,0.784437,0.000221907,0.000220093,0.000411748,0.000567329,0.000766961,0.000994204,0.00190584,0.00397689,0.00863773,0.0262145,0.000175692,0.426129,0.986596,1,62.5535,0.3918,0.253215,29.2228,1.21932,63.085,1.93604,182.431,0.359051,258.828,0.439412,298.658,1.58972,0.227956,0.469447,0.307715,0.596327
0.0536684,0.793035,0.000297615,0.000252764,0.00045252,0.000576609,0.000828653,0.00108758,0.00198769,0.00394299,0.00831651,0.0245832,0.000202393,0.343557,0.908521,1,44.5627,0.346818,0.267214,28.5605,1.13153,64.1736,1.38368,178.452,2.80299,263.469,1.68854,297.126,0.261359,0.217386,0.45289,0.271188,0.603332
0.0570284,0.69137,0.000393505,0.000387864,0.000540598,0.00120542,0.00168883,0.00234789,0.00428843,0.00945659,0.0213548,0.0710581,8.04533e-05,0.58489,0.974616,1,46.5149,0.296524,0.291647,28.0253,0.443318,63.8017,2.66083,178.351,0.785598,262.314,0.429827,296.386,0.310058,0.200638,0.378056,0.17654,0.383289
0.0459268,0.816152,0.000226363,0.000251221,0.000327533,0.000902873,0.00114174,0.00167027,0.00305663,0.0069021,0.0146877,0.0466367,9.64115e-05,0.648412,0.984223,1,61.3201,0.418312,0.262117,28.5617,3.93877,64.2294,0.887936,178.2,0.566366,257.857,0.968948,297.647,1.43697,0.199553,0.399369,0.240291,0.42231
0.0442152,0.814881,0.000268537,0.000266835,0.000349142,0.000913088,0.00113757,0.00166221,0.00297667,0.00673409,0.0145727,0.0460129,0.00011442,0.654199,0.977201,1,60.3262,0.404305,0.25355,28.7031,2.308,64.7194,0.956504,177.964,1.18674,258.675,0.911016,297.34,1.00305,0.205427,0.413147,0.229389,0.448815
0.0451124,0.894073,0.000242283,0.000185847,0.000398524,0.000875607,0.00122574,0.00154539,0.00304987,0.00657201,0.0143803,0.0455531,9.65911e-05,0.642867,0.994127,1,52.4296,0.483815,0.273612,28.3998,2.7784,63.6772,3.35415,177.84,0.652836,261.575,0.888371,295.992,0.6783,0.201724,0.411961,0.223279,0.481043
0.0561045,0.633875,0.000376503,0.000217895,0.000488197,0.000787231,0.00111403,0.001472,0.00284007,0.00613604,0.0136389,0.0436793,0.000133035,0.531381,0.989624,1,59.6948,0.266571,0.274765,28.1238,0.739016,63.392,0.717403,179.291,1.21004,260.921,0.331175,296.856,2.47648,0.210347,0.394449,0.216235,0.434345
0.054699,0.697621,0.000376161,0.0002444,0.000387956,0.000839794,0.00117042,0.00152139,0.00295075,0.00621696,0.0139332,0.0440922,0.000149671,0.533578,0.994239,1,59.57,0.271859,0.284554,28.4982,0.591774,63.2186,1.07025,180.922,1.48889,261.351,0.330066,297.222,0.517946,0.211218,0.423548,0.216474,0.460572
0.0519337,0.89739,0.000318452,0.000317652,0.000449231,0.000960139,0.00123397,0.00182347,0.00323838,0.00700352,0.0149686,0.0459514,0.000116487,0.502162,0.958405,1,53.0358,0.425804,0.31082,29.4749,0.869306,61.5897,1.09342,179.651,1.1202,258.105,0.772149,300.166,2.2487,0.24088,0.468051,0.304341,0.524397
0.0607421,0.800404,0.000458083,0.000343858,0.000551994,0.00109646,0.00156958,0.00197152,0.00383541,0.00781599,0.0173761,0.0561799,0.00010714,0.559745,0.953648,1,49.8008,0.311663,0.331297,28.2445,2.41183,64.214,0.722683,180.067,1.02752,260.303,0.748301,297.391,0.600714,0.210319,0.41215,0.223054,0.452761
0.0652959,0.768593,0.00035139,0.000383387,0.000657414,0.00118312,0.00147688,0.00213247,0.00373013,0.00797675,0.0169902,0.0543889,0.000110557,0.504773,0.97957,1,52.0319,0.268534,0.346381,28.5274,1.50196,65.7262,1.06446,179.707,1.25123,260.485,2.00638,297.804,2.44893,0.203228,0.404541,0.218624,0.447052
0.0570711,0.740319,0.000466332,0.000348706,0.000495339,0.000852926,0.00124605,0.00156334,0.00312485,0.00637161,0.0139043,0.0431789,0.00010745,0.459204,0.976727,1,55.5735,0.317226,0.286964,27.5132,1.00924,63.637,2.16331,179.455,0.753076,259.481,0.812512,298.281,0.590891,0.185562,0.384783,0.214809,0.435786
0.0570021,0.748682,0.000479418,0.000352271,0.000493906,0.000853218,0.00123985,0.00155756,0.00311012,0.00635888,0.0138794,0.0431121,0.000106753,0.45613,0.976407,1,55.0581,0.322808,0.288369,27.5138,1.01394,63.6215,2.22611,179.387,0.749151,259.475,0.756489,298.352,0.591191,0.187066,0.384918,0.214909,0.438315
0.0532833,0.666371,0.000357252,0.000257785,0.000348655,0.000729815,0.00106835,0.00137373,0.00271795,0.00521247,0.0113675,0.034855,0.000132146,0.484562,0.900671,1,59.1919,0.303994,0.241147,27.8993,0.684106,64.6968,0.892026,178.497,0.771665,261.925,0.629834,296.933,0.559275,0.190399,0.38311,0.191711,0.414924
0.047448,0.673693,0.00038042,0.000272736,0.00045166,0.000763472,0.00111707,0.00139564,0.00277721,0.00589918,0.0126519,0.0405026,0.000108689,0.519696,0.999886,1,60.0859,0.350054,0.242676,28.7631,1.03367,62.2804,1.55048,180.242,0.80078,259.743,0.338282,297.461,0.413138,0.210306,0.406094,0.215651,0.446343
0.0510688,0.68983,0.000261864,0.000171417,0.000376641,0.000756517,0.00101697,0.00129545,0.0025414,0.00497604,0.0108516,0.0331155,0.000165875,0.541914,0.921301,1,58.2414,0.295949,0.249587,28.5705,0.830306,63.0185,1.49975,178.057,0.909989,260.925,1.89169,298.124,0.815851,0.209214,0.414324,0.233919,0.466447
0.0513908,0.670237,0.000252604,0.000185108,0.000323232,0.000762153,0.00105005,0.00128787,0.00249679,0.0050017,0.0107292,0.0333709,0.000162732,0.505185,0.893552,1,56.2024,0.30497,0.241479,28.6551,0.808398,63.8802,1.37285,176.853,0.596212,259.967,1.63328,297.754,0.850962,0.212806,0.41345,0.231208,0.469921
0.0469321,0.74284,0.000274436,0.000247507,0.000468662,0.00062267,0.000840476,0.00124269,0.00221153,0.00434093,0.00974088,0.0286439,0.000145916,0.427326,0.929602,1,70.9722,0.415793,0.237965,28.7741,1.11149,60.9633,2.75691,178.296,2.03416,259.479,1.24236,298.928,2.09913,0.220825,0.437508,0.273027,0.513284
0.0450298,0.726894,0.000346986,0.000282793,0.000370738,0.00061309,0.000845412,0.00119127,0.00215159,0.00435443,0.00965378,0.0287222,0.000123428,0.392406,0.937149,1,78.8685,0.446107,0.225075,29.4185,1.82993,61.6198,2.63142,177.553,1.87964,259.707,2.34912,300.159,1.10021,0.218754,0.42986,0.264402,0.501772
0.0427634,0.789921,0.000239434,0.000216585,0.000445245,0.000640775,0.00087762,0.00113767,0.00214222,0.00436514,0.00949682,0.0288025,0.000158088,0.436239,0.947573,1,45.3786,0.443663,0.226258,28.8356,0.869585,62.6363,2.83549,178.604,0.713239,260.286,0.961641,297.292,1.67171,0.213492,0.443624,0.251015,0.514308
0.0583628,0.739883,0.000446663,0.000420266,0.000744707,0.000965783,0.00127628,0.00176785,0.0032754,0.00669502,0.0146591,0.0453582,0.000129813,0.397827,0.944738,1,58.3747,0.280495,0.286213,28.2202,1.2918,64.2148,2.66242,177.988,3.68743,258.382,0.995663,298.575,2.52693,0.187909,0.406231,0.215225,0.432682
0.0594392,0.687827,0.000418776,0.000300836,0.000643241,0.000818712,0.00113674,0.0014924,0.00273996,0.00569172,0.0123919,0.0385149,0.00011057,0.364941,0.976737,1,52.5146,0.313155,0.292412,28.3402,0.547607,61.7149,0.721177,180.763,0.273798,260.114,0.550797,298.138,0.60675,0.217039,0.411267,0.243745,0.499442
0.0562115,0.725814,0.00039456,0.000380075,0.000473751,0.00090879,0.00126801,0.00174976,0.00321701,0.00683152,0.0149024,0.0473697,0.00011886,0.535069,0.971232,1,75.2158,0.284541,0.285534,28.0269,0.6854,65.3043,1.72447,182.709,0.271389,257.406,0.75136,298.646,1.05374,0.190797,0.403443,0.214057,0.412326
0.0535183,0.735672,0.000480205,0.000417595,0.000535894,0.000843402,0.00114878,0.00154517,0.0028269,0.00591969,0.0131331,0.040549,0.000143025,0.446813,0.994572,1,45.664,0.302579,0.283925,28.8868,1.45076,61.3969,0.641813,177.6,1.70792,262.453,1.16506,297.028,1.66771,0.214434,0.425826,0.246092,0.452658
0.05449,0.688411,0.000396597,0.000374231,0.000565649,0.000846105,0.00111933,0.00147644,0.00270452,0.00586617,0.0128679,0.0395665,0.00013295,0.3865,0.99422,1,41.1542,0.307248,0.279437,29.1638,1.37546,60.8009,0.762528,177.138,3.94537,262.773,0.917134,295.633,1.30033,0.226355,0.426593,0.232125,0.496434
0.0496171,0.703719,0.000250933,0.00019734,0.000438872,0.000633593,0.000913157,0.00127348,0.00234168,0.00494513,0.0106202,0.0334457,0.000173688,0.450472,0.978767,1,69.0254,0.296763,0.253317,29.3768,2.08416,62.1057,0.579946,179.02,0.423162,260.286,0.253198,297.909,0.283136,0.212846,0.440635,0.240697,0.501704
0.0492172,0.719828,0.000224095,0.000219819,0.000264464,0.00073537,0.000960139,0.00125844,0.00236935,0.00488956,0.0109005,0.0334764,0.000207443,0.586334,0.965952,1,57.1367,0.284431,0.259124,28.8575,0.917988,63.5703,1.10258,179.211,0.949128,262.067,0.472015,295.881,2.371,0.214109,0.442518,0.236542,0.476729
0.0393402,0.777008,0.000201057,0.000136812,0.00033538,0.000681121,0.000908527,0.00128007,0.00240043,0.0049874,0.0108911,0.034544,0.000130512,0.593354,0.980366,1,60.8429,0.505896,0.225171,29.4605,1.56192,62.0911,1.62231,181.51,1.37014,259.071,0.341594,297.114,0.822957,0.239191,0.455045,0.264717,0.507239
0.0579068,0.735979,0.000295186,0.000247119,0.000543406,0.000814479,0.00112989,0.0014664,0.00265872,0.00589934,0.0126739,0.0381433,0.000142635,0.472498,0.990756,1,48.7184,0.287187,0.297494,27.9256,0.904061,63.8102,1.37793,178.375,1.05864,261.549,0.272574,297.663,1.08879,0.195224,0.405681,0.225254,0.469395
0.056433,0.73361,0.000229602,0.000161464,0.000377871,0.000857752,0.00117254,0.00163012,0.00299055,0.00615084,0.0134805,0.0424879,0.000118589,0.647564,0.917087,1,71.3947,0.306539,0.287259,27.7262,0.824845,62.0337,1.90327,180.478,2.38984,259.957,3.97541,296.292,1.25266,0.197786,0.400123,0.219139,0.430024
0.0518237,0.787825,0.000293136,0.000278092,0.000372325,0.000976106,0.00131602,0.00185826,0.00366824,0.00701888,0.0149871,0.0478659,0.000100191,0.586275,0.903806,1,59.1396,0.375854,0.272472,28.5682,0.933238,63.4443,2.60297,179.436,1.59471,259.422,2.56674,296.726,1.42413,0.210311,0.407714,0.224646,0.426144
0.053186,0.870453,0.000269838,0.0002726,0.000365518,0.000923531,0.00125108,0.00165804,0.00314549,0.00545814,0.0120649,0.0362575,8.58516e-05,0.546033,0.825051,1,46.3103,0.513367,0.268896,27.7508,0.688277,65.2895,0.84899,178.405,1.79856,261.381,0.32458,297.579,1.33234,0.19538,0.396457,0.218847,0.450722
0.0496331,0.857037,0.000262475,0.00025383,0.000407001,0.00100312,0.00136676,0.00181714,0.00332852,0.00589806,0.012842,0.0387857,8.70195e-05,0.525493,0.816638,1,44.1476,0.544717,0.247871,27.8149,0.513749,64.9289,1.17998,178.418,2.58934,260.257,0.291638,296.801,0.790898,0.199585,0.399771,0.210357,0.41814
0.0492532,0.856158,0.000261753,0.000251942,0.000407917,0.000999411,0.00135605,0.00181335,0.00331938,0.00587802,0.0128101,0.0387109,8.75345e-05,0.530665,0.823199,1,44.3947,0.544149,0.247663,27.7973,0.529833,64.8826,1.11322,178.415,2.77711,260.187,0.290466,296.797,0.843105,0.199153,0.402963,0.210088,0.415249
0.0638508,0.624487,0.000257043,0.000261569,0.000336914,0.00079891,0.00115777,0.00156011,0.00284439,0.00601314,0.0129101,0.039072,0.000134846,0.601047,0.922512,1,61.7625,0.241785,0.292994,27.7759,0.727472,64.1712,1.74273,179.071,1.64876,261.922,0.61699,294.635,0.799301,0.1948,0.3862,0.1926,0.412909
0.0472658,0.876757,0.000477841,0.000433788,0.00050195,0.00091378,0.0012995,0.00170281,0.0032182,0.00665167,0.0145245,0.04603,9.19938e-05,0.47732,0.94733,1,72.6404,0.498005,0.2668,28.691,0.616119,64.7652,3.85667,181.198,0.958255,258.815,0.735891,297.273,0.545468,0.214884,0.423846,0.245969,0.451347
0.0503384,0.785709,0.000256006,0.000266242,0.000336631,0.000843306,0.00112429,0.00150861,0.00283625,0.00606914,0.0133071,0.0414134,0.000124871,0.613424,0.973778,1,47.5473,0.353026,0.280842,28.5841,0.99655,62.4947,0.686268,178.842,0.45506,260.682,0.60656,299.715,3.4444,0.213637,0.419147,0.256727,0.488994
0.0481825,0.844605,0.000348277,0.000331445,0.000432848,0.000903389,0.00127145,0.00176404,0.0030887,0.00641843,0.0139327,0.0444664,9.6479e-05,0.496249,0.94947,1,58.6116,0.466227,0.270078,28.7195,0.596499,63.0531,0.950915,177.924,1.58333,260.793,2.08269,296.533,0.436853,0.219483,0.424159,0.233914,0.485587
0.0542383,0.73823,0.000331304,0.000225093,0.000386967,0.000890794,0.00122815,0.00154498,0.00297871,0.00633174,0.0142421,0.0437433,0.000129262,0.562103,0.970711,1,43.8017,0.298186,0.28871,28.8071,1.09109,61.2463,2.55533,178.313,1.28676,262.773,0.44086,294.914,3.651,0.210866,0.415944,0.221342,0.430385
0.0491507,0.630387,0.000293926,0.00020977,0.0003259,0.000637644,0.000843435,0.00116517,0.00218464,0.00440766,0.00927123,0.0290551,0.000132439,0.495158,0.947188,1,72.5525,0.323972,0.223159,27.8498,0.703471,63.9186,0.891167,181.075,0.430623,258.186,0.376801,301.92,0.549682,0.190661,0.385808,0.223266,0.447485
0.0548458,0.677668,0.000314871,0.000329639,0.000541977,0.000665317,0.000953874,0.00126084,0.00229694,0.00458487,0.00981871,0.0291476,0.000140592,0.346392,0.933086,1,56.4051,0.309409,0.24968,28.0724,0.99775,63.6361,1.82127,179.358,0.766615,259.065,1.56645,298.645,0.35207,0.193244,0.399726,0.237115,0.442549
0.0526338,0.704204,0.000506118,0.000276474,0.000483921,0.000645509,0.000950627,0.00118434,0.00219583,0.00438351,0.00947902,0.0286397,0.000135067,0.347623,0.936655,1,58.1625,0.343912,0.245582,28.0952,0.866598,64.8821,1.3167,179.675,1.73213,260.495,2.69026,299.112,0.363911,0.197941,0.400084,0.229111,0.497541
0.0578128,0.738434,0.000448167,0.000563988,0.000727354,0.00106238,0.00149916,0.00201934,0.00365113,0.00779494,0.0173269,0.0555726,9.17969e-05,0.443844,0.977261,1,45.836,0.327233,0.301487,28.3315,0.600007,61.6677,3.65369,178.679,1.12647,261.672,0.350862,296.133,0.444101,0.21094,0.401995,0.210232,0.423679
0.057509,0.754378,0.000626275,0.000445281,0.0009235,0.00109426,0.00150487,0.00199594,0.00375602,0.00744956,0.0170659,0.0566268,9.72768e-05,0.364146,0.97933,1,45.0621,0.320096,0.297083,28.4473,0.648902,64.0525,0.617654,178.361,1.17604,261.472,4.00902,296.869,2.91581,0.208693,0.400413,0.213337,0.422309
0.0493002,0.822269,0.000276015,0.000199838,0.000426584,0.000912181,0.00125491,0.00173664,0.00333494,0.00723268,0.015397,0.0477177,8.72963e-05,0.587327,0.981913,1,66.912,0.398692,0.276911,28.5986,2.3145,64.3806,1.12455,179.235,1.7437,258.651,0.30246,299.215,0.595288,0.19604,0.401069,0.22191,0.44102
0.0498401,0.757451,0.000259307,0.000252636,0.000305627,0.00083421,0.0010505,0.00141325,0.00258561,0.00570752,0.0126944,0.0391311,0.000132567,0.59413,0.990015,1,52.0046,0.331998,0.267428,27.9629,1.82712,63.4777,1.20113,180.288,1.17101,258.938,0.841775,295.721,1.3287,0.196299,0.404623,0.224384,0.430234
0.0496368,0.726479,0.000211782,0.000166805,0.000362422,0.000641672,0.000900144,0.00128792,0.00241027,0.00486638,0.0106472,0.0335343,0.000136727,0.494563,0.972945,1,82.3113,0.336388,0.25476,28.7387,1.2315,63.7813,0.568504,179.067,2.02331,261.717,1.47004,298.501,2.04413,0.207454,0.413217,0.236985,0.486626
0.0509251,0.782792,0.000338101,0.00031587,0.000366823,0.000958977,0.00116859,0.00159427,0.00300522,0.00647251,0.0144131,0.0439225,0.000152482,0.540263,0.967337,1,73.1974,0.330237,0.282611,28.4332,0.462579,64.4891,0.570001,181.182,1.13631,258.22,2.11761,296.759,1.05035,0.231732,0.440482,0.263211,0.451681
0.0631838,0.66335,0.000308419,0.000253209,0.000433277,0.00089266,0.00136806,0.0018198,0.00338446,0.00711421,0.0155176,0.0506361,9.974e-05,0.63333,0.971994,1,56.1675,0.263556,0.312244,27.7019,2.64289,62.1678,1.30245,178.657,0.965464,262.118,0.643126,296.151,0.930973,0.189185,0.374415,0.191827,0.40716
0.0562979,0.679024,0.000277256,0.000228643,0.000400231,0.0009683,0.00140398,0.00182866,0.00345113,0.00720296,0.0164835,0.0518678,0.000102374,0.605598,0.964649,1,43.9188,0.278456,0.283108,28.314,1.01386,61.1599,0.715536,177.823,1.63567,260.707,0.519723,297.607,2.31189,0.196775,0.384899,0.20013,0.412487
0.0530555,0.736664,0.000302879,0.000265505,0.000372715,0.000887793,0.00121124,0.00163711,0.00301564,0.00652265,0.0144545,0.0464323,0.000107396,0.557126,0.973209,1,50.1998,0.359669,0.286823,28.2242,0.374419,60.0199,1.00483,177.797,0.919151,259.388,0.304179,295.181,0.546044,0.220092,0.419874,0.241037,0.441348
0.0485176,0.670247,0.000329355,0.000225668,0.0004194,0.00088199,0.0012489,0.00156215,0.00303699,0.00628609,0.0146988,0.0468334,0.000107339,0.515906,0.983058,1,39.8249,0.362463,0.251277,28.3737,0.384211,59.0062,1.23129,179.094,1.34611,260.402,2.36632,296.529,1.63372,0.223515,0.414287,0.239288,0.433088
0.051337,0.67254,0.000342429,0.000289832,0.000464229,0.000927379,0.00133026,0.00165727,0.00325224,0.00665761,0.015467,0.0497828,9.53258e-05,0.568043,0.972656,1,42.955,0.358154,0.270179,28.659,0.333155,59.2624,1.57519,178.775,1.28476,260.617,1.79865,296.312,1.76201,0.232224,0.412487,0.250717,0.428806
0.0470195,0.81005,0.00021239,0.000158601,0.000272696,0.000784952,0.00109246,0.00140864,0.00272216,0.00618059,0.0130307,0.0413248,0.000109047,0.721875,0.993998,1,70.9171,0.393451,0.273261,28.3667,0.799878,64.8839,1.87445,178.993,1.4753,262.594,0.25014,296.794,0.700551,0.202959,0.404973,0.225323,0.459069
0.0453254,0.746285,0.00016435,0.000163074,0.000257341,0.000758692,0.00102542,0.0014753,0.00270552,0.00587455,0.0131076,0.0396547,0.000163576,0.777976,0.965325,1,43.5469,0.324295,0.250141,27.6194,1.18946,62.9311,2.74178,178.323,1.25088,262.554,0.284684,296.747,2.22304,0.195265,0.406482,0.199561,0.463389
0.0540357,0.765255,0.000337674,0.000398963,0.000489006,0.000940439,0.00120789,0.00170984,0.0030717,0.00705267,0.0152456,0.0483091,0.000112712,0.527958,0.992087,1,67.2085,0.341363,0.295235,27.8735,0.474846,61.8122,0.452234,179.162,0.991453,261.634,1.7432,293.228,0.46813,0.212361,0.41047,0.218322,0.43828
0.056009,0.786469,0.000396576,0.000297799,0.00057619,0.00105509,0.00145878,0.00199545,0.00385016,0.00775546,0.0171436,0.0548319,7.4697e-05,0.519064,0.964422,1,48.189,0.388423,0.306763,28.7122,0.481791,61.6377,0.643732,178.747,0.269086,262.634,0.966577,292.67,2.20091,0.217369,0.40655,0.210595,0.419596
0.0703401,0.807481,0.000578603,0.000835708,0.00123174,0.00134213,0.00176813,0.00227201,0.00437532,0.00932029,0.0201689,0.0639153,7.52592e-05,0.332809,0.986432,1,58.3268,0.302349,0.369281,28.0801,0.948167,66.4391,3.36368,178.374,6.86519,264.141,0.277658,293.921,0.321352,0.197943,0.381047,0.180386,0.415396
0.0560201,0.803487,0.000663322,0.00054154,0.000811393,0.000942827,0.00136647,0.00188709,0.00340147,0.00666024,0.0147623,0.0467129,0.000100366,0.350688,0.932168,1,59.9616,0.377853,0.292806,28.8858,1.61317,62.3365,0.600394,180.749,0.252955,262.014,0.319042,294.82,0.985999,0.222877,0.430174,0.238781,0.430781
0.055188,0.726839,0.000418581,0.000375235,0.000612164,0.000567114,0.000833857,0.001151,0.00208551,0.00431968,0.00931213,0.0274888,0.000158656,0.291801,0.992968,1,63.5293,0.323297,0.274754,28.4329,1.85233,62.6433,2.9847,178.855,0.494957,261.047,1.78084,300.276,0.668343,0.208526,0.427076,0.284886,0.540926
0.0494241,0.731161,0.00028447,0.000239579,0.000490642,0.000653998,0.000834915,0.00115927,0.00220889,0.00436264,0.00937432,0.0286142,0.000196085,0.402684,0.93676,1,54.2962,0.326191,0.248268,28.9391,0.831729,64.3372,0.899875,182.045,0.93072,259.278,0.69673,296.503,1.44701,0.228083,0.45743,0.264588,0.517653
0.0498838,0.808952,0.000367955,0.000336718,0.000478243,0.00070704,0.000953433,0.00123203,0.00220129,0.0043683,0.00955687,0.0284747,0.000140517,0.357469,0.904444,1,50.4554,0.462573,0.256319,28.5617,0.604061,64.2544,0.476045,183.499,0.325486,259.649,1.163,297.977,1.48573,0.236919,0.458275,0.28521,0.557567
0.0477325,0.904454,0.000287707,0.000249345,0.000385966,0.00078767,0.00106758,0.00146314,0.00279068,0.0059636,0.0124895,0.0375027,0.000105044,0.531499,0.957199,1,51.2412,0.530964,0.281724,28.7959,0.791604,65.9055,0.674295,183.912,0.255751,257.743,0.291277,297.818,0.4073,0.233611,0.453419,0.27821,0.542189
0.0536897,0.714062,0.000279322,0.000272253,0.000384209,0.00072374,0.000996666,0.00133508,0.00238106,0.00480826,0.0106568,0.0331804,0.000154238,0.434863,0.954226,1,63.5283,0.306552,0.267832,28.9153,1.79799,62.6423,2.69815,180.007,0.389722,259.186,0.60063,298.174,3.37513,0.210697,0.433306,0.254641,0.471913
0.0531381,0.779557,0.00038435,0.000334597,0.000553729,0.000857534,0.00116197,0.00156321,0.00297049,0.00602862,0.0129795,0.0391511,0.000113515,0.40828,0.9561,1,48.9605,0.353451,0.273756,28.4091,0.783615,62.5594,1.01852,180.395,4.38982,258.656,0.368514,296.091,0.500438,0.199072,0.413332,0.234293,0.428928
0.05398,0.644928,0.000395434,0.000291666,0.00050628,0.000733089,0.00101931,0.00137431,0.0024006,0.00519793,0.0112837,0.0352338,0.000123248,0.391103,0.986576,1,54.3067,0.333708,0.258239,27.2361,0.33985,62.0105,0.695077,179.109,0.296639,263.967,0.972134,297.839,0.333069,0.212809,0.388915,0.214326,0.488661
0.0558833,0.621597,0.00032901,0.000305544,0.000438411,0.000720629,0.000964952,0.0012132,0.00237138,0.00504729,0.0108584,0.0345218,0.000128652,0.432885,0.983407,1,48.4047,0.284613,0.258331,27.7847,0.718244,63.0608,1.19282,178.009,0.768089,262.922,0.413492,296.887,0.36652,0.199575,0.376787,0.207818,0.448417
0.0566792,0.649725,0.000498956,0.000404072,0.000687353,0.000974731,0.00129559,0.00193075,0.00341996,0.00651254,0.0150206,0.0453424,0.000131659,0.382836,0.891321,1,71.0869,0.266315,0.254755,28.8309,1.02736,63.0285,2.41829,177.867,3.01775,259.492,0.262274,298.304,0.44464,0.209813,0.410516,0.200446,0.43551
0.0538425,0.61388,0.000314941,0.000305582,0.000463013,0.000560183,0.000786489,0.000957465,0.00185761,0.00391601,0.00828301,0.0254824,0.00014,0.354045,0.992358,1,47.5806,0.310777,0.242721,27.7959,1.29775,61.3244,0.774162,177.123,0.36251,260.99,0.466521,297.519,3.6578,0.192319,0.389141,0.241813,0.483952
0.0474058,0.9222,0.000257879,0.000190681,0.000401961,0.00117986,0.0015024,0.00223497,0.0040731,0.00846747,0.0182635,0.0603658,8.15625e-05,0.750987,0.933597,1,48.4508,0.484789,0.295744,28.934,2.78871,63.9181,0.917708,182.319,0.257587,258.365,0.272223,297.456,2.24846,0.227825,0.431855,0.250519,0.466667
0.0484051,0.645273,0.000343826,0.000315889,0.000468183,0.000570911,0.000738755,0.00108414,0.00200796,0.00414263,0.00906429,0.0272283,0.00020095,0.389727,0.999409,1,59.2588,0.30846,0.235821,28.0862,0.629509,61.7955,2.42967,178.681,2.01876,261.562,4.47647,296.955,0.74256,0.214662,0.427448,0.250545,0.502674
0.0522527,0.643582,0.000245819,0.00026519,0.000407722,0.000541154,0.000745039,0.00092312,0.00173487,0.00370357,0.00798342,0.0241383,0.000213843,0.398105,0.999688,1,68.3347,0.275857,0.246912,27.7399,0.678867,63.2131,1.22095,178.394,1.31101,261.731,1.82731,297.27,1.02538,0.201596,0.414854,0.250236,0.521014
0.0484601,0.590305,0.00031646,0.000227288,0.000418105,0.000569069,0.000763354,0.00112133,0.00201226,0.00424656,0.00938032,0.0286536,0.000192554,0.37439,0.99561,1,46.8927,0.2672,0.222277,28.7138,1.25964,62.823,0.817661,180.177,1.28848,260.275,0.265665,296.874,1.32565,0.207769,0.417874,0.223018,0.457297
0.0488028,0.584381,0.000260069,0.000222361,0.000387148,0.000518107,0.000720899,0.00102665,0.00185831,0.00396263,0.00860808,0.0267633,0.000182903,0.435119,0.996162,1,52.2137,0.274095,0.223863,28.8182,0.892244,63.6143,1.20005,180.665,1.74559,261.069,0.29006,296.389,1.97242,0.206249,0.414775,0.222033,0.455463
0.048422,0.737974,0.000215835,0.000224759,0.000337237,0.000699338,0.00094901,0.00124535,0.00225428,0.00475482,0.0105165,0.0318381,0.00015695,0.543648,0.978251,1,62.8249,0.33755,0.256182,28.8366,3.42043,63.9731,1.32737,178.432,0.878032,260.879,4.12865,297.576,0.293483,0.21283,0.427558,0.237177,0.523855
0.0503668,0.760595,0.000317202,0.000322536,0.000477709,0.000775941,0.00106127,0.00146105,0.00273691,0.00588563,0.012564,0.0391027,0.000137331,0.486836,0.988475,1,50.6477,0.343674,0.275956,29.184,0.859132,62.3133,2.29141,180.74,0.401264,259.612,0.293578,297.576,6.21841,0.227912,0.441698,0.253891,0.521479
0.0515494,0.830536,0.000327072,0.000297967,0.000560268,0.000813408,0.0011453,0.00148401,0.00268476,0.00594328,0.0128025,0.0404574,0.000130693,0.43514,0.991539,1,45.616,0.381466,0.293251,29.1602,2.53382,62.6987,2.90902,180.252,0.413826,260.835,0.26617,297.044,0.746103,0.229246,0.452416,0.274171,0.497806
0.0503381,0.877708,0.00037909,0.000335272,0.000468456,0.000826671,0.0011077,0.00152938,0.00288107,0.00598345,0.0131218,0.0415311,0.00013564,0.49254,0.975794,1,66.9292,0.390262,0.296236,29.4032,1.50771,62.7775,1.03125,179.551,1.77955,264.427,0.554862,297.149,2.17004,0.23102,0.455469,0.25905,0.533804
0.0447101,0.775112,0.000255628,0.000205308,0.000339609,0.000838231,0.00109221,0.00151446,0.00276323,0.00628394,0.014077,0.0439528,0.000102171,0.599235,0.996737,1,50.0305,0.421116,0.252457,28.6806,0.589977,62.1412,1.54759,178.16,0.917388,261.152,0.424668,294.9,0.389111,0.21412,0.412845,0.216902,0.447382
0.0431879,0.708852,0.000203661,0.000165976,0.000260721,0.000772914,0.00110749,0.00148327,0.00285702,0.00598882,0.0133115,0.0433529,0.000132299,0.724868,0.948551,1,73.7598,0.363486,0.230781,28.4197,0.691421,61.6,3.05394,177.507,1.01139,259.845,4.54692,295.656,3.6159,0.205052,0.409839,0.216263,0.426486
0.0445735,0.734012,0.000230836,0.000150452,0.000269014,0.000715229,0.000967969,0.00141212,0.00263497,0.00568087,0.0122594,0.0400766,0.000130611,0.697778,0.978894,1,86.6599,0.379121,0.246292,28.1009,0.62164,62.0033,1.54296,178.298,0.704874,261.378,1.39272,296.282,0.664129,0.214094,0.408719,0.234152,0.436213
0.0471709,0.772135,0.000243399,0.000249951,0.000410729,0.000932787,0.00126005,0.00159615,0.00303592,0.00644211,0.0141086,0.0445922,0.000103885,0.573506,0.962907,1,50.3974,0.423851,0.259426,28.6441,0.616064,62.1079,1.54085,178.869,2.65347,259.395,0.304984,299.887,3.27239,0.21951,0.420101,0.24802,0.471415
0.0494804,0.875378,0.000307373,0.0002754,0.000443925,0.000838952,0.00117457,0.00162556,0.00300217,0.0063466,0.0139069,0.0421424,0.000137231,0.535276,0.958432,1,58.7625,0.400964,0.289166,28.8968,1.32295,63.6184,0.940966,180.662,0.49796,261.91,0.571873,294.159,0.459038,0.229798,0.451925,0.247851,0.473624
0.0439084,0.75906,0.000283279,0.00022063,0.000389626,0.0007065,0.000936502,0.00122258,0.00225768,0.00477864,0.0103704,0.0322882,0.000158101,0.492071,0.961076,1,55.8361,0.391737,0.233336,29.0798,1.29615,62.3831,2.28483,177.763,1.52685,262.012,1.44659,298.181,2.98767,0.215548,0.435914,0.243274,0.49948
0.0495248,0.78933,0.000194236,0.000174511,0.000329622,0.000787368,0.00111429,0.00155368,0.00292747,0.00572947,0.0127607,0.0396467,9.43961e-05,0.621034,0.961487,1,44.1929,0.410699,0.271616,28.5761,1.41562,63.2641,1.36848,178.502,0.808426,259.72,0.290583,297.518,0.474488,0.20619,0.402632,0.236908,0.477034
0.0584656,0.701148,0.000415546,0.000326704,0.000517942,0.00105339,0.0015223,0.00210948,0.00377878,0.0081037,0.018294,0.0578672,9.28915e-05,0.556309,0.999071,1,56.7625,0.300393,0.298812,26.6657,0.421414,62.9841,1.51701,179.824,1.1447,260.372,2.19731,296.714,0.39198,0.192153,0.368027,0.19041,0.394352
0.053677,0.800691,0.000456992,0.000539672,0.000709512,0.00113884,0.00148118,0.00193914,0.00369615,0.00807067,0.0172945,0.0569259,7.95902e-05,0.449325,0.993918,1,50.0959,0.366725,0.283843,27.4877,0.879888,64.9351,1.09559,179.118,1.02688,260.227,0.623496,298.405,0.599605,0.175892,0.372655,0.192538,0.394369
0.0631934,0.69737,0.000553041,0.000387726,0.000736912,0.000921157,0.00139683,0.00185966,0.00334027,0.00657966,0.0152433,0.0475201,8.3975e-05,0.41833,0.935134,1,60.8866,0.308762,0.293325,27.3444,0.464176,65.3526,5.6544,179.36,1.52226,258.082,3.63233,298.601,2.54759,0.183873,0.365297,0.212008,0.387045
0.066195,0.681374,0.00050418,0.00048354,0.000747368,0.0011612,0.00146037,0.00194948,0.00356017,0.00792455,0.0163597,0.0523471,7.29964e-05,0.442689,0.978054,1,53.6518,0.291176,0.313326,27.0733,0.507299,62.3967,0.418456,179.271,0.681928,261.706,0.318312,296.295,0.635719,0.176769,0.354199,0.179301,0.390207
0.064883,0.704739,0.000438171,0.000437115,0.000684959,0.00101191,0.00136877,0.00177781,0.00334604,0.0071815,0.0154361,0.0483646,8.85005e-05,0.460324,0.977872,1,54.7481,0.290785,0.314531,27.0898,0.499689,64.2359,0.435732,178.147,0.684307,260.416,0.307709,296.397,1.30986,0.178733,0.364422,0.201139,0.382309
0.0606573,0.729413,0.000376013,0.000337311,0.000553512,0.00082812,0.00113784,0.00157836,0.00285896,0.00602351,0.0133132,0.0414467,0.000100415,0.452767,0.997191,1,67.2964,0.303186,0.29868,26.8266,0.536724,66.0807,0.80942,178.837,2.20263,262.248,1.0623,297.806,1.84539,0.171334,0.361657,0.197364,0.419981
0.0493694,0.717945,0.000590835,0.000549616,0.000768834,0.000795654,0.00114865,0.00162563,0.00294143,0.00609321,0.0128158,0.0411374,0.000117976,0.329126,0.961529,1,44.9976,0.35325,0.247959,29.1613,2.00255,60.6545,2.76092,179.145,0.825947,260.273,0.522749,297.713,0.480995,0.217597,0.425139,0.232008,0.448435
0.0602994,0.693984,0.000276179,0.000291219,0.00044297,0.000721794,0.000927733,0.0011964,0.00222281,0.00462396,0.0102037,0.0299191,0.000148584,0.41949,0.96744,1,69.4346,0.28738,0.285243,27.3036,0.654066,66.2378,0.612298,178.799,0.764297,261.103,1.01779,297.728,2.2197,0.191235,0.391696,0.239365,0.480047
0.0570168,0.624582,0.00033809,0.000291568,0.000488402,0.000730242,0.00103782,0.00146252,0.0026723,0.00495846,0.0104048,0.0326828,0.000104813,0.40199,0.862052,1,48.9811,0.317889,0.238107,28.3584,2.79407,63.0998,1.51612,180.487,1.78649,258.955,0.862699,295.786,0.645583,0.198027,0.381679,0.200639,0.408
0.0618431,0.796972,0.000272759,0.000240287,0.000423418,0.000881886,0.00109391,0.00150994,0.00282898,0.00546403,0.0120618,0.035813,0.000116745,0.489824,0.910091,1,56.6053,0.356798,0.317161,27.794,0.588058,64.2474,0.802981,176.511,1.62573,262.217,0.670985,297.226,1.45085,0.209221,0.408563,0.258226,0.513579
0.0530282,0.737609,0.000352084,0.000250571,0.000555735,0.00106247,0.00134136,0.00192678,0.00363982,0.00731942,0.0157719,0.0524648,8.31968e-05,0.525426,0.932993,1,51.4378,0.359766,0.267416,28.3761,3.09184,62.9992,2.46172,179.832,1.02074,258.46,0.454669,296.062,0.914373,0.200048,0.389446,0.207194,0.393404
0.0679791,0.646396,0.000343626,0.000266167,0.000560007,0.000905279,0.00131445,0.001852,0.00348541,0.00714416,0.0161953,0.0501565,9.05959e-05,0.513752,0.983436,1,55.0595,0.27025,0.32368,26.8355,0.332637,62.5941,1.11418,175.217,2.10902,262.806,0.461055,297.652,1.50615,0.186978,0.355612,0.20399,0.416751
0.0453372,0.821009,0.000183154,0.000177635,0.00036432,0.000712704,0.00100298,0.0012787,0.00237914,0.00492749,0.0110601,0.0342787,0.000116899,0.556138,0.960608,1,53.794,0.457107,0.248321,28.4303,1.35912,66.5208,0.53115,179.355,0.797827,262.225,0.905531,298.191,1.54101,0.203989,0.409303,0.232855,0.509487
0.043042,0.812532,0.00043885,0.000264042,0.000403176,0.000802195,0.00107036,0.00153389,0.00288165,0.00589897,0.0131014,0.0411393,0.00010938,0.538897,0.969931,1,58.654,0.498596,0.242971,28.7048,1.49171,63.2533,1.12627,180.709,0.425115,262.601,1.29444,296.342,0.379364,0.226492,0.424766,0.229859,0.461724
0.0606369,0.739274,0.000402779,0.000240316,0.000476341,0.000865357,0.00120089,0.00166621,0.0031009,0.0068124,0.0147004,0.0459623,0.000120094,0.502423,0.994662,1,47.8923,0.28777,0.318912,28.053,0.602969,62.7332,2.18063,176.972,0.703478,260.02,0.387193,298.52,3.32329,0.198257,0.407296,0.225263,0.49991
0.0552873,0.645642,0.000230726,0.000272932,0.000398219,0.000772401,0.00104066,0.00138073,0.00256708,0.00555439,0.012017,0.0368922,0.000142999,0.537156,0.980602,1,55.3833,0.275429,0.274373,28.4215,0.516495,60.8924,1.31205,177.108,2.54721,260.344,5.48546,298.466,0.53242,0.209095,0.411738,0.233095,0.48693
0.0570924,0.634252,0.000328591,0.000188568,0.000374295,0.000700009,0.00100087,0.00135134,0.00252408,0.00512039,0.0111022,0.0347561,0.000138433,0.538656,0.96393,1,52.2531,0.268823,0.268383,28.0087,0.806129,62.2052,2.32356,178.693,0.712839,261.184,0.309519,298.054,0.571047,0.192289,0.393431,0.206305,0.464296
0.0583911,0.638504,0.000243453,0.000206251,0.000391151,0.000794381,0.00110354,0.00148225,0.00276924,0.00570295,0.0127169,0.0390286,0.000128306,0.522564,0.950993,1,50.8372,0.274205,0.273785,27.7103,0.632452,63.6168,3.12612,181.267,1.39566,262.676,0.347104,297.481,1.14201,0.204723,0.383938,0.204389,0.435774
0.0598685,0.644596,0.000354566,0.000223236,0.000396839,0.000820508,0.00111379,0.00151242,0.00283613,0.00596237,0.0129179,0.0402716,0.000136625,0.564376,0.975907,1,51.6935,0.250023,0.286629,27.6145,0.796346,63.2437,6.0325,179.895,1.98882,261.492,0.340419,297.213,0.904475,0.190356,0.389227,0.190031,0.450833
0.0454031,0.803575,0.000230241,0.000279421,0.00041221,0.000798855,0.0011521,0.00150162,0.00279701,0.00602976,0.0132745,0.0409371,0.000112501,0.577517,0.981828,1,60.845,0.438774,0.256948,28.375,0.734661,62.8137,0.44518,177.099,1.5055,260.77,1.99717,297.25,1.87319,0.215568,0.415669,0.246216,0.462096
0.0506059,0.769802,0.000503338,0.000526622,0.000664693,0.00088039,0.00113883,0.00156495,0.00304577,0.00619455,0.0135609,0.0435616,0.000116053,0.41371,0.973092,1,50.9647,0.370158,0.262625,27.5619,0.866533,63.3096,6.86523,180.171,1.31329,260.451,0.507363,298.026,0.729423,0.199734,0.404616,0.218177,0.430775
0.0521529,0.707725,0.000452627,0.000363302,0.000745529,0.00081609,0.0012079,0.00158367,0.00274386,0.00600892,0.0132008,0.0413784,9.87708e-05,0.333027,0.990487,1,78.3136,0.346027,0.256242,28.4251,0.997645,64.139,0.889039,177.778,1.33108,260.149,0.384018,298.261,0.622974,0.19636,0.388482,0.221007,0.411971
0.0536671,0.725855,0.000325024,0.000238975,0.000439695,0.000711265,0.000985851,0.00134544,0.00229994,0.00495285,0.0107672,0.0333807,0.000146568,0.422899,0.987625,1,46.8611,0.30709,0.275807,29.0883,0.739149,63.3685,1.26388,179.046,1.03864,261.744,1.10573,295.617,2.0941,0.21137,0.426291,0.243426,0.493163
0.052092,0.746405,0.000232668,0.000283064,0.000422688,0.000866169,0.00120197,0.00162428,0.00289659,0.00626323,0.0136408,0.0425664,8.01368e-05,0.530195,0.947822,1,62.2723,0.38465,0.257644,27.5976,2.36502,65.9836,0.453621,179.467,1.52934,257.095,0.430089,300.408,0.557211,0.175697,0.367967,0.202533,0.417984
0.0483787,0.69812,0.000282369,0.000358343,0.000420945,0.000584913,0.000841753,0.00113848,0.00208165,0.00430526,0.00940117,0.0288117,0.000201424,0.369596,0.985738,1,56.5165,0.32002,0.247471,28.9906,0.471754,63.0193,3.92951,178.403,1.90699,263.527,1.02094,292.831,0.32459,0.231232,0.45247,0.237528,0.503103
0.0502644,0.741981,0.000414824,0.000272534,0.00053145,0.000604136,0.000792958,0.00105665,0.00195629,0.00410763,0.00872456,0.0273845,0.000159121,0.298584,0.980467,1,69.1067,0.369031,0.250916,28.0623,0.778438,62.882,0.97645,178.923,0.471751,262.961,2.35376,293.446,2.24699,0.205839,0.426946,0.241923,0.49055
0.0496523,0.675105,0.000318766,0.000369183,0.000476954,0.00061498,0.000939285,0.00126448,0.00230047,0.00466867,0.0104153,0.0306743,0.000151019,0.42749,0.950936,1,57.5164,0.321772,0.238851,28.8096,0.680718,64.4374,0.43294,181.084,1.11978,260.699,0.939049,296.623,0.890173,0.213245,0.418548,0.23137,0.461947
0.0606919,0.720148,0.000445029,0.000266712,0.000528855,0.0008259,0.00100875,0.00134912,0.00248123,0.00517408,0.0108988,0.03393,0.000132501,0.407373,0.948404,1,45.4551,0.311125,0.29387,27.3342,0.558002,62.0716,0.672225,178.589,1.33607,257.035,0.736089,300.9,1.45767,0.196254,0.405513,0.258501,0.525905
0.0597776,0.733576,0.000454976,0.000289515,0.000500573,0.000786566,0.000986713,0.00136219,0.0024407,0.00503133,0.0106473,0.0331438,0.000132106,0.380671,0.941237,1,45.0455,0.322729,0.289168,27.3583,0.509366,62.1277,0.557452,179.415,1.02206,257.762,0.705029,301.304,1.19746,0.195638,0.407845,0.259957,0.516846
0.0560754,0.673759,0.000241201,0.000323435,0.000468669,0.000688965,0.00101383,0.00134939,0.00251454,0.00503956,0.01093,0.0334186,0.000138166,0.456364,0.924465,1,52.74,0.292742,0.260205,28.2932,0.733775,64.3471,1.05279,177.708,0.712826,258.387,1.38404,299.656,1.0895,0.195542,0.397049,0.235004,0.458471
0.0577278,0.785986,0.000316842,0.000452417,0.000626278,0.00102311,0.00143556,0.00193588,0.00363475,0.00747641,0.0164081,0.0510664,8.90237e-05,0.451001,0.96628,1,49.426,0.357728,0.303334,27.7052,0.400098,63.847,2.3665,180.238,0.428874,262.418,0.37224,294.825,0.867335,0.199271,0.393011,0.194373,0.419638
0.0616936,0.746942,0.000464774,0.000297212,0.000452675,0.000909903,0.00118787,0.001602,0.00300796,0.00619615,0.0136421,0.0424986,8.45079e-05,0.520438,0.982874,1,84.8569,0.324018,0.30795,26.5494,0.522013,66.182,1.86874,182.601,0.301776,258.992,0.431992,297.855,1.75395,0.170811,0.363557,0.200384,0.424792
0.0558937,0.775141,0.00035205,0.000311473,0.000611136,0.00108733,0.00139872,0.00185421,0.00353009,0.00734664,0.015922,0.0513174,0.000101882,0.510993,0.984507,1,46.241,0.33705,0.302608,28.0842,1.1201,61.009,0.596977,176.139,0.34816,263.577,1.05636,296.727,1.0966,0.202001,0.395654,0.214878,0.441054
0.0551408,0.845425,0.000448707,0.000376158,0.000546469,0.00108487,0.00140043,0.00202552,0.00364027,0.00796332,0.017092,0.0550241,8.04291e-05,0.548314,0.969942,1,48.1418,0.393376,0.314,28.4575,1.14895,60.9345,1.10594,176.296,0.791422,261.997,0.610326,294.456,3.38928,0.202657,0.407362,0.2146,0.428975
0.0607406,0.7976,0.00027276,0.000213957,0.000355255,0.000841188,0.00116651,0.00162462,0.0029461,0.005933,0.0129074,0.0395691,0.000129551,0.555036,0.956373,1,57.5047,0.314713,0.32148,27.3708,0.931559,66.8413,1.72294,182.981,1.7658,258.77,0.675394,299.434,0.594936,0.199509,0.411571,0.240223,0.492835
0.0579883,0.851915,0.000335537,0.00025599,0.000407683,0.000926726,0.00120768,0.00165623,0.00314888,0.00644783,0.0141404,0.0425618,0.000110241,0.606147,0.952696,1,48.0762,0.350335,0.324315,27.7323,0.640625,66.0673,1.89032,182.186,0.714311,257.363,0.78814,299.516,1.35908,0.202682,0.409662,0.260751,0.487869
0.0535628,0.662494,0.000478668,0.000368842,0.000668603,0.00091906,0.00131133,0.00176614,0.00321518,0.00645865,0.0138314,0.0453133,9.66106e-05,0.432755,0.92023,1,60.6675,0.313764,0.243626,28.4911,4.75207,64.3673,1.69573,179.493,1.45697,259.856,0.413751,295.947,0.823796,0.191987,0.377851,0.187304,0.384394
0.0547173,0.709964,0.000288075,0.000264602,0.000435984,0.000778215,0.00102348,0.00137438,0.00263689,0.00539479,0.0118892,0.0367911,0.000143191,0.443191,0.957288,1,74.6419,0.317042,0.272705,27.9575,0.45717,63.1722,3.54419,180.735,1.08581,259.718,2.16991,298.176,0.864342,0.212993,0.415838,0.24719,0.469579
0.0535834,0.67679,0.000324528,0.000292071,0.000414047,0.000694546,0.000909642,0.00132645,0.00236528,0.00517887,0.0110905,0.0345033,0.000136129,0.447082,0.994986,1,49.0886,0.304694,0.26747,28.3625,0.688853,62.4237,0.633658,178.985,0.846907,262.285,0.646471,295.906,1.36853,0.20994,0.408738,0.233766,0.46036
0.0542526,0.836589,0.000329818,0.000247563,0.000440575,0.000922987,0.00131318,0.00166535,0.00323426,0.00643967,0.0144149,0.0446663,0.000113566,0.533078,0.957206,1,62.9584,0.371043,0.304441,28.5453,0.64013,62.8389,0.583542,178.991,1.57163,261.327,1.4534,296.521,0.685302,0.215515,0.424831,0.248358,0.486963
0.0541592,0.701074,0.000419461,0.000322261,0.000504695,0.000736655,0.0010009,0.00124055,0.00240982,0.00519118,0.010701,0.0329284,0.000126638,0.408169,0.978511,1,54.5161,0.307075,0.26096,28.1629,1.25945,64.8792,2.92814,180.19,1.12519,261.183,0.319002,296.855,2.2247,0.186847,0.393508,0.207362,0.449239
0.0516033,0.78112,0.000535795,0.000432254,0.000635455,0.000785332,0.00117437,0.001478,0.00280553,0.00562299,0.012729,0.0391602,0.000143255,0.360304,0.967479,1,54.4424,0.370417,0.277313,28.9039,1.19583,62.0756,0.740006,177.927,0.746556,260.539,2.5169,297.541,0.708608,0.23465,0.446969,0.276013,0.514807
0.050532,0.758352,0.000310592,0.00042886,0.000551777,0.000774654,0.000973268,0.00139831,0.00244838,0.00512715,0.0108865,0.033838,0.000154474,0.368048,0.944464,1,47.3253,0.351903,0.261691,29.4346,0.909849,62.3734,1.06834,180.708,1.26407,261.555,0.393357,295.815,0.511669,0.230564,0.454145,0.256415,0.486014
0.0502078,0.829505,0.000686013,0.000413181,0.000746985,0.000789995,0.00114216,0.00142951,0.00274677,0.00548414,0.011717,0.0364553,0.000116625,0.319418,0.942866,1,50.4131,0.423577,0.264474,28.9603,1.00419,63.2763,0.862182,179.94,1.39227,261.091,0.262913,300.052,0.917954,0.21013,0.439332,0.246764,0.51281
0.0502478,0.817712,0.000322139,0.000218435,0.000433894,0.000826244,0.0012477,0.00154701,0.00302234,0.00591964,0.0129211,0.0395371,0.00012544,0.494019,0.91278,1,55.9183,0.388228,0.269386,29.1531,1.14443,63.0228,1.78325,179.919,1.04767,259.77,3.2838,295.864,1.29478,0.223639,0.437576,0.253718,0.463413
0.0531956,0.797307,0.000315609,0.000319338,0.000452639,0.00100027,0.00115934,0.00175631,0.00310865,0.00654987,0.0143671,0.0449092,0.000129612,0.516141,0.960631,1,52.3587,0.353074,0.297133,29.111,0.735361,61.5777,0.894203,180.73,1.30819,262.183,0.345745,294.833,0.949846,0.234796,0.444882,0.247483,0.484667
0.0532689,0.781833,0.000229711,0.000262584,0.000389036,0.000877922,0.00119789,0.00161527,0.00307193,0.0064877,0.0140484,0.0439527,0.000150599,0.571809,0.950837,1,52.9126,0.314224,0.292433,28.7837,0.733688,63.8303,1.28356,180.039,0.949473,261.274,0.810753,295.763,0.761872,0.226798,0.435013,0.242982,0.481154
0.0513164,0.723382,0.000284084,0.000185399,0.000304035,0.000657578,0.000898589,0.00122409,0.00220833,0.00469112,0.0102976,0.0312692,0.0001602,0.556438,0.967316,1,56.0797,0.323266,0.267152,28.6914,2.91502,62.856,2.02556,179.249,0.833358,264.05,0.287606,295.618,0.346993,0.21443,0.427955,0.223152,0.50182
0.050653,0.70233,0.000254101,0.00020771,0.000296284,0.000654853,0.000878632,0.00116246,0.00211234,0.00447544,0.00976707,0.0300219,0.000169705,0.533158,0.961582,1,54.4495,0.315878,0.257638,28.5322,2.24185,62.2181,2.01137,179.4,1.87082,263.212,0.292434,295.121,0.330699,0.217383,0.423491,0.237241,0.494264
0.0493991,0.716337,0.000264563,0.000200046,0.000357029,0.000663974,0.000889655,0.00120207,0.0021871,0.00465135,0.0101436,0.030497,0.000170804,0.476663,0.959658,1,48.9585,0.316018,0.250091,28.9626,2.32798,63.4688,1.58219,179.866,1.39032,261.878,0.388633,295.166,0.294048,0.213415,0.431115,0.220237,0.510846
0.0496854,0.710279,0.000271905,0.000186206,0.000347211,0.000655874,0.000873818,0.00119297,0.0021479,0.0046028,0.00992415,0.0300853,0.000172496,0.495372,0.963023,1,49.1258,0.311343,0.252689,29.0898,2.04798,63.2003,1.56684,179.645,1.85405,262.191,0.396198,295.068,0.287988,0.213996,0.437571,0.222136,0.499862
0.0481281,0.722118,0.00029897,0.000272009,0.000409944,0.00074017,0.00102612,0.00131324,0.00242382,0.0048331,0.0109392,0.0333866,0.000133503,0.430942,0.944123,1,54.3326,0.381751,0.245183,29.2038,6.21703,61.7929,1.49235,178.864,1.38144,262.973,1.53904,295.704,0.267133,0.227862,0.431856,0.236508,0.470411
0.0508991,0.699283,0.00033329,0.000281125,0.000454584,0.000709828,0.000968574,0.00136022,0.00232606,0.00464488,0.00985377,0.0314764,0.0001426,0.387334,0.926322,1,31.6732,0.346632,0.244946,28.9841,2.05271,61.8622,2.01081,180.723,0.68511,262.65,2.49447,298.245,0.252619,0.216114,0.428989,0.218934,0.514853
0.0530547,0.758393,0.000407377,0.00039416,0.00071113,0.000767249,0.00105665,0.00134803,0.00262513,0.00533221,0.0118658,0.0357155,0.000156635,0.332796,0.963521,1,75.0874,0.322383,0.270508,28.8354,1.75876,64.8722,1.14284,180.867,1.57253,261.135,0.638882,297.012,2.41239,0.216091,0.436935,0.237663,0.506578
0.0472962,0.789664,0.000524917,0.00043747,0.000572234,0.000641774,0.000888915,0.00122952,0.00217858,0.00476157,0.00995433,0.031462,0.000137411,0.339364,0.99556,1,54.2971,0.427931,0.256402,28.9576,3.54626,62.789,1.55259,182.347,1.29998,258.905,1.64987,297.72,0.417785,0.230262,0.452797,0.286904,0.534581
0.0467154,0.802483,0.000313528,0.000232004,0.000337244,0.000720417,0.000962034,0.00133253,0.00246064,0.005134,0.0117395,0.0357739,0.000147853,0.548328,0.979733,1,57.8627,0.390002,0.263804,28.9147,0.80797,63.6737,1.63488,177.522,1.78716,261.905,0.68439,298.182,2.24331,0.224407,0.438065,0.259146,0.544473
0.0503431,0.78239,0.000283163,0.000380182,0.0004449,0.000837544,0.00123266,0.00163114,0.003004,0.00651472,0.0137753,0.0444516,9.40833e-05,0.534741,0.977615,1,56.0204,0.409834,0.276542,28.2771,0.790238,61.9741,1.65055,180.634,0.820748,258.754,0.654602,295.995,0.620145,0.216905,0.41243,0.246896,0.439018
0.0506549,0.70655,0.000244789,0.000267433,0.000356813,0.000912533,0.00111164,0.0015909,0.00305711,0.00610863,0.0139266,0.0432263,0.000121867,0.625287,0.967263,1,45.9029,0.299234,0.263492,28.9052,2.00891,64.3313,1.52054,175.971,1.09909,263.185,0.257434,297.993,2.03895,0.205198,0.393983,0.197762,0.466853
0.0526596,0.738937,0.000355243,0.000228772,0.000363969,0.000667219,0.00102834,0.00132041,0.00236167,0.00522962,0.0110669,0.0342681,0.000133655,0.466095,0.990065,1,62.5011,0.336068,0.275442,28.2346,0.709491,61.7792,0.350951,180.602,1.5723,264.012,0.28475,294.177,0.446623,0.207957,0.423868,0.219923,0.470881
0.0542437,0.749051,0.000231686,0.000250328,0.000390499,0.000656014,0.000859026,0.00118366,0.00223133,0.0045445,0.0095523,0.0298541,0.00012946,0.422092,0.946108,1,57.0673,0.371642,0.272236,28.147,0.593415,63.0791,0.62887,179.634,0.411819,264.998,0.470707,294.164,0.451942,0.210926,0.41552,0.234484,0.481198
0.0531573,0.728208,0.000254237,0.00025332,0.000417988,0.000750226,0.00101908,0.00141795,0.00258716,0.00536801,0.0120248,0.0362151,0.000130185,0.492958,0.972499,1,53.711,0.314481,0.270204,28.6166,1.65804,64.4613,1.44084,179.61,0.822936,256.964,0.606203,300.731,2.59045,0.200177,0.407887,0.249875,0.469339
0.0530636,0.728466,0.000254196,0.00025526,0.000418682,0.000751008,0.00102297,0.00142281,0.00259627,0.00538485,0.0120622,0.0363379,0.000129939,0.493547,0.972069,1,53.5427,0.313817,0.26992,28.6086,1.63908,64.4241,1.47119,179.58,0.798879,256.954,0.588404,300.694,2.59524,0.200574,0.407966,0.250372,0.469245
0.055026,0.760219,0.000528541,0.000432053,0.0006845,0.000786763,0.00106854,0.00141267,0.00256581,0.00549768,0.012092,0.0373432,0.000118601,0.315995,0.984463,1,59.3915,0.344552,0.281134,28.4669,1.5885,64.3676,0.633288,179.98,1.08722,262.148,0.442855,295.8,0.529378,0.207505,0.413948,0.224179,0.479435
0.060025,0.710757,0.000462985,0.000483159,0.000644729,0.000873728,0.001153,0.00160178,0.00295988,0.00595662,0.0130402,0.0392184,0.000160401,0.388954,0.979819,1,45.3698,0.262312,0.302889,28.5973,0.965062,63.1727,0.762155,178.328,1.66866,261.931,1.23584,297.065,1.21297,0.213936,0.422788,0.238737,0.475775
0.0425921,0.69428,0.000182287,0.000170659,0.000278109,0.000509622,0.000652539,0.000961479,0.00177759,0.00385832,0.00843012,0.0259768,0.000149499,0.536706,0.996502,1,62.0085,0.403291,0.214697,28.0412,2.39213,61.942,2.65623,180.176,1.88241,260.983,0.448355,298.547,1.7017,0.193586,0.402696,0.238681,0.479363
0.0422927,0.666238,0.00029049,0.000204334,0.000345109,0.000664502,0.000860835,0.00119539,0.00225935,0.00483293,0.0105226,0.0326781,0.000139149,0.515528,0.991598,1,66.0117,0.365662,0.209169,28.6114,1.32935,64.4537,1.71698,179.344,1.52785,260.754,0.422632,298.765,2.24627,0.199338,0.394357,0.215251,0.434536
0.0459464,0.765698,0.000307148,0.000259047,0.000415089,0.000573716,0.000775178,0.00108394,0.00200457,0.00415179,0.00889908,0.0268378,0.0001656,0.396711,0.958909,1,68.2054,0.399831,0.237263,28.6857,1.3553,65.5788,1.11256,180.665,0.85379,262.759,1.27655,295.877,0.8541,0.221879,0.438709,0.250047,0.513281
0.0571646,0.633871,0.000302605,0.000246077,0.000399606,0.000767422,0.00107217,0.00147409,0.00280322,0.00598804,0.0127311,0.0402726,0.000134948,0.532404,0.96984,1,47.2539,0.260272,0.272992,27.9888,0.646017,62.1675,0.939945,177.779,1.9212,260.164,0.536285,299.379,3.95452,0.199644,0.388397,0.222266,0.444162
0.0487983,0.659525,0.000287804,0.000329154,0.000444743,0.00071931,0.000951166,0.00125742,0.00225096,0.00487632,0.0110716,0.0336569,0.000134928,0.446502,0.987497,1,59.7607,0.334393,0.241229,28.4944,1.14457,60.2364,0.973439,179.612,0.743885,255.337,0.886047,299.229,0.459387,0.210218,0.420587,0.256935,0.458294
0.0523847,0.810345,0.000313094,0.000329547,0.000474419,0.000688414,0.000997093,0.00137008,0.00251664,0.00527613,0.0109828,0.0344671,0.000141529,0.445481,0.97758,1,45.4942,0.369297,0.287798,28.9379,0.81137,65.2296,2.97291,178.081,1.7398,264.057,0.459519,298.486,2.27858,0.224799,0.435074,0.273479,0.531587
0.0569222,0.699462,0.000385093,0.000347687,0.000517832,0.000812254,0.0010528,0.00140043,0.00261077,0.0053043,0.0119628,0.035898,9.30002e-05,0.433203,0.963511,1,66.6843,0.334093,0.271663,27.8711,1.06396,63.4336,0.736668,178.965,0.399063,264.32,0.264018,292.178,0.283224,0.185412,0.37574,0.159573,0.414771
0.0540756,0.805476,0.000408052,0.000320293,0.000501293,0.00098806,0.00144195,0.001966,0.00359289,0.00770381,0.016521,0.0558017,7.89219e-05,0.580113,0.978296,1,56.1497,0.376647,0.29895,28.1966,0.657447,64.7464,2.65731,178.777,4.25235,260.926,0.523185,293.928,4.86941,0.199278,0.38822,0.210422,0.388243
0.0538786,0.696548,0.000321763,0.000310144,0.000427887,0.00096987,0.00121888,0.00170751,0.0032125,0.00691368,0.0158777,0.049611,9.35584e-05,0.567497,0.988253,1,51.598,0.312604,0.27468,28.3093,1.83426,63.5194,1.00737,179.496,0.327176,261.328,0.305469,296.755,0.292566,0.193959,0.385772,0.18354,0.424936
0.0571486,0.763203,0.000387092,0.000290356,0.00057692,0.00105553,0.00143058,0.00195522,0.00358017,0.00775325,0.0171784,0.0541717,9.78707e-05,0.520345,0.995695,1,63.1834,0.306222,0.302353,27.8666,2.95309,64.6902,1.0879,178.772,1.45448,262.408,1.02148,296.827,0.383199,0.189695,0.381092,0.183183,0.436398
0.0489811,0.725161,0.000282065,0.000300157,0.000467079,0.000602634,0.000881999,0.00110532,0.00209941,0.00426878,0.00928631,0.027776,0.000169057,0.352354,0.93649,1,53.3119,0.376431,0.243615,28.6145,1.44917,60.8543,0.985706,179.568,2.57784,261.147,0.406338,302.513,0.383027,0.229519,0.443073,0.28388,0.57985
0.0455078,0.713425,0.000414723,0.000250448,0.000432299,0.000520977,0.000727515,0.00098832,0.00174895,0.00367431,0.00790564,0.0232892,0.000204612,0.374937,0.957443,1,47.4747,0.357951,0.230138,29.731,3.26239,62.545,4.34759,179.622,0.441334,257.413,0.261963,298.495,0.97048,0.231041,0.471973,0.297045,0.566952
0.0441286,0.746907,0.000257745,0.00035633,0.000504911,0.000637618,0.00084165,0.00109515,0.00210224,0.00426547,0.00922644,0.0281948,0.000188486,0.329531,0.956138,1,53.3164,0.399755,0.232215,29.7876,1.45264,60.7468,0.46599,179.022,0.505815,262.003,0.347581,296.373,2.13463,0.244574,0.481751,0.270257,0.565544
0.0492573,0.777021,0.000452242,0.000255251,0.000439946,0.00060272,0.000901019,0.00120049,0.00214502,0.00463265,0.0103616,0.0304503,0.000152924,0.415024,0.982503,1,62.1127,0.38925,0.268349,28.9111,0.988201,61.1321,1.67839,177.072,0.861724,261.634,1.00612,296.138,1.24613,0.2333,0.447903,0.294009,0.536497
0.0501852,0.779083,0.000335516,0.000165822,0.000385531,0.000758884,0.00103025,0.00137738,0.00258547,0.0052503,0.0115319,0.0367273,0.000134581,0.504916,0.994962,1,51.3064,0.365577,0.275635,28.611,2.209,63.4847,1.34867,181.814,1.05976,258.56,0.854758,299.456,0.66286,0.22082,0.428659,0.274195,0.517625
0.0517521,0.779126,0.000302532,0.000253395,0.000349468,0.000769549,0.0010504,0.00137254,0.00248061,0.00552763,0.0118552,0.0370943,0.000149279,0.542083,0.990557,1,54.5865,0.331831,0.285848,28.5097,1.77813,62.6647,1.57051,181.458,0.485698,258.697,1.10673,299.358,0.84618,0.216932,0.441477,0.264982,0.524879
0.053757,0.720239,0.000482836,0.00051648,0.000843659,0.000732052,0.000992898,0.00127217,0.00232652,0.00487936,0.0108231,0.033549,0.000109796,0.264252,0.994367,1,52.5031,0.360293,0.261853,28.0688,0.673144,63.8295,1.32309,177.599,1.36476,262.768,0.535517,295.652,1.91709,0.19338,0.392697,0.221196,0.453251
0.0522773,0.718069,0.000612413,0.000665119,0.000829834,0.00081077,0.00104896,0.00144252,0.0026956,0.00557974,0.0121135,0.0384644,0.000130378,0.281773,0.99347,1,56.2505,0.319917,0.25578,27.869,1.26913,64.0998,1.95009,176.822,0.575261,263.52,0.337176,296.897,0.974984,0.191768,0.391755,0.195063,0.443912
0.051867,0.7618,0.000344548,0.000415984,0.000573688,0.000906591,0.00135119,0.00170962,0.00307121,0.00646485,0.0142419,0.0439455,9.53079e-05,0.426963,0.969431,1,56.5211,0.352718,0.260931,28.0448,1.83067,66.2308,1.72944,180.537,3.15385,260.988,0.880581,294.811,0.623316,0.183833,0.380454,0.182627,0.386054
0.0571746,0.735014,0.000188184,0.000186267,0.000310762,0.00089706,0.00132265,0.00167882,0.00307636,0.00690945,0.0150634,0.0471586,8.68292e-05,0.680365,0.997663,1,52.5446,0.349776,0.310658,26.7857,0.344282,60.4641,1.06478,177.599,1.85479,260.766,0.447952,298.228,3.04453,0.195867,0.376201,0.234613,0.435508
0.0528011,0.605806,0.000313539,0.000193773,0.000374707,0.000751816,0.000938552,0.00146133,0.00252733,0.00572607,0.0127208,0.0401611,0.000126076,0.591422,0.99099,1,65.4747,0.283432,0.252879,27.6742,0.415135,62.875,0.935103,178.684,1.08566,261.055,0.730208,296.805,0.424651,0.197674,0.380457,0.206901,0.401724
0.0483739,0.744737,0.000202957,0.000203637,0.000345874,0.000756007,0.00110583,0.00134102,0.00266566,0.00565174,0.0120746,0.0384772,0.000114072,0.559248,0.964302,1,47.8431,0.369971,0.250509,27.8612,3.08709,63.8006,3.15446,179.96,1.34002,261.524,0.308297,294.699,2.50479,0.196359,0.39726,0.195958,0.422436
0.054815,0.793947,0.000622258,0.000359205,0.000741309,0.00086793,0.00110309,0.00162139,0.00299588,0.00646369,0.0138468,0.0425772,0.000116945,0.369337,0.998556,1,48.3661,0.338277,0.295919,28.7245,0.813553,64.6981,1.72375,182.26,0.555952,258.138,0.592004,297.975,2.73846,0.213491,0.43308,0.254032,0.48192
0.0469693,0.733231,0.000558578,0.000335795,0.000568627,0.000915523,0.00114863,0.00167541,0.0029919,0.00606439,0.0132993,0.0433674,0.000118507,0.392931,0.946033,1,61.1425,0.386124,0.236287,28.7066,0.862404,62.5915,0.736017,176.803,0.578563,262.314,1.03456,296.785,0.576912,0.20856,0.412199,0.202868,0.444862
0.0473637,0.674712,0.000298792,0.000337636,0.000458329,0.000757272,0.00102001,0.00132438,0.00261702,0.00498201,0.0111621,0.0360195,0.000129782,0.411579,0.933709,1,67.0351,0.351733,0.224508,28.9472,1.63326,63.6702,1.1818,176.719,4.9758,261.574,0.521948,296.079,0.60688,0.207929,0.402012,0.2104,0.425851
0.0518566,0.624195,0.000361862,0.000226671,0.000492481,0.000771538,0.00108485,0.00150903,0.00263847,0.00592419,0.0125775,0.0394365,0.000114078,0.485052,0.970951,1,58.6406,0.288998,0.235575,27.6142,2.85238,63.5493,0.39166,179.9,0.368451,260.179,0.338629,297.869,1.43425,0.178664,0.370608,0.177633,0.390741
0.0543719,0.894218,0.000280617,0.000362046,0.000436165,0.000882186,0.00123739,0.00163254,0.00331248,0.0064235,0.0135173,0.0419846,8.7956e-05,0.514818,0.91939,1,43.7207,0.493466,0.312983,29.1803,0.490287,62.0499,5.05087,179.983,0.428611,263.045,0.569948,298.366,0.880475,0.240008,0.441922,0.286725,0.536429
0.0581114,0.749643,0.000460747,0.000342004,0.000535585,0.000942805,0.00124531,0.00171865,0.00299393,0.00647505,0.0146403,0.0459474,0.000110173,0.476774,0.991108,1,66.8871,0.30048,0.300863,28.2316,1.6467,66.5136,0.481619,180.166,0.266574,258.544,0.540201,295.351,1.09662,0.194617,0.396679,0.220944,0.40103
0.0562102,0.711208,0.000387549,0.000384784,0.000655229,0.00104064,0.00132694,0.00173797,0.00347434,0.0071204,0.0150409,0.0486396,0.000100505,0.424076,0.936765,1,48.9382,0.324723,0.273009,27.8342,0.601683,62.2554,4.39882,181.96,1.85071,259.646,0.308639,296.82,2.22729,0.201654,0.400264,0.200134,0.408325
0.0517361,0.77045,0.000383241,0.000282398,0.000550243,0.00070929,0.00105126,0.0014374,0.00251304,0.00524976,0.0120515,0.0356188,0.000121877,0.402928,0.971817,1,67.7245,0.365078,0.265564,28.1673,0.965228,64.4224,1.08686,178.165,0.841491,258.49,2.83748,300.131,0.681168,0.196286,0.405953,0.248342,0.488837
0.0540295,0.743452,0.00037268,0.000370035,0.000672121,0.000863149,0.0010939,0.00146398,0.00280253,0.0057543,0.0119562,0.0383803,0.00012493,0.361641,0.942316,1,69.4498,0.332645,0.266192,28.5432,1.88893,64.5754,0.886914,181.844,0.334835,260.128,0.389871,296.683,2.35086,0.206607,0.417461,0.222435,0.46027
0.0550936,0.696413,0.000380739,0.000313878,0.000414659,0.000730187,0.0010796,0.00144049,0.00257901,0.00522894,0.0114152,0.0346316,0.000131962,0.456968,0.926535,1,60.8473,0.305731,0.260301,28.1601,3.51028,64.3254,0.847252,182.794,0.454992,259.218,0.33359,295.453,0.347075,0.198937,0.406214,0.202553,0.430186
0.0479884,0.636294,0.000253606,0.000262336,0.000428377,0.00069,0.000870964,0.00117971,0.00224083,0.00447774,0.00968014,0.029658,0.000130328,0.432563,0.929137,1,47.3868,0.339929,0.213933,28.2555,1.20677,64.7254,1.12802,179.92,2.63143,258.906,0.459394,297.266,5.01394,0.191631,0.388292,0.203829,0.416933
0.0537884,0.659995,0.000376634,0.000257632,0.000419565,0.000794321,0.00116987,0.00154917,0.00286195,0.00551239,0.0118949,0.0376061,8.94569e-05,0.474959,0.895258,1,67.718,0.380654,0.24203,27.1028,0.343804,61.1081,1.47423,177.906,0.607973,259.393,0.659231,300.378,0.281005,0.19074,0.370248,0.210716,0.412278
0.0573226,0.687072,0.000308653,0.000325621,0.000488966,0.000803274,0.00102012,0.00139137,0.00264884,0.00570656,0.0123984,0.0380257,0.000117283,0.459105,0.985294,1,47.5191,0.307784,0.285009,27.9692,0.525294,62.3303,1.3482,178.256,2.86875,262.125,1.9685,296.846,0.48168,0.204471,0.395202,0.221355,0.469804
0.0476591,0.769978,0.000289314,0.000266031,0.000445605,0.000612432,0.000901584,0.00119388,0.00222418,0.0043878,0.00956282,0.0292844,0.00013279,0.399817,0.941186,1,64.6315,0.430284,0.245656,29.0691,0.735991,62.2581,0.913256,178.81,0.612173,260.353,0.453355,297.847,1.25598,0.2181,0.439895,0.26377,0.534118
0.0488652,0.768791,0.000330633,0.000321975,0.000453514,0.000885828,0.00112732,0.00146768,0.00277485,0.00584234,0.0125607,0.0393238,0.000143475,0.463603,0.948846,1,54.7103,0.371766,0.263063,28.9376,0.693448,60.2446,1.46653,177.968,0.791037,256.759,0.931324,299.617,0.969834,0.228753,0.450226,0.279203,0.501572
0.0516253,0.722679,0.000321244,0.000229745,0.000554277,0.000707736,0.00103215,0.00144765,0.00260703,0.00501758,0.0110639,0.0345498,0.000154423,0.413696,0.931992,1,41.5935,0.346091,0.264328,29.2944,0.594559,60.955,3.4934,178.321,2.34056,260.748,0.546138,298.25,1.95157,0.240308,0.450543,0.271673,0.530927
0.0450435,0.775481,0.000241689,0.000217403,0.000259126,0.000506081,0.000754975,0.00105338,0.00185451,0.00398883,0.00867423,0.0260916,0.000152575,0.478191,0.99698,1,65.2877,0.400717,0.236852,28.1454,1.35083,67.3894,0.650432,181.892,0.559977,261.907,1.74671,297.107,2.07744,0.197585,0.416545,0.241909,0.519819
0.0480356,0.725277,0.000190973,0.000158039,0.000335205,0.000624991,0.000749848,0.0009733,0.00192075,0.00405888,0.00856032,0.026265,0.00018,0.470026,0.943556,1,71.2663,0.371885,0.242573,28.3731,0.59832,64.2343,0.515018,181.951,2.78517,261.754,1.06325,297.187,1.13925,0.224995,0.440858,0.264803,0.524206
0.0527389,0.735279,0.000263219,0.000208935,0.000272798,0.000567229,0.00082048,0.0011164,0.00202345,0.00422873,0.00943267,0.0271468,0.000179948,0.501187,0.9964,1,46.9902,0.321387,0.277728,27.9125,0.499284,63.7209,0.367267,180.399,0.68808,261.424,0.737856,295.921,2.46205,0.217733,0.435897,0.282682,0.532578
0.0491029,0.79371,0.000404745,0.000436503,0.000419247,0.000711852,0.000916952,0.00121661,0.00232429,0.00489238,0.0102914,0.0310594,0.000163333,0.390553,0.973588,1,58.3256,0.376687,0.262511,28.6886,1.53779,64.3445,0.679684,180.897,1.95137,261.485,0.576737,298.765,0.594233,0.223392,0.443832,0.265176,0.547998
0.0539295,0.640521,0.000299986,0.000250457,0.000445588,0.000570562,0.000819329,0.00111208,0.00198624,0.00408769,0.00873117,0.0267482,0.000178856,0.35764,0.965801,1,58.4936,0.290389,0.250861,28.4101,0.861584,61.7196,1.48614,178.455,0.505893,258.925,2.31867,297.367,2.9004,0.209434,0.423697,0.263188,0.491807
0.0580091,0.664884,0.000268181,0.000282449,0.00042553,0.000836537,0.00110129,0.00146113,0.00270993,0.0058468,0.0127772,0.0381553,0.000112186,0.469906,0.95697,1,54.2883,0.315583,0.278441,27.277,0.320868,61.844,2.4267,180.319,2.5887,262.837,0.379008,297.038,0.539223,0.204747,0.391758,0.211516,0.447257
0.0561452,0.646537,0.000280318,0.00020991,0.00040615,0.000736019,0.00100245,0.00139698,0.00252535,0.00552814,0.0116176,0.0352419,0.000113598,0.508118,0.9864,1,47.3509,0.338313,0.278953,27.5191,0.315175,60.4626,1.08758,181.349,1.3796,260.81,0.278842,296.011,0.64684,0.21942,0.40363,0.253124,0.446261
0.0526602,0.670608,0.00035586,0.000234968,0.000436569,0.000795602,0.00109554,0.00152549,0.00259186,0.00588048,0.0122677,0.0375877,0.000111479,0.497217,0.950374,1,55.9215,0.339829,0.259246,28.3427,0.399015,61.0145,0.953498,180.218,0.814051,261.751,0.260289,295.781,1.6388,0.214508,0.409452,0.217462,0.436027
0.0536952,0.669141,0.000331832,0.000296598,0.000444916,0.000709256,0.000985271,0.00134723,0.00254384,0.00551625,0.0115001,0.0349776,0.000120527,0.437214,0.975329,1,42.5938,0.326832,0.260937,27.8909,0.536931,62.6104,0.887033,179.814,6.95144,260.295,0.260173,297.08,0.55515,0.209234,0.397209,0.232015,0.440552
0.0525776,0.645138,0.000384364,0.000333205,0.000481983,0.000680244,0.00089269,0.0012437,0.00235014,0.00489018,0.010557,0.0323484,0.000141529,0.365586,0.97727,1,52.9131,0.3065,0.24453,27.7339,0.548891,62.3243,0.784574,178.704,0.317612,260.749,0.340037,299.103,0.883683,0.196573,0.39627,0.221254,0.485581
0.0520536,0.634969,0.000286293,0.000264627,0.000425215,0.00062326,0.000890001,0.00115091,0.00204554,0.00428771,0.00913036,0.0279418,0.000185462,0.410468,0.935939,1,41.7283,0.288764,0.242826,29.0466,4.686,62.1709,1.40774,180.448,0.799329,257.857,0.954089,297.511,0.380228,0.224082,0.434985,0.258058,0.509827
0.0536851,0.736715,0.000458414,0.000297467,0.000615876,0.000578363,0.000756385,0.00104628,0.00201539,0.00404687,0.00865698,0.0258488,0.000181366,0.295914,0.96709,1,73.5652,0.325937,0.260709,27.8199,0.602372,65.5791,1.84777,179.451,0.362628,261.292,1.57496,300.377,2.13359,0.1996,0.42783,0.267569,0.558268
0.0535235,0.774657,0.000636233,0.000461721,0.000575009,0.000922155,0.00122767,0.00171273,0.00320087,0.00646821,0.013696,0.0443318,0.000115674,0.402842,0.946025,1,48.3842,0.355452,0.284983,29.6818,1.83322,62.1216,1.13982,179.922,0.530585,261.657,0.741202,296.215,0.950308,0.235505,0.444599,0.243984,0.478792
0.0483338,0.835926,0.000200536,0.00021446,0.000425262,0.000712308,0.00100124,0.00130905,0.00237202,0.00509723,0.0117178,0.035437,0.000178691,0.501193,0.996471,1,58.7071,0.362052,0.278782,28.6449,1.07788,63.3761,3.93713,179.836,1.15166,258.627,0.963773,297.948,2.0554,0.22147,0.462364,0.284074,0.531186
0.057991,0.733354,0.000282726,0.000276481,0.000499844,0.00104661,0.00134255,0.00192259,0.00336637,0.00737998,0.0155938,0.0500817,9.37061e-05,0.518129,0.974536,1,55.6032,0.313385,0.296015,27.6965,0.806471,62.4424,0.548752,179.881,1.97866,259.69,0.529584,296.78,0.474054,0.188065,0.385856,0.208099,0.395076
0.0653059,0.756131,0.000494488,0.000381646,0.000567682,0.00103406,0.00150508,0.00189341,0.00372858,0.00782051,0.0175694,0.053007,9.70084e-05,0.516788,0.978614,1,49.5382,0.285221,0.342452,28.0999,1.26055,63.6922,2.14607,177.692,0.64885,260.362,0.398818,300.68,0.453176,0.197372,0.390581,0.220797,0.472972
0.0467566,0.726699,0.000277163,0.000257146,0.000375783,0.000628333,0.000823201,0.00114313,0.00215663,0.00414128,0.00913146,0.0271751,0.000161786,0.439389,0.930188,1,52.1185,0.368462,0.229005,28.8361,4.08958,65.0718,3.04562,180.682,1.37445,259.488,0.259688,297.529,0.28227,0.20533,0.434249,0.225639,0.502245
0.0550138,0.669454,0.000284119,0.000237332,0.000388608,0.000618495,0.000873798,0.00111761,0.00212487,0.0044356,0.00901996,0.0276412,0.000162046,0.416953,0.9444,1,48.7069,0.32288,0.267688,28.5087,0.437263,60.7448,1.06208,177.66,0.85788,265.087,1.31411,296.897,0.5398,0.227587,0.435945,0.248729,0.55028
0.0575078,0.796594,0.00030649,0.000256307,0.000513073,0.000789442,0.00106622,0.00145748,0.00262097,0.00502154,0.0103966,0.0317833,0.000188458,0.403646,0.865784,1,43.9791,0.320528,0.288643,29.0391,1.23105,61.7691,1.05888,177.356,2.01523,260.033,0.98382,296.812,0.527684,0.229258,0.46496,0.27314,0.561112
0.0546871,0.851642,0.000311684,0.000297066,0.000414641,0.000802632,0.00108708,0.00144355,0.00270281,0.00514263,0.0112492,0.0336126,0.000125242,0.473025,0.892159,1,44.378,0.425125,0.292571,28.5684,0.993147,62.1337,1.87829,177.955,1.77739,263.148,1.19496,297.687,0.597159,0.228212,0.435616,0.280785,0.527406
0.0675843,0.610964,0.000466994,0.00045415,0.000733189,0.000911899,0.00132366,0.00177073,0.00330521,0.00660309,0.0146012,0.0443174,0.000120274,0.381149,0.93883,1,61.4986,0.232176,0.294977,27.7968,1.10267,63.2829,1.28735,180.739,1.78872,258.295,0.503401,297.737,2.96681,0.193357,0.382468,0.212307,0.394951
0.0690017,0.601789,0.000458246,0.000421319,0.000735647,0.000983178,0.00135057,0.00182108,0.00341029,0.00659507,0.0148596,0.0448637,0.000106907,0.391805,0.907542,1,47.2543,0.22993,0.28986,28.2276,1.81768,64.426,0.993471,181.75,1.93606,259.71,0.45319,298.7,3.57478,0.187811,0.381091,0.184831,0.402653
0.0697254,0.623296,0.000565762,0.00049672,0.000708883,0.000921597,0.00122642,0.00167593,0.00317401,0.00609847,0.0135978,0.0413928,0.000117838,0.344884,0.922709,1,63.663,0.233948,0.301622,28.2546,2.3192,64.2014,0.6198,180.578,4.27414,258.859,0.601934,298.194,1.9701,0.198023,0.384276,0.222359,0.420439
0.0579625,0.744753,0.000380242,0.000358266,0.00064079,0.00092686,0.00129358,0.00169862,0.00307567,0.00633106,0.0136317,0.0421861,0.000110274,0.38715,0.94064,1,47.8635,0.335466,0.286397,27.8934,0.919615,62.7528,2.94834,177.553,0.284273,260.376,2.26527,297.227,0.896603,0.199232,0.401139,0.225148,0.432805
0.0530421,0.794705,0.000414858,0.000349842,0.000473017,0.000770746,0.00105586,0.00140581,0.00267899,0.00558449,0.0116158,0.0368713,0.000129962,0.426844,0.983498,1,61.6785,0.345147,0.281398,28.4399,2.23519,65.3978,2.18982,178.013,0.467588,261.784,1.41128,298.301,0.351671,0.199451,0.410821,0.237863,0.510051
0.0530375,0.803276,0.000425191,0.000282268,0.000503518,0.000701538,0.00100118,0.0013541,0.0024964,0.00525723,0.0109142,0.0347831,0.000121936,0.416362,0.991394,1,59.37,0.368774,0.283458,28.1941,2.07123,64.4654,1.50948,178.638,0.464127,261.668,2.07554,298.388,0.37075,0.201346,0.407416,0.247846,0.517223
0.0575122,0.889663,0.000536458,0.000515153,0.000795991,0.00117669,0.0015607,0.00208309,0.00388109,0.00775506,0.0175455,0.0520555,9.10021e-05,0.381931,0.920682,1,67.3125,0.40517,0.312797,28.6009,0.78398,65.3519,0.794524,179.946,2.99875,259.764,0.544358,298.755,1.4037,0.210776,0.420105,0.245419,0.462853
0.0462033,0.749386,0.000239297,0.000183128,0.000326194,0.000660253,0.000921766,0.00123514,0.00231211,0.0049936,0.010495,0.0344527,0.000146975,0.550715,0.990663,1,45.4516,0.393843,0.253206,28.2987,0.550312,60.8623,3.10976,181.021,0.308099,259.707,0.732689,297.511,1.12739,0.22233,0.438447,0.271561,0.509019
0.0452464,0.754637,0.000203608,0.000185203,0.000303323,0.000873816,0.00113389,0.00156615,0.00292393,0.00611184,0.0135048,0.041412,0.000145715,0.671904,0.950361,1,49.9977,0.334889,0.249107,29.1348,0.961397,64.2174,0.909545,181.343,0.612756,260.183,0.439618,300.57,1.28571,0.224233,0.42528,0.23785,0.506355
0.0464012,0.804486,0.00025966,0.000158907,0.000282951,0.000770157,0.00102896,0.00144462,0.00260026,0.00566795,0.0121885,0.0378816,0.000131039,0.677883,0.942153,1,47.1175,0.417778,0.261072,28.2575,0.914072,62.6106,1.00401,180.309,2.30016,260.327,0.329497,299.715,0.909856,0.219821,0.422557,0.256176,0.519474
0.0494349,0.752658,0.000152087,0.000166013,0.000310361,0.00072643,0.00102904,0.00135245,0.00254343,0.00556596,0.0121702,0.0367242,0.000138953,0.673692,0.95587,1,51.6013,0.341884,0.269574,28.4072,0.73351,63.1345,2.49073,180.212,0.484663,258.356,2.22628,297.76,1.02769,0.215345,0.42565,0.257118,0.468177
0.0560583,0.760052,0.000687569,0.000544877,0.000713223,0.000913175,0.00132446,0.00174019,0.00318554,0.0069212,0.0153535,0.047744,9.29193e-05,0.362839,0.996183,1,52.2082,0.337272,0.284878,27.4689,0.769628,65.1159,1.3008,178.043,0.483289,261.119,0.39144,294.896,0.694071,0.185567,0.376058,0.194539,0.399732
0.0485689,0.736847,0.000477165,0.00048619,0.000876074,0.000921665,0.00135413,0.00178231,0.00334068,0.00705993,0.0153467,0.0509319,9.52556e-05,0.382087,0.987646,1,52.2694,0.376695,0.2463,28.2867,1.23269,65.8991,2.36306,179.868,2.73442,262.818,0.416176,295.204,0.437663,0.199671,0.388715,0.170098,0.396377
0.0468766,0.714077,0.000361044,0.0001772,0.000369996,0.000714586,0.000921813,0.00128717,0.00239645,0.00493065,0.0110638,0.0346495,0.000118538,0.530743,0.965651,1,55.5323,0.367875,0.235879,28.1114,0.662103,62.2222,0.682961,178.361,0.40562,259.534,0.284996,297.431,2.2282,0.187733,0.402385,0.212997,0.439711
