"epsilon","zeta","nu_short[1]","nu_short[2]","nu_short[3]","nu_short[4]","nu_short[5]","nu_short[6]","nu_short[7]","nu_short[8]","nu_short[9]","nu_short[10]","inoculum","beta_short[1]","beta_short[2]","beta_short[3]","r","alpha","gamma","x0","k0","x1","k1","x2","k2","x3","k3","x4","k4","u1","u2","u3","u4"
0.0525204,0.789951,0.000297439,0.000250033,0.000523915,0.000950177,0.00131995,0.00177301,0.00331332,0.00732572,0.0161657,0.0506085,8.48463e-05,0.553971,0.99762,1,64.1957,0.411405,0.298086,28.3712,0.390444,62.6672,3.21989,179.933,4.10224,259.724,1.22696,299.572,0.379776,0.222302,0.413147,0.255647,0.473862
0.0528298,0.794375,0.000354722,0.000183169,0.000447525,0.000896442,0.00124177,0.00165875,0.00305709,0.00642727,0.0142852,0.0447945,0.00012227,0.564849,0.974058,1,40.155,0.323279,0.288398,28.6538,3.11056,64.9019,0.858969,179.728,0.342439,258.046,0.493431,296.998,3.18276,0.201039,0.41339,0.236002,0.429745
0.0502753,0.786305,0.000390579,0.000499377,0.000756389,0.000942849,0.00137109,0.00189895,0.003345,0.00723135,0.015837,0.0511658,7.22671e-05,0.389319,0.98608,1,68.3358,0.477584,0.266827,27.5779,0.45499,63.1319,1.7543,179.505,2.07725,260.496,2.18418,299.691,0.725933,0.204231,0.388619,0.224806,0.441519
0.0680808,0.784454,0.000407661,0.000456101,0.000772569,0.00139611,0.00188265,0.00254443,0.00492266,0.0100362,0.0220109,0.0686248,6.49598e-05,0.525796,0.927283,1,45.0907,0.307721,0.346761,27.5761,0.599467,63.7393,0.911065,178.594,0.772999,260.14,0.385745,296.313,1.60877,0.182762,0.370862,0.182769,0.383142
0.0620824,0.719934,0.000354719,0.000291013,0.000578989,0.00111822,0.00157737,0.00211162,0.00411773,0.00827705,0.0180624,0.0586202,0.000107398,0.534422,0.927909,1,68.7883,0.274892,0.317891,28.8817,0.558096,62.3919,0.641802,179.027,2.03676,259.12,0.620072,299.494,1.29063,0.219561,0.419924,0.230257,0.473446
0.0653312,0.737702,0.000362288,0.000279539,0.000411987,0.0010667,0.00143434,0.00186029,0.00369831,0.00802058,0.0174556,0.0556121,0.000109231,0.62665,0.983724,1,62.4269,0.270893,0.354417,28.3216,0.749034,62.488,0.518964,181.219,0.893108,259.293,0.476643,298.014,0.995155,0.212252,0.410711,0.243156,0.452741
0.0620443,0.763339,0.000378297,0.000298215,0.000485114,0.00105647,0.00145534,0.00191974,0.0037291,0.00809828,0.0178278,0.0569338,0.000111471,0.615561,0.978319,1,61.8539,0.280489,0.340701,28.2579,0.928844,61.8901,0.60416,181.352,1.14209,260.083,0.495978,298.213,1.01908,0.209428,0.415166,0.235875,0.442879
0.0502983,0.775942,0.000427304,0.000422433,0.00068921,0.00107826,0.00151725,0.00205339,0.00376507,0.00813207,0.0180413,0.0574364,8.12213e-05,0.478249,0.980712,1,53.1327,0.375111,0.259417,27.2853,1.20796,66.9721,1.16279,175.738,1.64567,259.345,1.04245,298.145,1.3966,0.175036,0.358646,0.182432,0.378817
0.0518116,0.769575,0.000431972,0.000402115,0.000605223,0.00106617,0.00152231,0.00200579,0.00375862,0.00796406,0.0177298,0.0565065,7.14068e-05,0.490522,0.965421,1,50.7062,0.380913,0.263536,27.6385,0.936893,66.939,1.06666,175.012,1.39985,259.505,1.06862,298.772,1.53947,0.17535,0.354242,0.183375,0.390865
0.0540868,0.792254,0.000444923,0.00039765,0.000600437,0.00106947,0.00145686,0.00199253,0.00368078,0.00755103,0.0162681,0.0537219,7.59075e-05,0.512484,0.961653,1,67.7614,0.37452,0.281541,27.4092,0.584016,64.1077,1.20129,176.148,1.38024,260.782,1.25657,297.929,0.998883,0.175006,0.363809,0.199055,0.38242
0.0509367,0.789264,0.00036495,0.000307129,0.000482591,0.00119526,0.00166157,0.00217482,0.0040606,0.00816342,0.0181028,0.0586331,7.79229e-05,0.584142,0.925939,1,38.7963,0.38376,0.270264,28.4283,0.634609,63.2912,2.58804,178.435,0.810763,261.688,0.316868,298.234,0.64164,0.200127,0.387256,0.201803,0.402754
0.0619577,0.768693,0.000506299,0.000376842,0.00055886,0.00097748,0.00144146,0.00186033,0.0035005,0.00754391,0.0163713,0.0523172,9.33251e-05,0.435777,0.994345,1,54.5345,0.326926,0.330223,28.0644,0.65016,63.7134,1.39103,177.626,1.59266,262.71,0.65419,296.677,0.549134,0.208218,0.397519,0.224022,0.446759
0.0640973,0.644652,0.000529308,0.000601935,0.000775906,0.0011593,0.00158721,0.00198558,0.00382505,0.00815319,0.0183101,0.0581479,9.36304e-05,0.457685,0.962556,1,51.0535,0.249617,0.297892,27.9238,1.12016,62.2941,1.14839,176.686,0.944823,260.445,0.499967,298.246,1.04464,0.184408,0.369847,0.183605,0.383623
0.0502942,0.813685,0.000409354,0.000312514,0.000445695,0.000921905,0.00129379,0.00164304,0.00321066,0.00715384,0.0154268,0.0488898,0.00010352,0.562221,0.994815,1,70.0048,0.396088,0.285199,27.7281,0.487082,63.4154,1.94472,179.356,1.92828,260.428,0.887879,297.83,1.2028,0.209226,0.404485,0.235432,0.449932
0.0500611,0.804377,0.000249891,0.00027628,0.000479787,0.000909727,0.00117981,0.00171509,0.00305546,0.00653452,0.0143845,0.0470143,7.52995e-05,0.517781,0.998496,1,70.5953,0.482959,0.279672,27.6113,0.361796,62.7976,1.5182,177.879,0.998318,261.368,2.22023,299.456,1.10795,0.206336,0.391957,0.244054,0.461485
0.0564303,0.79011,0.000416717,0.000306129,0.000565667,0.00112681,0.0015517,0.00203199,0.00371918,0.00712805,0.0150409,0.0470777,7.26861e-05,0.487162,0.862335,1,82.6706,0.41138,0.278216,28.4842,0.624883,63.7142,1.08472,178.413,1.65022,263.686,0.449219,296.764,2.34073,0.205072,0.388159,0.202597,0.407825
0.0608995,0.729766,0.000405063,0.000408503,0.000566628,0.000901823,0.00124659,0.00164671,0.00294065,0.00554002,0.0120153,0.03717,0.00010007,0.365578,0.856446,1,57.3475,0.357422,0.271158,27.1646,0.503534,64.685,0.733952,179.523,0.807189,260.91,0.297383,295.235,0.301984,0.190689,0.384446,0.1961,0.40531
0.0576368,0.812274,0.000479018,0.000505203,0.000721725,0.00103347,0.00144254,0.00189389,0.00365019,0.00748245,0.0168898,0.0529948,9.51486e-05,0.460877,0.989801,1,46.7445,0.334559,0.313477,28.3092,2.77616,64.5684,2.90844,177.674,2.62106,263.182,1.19414,294.965,4.06021,0.19598,0.390399,0.199817,0.435243
0.0640569,0.784464,0.000483252,0.00036655,0.000622939,0.00122628,0.00163061,0.00208941,0.00413748,0.00804758,0.0171555,0.0548563,7.56248e-05,0.43625,0.895138,1,58.1528,0.34573,0.318571,28.2255,0.602853,64.16,0.43213,179.975,0.610781,259.125,1.02181,297.373,0.513023,0.203882,0.396676,0.217857,0.416388
0.0582962,0.759805,0.000400629,0.000418852,0.00063124,0.000914799,0.00123321,0.00158764,0.00293479,0.00610444,0.0135485,0.0412095,0.000111138,0.364255,0.97186,1,51.856,0.324062,0.297503,28.5429,1.42865,63.1787,6.53584,177.833,2.97751,261.189,0.84695,298.274,2.84598,0.201566,0.407305,0.237961,0.463324
0.0551091,0.834908,0.000391446,0.000367572,0.000594323,0.00111902,0.00156201,0.002119,0.0039714,0.00805235,0.0183208,0.0586659,9.02888e-05,0.557809,0.959106,1,58.6161,0.389116,0.312779,27.9908,0.593441,62.6153,0.357692,181.553,3.34524,259.708,0.49234,296.087,0.480539,0.21876,0.419155,0.230338,0.445447
0.0565395,0.69914,0.000474216,0.000374363,0.000675621,0.00100999,0.00135978,0.00183514,0.00343317,0.00771213,0.0168446,0.0534883,9.79112e-05,0.426558,0.989624,1,94.7036,0.305846,0.28738,28.4918,0.553794,62.9097,0.641221,180.207,0.399352,257.395,0.783607,301.367,1.10068,0.209777,0.405391,0.23881,0.446348
0.05684,0.920431,0.0010645,0.000990129,0.00157084,0.00121635,0.00157053,0.0020845,0.00391041,0.00758612,0.0167499,0.0536221,8.76505e-05,0.246795,0.93524,1,44.8613,0.431573,0.310446,28.6811,2.7752,65.3823,1.8991,178.121,3.14707,260.937,0.757206,296.493,1.11174,0.208035,0.41981,0.230954,0.445872
0.0602509,0.715563,0.00080717,0.000921996,0.00136008,0.000983719,0.00129042,0.00176011,0.00316943,0.00660724,0.0144567,0.0442952,7.06138e-05,0.222491,0.958589,1,72.052,0.381456,0.279931,27.0548,0.436505,64.776,1.65977,180.064,0.575945,260.14,1.00991,298.918,0.80723,0.188965,0.366315,0.211087,0.409555
0.0642493,0.717406,0.0011256,0.00112119,0.00153611,0.000963182,0.00135048,0.00179501,0.00327182,0.00666399,0.0141612,0.0436788,8.09979e-05,0.192514,0.927222,1,58.8469,0.358776,0.29533,27.2315,0.367609,62.1145,1.75476,180.509,1.27692,260.501,0.414242,299.577,1.50636,0.201343,0.384003,0.226268,0.438406
0.0635877,0.76849,0.000974189,0.000889768,0.00144074,0.00100853,0.00141038,0.00178295,0.0033085,0.00630573,0.0131918,0.0420591,8.18376e-05,0.219043,0.925526,1,48.729,0.371833,0.304526,27.798,0.46544,63.9759,1.42766,179.712,1.44,258.617,0.57086,299.282,0.360396,0.201052,0.396211,0.233298,0.472345
0.0512247,0.683595,0.000440846,0.000322308,0.000496654,0.000727063,0.000988477,0.00134406,0.00251365,0.00523622,0.011095,0.0360465,0.000146023,0.390567,0.990582,1,58.1726,0.292659,0.248472,28.2899,2.53145,62.9168,1.42063,177.883,2.61666,261.528,0.41052,296.085,0.472741,0.191217,0.399464,0.199898,0.443903
0.0597499,0.890362,0.000382326,0.000437996,0.000623172,0.00124293,0.00175579,0.00236529,0.00458115,0.00905199,0.0197631,0.0610202,8.89056e-05,0.563822,0.938433,1,51.244,0.359509,0.337958,27.946,0.976673,67.482,0.674348,179.983,0.439087,257.937,0.816915,298.822,4.03138,0.199846,0.400894,0.227253,0.43462
0.0586487,0.76174,0.000455014,0.0002563,0.000564311,0.00104292,0.00138517,0.00183194,0.00344592,0.00686563,0.0148722,0.048376,9.37313e-05,0.489328,0.960388,1,52.5055,0.3176,0.296066,27.6517,1.50748,65.9677,2.0754,179.729,1.96732,259.679,4.29493,299.16,0.988917,0.182076,0.377105,0.199068,0.431078
0.0529713,0.775861,0.000399121,0.000563339,0.000688674,0.00102168,0.00145634,0.00186633,0.00351059,0.00741031,0.0163683,0.0507318,7.48888e-05,0.401951,0.961317,1,46.0755,0.385856,0.273018,28.7815,0.825766,63.6126,0.808705,176.671,0.695626,259.786,0.26799,296.051,0.776404,0.19281,0.394412,0.200909,0.407577
0.0662417,0.806376,0.000834017,0.000485732,0.000970762,0.00126773,0.00165559,0.00219227,0.00408335,0.00836944,0.0184338,0.0601279,8.41492e-05,0.398917,0.961222,1,64.0527,0.299465,0.338952,27.617,1.25219,66.2845,0.338403,176.068,2.42574,263.128,2.58307,298.116,1.66254,0.176123,0.368962,0.183217,0.428988
0.0663958,0.764891,0.000719923,0.000522313,0.000817728,0.00124606,0.00157264,0.00224949,0.00403525,0.00843619,0.0182247,0.0601847,8.18334e-05,0.383429,0.981132,1,63.4816,0.286404,0.334239,27.8979,1.63389,65.7806,0.398052,176.806,2.33263,262.549,1.34332,297.617,2.00052,0.178976,0.368469,0.182477,0.420246
0.0554226,0.793086,0.000428888,0.000508798,0.00064666,0.00114126,0.0015625,0.00214154,0.00390604,0.00782894,0.017648,0.055175,4.66641e-05,0.430997,0.939822,1,64.3166,0.48258,0.279344,27.2381,0.440462,64.5208,2.00346,180.74,0.57422,256.502,0.902898,296.478,0.5384,0.183695,0.360242,0.202734,0.364445
0.0490253,0.826901,0.000495251,0.000332242,0.000656922,0.000952746,0.00128046,0.00176999,0.00319428,0.00683126,0.0144911,0.0459699,7.90689e-05,0.455874,0.972718,1,47.9109,0.467092,0.261478,27.3938,0.754433,65.3376,4.36022,178.307,0.672807,262.208,0.3498,297.44,1.41104,0.182137,0.375289,0.185817,0.42777
0.0525674,0.710844,0.000253589,0.000279587,0.000435715,0.000803204,0.00110073,0.00150664,0.00278199,0.00534382,0.0117296,0.0354238,0.00010068,0.45811,0.897053,1,48.856,0.385112,0.241199,26.9174,0.491538,65.3614,1.64373,180.859,0.26638,258.821,0.680482,296.309,1.49672,0.183897,0.376351,0.195756,0.397872
0.0560818,0.70962,0.000352219,0.000222697,0.000485863,0.000967305,0.00126317,0.00172833,0.00326057,0.00656362,0.0140751,0.0438908,9.31322e-05,0.536391,0.921947,1,73.9301,0.326162,0.273756,28.1112,0.639506,62.9621,3.34532,179.227,6.0772,258.762,0.784879,297.814,2.62828,0.197543,0.387179,0.215685,0.41741
0.055664,0.731851,0.000347247,0.000228954,0.000480452,0.00108412,0.00129284,0.00180216,0.00326071,0.00673773,0.014592,0.0455592,9.16042e-05,0.484806,0.90342,1,73.735,0.34794,0.268337,28.1019,0.558702,63.2846,2.11973,179.181,4.816,258.555,0.638339,298.182,3.13725,0.192556,0.38772,0.213195,0.404699
0.0526225,0.904615,0.000392098,0.000270396,0.000538668,0.00114073,0.00167158,0.00229854,0.0041126,0.00882152,0.0195452,0.0635081,8.80271e-05,0.606489,0.980846,1,43.4396,0.387651,0.316806,28.5387,0.981555,65.006,0.992182,179.951,1.27204,260.805,0.874236,297.798,0.417374,0.20641,0.408234,0.222247,0.453014
0.0501518,0.728388,0.000460113,0.00031819,0.000650721,0.000802618,0.00109389,0.00146807,0.00257718,0.00521957,0.0113801,0.035788,0.000123023,0.369492,0.938253,1,38.6513,0.352862,0.241563,28.4922,2.28729,63.618,1.64183,180.476,1.45179,260.861,1.14633,298.38,1.17397,0.195892,0.399881,0.215578,0.448184
0.0576066,0.782816,0.00029052,0.000362912,0.000522582,0.00118245,0.00156781,0.00207096,0.00410133,0.00872335,0.0192737,0.0608769,8.19405e-05,0.628499,0.99657,1,52.5405,0.323041,0.316767,27.2427,0.473813,64.3111,1.55442,177.802,0.995801,263.658,0.308623,294.233,1.24828,0.185686,0.370033,0.179411,0.38153
0.0506779,0.771571,0.000384937,0.000276622,0.000478167,0.00104842,0.00146264,0.00192589,0.00372473,0.00780404,0.0171552,0.0557097,8.64583e-05,0.566204,0.947253,1,49.2692,0.364425,0.2638,27.9026,1.45335,64.6453,3.21844,179.072,1.53846,258.626,1.48929,294.804,0.818566,0.186857,0.384346,0.192098,0.367039
0.0469561,0.694987,0.00036695,0.000360962,0.000566241,0.000872886,0.00119738,0.00162939,0.00305307,0.00649777,0.0144663,0.0480993,9.24677e-05,0.517653,0.997745,1,65.3031,0.352633,0.233892,28.0334,1.78284,65.5151,0.479572,178.822,1.18642,260.452,0.729838,300.251,1.4688,0.18358,0.36502,0.190682,0.40759
0.0550765,0.782352,0.000448756,0.000409573,0.000626602,0.00106321,0.0014011,0.00192859,0.00365507,0.00785395,0.0172583,0.0544685,0.000106672,0.430748,0.99664,1,47.6425,0.319752,0.295912,28.2448,1.41602,63.0444,0.707537,177.69,0.865031,259.378,0.475142,297.24,1.45991,0.196882,0.404813,0.21815,0.43181
0.0553789,0.74635,0.00054544,0.000491026,0.000736061,0.00101943,0.00141941,0.00191714,0.00354109,0.00744285,0.0165243,0.0539092,0.000109866,0.364595,0.955479,1,53.852,0.31798,0.281091,28.6143,0.982144,63.1173,1.47007,181.208,2.14597,260.561,2.0716,295.32,1.10107,0.212699,0.418136,0.202753,0.423117
0.0490887,0.813085,0.000290531,0.000315383,0.000416252,0.000843842,0.00115039,0.00152089,0.00285303,0.00579334,0.0124625,0.0393904,0.000110491,0.462334,0.946245,1,51.4471,0.422376,0.263195,28.8028,0.945006,64.709,0.980258,179.88,0.514166,263.106,1.09841,295.201,0.974164,0.212519,0.418202,0.224476,0.455988
0.054353,0.696443,0.000486432,0.000409145,0.000545959,0.000882843,0.00122082,0.00161494,0.00301891,0.00653607,0.0142578,0.0447247,8.85622e-05,0.420808,0.988125,1,81.1005,0.346368,0.265354,27.3186,0.524757,63.8043,1.71171,179.101,1.06318,258.968,0.301442,298.461,1.88095,0.189825,0.371205,0.213636,0.400488
0.0539004,0.816353,0.000476366,0.000361791,0.000705908,0.00103504,0.00137976,0.00191017,0.00361698,0.00743543,0.0164963,0.0525583,0.000107356,0.401291,0.959926,1,42.474,0.356534,0.291337,28.9128,1.88925,64.1377,1.2258,177.771,0.806756,261.699,1.86311,295.958,0.667471,0.214127,0.418698,0.217071,0.448752
0.0590727,0.832278,0.000599889,0.000476323,0.000961559,0.00105139,0.0014438,0.0019671,0.00363663,0.00760671,0.016981,0.053825,9.5788e-05,0.38033,0.982067,1,84.3189,0.356688,0.326065,28.3685,0.541413,62.7257,1.61985,180.132,0.63729,261.17,0.304804,294.87,0.790334,0.213227,0.422176,0.23146,0.451588
0.0605278,0.797474,0.000595738,0.000649793,0.000865269,0.00113229,0.00157093,0.00210131,0.00380418,0.00768367,0.017515,0.0545737,0.000104698,0.391754,0.954864,1,102.862,0.316245,0.320336,28.823,1.02906,63.9091,1.34258,180.951,1.27704,262.219,0.290647,294.988,1.10964,0.215283,0.422012,0.215238,0.439887
0.0529344,0.618846,0.000465214,0.000353758,0.000625453,0.000666424,0.000985987,0.00130482,0.00234147,0.0052365,0.0110952,0.0348185,0.000169243,0.35845,0.989558,1,61.4027,0.264891,0.250848,28.8551,1.04886,61.7265,1.06448,178.359,0.497308,260.412,0.632051,295.429,2.91293,0.214448,0.422067,0.234827,0.447863
0.0476884,0.843769,0.000316228,0.000209491,0.000462633,0.000835879,0.00117243,0.00157478,0.00282871,0.00620708,0.0129746,0.0415429,9.01796e-05,0.533051,0.96483,1,53.5361,0.505552,0.266425,27.8347,0.4467,65.6503,1.83569,180.1,0.315656,259.983,0.897007,300.319,0.46691,0.206884,0.402432,0.244172,0.489986
0.0471779,0.883696,0.000263843,0.00030302,0.000388703,0.000928002,0.0011447,0.00157803,0.00299211,0.00640797,0.0136284,0.0426858,9.84885e-05,0.587437,0.97724,1,48.6289,0.495781,0.278326,27.9713,0.897484,63.0475,1.08421,180.264,0.471627,258.702,0.516252,298.218,0.450859,0.208608,0.421262,0.253485,0.484437
0.0472839,0.760882,0.000499766,0.000349878,0.000609109,0.000873818,0.00128212,0.0016413,0.00310511,0.00635584,0.0141986,0.0461691,0.000142674,0.417081,0.96915,1,45.9914,0.330315,0.251792,29.699,1.55588,66.1265,0.576515,182.45,0.43137,259.363,0.377071,297.644,0.498243,0.228513,0.447245,0.224109,0.484329
0.0509697,0.72533,0.000518248,0.000390946,0.000594444,0.00103939,0.00135517,0.00191426,0.00362813,0.00772022,0.0168648,0.0525114,8.66898e-05,0.488071,0.982354,1,42.6704,0.34643,0.258086,27.7826,0.560136,65.6363,0.549451,180.595,2.06076,260.974,0.364259,294.387,0.311344,0.191101,0.375866,0.170872,0.367761
0.0516499,0.732462,0.000345729,0.00035175,0.000554331,0.000937368,0.00121965,0.00163008,0.00293671,0.00639419,0.0146507,0.0456192,8.09914e-05,0.498428,0.993459,1,35.8345,0.366208,0.261769,27.6245,1.10792,63.8363,0.540762,178.843,2.0398,261.488,0.329333,293.515,0.302869,0.179643,0.365646,0.171782,0.376212
0.0601279,0.82694,0.000443237,0.000318125,0.00062827,0.00115735,0.00148185,0.00196549,0.00380722,0.00746065,0.0155118,0.0486453,0.000104453,0.476811,0.89904,1,92.4354,0.348726,0.318538,28.8019,0.693612,62.8122,0.675671,179.666,0.811971,257.07,1.89308,299.068,0.454787,0.219398,0.430919,0.265057,0.461583
0.0463339,0.752089,0.000261931,0.000226821,0.000400728,0.000754322,0.000968718,0.00130817,0.00234554,0.00480148,0.0109428,0.0329514,0.000107717,0.483693,0.958803,1,35.9201,0.436094,0.236921,28.0912,0.575796,64.1258,0.73957,179.733,0.54258,262.715,0.375857,297.093,3.60049,0.199834,0.397227,0.212983,0.454911
0.0489342,0.79035,0.00030681,0.00030995,0.000445889,0.000786837,0.00117543,0.00151918,0.00286993,0.00576302,0.0117931,0.0359659,8.74775e-05,0.465699,0.888905,1,60.8083,0.475454,0.240536,27.9749,0.669051,65.5885,1.01369,178.789,1.01163,262.358,0.588718,297.027,1.22068,0.189878,0.385794,0.203283,0.415653
0.0533124,0.674344,0.000278166,0.000218967,0.000425021,0.00101465,0.00126058,0.00176602,0.00330903,0.00615803,0.0130313,0.0411981,8.82243e-05,0.522811,0.858181,1,48.5201,0.3381,0.234932,28.0686,0.812067,64.6391,0.739994,178.488,0.606298,260.905,0.792239,297.033,1.36297,0.183639,0.364289,0.172837,0.373486
0.06236,0.827279,0.000446824,0.000391466,0.000613574,0.00113089,0.00173196,0.0021929,0.00414635,0.00869058,0.0180279,0.0589681,9.26553e-05,0.495672,0.949972,1,55.837,0.324413,0.338789,28.1314,0.614587,64.1398,2.92875,178.542,0.619564,259.979,0.374855,295.904,1.08657,0.202724,0.405059,0.217009,0.431589
0.054657,0.836093,0.000412821,0.000317927,0.000680669,0.00117616,0.00173683,0.00224279,0.00406071,0.00849235,0.0200359,0.0628443,8.41772e-05,0.471466,0.989498,1,41.801,0.370075,0.311767,29.0052,2.19866,63.0047,0.761798,178.676,0.768061,261.345,2.62022,300.43,0.360713,0.216937,0.411317,0.233651,0.481169
0.0559355,0.789835,0.000431479,0.000454532,0.000548647,0.0011307,0.00143257,0.00199561,0.00391759,0.00812047,0.0185812,0.059431,9.30174e-05,0.50792,0.999447,1,58.8944,0.354221,0.314999,28.1986,0.415579,61.9431,2.61489,179.942,3.67447,259.014,1.09066,299.757,0.391813,0.219503,0.415067,0.243424,0.482647
0.0478442,0.814161,0.000271583,0.000326118,0.000395434,0.000979555,0.00122803,0.00178005,0.00329319,0.00675439,0.0149504,0.0493724,0.000111434,0.572106,0.964611,1,54.4336,0.408573,0.266586,27.9591,3.60745,63.7112,0.605383,177.527,0.951529,262.487,0.56355,296.014,0.251094,0.208007,0.405073,0.202179,0.445613
0.0505168,0.807052,0.000380597,0.00021761,0.000520629,0.00113617,0.00171446,0.00215911,0.00412906,0.00803778,0.0174025,0.0575779,9.32282e-05,0.547314,0.878478,1,61.7548,0.362625,0.260797,29.0702,3.03853,62.859,0.556483,177.343,1.28181,261.309,0.280611,297.737,0.261525,0.199489,0.408068,0.179808,0.445538
0.0497912,0.762589,0.000282517,0.000315786,0.00040866,0.000965059,0.00121772,0.0017398,0.00327046,0.00661793,0.0142946,0.0464005,9.72359e-05,0.554742,0.941539,1,47.4186,0.373565,0.262725,28.9752,1.09266,62.6531,1.49407,180.96,0.985706,260.001,0.436839,296.519,0.386387,0.211028,0.409329,0.215822,0.427568
0.0545948,0.685731,0.000298167,0.000224403,0.000470728,0.000953923,0.00129098,0.00184506,0.00325498,0.00596939,0.0133176,0.0414313,0.000110073,0.51237,0.842986,1,54.6077,0.331493,0.248094,28.4707,1.07522,62.8247,2.55837,178.733,1.56013,258.817,0.365267,298.165,0.771911,0.205774,0.401405,0.209582,0.436945
0.0601076,0.822126,0.000494336,0.000378989,0.000564237,0.00110025,0.00150323,0.00195692,0.00356321,0.00741738,0.0166694,0.0511724,8.69312e-05,0.51184,0.975354,1,50.836,0.332676,0.322299,27.4928,0.810371,64.7612,0.965754,179.223,1.4151,260.902,1.4939,296.548,1.28662,0.177721,0.38009,0.19753,0.410327
0.0670125,0.707895,0.000387425,0.00043038,0.00074257,0.00106751,0.0014564,0.00203064,0.00383552,0.00819284,0.0177166,0.0551363,8.7497e-05,0.454964,0.959563,1,55.2461,0.281923,0.331442,27.8711,0.516604,63.2631,3.53192,178.065,1.9025,259.733,1.19093,297.851,1.03824,0.201126,0.383921,0.224978,0.39539
0.0626111,0.84438,0.000406702,0.000278167,0.000656237,0.00109965,0.00150318,0.00205845,0.00370308,0.00791226,0.0178872,0.0569758,7.8461e-05,0.5025,0.99535,1,57.7513,0.355816,0.34806,27.3576,1.21373,64.243,1.17724,180.649,0.307929,258.279,0.793624,298.743,2.15436,0.187017,0.38712,0.225336,0.449123
0.0612322,0.844581,0.000644802,0.000574672,0.000704335,0.0013343,0.0018296,0.00242229,0.00470439,0.00987544,0.0212737,0.0691135,8.23829e-05,0.500761,0.997432,1,49.0193,0.325796,0.347116,28.0889,1.96326,64.1263,1.4532,180.253,0.858192,259.9,0.653401,298.182,1.4991,0.197139,0.398612,0.212063,0.42471
0.0434036,0.787156,0.000193342,0.000132573,0.000282315,0.000660949,0.000882414,0.00118714,0.00215283,0.00497625,0.0106284,0.0337015,0.000134472,0.607328,0.988458,1,49.8231,0.44845,0.249734,28.9927,1.00389,60.3343,1.69502,178.717,1.22835,261.934,1.2447,298.177,1.63653,0.230209,0.442075,0.281229,0.524362
0.0438588,0.852783,0.000272135,0.000231245,0.000422594,0.000851194,0.00124279,0.00161022,0.00298356,0.00671345,0.0153181,0.0485792,0.000135673,0.600679,0.98533,1,50.2618,0.4328,0.270594,29.7761,0.574111,61.9796,0.964026,176.512,0.839507,262.73,0.55225,299.146,0.343799,0.248237,0.464398,0.274192,0.543311
0.0490889,0.91106,0.000431416,0.000344297,0.000580104,0.00116324,0.00156085,0.00208615,0.00374554,0.00831225,0.0181389,0.059406,8.9417e-05,0.528179,0.96139,1,40.7133,0.501385,0.301856,29.4017,0.912543,60.5431,1.45902,180.501,2.08743,262.029,0.328626,296.735,0.459954,0.249684,0.456898,0.262347,0.491899
0.0692748,0.745941,0.000323691,0.000292417,0.000503534,0.000977137,0.00134535,0.00176126,0.0033953,0.00661936,0.0144845,0.0444875,0.000112157,0.502065,0.917356,1,71.1183,0.261423,0.336176,28.1985,2.31814,64.2711,1.02915,178.011,1.29649,258.725,1.06271,297.877,3.18658,0.17933,0.396427,0.218322,0.437385
0.0588643,0.77871,0.000414146,0.000338985,0.000525303,0.000925856,0.00124365,0.00172005,0.00306113,0.00667801,0.0139262,0.042476,0.000106415,0.465943,0.9439,1,58.0536,0.333378,0.298068,27.3483,0.688308,67.2024,1.91963,178.265,0.985597,262.487,0.431947,298.148,1.06011,0.193877,0.382683,0.205163,0.440851
0.0582191,0.840263,0.000320337,0.000303457,0.000525436,0.000930024,0.0012016,0.00158318,0.00298573,0.00632309,0.0142924,0.0432353,9.98489e-05,0.486015,0.972642,1,63.1241,0.37173,0.3193,27.7398,1.18823,63.0914,3.04669,178.09,1.58679,261.623,0.307076,295.811,3.04468,0.195358,0.402022,0.231018,0.470026
0.0564696,0.786961,0.000449035,0.000361962,0.000640963,0.000988282,0.00140752,0.00194269,0.00339971,0.00753276,0.016065,0.0503969,7.97579e-05,0.495617,0.94831,1,66.7425,0.395805,0.292839,27.1451,0.371307,66.168,0.747143,179.618,0.270052,260.846,0.761615,296.718,1.96048,0.194981,0.376809,0.207816,0.406923
0.0507445,0.728417,0.000620587,0.000422476,0.000740307,0.000833486,0.00121223,0.00160421,0.00307296,0.0062846,0.0138557,0.0437521,0.000108446,0.359212,0.992902,1,42.1831,0.362055,0.261171,28.3573,0.700507,60.7722,3.81204,178.137,0.833592,261.444,0.337515,298.023,0.957802,0.2073,0.408282,0.224176,0.456936
0.0495994,0.846729,0.000266111,0.000296824,0.000460523,0.000946207,0.00134318,0.00176279,0.00313789,0.00713505,0.0155702,0.048282,0.000101244,0.537451,0.997831,1,46.1198,0.40366,0.285719,28.5146,1.25085,65.3441,0.70467,180.673,1.1751,259.248,0.439448,298.758,1.9421,0.206953,0.414677,0.240614,0.467105
0.0547631,0.732299,0.000566846,0.000550042,0.000672326,0.000930469,0.00133873,0.0016353,0.00313092,0.00681237,0.0145283,0.0453392,0.00010231,0.401608,0.968288,1,62.9856,0.332227,0.280958,28.9731,0.569975,61.9415,3.97042,177.87,6.3677,260.587,0.780796,297.666,1.10982,0.214419,0.410693,0.238313,0.443904
0.0510719,0.741079,0.000467453,0.00037436,0.000716757,0.000881349,0.00122169,0.00163009,0.00299823,0.00623337,0.0141985,0.0458214,0.000125063,0.361423,0.986353,1,55.2132,0.336265,0.263366,28.476,1.10813,62.0844,1.8616,178.023,0.285834,259.79,0.534198,299.909,0.618046,0.20411,0.419475,0.229355,0.460947
0.0626064,0.623475,0.000626796,0.0006568,0.000867699,0.000795085,0.00117614,0.00162212,0.00293972,0.00620474,0.0137503,0.0429228,0.000114207,0.325288,0.98884,1,40.6661,0.265707,0.292855,28.187,0.424409,61.97,1.46941,179.924,0.451055,258.723,0.933802,300.575,1.11946,0.213054,0.397919,0.242981,0.447536
0.0513693,0.785081,0.000588527,0.000518376,0.000788314,0.00100731,0.00134889,0.0018346,0.00325848,0.00725608,0.0159871,0.0509955,0.000113873,0.406818,0.991908,1,48.3908,0.344504,0.276925,28.3611,1.26893,62.2621,1.04294,179.371,0.94945,258.525,0.305497,297.314,1.18087,0.207808,0.416649,0.227022,0.42566
0.0484615,0.843069,0.000231625,0.000198552,0.000386594,0.00092983,0.00128388,0.00180428,0.00330118,0.00652091,0.0143547,0.0440895,0.000117707,0.57287,0.902293,1,78.4111,0.41663,0.267114,28.6106,1.77754,61.8765,1.77487,177.95,0.749873,262.254,0.272941,295.765,1.31616,0.21849,0.431302,0.215504,0.463824
0.0495689,0.786835,0.000310562,0.000181789,0.00037489,0.000898706,0.00129925,0.00179105,0.00339977,0.00678425,0.0146378,0.0467805,0.000125747,0.661638,0.906623,1,66.177,0.346793,0.267565,28.7875,0.789677,64.7631,1.79734,177.752,5.02177,260.583,0.285048,294.417,0.607078,0.212518,0.418048,0.216007,0.421033
0.0455212,0.779106,0.000383517,0.000287329,0.00051169,0.00100966,0.00127793,0.00170401,0.00325118,0.00705104,0.0162077,0.0516564,0.000123218,0.5631,0.989337,1,56.7151,0.369766,0.257828,28.8765,1.09528,62.0349,4.74182,179.214,0.518744,263.282,0.300746,296.233,1.04442,0.222079,0.429923,0.21124,0.458
0.0626401,0.787527,0.000494751,0.000368072,0.000646306,0.00113606,0.0017439,0.00227436,0.00415677,0.00797475,0.0176156,0.0539075,7.99682e-05,0.472212,0.898299,1,54.006,0.332227,0.311831,28.1958,0.957294,65.6595,0.463821,180.166,0.648809,260.642,1.9733,296.466,1.30957,0.196708,0.383423,0.203159,0.404033
0.0497276,0.677808,0.000418415,0.000388792,0.000620593,0.000826429,0.00116923,0.00152007,0.00283213,0.00591647,0.0133369,0.0426575,9.54217e-05,0.398393,0.982301,1,58.1126,0.3619,0.24555,28.6955,0.650095,62.4128,1.66803,179.037,1.17667,260.913,0.589128,296.394,1.28182,0.212241,0.395199,0.217898,0.417087
0.0612665,0.852695,0.000493023,0.000416872,0.000704937,0.00110229,0.00153852,0.00198869,0.00380521,0.00782,0.0172264,0.0515393,9.49413e-05,0.443187,0.960721,1,52.7492,0.34219,0.333545,28.073,1.60174,64.8913,1.51258,179.775,0.702552,259.153,0.979808,298.385,0.989112,0.193061,0.406501,0.225434,0.45932
0.0611832,0.839836,0.000467959,0.000420371,0.000730347,0.0010503,0.00151741,0.00201385,0.00364862,0.0077049,0.0166934,0.0501992,9.11777e-05,0.454768,0.975425,1,51.6861,0.330954,0.334377,28.3146,1.78562,64.1784,1.87395,179.417,0.634627,258.855,0.828708,298.575,1.35153,0.193088,0.402254,0.227937,0.464836
0.0573752,0.857641,0.000491338,0.000424844,0.000723567,0.00107079,0.00145209,0.00201355,0.00359179,0.00734378,0.0161548,0.0510556,8.62329e-05,0.389299,0.960055,1,52.7437,0.381444,0.308568,28.0699,0.783065,66.0394,0.721496,181.761,0.256632,259.676,0.638984,299.155,0.816454,0.194084,0.402982,0.21457,0.467967
0.0525034,0.779825,0.000400859,0.000366071,0.000534256,0.000889258,0.00119006,0.00162391,0.00294437,0.00614233,0.0131504,0.040461,0.000105348,0.463051,0.945886,1,53.7364,0.378227,0.273605,28.5015,1.1258,64.0225,3.65293,179.102,2.86781,260.601,1.00382,297.815,0.346607,0.208505,0.406347,0.230307,0.461087
0.0505995,0.784288,0.000412335,0.000379757,0.000490484,0.000826626,0.00110471,0.00153903,0.00280544,0.00573712,0.0121421,0.0375391,0.000116627,0.406451,0.924768,1,55.9131,0.384346,0.255727,28.5072,0.87688,65.103,2.06963,178.61,2.229,259.78,0.678487,298.31,0.341777,0.201779,0.411421,0.22766,0.455025
0.0512563,0.75193,0.000354286,0.000386066,0.00050564,0.000823692,0.00117008,0.00162468,0.00295434,0.00599115,0.0127832,0.039765,9.94807e-05,0.475043,0.933674,1,55.415,0.394255,0.258838,28.2408,0.588893,63.6932,1.56204,178.771,3.47639,258.752,0.955857,298.973,0.343418,0.202833,0.398494,0.232226,0.435401
0.0525923,0.669822,0.000368713,0.000259181,0.000494396,0.000891205,0.00121412,0.00161513,0.0029636,0.00593379,0.0130846,0.0417966,0.000147965,0.435342,0.923108,1,40.925,0.276168,0.247505,28.6848,3.16305,63.5448,0.709118,180.982,0.392775,261.549,0.619153,298.272,1.38302,0.209647,0.410463,0.203935,0.441183
0.0538505,0.663236,0.000362968,0.000324209,0.000382393,0.000934131,0.0011889,0.00168866,0.00316905,0.00637464,0.0146494,0.0449703,0.000110476,0.570843,0.943374,1,45.106,0.283279,0.258642,28.2933,1.00611,64.6304,0.90701,180.275,0.902642,259.545,0.961103,298.345,1.06288,0.195896,0.385969,0.195707,0.414784
0.0535246,0.820861,0.00034756,0.000318113,0.000541294,0.000862693,0.00135706,0.00179129,0.0032522,0.00723579,0.0150182,0.0488499,7.64537e-05,0.49942,0.996764,1,55.94,0.39291,0.290497,27.6535,2.4001,65.4279,1.54359,179.515,1.5277,257.977,0.436959,297.806,0.606986,0.178904,0.379612,0.209267,0.422892
0.0536149,0.793636,0.000440057,0.000494316,0.000678722,0.00117049,0.00138791,0.00187349,0.00361763,0.0073849,0.0174235,0.0537084,9.36076e-05,0.43635,0.991217,1,42.9994,0.342376,0.282205,27.8369,1.77416,67.0991,2.0989,178.941,1.34784,256.972,0.747247,300.076,0.881424,0.184361,0.382592,0.20529,0.420249
0.0535646,0.729551,0.00042388,0.000304904,0.000565401,0.000815328,0.0012982,0.00169477,0.00303666,0.00678848,0.0143306,0.045614,8.75868e-05,0.470707,0.986308,1,45.8614,0.371026,0.272282,27.4758,0.588932,63.8603,1.1931,180.881,0.316906,259.151,1.58367,298.613,5.64706,0.193764,0.381497,0.216631,0.421602
0.0553255,0.729599,0.00026889,0.000307629,0.000538274,0.00098646,0.00144562,0.00190265,0.00353819,0.00670652,0.0149779,0.0460346,0.000120335,0.489053,0.863495,1,56.2269,0.295069,0.255453,28.2235,2.40749,66.8377,2.88902,180.807,2.42843,256.875,0.268765,299.248,0.299554,0.189075,0.397583,0.189313,0.405161
0.0585195,0.753235,0.000542445,0.000366074,0.000536348,0.0010173,0.00146421,0.00193157,0.00358015,0.0070339,0.0149582,0.0477804,8.55755e-05,0.478995,0.8822,1,52.0154,0.363209,0.285244,28.2149,0.77268,63.0948,1.46545,178.76,0.6075,261.649,0.619591,299.295,0.272943,0.206606,0.390893,0.217431,0.450709
0.0545617,0.741819,0.000284764,0.000321871,0.000557287,0.000829733,0.00109707,0.00151804,0.00281404,0.0057088,0.0124463,0.0384332,0.000137578,0.439226,0.952479,1,52.8575,0.325907,0.276257,27.7075,0.528447,64.0489,1.84541,180.391,2.0191,263.491,0.408052,292.712,0.288848,0.210847,0.409928,0.191291,0.44419
0.0551838,0.704995,0.000506983,0.00039064,0.000588049,0.000776062,0.00110761,0.00145633,0.00267208,0.00573102,0.0125234,0.0378832,0.000117424,0.385283,0.971005,1,65.1725,0.33122,0.276339,28.3213,0.561194,60.7588,1.12571,179.99,0.548434,263.64,0.278493,292.417,0.272364,0.214138,0.418106,0.196688,0.451476
0.0572135,0.748658,0.000415502,0.000333449,0.000595165,0.00116305,0.00156052,0.00208544,0.00387099,0.00761227,0.0165385,0.0513216,5.69024e-05,0.493295,0.904028,1,37.2841,0.408113,0.276586,27.779,0.566706,63.5601,1.83461,178.081,0.823004,262.827,0.261637,294.098,0.832781,0.184621,0.35904,0.174807,0.352557
0.0510968,0.788075,0.000509909,0.000317403,0.000545461,0.000998989,0.00134329,0.00185343,0.00343041,0.00674936,0.0146269,0.0454056,7.29785e-05,0.467287,0.90618,1,46.973,0.457132,0.252688,27.5797,0.52547,66.1518,1.85023,177.986,0.93904,263.584,0.259248,293.939,0.962416,0.18477,0.367774,0.166182,0.379629
0.0529897,0.73618,0.000409115,0.00033246,0.0005271,0.000858506,0.0011674,0.00159143,0.00299099,0.00625447,0.0140158,0.0436802,0.000105635,0.458216,0.991737,1,65.049,0.33192,0.270509,27.7831,0.89739,64.8125,1.34082,179.089,0.577286,261.919,1.59668,294.899,1.97773,0.192484,0.382618,0.198181,0.397605
0.063498,0.773992,0.000538049,0.000501583,0.000761052,0.00113592,0.00157137,0.00208074,0.00394032,0.00830392,0.0174491,0.0579048,9.77324e-05,0.425937,0.986637,1,41.3336,0.292101,0.330129,27.6613,0.568753,66.3549,1.39894,178.289,4.30107,263.97,1.12832,297.313,2.30543,0.193123,0.380594,0.180744,0.440206
0.0548727,0.782083,0.000519582,0.000691628,0.000916065,0.00116356,0.00158611,0.00230614,0.00393771,0.00891067,0.0206055,0.0625727,6.71485e-05,0.392487,0.990773,1,66.3905,0.414339,0.295796,27.8749,0.344725,62.4575,0.961388,178.882,0.435623,257.652,0.44057,296.684,0.822238,0.21249,0.394932,0.240948,0.389749
0.0570584,0.745701,0.000766474,0.000451885,0.00094291,0.000978898,0.00133731,0.00180178,0.00308447,0.00686644,0.0143514,0.0480462,0.000106739,0.326233,0.993349,1,40.971,0.332545,0.29672,28.1695,0.80441,60.888,1.65804,179.533,3.62708,259.797,0.675629,298.603,1.49197,0.215411,0.415908,0.244698,0.46254
0.0551809,0.817888,0.00042857,0.000336695,0.000582136,0.00100873,0.00144435,0.00182297,0.00339134,0.00708493,0.0164535,0.0515086,9.8467e-05,0.465054,0.975097,1,68.725,0.354367,0.299714,28.3002,1.37693,64.2544,1.37176,177.353,2.13736,260.012,0.906701,296.823,0.733528,0.196936,0.401428,0.214281,0.440607
0.0553692,0.78031,0.000487006,0.000395701,0.000660235,0.00143254,0.00188232,0.00269424,0.00490047,0.00958862,0.0212412,0.070335,7.29532e-05,0.506601,0.908866,1,44.3232,0.370559,0.289136,28.7246,0.711484,62.2249,1.96964,178.954,1.23267,261.819,2.35321,297.684,0.520139,0.219995,0.399526,0.200409,0.414024
0.0445845,0.698359,0.000426169,0.000396862,0.000622365,0.000755877,0.00103386,0.00129085,0.00252917,0.00537077,0.011593,0.0381063,0.000125058,0.394171,0.995843,1,53.0534,0.364073,0.220339,28.2329,2.03958,65.1101,1.59562,181.198,1.27091,259.3,1.02942,298.185,4.08721,0.197679,0.395863,0.206931,0.418445
0.0597688,0.81022,0.000873519,0.000632017,0.00101929,0.00119926,0.00162937,0.00206674,0.00389142,0.00841116,0.0189026,0.0573452,7.73902e-05,0.340292,0.974738,1,49.8606,0.386893,0.32179,28.0971,0.434643,61.5843,1.81303,177.644,1.50778,259.412,0.498278,298.44,0.510851,0.212055,0.408007,0.245955,0.452468
0.0588876,0.726764,0.00052234,0.000592615,0.000908695,0.000947873,0.00133285,0.00191051,0.00328935,0.00720983,0.015659,0.0483526,9.49396e-05,0.332949,0.974714,1,59.4389,0.323575,0.301494,29.1532,0.78661,61.1276,0.913472,179.228,1.07531,260.875,0.796387,298.801,1.42417,0.222582,0.418955,0.251586,0.458538
0.060966,0.72459,0.000558708,0.000549217,0.000885771,0.000866713,0.00121202,0.00181122,0.00310321,0.00677516,0.0146861,0.0451165,0.000101812,0.337914,0.966784,1,61.3529,0.315854,0.308597,28.9458,0.833138,61.5069,0.893037,178.793,1.18296,260.423,0.514994,299.01,1.52471,0.223757,0.415791,0.255258,0.46792
0.0572529,0.821329,0.000491301,0.000452181,0.000738302,0.000853066,0.00116723,0.00169893,0.00301458,0.00590446,0.0131115,0.0405217,0.000138105,0.362199,0.973362,1,47.097,0.328614,0.308656,28.5532,0.955005,64.0361,3.65567,178.517,1.2742,261.17,0.813104,297.713,2.02302,0.212805,0.432152,0.258866,0.495577
0.0542071,0.807221,0.000422298,0.000345797,0.000526251,0.000801041,0.00108976,0.00135182,0.00263846,0.00551311,0.0120447,0.0357866,0.000132372,0.42594,0.975651,1,47.7325,0.362345,0.29194,28.1691,0.6415,64.7662,2.6341,181.392,0.336223,261.815,0.671521,297.14,1.15387,0.214782,0.426919,0.25358,0.513971
0.053211,0.824624,0.000540277,0.000493752,0.000814505,0.00132317,0.00188394,0.00246042,0.00436721,0.00945242,0.0212834,0.0701729,9.09317e-05,0.480185,0.971019,1,58.164,0.35278,0.301042,29.1965,1.23781,62.4893,0.753523,177.543,0.487029,259.911,1.06245,299.901,0.804433,0.221878,0.422797,0.230924,0.459275
0.0508628,0.891105,0.000531933,0.000384585,0.000627347,0.00105132,0.0014165,0.00193725,0.00370849,0.00785853,0.0173104,0.0552675,8.03872e-05,0.479048,0.991455,1,57.0839,0.464961,0.303067,29.0431,0.731111,62.4045,1.52313,180.9,0.348291,260.267,0.309865,298.905,0.837027,0.22118,0.432374,0.244657,0.502176
0.0510814,0.905755,0.000510911,0.000331616,0.000760505,0.00107851,0.0014941,0.00203031,0.00368493,0.00804611,0.017761,0.0567562,8.83717e-05,0.45206,0.983281,1,52.9497,0.467861,0.303115,28.4324,0.67769,63.5255,1.78826,180.135,2.56323,260.221,0.292708,298.446,0.508522,0.222139,0.427984,0.245567,0.46932
0.0534666,0.643109,0.000258124,0.00025586,0.000529961,0.000829526,0.00113965,0.00157347,0.00276352,0.00568448,0.0124298,0.038792,0.00012532,0.436144,0.910929,1,67.8609,0.288968,0.241595,28.5305,0.734473,62.0441,1.39639,177.546,0.611696,259.387,0.32655,299.026,0.721546,0.197766,0.39356,0.214321,0.429847
0.062001,0.825309,0.000506087,0.000523936,0.000652254,0.00105142,0.00146776,0.00200479,0.00360865,0.00726778,0.0158284,0.0505532,9.05196e-05,0.419065,0.949088,1,65.4457,0.355005,0.332133,28.5029,0.635721,62.9145,0.863452,178.298,2.31064,261.199,0.907517,299.483,0.914441,0.207596,0.410411,0.246143,0.480936
0.0608944,0.757418,0.000572022,0.000377929,0.000797407,0.00118471,0.00155799,0.00206664,0.00394433,0.00809734,0.0174627,0.0553233,9.20295e-05,0.427667,0.952554,1,53.1221,0.327454,0.315923,28.1448,0.485774,61.2773,0.624975,176.715,0.500495,263.314,0.798551,297.447,0.636102,0.211135,0.401884,0.217717,0.443358
0.0571618,0.776414,0.000308665,0.000339136,0.000437921,0.000823008,0.00118471,0.00160493,0.00292222,0.00577534,0.0124705,0.0384812,0.00011976,0.489176,0.939015,1,55.9453,0.329767,0.294645,28.3322,1.32055,63.314,0.393402,179.12,0.525534,260.968,0.415458,297.22,2.56573,0.200662,0.411582,0.234842,0.467046
0.0583945,0.792204,0.000344763,0.000348368,0.000455965,0.000833011,0.00115751,0.00156435,0.00292183,0.005792,0.0125135,0.038753,0.0001212,0.490131,0.925996,1,57.5277,0.326736,0.301188,28.3825,1.54258,63.3974,0.428842,179.576,0.455116,260.784,0.463062,297.268,2.26888,0.200378,0.414861,0.239517,0.47156
0.0488805,0.665526,0.000331281,0.000271474,0.000390348,0.000816726,0.00107979,0.00148468,0.00279302,0.00554161,0.0121781,0.0365351,0.000130683,0.497303,0.893476,1,49.092,0.337447,0.23166,28.9892,0.763364,61.4156,0.447728,177.263,3.72105,261.37,0.876581,297.262,0.762386,0.214912,0.416774,0.215635,0.440461
0.0606555,0.738112,0.000439876,0.00051995,0.000647361,0.00101765,0.00135953,0.00187542,0.00340322,0.00629413,0.0134185,0.0413931,9.44711e-05,0.3881,0.858025,1,67.8482,0.334872,0.272629,27.6589,0.905909,65.0212,4.72547,181.962,0.322532,259.462,0.355762,295.337,1.52723,0.188048,0.383683,0.195604,0.38067
0.0573817,0.803385,0.000329583,0.000324514,0.00045599,0.000871087,0.00116684,0.00160744,0.00297811,0.00586933,0.0125816,0.0382895,0.000106819,0.4684,0.92079,1,51.1691,0.377201,0.304888,29.1169,0.527189,62.0935,0.605744,177.228,0.338744,262.498,0.513351,299.63,0.598503,0.224045,0.430958,0.272266,0.536216
0.0503912,0.776427,0.000510901,0.000385791,0.000553995,0.000917816,0.00125112,0.00171612,0.00316414,0.006355,0.0141291,0.0446005,8.77894e-05,0.423796,0.955236,1,57.4841,0.414674,0.260512,28.5355,0.86521,65.1665,3.72999,180.741,0.497758,258.641,0.509324,297.991,0.2554,0.207032,0.399268,0.225564,0.424743
0.0572446,0.735267,0.000343592,0.000385945,0.000492086,0.000701882,0.00099189,0.00131874,0.00244675,0.00524896,0.0110879,0.034009,0.000133809,0.403253,0.990133,1,85.718,0.318366,0.297934,29.0162,0.884749,63.1539,1.75525,180.293,5.16986,260.467,0.513077,296.149,5.92897,0.22344,0.434836,0.270992,0.516304
0.0488312,0.809816,0.000529343,0.000372006,0.000651271,0.000793211,0.0010403,0.00146581,0.00274531,0.00573585,0.0126717,0.0394726,0.000129019,0.363643,0.999439,1,52.1474,0.407014,0.26715,27.9448,0.547927,63.7071,1.14829,179.523,0.343071,260.092,1.83753,298.216,0.733981,0.214217,0.426336,0.248138,0.497965
0.0472138,0.792901,0.000410285,0.000359139,0.000512264,0.00081922,0.00118754,0.00151747,0.00276524,0.00583391,0.0133281,0.0412752,9.02231e-05,0.439116,0.994553,1,57.2379,0.473597,0.256397,28.1478,0.744606,65.1798,0.582935,181.807,0.321423,262.015,0.655774,296.596,0.887125,0.214237,0.403556,0.22554,0.457247
0.0521534,0.830449,0.000452327,0.000448958,0.000782078,0.000968483,0.00123707,0.00175409,0.00326612,0.00678218,0.0145955,0.0467562,9.47385e-05,0.378052,0.970057,1,48.5436,0.423827,0.281144,28.0218,0.810999,63.225,1.34757,181.668,0.324589,260.389,0.498899,296.84,0.831623,0.203631,0.414853,0.222885,0.45085
0.0513008,0.782436,0.000400366,0.0003208,0.000477397,0.000783144,0.00111007,0.00141292,0.0027142,0.00584863,0.0121095,0.0375086,0.00011296,0.46989,0.988667,1,63.659,0.362965,0.270999,28.154,0.759819,65.1629,1.56118,177.159,1.14769,259.988,2.91556,297.602,0.617382,0.190619,0.393963,0.22925,0.454364
0.049416,0.777245,0.000304538,0.000307969,0.000471919,0.000732456,0.000949244,0.00131005,0.00243754,0.00462283,0.0104916,0.0316512,9.67822e-05,0.389332,0.899598,1,46.4407,0.467443,0.236218,28.0703,1.03792,66.6242,1.9505,179.989,1.15936,263.593,0.550022,297.569,0.378503,0.187994,0.386815,0.195813,0.452776
0.0500001,0.771494,0.00042534,0.000330236,0.000525255,0.000797126,0.00113822,0.00147851,0.00287507,0.00636777,0.0133334,0.0408574,0.000114399,0.482096,0.977751,1,53.1034,0.362761,0.263419,28.0417,1.12209,64.6336,1.79802,181.646,1.06062,261.82,0.262456,297.257,0.80392,0.200272,0.405539,0.208141,0.442222
0.0478527,0.816674,0.000717786,0.000663492,0.000872158,0.000901832,0.00127296,0.00175004,0.00309936,0.00699669,0.0146362,0.047784,9.37103e-05,0.293649,0.99043,1,54.2803,0.449993,0.259575,28.9268,2.02113,62.4401,1.19766,179.846,0.261058,260.391,2.45566,295.258,1.58315,0.212197,0.423347,0.229049,0.440522
0.0524899,0.798975,0.000516114,0.000434278,0.000885054,0.000964819,0.0013157,0.00182851,0.00322247,0.00635919,0.014625,0.0456666,0.000112969,0.359812,0.933131,1,65.2616,0.351641,0.269456,29.0245,1.64023,65.3274,2.91691,177.376,0.253788,260.081,0.790137,294.367,1.35389,0.205986,0.415276,0.215873,0.421218
0.0541353,0.792246,0.000547992,0.000500224,0.000788609,0.00101631,0.00138838,0.00184866,0.00340572,0.0065373,0.0144649,0.0460203,0.000106132,0.331909,0.905405,1,74.9398,0.356854,0.27004,29.5514,2.17146,65.2152,3.63566,176.58,0.250599,260.733,1.40378,295.134,1.59623,0.207997,0.4164,0.220606,0.419789
0.0568692,0.750605,0.000434133,0.000455529,0.000670236,0.000876557,0.00121758,0.00164459,0.00291601,0.00625943,0.0133232,0.040967,7.23755e-05,0.3745,0.975478,1,52.9974,0.410068,0.28575,27.59,0.514567,63.4223,0.866108,180.437,9.83933,263.149,0.257874,297.384,1.07982,0.19747,0.378287,0.215915,0.426326
0.0512263,0.719261,0.000426935,0.000327846,0.000536237,0.000777733,0.00103596,0.00137403,0.00259852,0.00496201,0.0109703,0.033747,0.000150416,0.374544,0.926801,1,61.2997,0.3242,0.24377,28.4685,1.50876,66.3313,2.20725,177.672,0.250898,261.299,0.557862,295.78,0.739658,0.198442,0.406966,0.208597,0.435051
0.0540553,0.713498,0.000464515,0.000369161,0.000745279,0.000954587,0.00120443,0.00161128,0.00299591,0.00588153,0.0129928,0.0396991,0.000139869,0.352681,0.90064,1,65.3497,0.3087,0.252216,28.4845,1.47497,64.629,1.62983,178.303,0.250474,261.262,0.410396,295.769,0.699457,0.202583,0.411501,0.198526,0.42236
0.0567556,0.74729,0.000466175,0.000413026,0.000758569,0.000875023,0.0011254,0.00153084,0.00282798,0.00614393,0.0131106,0.0403228,0.000126452,0.332407,0.996572,1,53.8507,0.342196,0.302359,28.7783,0.42577,62.6287,1.5541,182.398,5.14071,259.329,1.00284,299.781,2.16299,0.238982,0.444513,0.284896,0.525755
0.0489109,0.841542,0.000355896,0.000248819,0.000474807,0.00109427,0.00142347,0.00189136,0.00357483,0.00787739,0.0174883,0.055405,0.000101962,0.607804,0.998735,1,57.346,0.381674,0.291017,29.0036,3.81131,62.1037,1.62178,177.569,0.258284,261.88,0.489172,296.643,0.780768,0.214836,0.422744,0.22796,0.454991
0.0512137,0.851816,0.000243301,0.000261504,0.000436998,0.000778884,0.00116992,0.0016331,0.00297037,0.00633561,0.0139136,0.0449747,0.00010495,0.557759,0.995548,1,67.9535,0.395189,0.296107,28.4067,1.48722,64.3469,1.07186,177.955,0.265834,261.928,1.06883,296.687,1.18884,0.202887,0.411699,0.23752,0.477694
0.05748,0.585021,0.000569225,0.000625237,0.00084957,0.000810209,0.00100254,0.0012975,0.00234394,0.00494935,0.0106127,0.0330382,0.000142937,0.248691,0.946506,1,47.2526,0.253243,0.236959,27.6544,0.59432,64.4901,1.90525,180.781,0.742025,259.379,0.442925,297.411,0.333318,0.184648,0.382346,0.189138,0.414836
0.0511461,0.759448,0.000619644,0.000460323,0.000704644,0.00075804,0.0010427,0.00133324,0.0025268,0.00528087,0.0113931,0.0336698,0.000109007,0.293544,0.970543,1,77.1296,0.401893,0.254955,27.9892,0.682353,64.8488,1.6899,178.429,1.33647,260.641,1.66257,300.465,0.364909,0.198714,0.401436,0.230991,0.516487
0.0577546,0.689155,0.000536269,0.000709309,0.000872224,0.000724359,0.00104592,0.00137553,0.00251945,0.00507674,0.0110019,0.0330725,0.000144181,0.271254,0.970794,1,36.4876,0.293467,0.27374,28.2722,2.85929,63.3044,1.89754,179.208,1.34786,259.205,0.722631,297.96,0.331128,0.206049,0.409787,0.242127,0.478333
0.0613585,0.734603,0.000663892,0.000644264,0.0011207,0.000965273,0.00128409,0.00171611,0.00309276,0.00628432,0.0134221,0.0412142,0.000130844,0.279688,0.930332,1,49.5324,0.281286,0.29347,28.8591,2.09258,64.3451,2.21305,178.023,0.815204,258.26,1.13327,300.659,0.592664,0.201982,0.419468,0.237717,0.478558
0.0421065,0.842149,0.000305414,0.00024206,0.000437484,0.000932311,0.001233,0.0016639,0.00315562,0.00689631,0.0151622,0.0484965,0.000123698,0.601675,0.973009,1,61.4957,0.445728,0.245959,28.4903,1.11023,62.8791,1.20482,178.748,0.39468,262.033,0.587666,296.836,1.10139,0.214351,0.429248,0.213545,0.464075
0.0529212,0.816889,0.000422291,0.000405563,0.000605065,0.00086543,0.00121725,0.00168079,0.00301776,0.0062596,0.0137604,0.04467,9.75823e-05,0.415403,0.990836,1,53.148,0.369084,0.288682,29.0242,2.97343,66.1687,1.19856,178.396,2.53082,264.521,0.287759,296.775,1.74075,0.2085,0.403235,0.210954,0.474769
0.0500928,0.777408,0.000245233,0.000182764,0.00031307,0.00107678,0.00142593,0.00183274,0.00365805,0.00780613,0.0175021,0.0550606,8.67478e-05,0.767695,0.961016,1,54.0235,0.378431,0.28673,27.8098,0.452223,61.3591,0.667672,179.304,1.48123,258.434,0.768094,294.85,0.605232,0.210063,0.400843,0.223931,0.417642
0.0522029,0.747082,0.000270457,0.000253462,0.000429229,0.00113908,0.00150205,0.00183742,0.00365371,0.00732421,0.0158243,0.0511543,0.000108492,0.595161,0.9141,1,51.9571,0.326753,0.267654,28.7218,1.59147,64.9745,4.04463,180.225,0.991188,259.83,0.616756,299.797,1.08732,0.206514,0.403298,0.205637,0.456564
0.0473694,0.725198,0.000336217,0.000264919,0.000386218,0.000791726,0.00111731,0.00140843,0.00276945,0.00581494,0.0128728,0.039808,9.31039e-05,0.530666,0.963403,1,48.5357,0.415745,0.242332,27.9086,0.616348,61.5059,1.30185,177.221,1.18353,259.209,0.480918,299.032,0.342837,0.195208,0.390029,0.219385,0.443981
0.0444003,0.855898,0.000270261,0.000253749,0.000461589,0.000858432,0.0012533,0.00157379,0.00302246,0.00665767,0.0142352,0.0462442,0.000118595,0.55247,0.997715,1,42.7062,0.439501,0.262214,28.6552,0.753647,64.4627,0.815132,180.11,1.48222,258.751,0.410377,299.32,0.859259,0.215117,0.435546,0.24469,0.489718
0.0497519,0.765694,0.000274901,0.000251194,0.000451678,0.000809879,0.0010955,0.0014468,0.00260328,0.00580779,0.0130878,0.0394783,0.000126845,0.488231,0.990758,1,68.4227,0.361533,0.271633,28.9523,2.09231,62.2693,1.51815,179.238,1.14897,257.781,0.820429,298.379,0.874382,0.221105,0.429665,0.262722,0.499425
0.0504987,0.738812,0.000352612,0.000254467,0.000451041,0.000805818,0.00111982,0.00145354,0.00290097,0.00609126,0.0132838,0.0412193,0.000123852,0.486164,0.988753,1,67.0479,0.341525,0.273004,29.5547,1.18042,62.3661,1.77381,181.006,1.75154,259.647,1.05433,299.485,1.02674,0.228245,0.43726,0.260893,0.487873
0.0542742,0.735138,0.000457345,0.000497679,0.00070865,0.000908806,0.00124263,0.00168508,0.00309622,0.00635863,0.0136737,0.0411948,8.84507e-05,0.378738,0.935471,1,46.0444,0.35813,0.259108,27.8977,1.353,64.1181,1.33271,178.081,1.84717,262.184,0.55104,297.103,1.20569,0.185195,0.372308,0.183119,0.423023
0.0512923,0.619002,0.000260271,0.0002115,0.000360788,0.000628197,0.000850959,0.00114166,0.00208099,0.0042701,0.0091699,0.0286374,0.000148217,0.467293,0.942001,1,59.5791,0.303387,0.229658,27.5068,0.524776,61.6562,0.617494,177.945,1.81271,260.359,1.24021,297.423,0.604534,0.19007,0.384943,0.212917,0.438372
0.0525388,0.671303,0.000315775,0.000277218,0.000397371,0.000777742,0.00108501,0.0016028,0.00291415,0.00537768,0.0115267,0.0347031,0.000102606,0.472316,0.824961,1,46.4066,0.356468,0.225649,28.6138,1.20833,64.5702,2.03766,177.88,0.461983,259.659,0.355409,298.767,0.865218,0.194674,0.384118,0.199736,0.3957
0.0591368,0.724595,0.000668801,0.000601204,0.0010352,0.000954829,0.00145099,0.00172774,0.00326049,0.0068035,0.0148731,0.0442871,0.000101657,0.29994,0.955544,1,57.2568,0.306939,0.286338,28.5416,0.593648,65.0297,1.06543,180.254,0.501019,260.41,1.95149,297.683,1.8168,0.202612,0.401706,0.211665,0.451946
0.0549902,0.814418,0.000265487,0.00020972,0.000373215,0.000994481,0.00137899,0.0020083,0.00385934,0.00638935,0.0135532,0.0436131,7.86706e-05,0.573187,0.808494,1,52.362,0.442959,0.268179,27.954,0.515869,64.6169,1.30756,179.781,2.59134,257.988,0.554579,297.768,1.05332,0.201783,0.394376,0.217987,0.431833
0.0512004,0.789332,0.000292785,0.000262762,0.000382334,0.00133855,0.00177945,0.00232525,0.00421317,0.00806456,0.0161771,0.0538897,8.95522e-05,0.691159,0.822404,1,55.1599,0.386018,0.263281,28.476,0.897369,63.6125,0.781834,181.044,1.09204,259.823,0.627077,296.563,0.865727,0.219609,0.407706,0.218018,0.391737
0.0573836,0.870442,0.00027008,0.000190862,0.000424102,0.00109768,0.00148876,0.00207691,0.00404084,0.006904,0.0153501,0.0475767,9.47708e-05,0.606411,0.828732,1,34.9415,0.389496,0.300195,28.3599,0.986817,64.9085,2.85551,180.037,0.610311,260.037,0.421852,295.318,0.803384,0.205669,0.414664,0.208017,0.449548
0.0615911,0.775855,0.000541565,0.000423034,0.00065985,0.00105794,0.00146518,0.00195523,0.00339133,0.00687275,0.0143785,0.0457476,9.14456e-05,0.407346,0.905752,1,84.1714,0.349508,0.304935,27.9919,1.19427,63.03,0.775626,178.735,1.74989,260.368,0.442353,298.26,1.71436,0.205406,0.39504,0.235779,0.432161
0.04535,0.746523,0.000310685,0.000322154,0.000469862,0.000705541,0.000978196,0.00127024,0.00244709,0.00479704,0.0107723,0.0330344,0.000144981,0.437981,0.950149,1,40.8267,0.393199,0.234635,29.1951,0.788014,64.0717,1.86963,180.605,0.739469,259.092,0.37936,296.536,1.08903,0.22237,0.440148,0.247702,0.468237
0.0453184,0.718386,0.000514861,0.00038562,0.000577616,0.000761956,0.00107472,0.00140637,0.00264961,0.00563389,0.0123514,0.0411492,0.000129869,0.412423,0.99991,1,69.6438,0.376085,0.244113,29.8727,1.97007,61.4268,0.814694,178.554,0.685513,259.836,0.793226,298.932,2.69546,0.23789,0.444449,0.264798,0.501694
0.050014,0.726814,0.000228652,0.000261201,0.000388083,0.000601989,0.000846727,0.00115199,0.00218115,0.00435081,0.00967498,0.0283704,0.000146898,0.439398,0.946762,1,64.131,0.375854,0.253141,28.6649,0.516773,62.7477,4.45806,179.164,2.3213,260.159,0.729109,296.24,1.04107,0.222588,0.433646,0.272268,0.493698
0.0571462,0.889492,0.00064192,0.000433318,0.000716467,0.00147687,0.00206896,0.00272053,0.00502639,0.0106245,0.0241828,0.0816597,6.15398e-05,0.533159,0.968474,1,65.3894,0.383973,0.324936,27.9704,1.03006,65.3461,1.31534,177.174,0.800571,259.265,0.754412,296.79,1.23345,0.180982,0.376795,0.195765,0.374568
0.0546408,0.708664,0.000222062,0.000201111,0.000344238,0.000803928,0.00109424,0.00148679,0.00274454,0.00605617,0.0126435,0.0399728,9.51828e-05,0.592533,0.95508,1,49.6954,0.35311,0.273466,27.1414,0.430819,62.4997,1.96841,180.235,1.38397,260.483,0.512319,298.532,1.04241,0.192101,0.378414,0.214914,0.432997
0.0538836,0.744239,0.000220435,0.000186135,0.00038069,0.000910236,0.00121325,0.00159468,0.00304322,0.00655486,0.013672,0.0431968,0.000104179,0.611926,0.9627,1,52.113,0.363748,0.281584,26.6561,0.381825,62.782,1.61197,180.147,4.85822,260.093,0.512611,297.697,1.39244,0.195038,0.38371,0.217409,0.432122
0.0571825,0.81047,0.000600113,0.000609658,0.001017,0.00123495,0.00166623,0.00224677,0.00406546,0.00849579,0.0195844,0.0624322,7.07556e-05,0.359291,0.963496,1,54.1842,0.385314,0.303215,28.3874,1.20842,61.6868,1.28269,177.902,0.417566,261.671,1.60509,295.932,1.41134,0.202448,0.397749,0.201629,0.414277
0.0553821,0.815652,0.000545837,0.000423342,0.000733047,0.00117131,0.00158152,0.00217441,0.00400954,0.009007,0.0195591,0.0619713,8.70049e-05,0.500361,0.997098,1,46.2111,0.35427,0.308834,27.8368,0.628674,64.848,1.22692,179.806,1.62674,256.765,0.372496,299.307,1.50442,0.200398,0.403048,0.218883,0.445215
0.0588242,0.921249,0.000448848,0.000427276,0.000743258,0.00115054,0.00160812,0.00205453,0.00387099,0.0082953,0.0182639,0.0580158,0.000100954,0.433081,0.998867,1,70.0503,0.371239,0.350546,28.4743,3.8876,65.3529,1.21911,180.362,0.366761,261.775,0.913988,296.837,1.91968,0.213638,0.427844,0.235177,0.498406
0.0548733,0.895609,0.000391139,0.000389858,0.000811446,0.00111917,0.00154921,0.00211327,0.00368324,0.00790991,0.0175512,0.0557205,9.68203e-05,0.410258,0.999746,1,61.198,0.375107,0.319818,28.7929,1.03792,65.1647,1.78982,179.417,0.656331,262.024,0.652088,298.638,1.20466,0.208676,0.418858,0.236846,0.473037
0.0448983,0.720809,0.000212187,0.000163339,0.000394506,0.000756389,0.00104608,0.00132023,0.00262654,0.00533011,0.0120917,0.0380556,0.000109135,0.498692,0.942906,1,47.8274,0.414882,0.22506,28.5999,0.868347,62.2489,1.45498,176.633,0.783181,260.268,0.813357,296.592,1.49021,0.19876,0.399048,0.220427,0.404577
0.0541396,0.700781,0.000328694,0.000331594,0.000533969,0.000949892,0.00137433,0.00175566,0.00336831,0.00726078,0.015554,0.0504788,8.71551e-05,0.580504,0.97621,1,65.3302,0.317225,0.268875,27.2021,0.690038,64.8592,0.442887,179.113,2.39456,260.224,1.33944,298.617,0.670486,0.1812,0.358545,0.187988,0.389862
0.0664887,0.779214,0.000577842,0.000580038,0.000801268,0.00137659,0.00194494,0.00257564,0.00472544,0.00971518,0.0211178,0.06665,6.06325e-05,0.412266,0.918848,1,47.824,0.340058,0.325194,26.9878,0.478244,63.4994,5.20371,178.733,1.07417,259.327,0.263697,296.676,1.91721,0.179839,0.36347,0.18333,0.374781
0.0526266,0.72145,0.000383316,0.000370735,0.00054537,0.000968003,0.00136698,0.00182508,0.00341985,0.00730912,0.016184,0.0520487,0.000103399,0.556698,0.971058,1,64.4444,0.309974,0.268691,27.9549,1.0528,64.8604,0.458023,179.046,1.9641,262.647,0.90993,295.618,0.305853,0.192888,0.382559,0.167851,0.403207
0.0468831,0.809103,0.000422549,0.000407042,0.000583513,0.000749018,0.00103258,0.00134544,0.00254735,0.00544643,0.0121623,0.0370255,0.000108395,0.3869,0.997899,1,52.7054,0.447111,0.251468,27.6307,0.693535,63.9354,4.27891,178.046,2.07119,263.246,0.270539,293.544,1.73545,0.195099,0.398357,0.205551,0.430328
0.0522475,0.763161,0.000379204,0.000430315,0.000572183,0.000807166,0.001138,0.0015286,0.00280803,0.00609784,0.0131351,0.0415133,0.000107178,0.425076,0.976958,1,69.625,0.358542,0.267641,27.662,1.11216,63.8461,0.700632,180.158,0.486486,262.668,0.928008,297.389,0.53929,0.191937,0.389834,0.20826,0.433728
0.0527028,0.639548,0.000519536,0.000381208,0.00067302,0.000771813,0.0010479,0.00143874,0.00254759,0.00547511,0.0118611,0.038219,0.000143203,0.350221,0.97787,1,58.6218,0.278315,0.244519,28.6306,1.44848,64.8966,1.7534,178.24,0.87777,260.321,0.5406,298.771,0.640413,0.198999,0.398058,0.215674,0.418426
0.0644261,0.674564,0.000502511,0.000480978,0.000896522,0.00106463,0.00147256,0.00201889,0.00364892,0.00766216,0.0171645,0.0534072,0.000118372,0.401061,0.982364,1,66.7757,0.248859,0.320613,28.6455,1.11356,60.8663,1.1917,178.031,1.40459,259.047,0.594069,298.526,3.55751,0.214119,0.409427,0.24411,0.438773
0.0605291,0.707578,0.000381075,0.000388736,0.000533474,0.000942442,0.00122986,0.00160699,0.00298048,0.00632016,0.0144828,0.0436877,0.000118165,0.41738,0.989651,1,61.6049,0.288159,0.307389,28.0435,0.476418,61.5103,1.38495,179.22,1.36212,259.949,1.2705,296.804,4.23764,0.209787,0.407299,0.239064,0.463951
0.0599293,0.679918,0.000379654,0.000282224,0.000511974,0.000774723,0.00112313,0.00162481,0.00278939,0.0061465,0.0131308,0.0403697,0.00013417,0.491366,0.997535,1,71.8574,0.260661,0.294427,27.5996,0.567946,65.5379,1.65889,179.761,1.22441,261.731,0.71089,297.943,1.0982,0.19286,0.383814,0.210865,0.450992
0.0587611,0.709782,0.000279033,0.000334314,0.000565349,0.000763099,0.00100727,0.00124971,0.00245853,0.00521189,0.0115132,0.0345804,0.000128753,0.437344,0.989844,1,72.9555,0.301344,0.287135,27.1133,0.665576,64.7722,2.8595,178.918,0.870454,260.081,0.509602,297.229,0.511583,0.183563,0.388111,0.218668,0.447298
0.0603859,0.646408,0.000442996,0.000324389,0.000582381,0.000789904,0.00108411,0.00160509,0.00278238,0.00589854,0.012764,0.0379072,0.000119452,0.425274,0.972113,1,65.6668,0.262001,0.280071,28.3295,1.02529,64.3335,1.88122,179.375,0.618485,261.839,0.376089,299.12,0.436684,0.192872,0.381716,0.203321,0.453364
0.0623033,0.72232,0.000360076,0.000378169,0.00053437,0.000900159,0.00124393,0.00158173,0.00299499,0.00626348,0.0134547,0.0411521,0.000115656,0.440952,0.986447,1,64.247,0.284682,0.308796,27.5506,1.11304,63.4625,4.22812,178.205,0.66854,259.422,2.28164,298.604,0.671559,0.18308,0.386722,0.219658,0.445589
0.0572242,0.726274,0.000373938,0.000319634,0.000584119,0.00089114,0.00118996,0.00167033,0.00317358,0.00627524,0.0142322,0.0436118,0.000131321,0.456368,0.965264,1,48.7802,0.283006,0.287153,28.2511,1.35704,65.0353,1.52887,178.484,1.4911,260.456,0.681571,297.292,1.56984,0.19966,0.399138,0.213809,0.446797
0.0585513,0.796553,0.000343347,0.000195922,0.000369656,0.00117879,0.00147512,0.00214518,0.00402733,0.00762722,0.0157483,0.0490336,7.58968e-05,0.631389,0.831767,1,56.0755,0.397041,0.29547,27.8793,0.45756,61.6468,1.69657,180.124,0.789761,259.84,0.32041,298.139,0.862405,0.207297,0.395993,0.224271,0.416125
0.0524988,0.732238,0.000327445,0.000251994,0.000424251,0.000990268,0.00125962,0.00175746,0.00327385,0.00696785,0.0152066,0.0496932,0.00012754,0.570659,0.965245,1,53.1299,0.292804,0.272106,28.1866,0.826645,64.6176,1.43925,178.585,2.38205,260.2,1.13539,295.659,2.04627,0.196726,0.398661,0.202615,0.395305
0.0583516,0.699544,0.000334538,0.000402119,0.000568708,0.00102575,0.00133732,0.00180087,0.00340438,0.00725127,0.0154934,0.0481929,7.46256e-05,0.476227,0.934855,1,50.1136,0.348448,0.28053,27.6797,0.436947,61.2143,1.2497,177.203,1.16924,261.386,0.460355,298.365,0.763115,0.189062,0.373733,0.197918,0.417878
0.0557935,0.729945,0.000364588,0.000424997,0.000628609,0.00101278,0.0013787,0.0018269,0.00328766,0.00714788,0.0160515,0.049021,8.93442e-05,0.455573,0.991099,1,62.1281,0.349347,0.286949,27.4398,0.510472,61.9496,0.987226,176.558,0.46947,262.077,0.643022,296.618,0.639159,0.196569,0.377027,0.215424,0.405694
0.0490491,0.761003,0.000414707,0.000248648,0.000573287,0.000818106,0.00115024,0.00161443,0.00292356,0.0062506,0.0133056,0.0422492,0.000104203,0.460812,0.979037,1,59.2782,0.40835,0.259695,27.9863,0.659535,63.6476,1.0212,179.034,2.92679,259.051,0.839103,300.648,1.02954,0.211479,0.402918,0.24873,0.462859
0.0479307,0.816513,0.000335791,0.000419597,0.000446895,0.00101342,0.00125068,0.00172535,0.00319479,0.00645428,0.0140577,0.0440393,0.000101991,0.4855,0.923642,1,39.7213,0.428484,0.251063,27.9642,2.07429,64.7095,1.70517,179.132,0.549351,258.51,1.3965,297.896,0.993861,0.199193,0.398376,0.219867,0.417364
0.0500964,0.79164,0.000318947,0.000382991,0.000576847,0.000977819,0.0013369,0.00189973,0.00331636,0.00675171,0.0147161,0.0458322,9.32832e-05,0.479632,0.924675,1,41.4001,0.40673,0.258248,28.3504,1.78782,64.0132,1.8672,179.052,2.48601,258.266,2.33087,297.649,1.45605,0.198799,0.398343,0.222123,0.410588
0.0588995,0.711572,0.000252865,0.000251596,0.000400561,0.000780926,0.00107005,0.00143486,0.00275649,0.00586594,0.0129289,0.040308,0.000104804,0.549746,0.992131,1,71.2554,0.319374,0.297832,26.8301,0.471169,63.7745,1.24343,180.042,0.645406,260.694,0.345358,298.832,0.943698,0.189129,0.376435,0.221011,0.457964
0.0455991,0.759645,0.000307301,0.000278866,0.000365184,0.000857317,0.00112679,0.00152272,0.00304748,0.00606897,0.0132843,0.0410151,8.16905e-05,0.549612,0.94237,1,40.4822,0.458215,0.230252,27.722,0.692613,65.4081,2.04306,177.318,0.921083,261.596,1.20795,294.733,1.47418,0.178858,0.367605,0.177788,0.371124
0.0664107,0.73155,0.000629182,0.000714353,0.00109316,0.000999864,0.00147383,0.00195494,0.00342354,0.00748952,0.016578,0.0509385,0.000127635,0.301231,0.966065,1,90.0138,0.262753,0.339556,29.6326,1.21788,62.7805,0.745273,179.956,0.749784,261.93,0.29017,295.635,0.65374,0.229661,0.444543,0.230997,0.481567
0.0446716,0.848251,0.000281781,0.000293446,0.000423181,0.000962789,0.00122857,0.00178583,0.00338009,0.0070992,0.0156048,0.0483866,9.27765e-05,0.605621,0.980467,1,37.6992,0.46723,0.25782,28.2356,0.721782,64.4765,2.60538,178.265,0.730863,259.282,0.275557,299.509,1.14741,0.198929,0.405115,0.221604,0.454335
0.0522691,0.7689,0.000448933,0.00031636,0.000555677,0.000742292,0.000996348,0.00138292,0.00247598,0.00539565,0.0116811,0.0363422,0.000117203,0.390872,0.967562,1,67.4008,0.361624,0.26742,28.5172,2.46855,64.8352,0.474488,180.332,2.26359,259.929,1.02993,296.973,2.01765,0.203145,0.411753,0.238055,0.465543
0.049651,0.761315,0.000402327,0.000441395,0.000604983,0.000848081,0.00116685,0.00151429,0.002842,0.00605387,0.0134231,0.0400011,0.000118339,0.39182,0.988134,1,74.7634,0.366503,0.26164,28.7583,1.06841,63.7067,0.524988,178.23,0.395484,260.614,0.731163,296.399,2.86985,0.209501,0.415467,0.233381,0.443977
0.0534446,0.705602,0.000370474,0.000405936,0.000598093,0.000832264,0.00113803,0.00143958,0.00269157,0.00523097,0.011257,0.0349879,0.000117068,0.397453,0.929792,1,37.5765,0.356112,0.25283,27.4639,0.426886,63.793,3.48601,178.466,0.415223,262.56,0.903119,297.421,0.670729,0.197838,0.38639,0.208698,0.43974
0.0532562,0.741703,0.000488259,0.000462299,0.000729528,0.000867503,0.00131054,0.00169224,0.00306762,0.00686203,0.0150961,0.046967,6.6588e-05,0.39965,0.996837,1,73.3853,0.40791,0.269366,27.5694,0.481899,63.4909,0.918071,177.903,1.80011,260.082,0.884492,295.03,1.73219,0.183966,0.366075,0.200887,0.378809
0.0522977,0.745807,0.000299279,0.000280474,0.000459944,0.00101383,0.00127567,0.00183066,0.00348431,0.00727071,0.0157716,0.0491897,0.000117557,0.59249,0.984302,1,47.3409,0.312086,0.281908,28.337,3.12893,63.2804,2.39381,179.604,1.72588,258.198,0.684585,298.299,0.670017,0.20522,0.407075,0.222327,0.447509
0.052092,0.862417,0.00054584,0.000443522,0.000728361,0.00106992,0.00138076,0.00188945,0.0036351,0.00698644,0.0156631,0.0478035,9.83939e-05,0.399221,0.900371,1,62.0477,0.419255,0.277781,29.337,2.41375,63.7191,0.947224,179.698,0.970741,261.176,1.91468,295.463,0.62447,0.216601,0.431068,0.233003,0.417801
0.0516971,0.810341,0.000361823,0.000353542,0.00056349,0.000851703,0.00124504,0.00166773,0.00301286,0.00656487,0.0139791,0.0454114,0.00013351,0.457824,0.965855,1,88.3464,0.351318,0.284284,28.8873,1.11899,63.5218,2.15654,177.446,0.377582,260.672,0.632188,296.38,0.905341,0.216816,0.435177,0.247462,0.464226
0.0503297,0.810043,0.00038245,0.000349726,0.000584612,0.000943427,0.001376,0.00180929,0.0034454,0.00688654,0.0151501,0.0490511,0.000134938,0.458757,0.978293,1,87.479,0.349702,0.282541,28.888,0.72747,62.8592,1.52325,178.234,0.443621,259.824,1.94646,296.358,1.59568,0.225528,0.442198,0.250287,0.449518
0.0562496,0.706627,0.000383236,0.000320603,0.000534296,0.000835428,0.00122701,0.00158674,0.00298194,0.0066327,0.0147339,0.0453913,0.00010193,0.480951,0.998353,1,44.3411,0.308576,0.290023,28.641,1.89768,61.5593,2.18227,178.849,3.57739,261.691,0.272827,297.072,1.76066,0.206549,0.398003,0.214796,0.45236
0.0513046,0.839472,0.000490353,0.000429718,0.000721462,0.00086635,0.00117167,0.00150632,0.00296239,0.00618069,0.0134854,0.0438635,0.000124339,0.37136,0.999635,1,65.4589,0.370332,0.28798,29.0401,1.03063,65.4888,0.988132,179.239,0.392694,260.793,1.16237,294.582,1.30775,0.21867,0.434334,0.247358,0.463686
0.0500844,0.716879,0.000445961,0.000452143,0.000579183,0.000796051,0.00111805,0.00144977,0.00270392,0.00598494,0.0126777,0.0398941,0.000131804,0.381025,0.999878,1,45.0511,0.326674,0.258735,28.7117,2.35706,60.8204,0.80063,177.923,0.267201,262.791,1.83206,297.138,3.00871,0.211411,0.416149,0.223514,0.457674
0.051214,0.753735,0.000435411,0.000374959,0.000529114,0.000802975,0.00108705,0.00153371,0.00276989,0.005977,0.0134248,0.0409247,0.000103605,0.432161,0.998104,1,46.2447,0.366292,0.272835,29.0087,3.36789,61.6849,0.739122,176.784,0.343627,262.757,1.09615,297.502,2.06396,0.210628,0.407923,0.231042,0.475598
0.0510219,0.790757,0.000578678,0.000480587,0.000811994,0.000879953,0.00121327,0.0015855,0.0028818,0.00614805,0.0134354,0.0416163,0.000119252,0.332815,0.972067,1,70.0896,0.369285,0.265495,28.2333,0.774991,64.1877,2.57066,178.339,0.377773,261.064,0.495449,295.59,2.66073,0.202802,0.413542,0.213886,0.448871
0.052701,0.639873,0.000340918,0.000318592,0.000575273,0.000662068,0.00090813,0.00124849,0.00220079,0.00459262,0.0099296,0.0312198,0.000137124,0.346309,0.983081,1,45.4302,0.29891,0.241989,28.3267,1.2814,65.1175,0.884029,179.758,1.79679,260.173,0.40508,299.691,0.841543,0.196541,0.392484,0.220664,0.480986
0.0566751,0.720057,0.000569875,0.000570367,0.000869888,0.000878414,0.0012765,0.00166986,0.00302745,0.00635017,0.0139433,0.0433202,0.000105185,0.310394,0.95166,1,72.6623,0.336822,0.27422,27.8666,0.520315,62.4159,2.12288,178.834,2.56517,260.715,0.98136,296.042,1.98715,0.200072,0.402242,0.21319,0.422853
0.0542172,0.834474,0.000328142,0.000334117,0.000508391,0.000859941,0.00112564,0.00147197,0.00276743,0.00570184,0.0124812,0.038776,0.00013332,0.449323,0.952567,1,43.4475,0.355223,0.29789,29.2685,2.24895,64.0837,0.998225,179.383,1.74877,261.383,0.447913,299.401,0.420706,0.222636,0.441989,0.262429,0.554702
0.0494475,0.831607,0.000304093,0.000309069,0.00046205,0.000717058,0.00106982,0.00143516,0.00260947,0.00540775,0.011742,0.0351279,0.000145804,0.45615,0.977632,1,50.7228,0.395887,0.276468,28.2545,0.56487,63.5025,1.53512,179.652,1.74419,259.353,0.584513,299.78,0.656114,0.220022,0.44183,0.277748,0.527648
0.0633461,0.751464,0.00070244,0.000739178,0.00112203,0.00139143,0.0017439,0.00243638,0.00429121,0.00793821,0.0172811,0.0559197,8.90025e-05,0.31757,0.836847,1,60.4674,0.32149,0.288169,28.8719,1.67257,64.8874,1.28462,178.043,1.59897,260.978,0.651585,296.717,0.572367,0.210536,0.402858,0.196842,0.403601
0.0484316,0.735161,0.000305792,0.00027395,0.000413891,0.000856011,0.00113978,0.00164521,0.00298596,0.00631345,0.0138264,0.0440499,0.000136817,0.544545,0.985284,1,64.7203,0.322676,0.259918,28.698,3.76423,62.2543,1.90009,179.388,0.98348,259.707,0.399473,295.996,0.500119,0.212951,0.422086,0.228758,0.438357
0.0525811,0.73704,0.000274719,0.000242712,0.000500865,0.000841453,0.00120466,0.00154258,0.0028759,0.00637637,0.0143318,0.0444295,0.000112426,0.498997,0.991312,1,59.2352,0.324989,0.274578,28.4542,1.76357,64.8101,2.78418,180.324,2.32885,260.339,1.14098,295.807,0.628404,0.203065,0.400174,0.213711,0.448536
0.0541835,0.810802,0.000384261,0.00037268,0.000719771,0.000936378,0.00126552,0.00175587,0.00321092,0.00619586,0.0136699,0.0428281,9.67825e-05,0.377603,0.933478,1,46.5479,0.423668,0.28587,28.4752,0.760498,61.9516,0.637466,179.83,0.383768,258.12,0.408597,300.565,2.57416,0.2243,0.424847,0.264261,0.489089
0.0492785,0.835403,0.000388838,0.000377625,0.000713025,0.000836871,0.00113053,0.00158794,0.00285922,0.00591234,0.0131945,0.0411526,9.93849e-05,0.376394,0.962292,1,57.6727,0.435793,0.264055,28.5852,2.40934,65.2101,0.408225,177.924,0.894966,263.504,2.0512,295.526,0.421601,0.203326,0.403216,0.213574,0.438618
0.0564241,0.79701,0.000340972,0.000238221,0.000441089,0.000897965,0.00130743,0.00164604,0.00304167,0.00688551,0.0147014,0.0449451,0.000112522,0.555296,0.980216,1,54.3158,0.337733,0.307106,27.4725,0.700522,63.5241,1.84168,177.405,1.22023,263.653,0.542375,298.709,0.767621,0.196238,0.391008,0.214858,0.486203
0.0554709,0.741217,0.000201998,0.000190169,0.000297385,0.000759379,0.000977196,0.00140362,0.00253734,0.00546704,0.0118384,0.0370585,0.00012717,0.599626,0.977931,1,49.8318,0.325904,0.292618,27.6403,0.881917,63.2643,1.54816,176.042,2.03933,264.028,0.525971,299.257,0.917093,0.20284,0.390634,0.241567,0.516459
0.0455118,0.815227,0.00045296,0.000454344,0.000611715,0.000800061,0.0011221,0.00142837,0.00260751,0.00570717,0.0124599,0.0408087,0.000134147,0.353077,0.999599,1,60.8534,0.407251,0.249733,28.692,1.3443,64.5741,1.45953,182.683,3.41601,258.642,1.1253,295.385,0.628429,0.21424,0.440285,0.246449,0.439
0.0511652,0.758933,0.000453989,0.000343076,0.000653894,0.000769408,0.00104321,0.00140676,0.00258969,0.00580265,0.0127454,0.0394333,0.000105875,0.381239,0.995933,1,51.119,0.376253,0.2666,28.2969,0.532533,64.7567,1.64915,180.885,0.558132,258.903,0.372413,298.591,0.766499,0.206069,0.406049,0.246365,0.442974
0.0531329,0.73622,0.000409704,0.000249615,0.000513598,0.000978117,0.00129193,0.0018346,0.00342407,0.00703948,0.0153334,0.0496905,9.81041e-05,0.51727,0.989432,1,56.435,0.359534,0.286026,28.1706,0.513695,60.3615,1.94689,179.656,2.0302,259.428,0.631893,298.166,1.28299,0.218107,0.410652,0.244979,0.446176
0.0459531,0.939363,0.000296516,0.000339746,0.000543105,0.000982071,0.0013965,0.0019047,0.00342536,0.00729886,0.0164697,0.0504443,7.96788e-05,0.522055,0.99531,1,66.7274,0.553113,0.280804,28.6595,1.19858,66.7562,2.15792,177.372,0.793766,260.995,1.36961,298.758,0.755757,0.208364,0.408207,0.245206,0.473329
0.0468709,0.949495,0.000313938,0.000385876,0.000596296,0.0010433,0.00145747,0.00189932,0.00348273,0.00761435,0.0171888,0.0529009,7.98196e-05,0.506431,0.996876,1,69.499,0.522144,0.286959,28.8345,0.685547,68.1993,1.46442,178.095,0.583495,260.889,1.19294,298.514,0.581495,0.207992,0.40877,0.242412,0.459121
0.0474018,0.836821,0.000473506,0.000409783,0.000631741,0.000937974,0.00127475,0.0017944,0.00349151,0.00686745,0.0161867,0.0503367,0.000103409,0.457241,0.990539,1,74.3661,0.422861,0.267082,28.1439,1.02422,62.7194,1.06617,180.564,1.96294,261.895,0.386975,296.311,0.965824,0.207278,0.41672,0.211959,0.441511
0.0479322,0.822752,0.000502111,0.000451152,0.000688111,0.000880739,0.00121152,0.00167149,0.0029662,0.00657108,0.0136092,0.044656,8.93917e-05,0.405429,0.997837,1,42.2506,0.470973,0.266862,28.4249,0.851069,63.3724,1.40175,178.832,0.942032,259.392,0.552312,298.499,0.893432,0.213325,0.411714,0.25098,0.446442
0.0483028,0.860887,0.000603966,0.000454556,0.000867548,0.00100556,0.00147493,0.00188519,0.00353097,0.00751549,0.0167963,0.0541107,9.67814e-05,0.396418,0.995213,1,51.2731,0.414346,0.273449,28.7637,0.890887,65.5092,1.35762,181.235,2.21347,259.005,0.405944,295.277,3.24833,0.205989,0.423646,0.214803,0.432665
0.0511011,0.774244,0.000566858,0.000599016,0.000850735,0.000988017,0.00132246,0.00182519,0.00332256,0.00689386,0.0149708,0.0491673,9.21011e-05,0.339664,0.938068,1,77.3308,0.410535,0.261375,28.7352,0.609386,62.603,3.71451,180.023,0.699007,260.348,0.259179,296.641,0.735345,0.216246,0.420156,0.219464,0.439161
0.0505642,0.766466,0.000459943,0.000459871,0.000695748,0.00090116,0.00125925,0.00162121,0.00306127,0.00625552,0.0141449,0.0448479,9.31361e-05,0.379838,0.958736,1,56.7068,0.404853,0.258928,28.2909,0.558305,63.3171,2.08419,179.279,1.88455,261.157,0.257072,297.585,0.931587,0.203759,0.40253,0.21378,0.43594
0.0446557,0.807331,0.000504273,0.000372931,0.000611052,0.000816899,0.00112188,0.00157835,0.00291328,0.00623924,0.0135138,0.0430124,0.000102065,0.422231,0.998023,1,73.1052,0.436273,0.24341,28.5083,1.18069,64.2119,1.36982,179.485,0.845299,259.862,0.295292,297.932,0.767517,0.197452,0.409342,0.218686,0.441826
0.0654717,0.715023,0.000302439,0.000229137,0.000408801,0.000923302,0.0012625,0.00177829,0.00312411,0.00670338,0.0144668,0.0453321,0.000101183,0.561974,0.936124,1,66.8606,0.285247,0.322539,27.587,0.859017,62.3994,0.980254,177.753,2.69198,261.459,1.47327,296.805,0.844234,0.191094,0.379957,0.21448,0.432258
0.060633,0.703593,0.000292843,0.000290787,0.000421093,0.000973931,0.0013006,0.00166752,0.00325188,0.00680404,0.0148175,0.0469347,0.000110305,0.588483,0.974854,1,49.1201,0.280815,0.311266,28.0396,1.1835,61.5522,1.27278,179.717,1.27179,260.708,0.329305,298.604,0.976238,0.199458,0.39632,0.222716,0.455083
0.0568946,0.903377,0.000529176,0.000467287,0.000547977,0.00136067,0.00179851,0.0023928,0.0045134,0.00949296,0.0209905,0.0666797,6.97928e-05,0.548382,0.947131,1,54.1634,0.413214,0.32527,27.6405,0.515962,65.9789,2.77589,179.124,1.16333,259.567,1.2195,297.629,1.4171,0.196009,0.386986,0.213758,0.404912
0.0573561,0.734613,0.000562554,0.000426463,0.000738823,0.00101996,0.00134309,0.00186536,0.00339963,0.00717993,0.0160058,0.0506374,0.000124937,0.387001,0.962157,1,55.9092,0.288786,0.296012,29.5159,1.39487,62.7752,0.711391,179.22,1.32906,261.45,0.374718,297.727,0.902895,0.222861,0.430671,0.230372,0.457118
0.0558217,0.80542,0.000480018,0.000616051,0.000856834,0.000919286,0.00133801,0.00169268,0.00317489,0.00653709,0.0146253,0.0471801,0.000130848,0.355303,0.9697,1,50.3633,0.339221,0.303295,29.0351,0.868988,62.5858,1.53078,180.393,1.85018,263.417,0.636434,295.582,1.64758,0.22945,0.444773,0.237436,0.488921
0.0611893,0.640155,0.000429153,0.000299007,0.000527349,0.000857205,0.00123062,0.00168408,0.00317586,0.00638053,0.0131052,0.0417099,9.77736e-05,0.448633,0.890274,1,47.4562,0.288804,0.264022,27.4474,0.814682,65.1846,0.650402,183.102,0.763511,259.342,1.30853,297.984,1.60555,0.1916,0.37058,0.184515,0.398561
0.0595492,0.656101,0.000421086,0.000293942,0.000504139,0.000850039,0.00121939,0.00169374,0.00323097,0.00639301,0.0131299,0.0414222,9.6956e-05,0.472401,0.915947,1,45.6361,0.294328,0.266146,27.4987,0.762733,66.2552,0.646084,183.351,0.474625,259.215,1.03429,297.78,2.03315,0.190498,0.36804,0.192466,0.405677
0.0548596,0.934351,0.000646148,0.000538264,0.000908642,0.00107535,0.00156055,0.00210751,0.00364526,0.0076437,0.0172459,0.052649,7.42743e-05,0.362347,0.952158,1,59.1091,0.499426,0.312161,28.1286,0.796229,64.8236,1.46514,176.912,0.675928,260.475,0.577212,296.8,0.794521,0.205873,0.406878,0.240188,0.460153
0.0524236,0.930299,0.000603566,0.000690173,0.000898791,0.00117899,0.00151462,0.00203859,0.00380728,0.00819375,0.0168888,0.0554787,7.46065e-05,0.350057,0.940768,1,69.9684,0.49308,0.293666,28.6581,1.05603,65.6011,0.832697,179.135,0.955611,259.921,0.589835,298.347,0.542605,0.203277,0.411837,0.225461,0.473258
0.0516662,0.783047,0.00046048,0.000332575,0.000583145,0.000985489,0.00123066,0.00169266,0.00322673,0.00653893,0.0150336,0.0464528,8.171e-05,0.479572,0.986722,1,45.8161,0.42174,0.277239,27.7877,0.422976,63.942,0.694324,180.86,0.920254,261.807,0.347306,296.744,0.323864,0.204762,0.390838,0.202942,0.456374
0.0484092,0.768658,0.000324134,0.000330289,0.000554937,0.000837299,0.00121902,0.00159301,0.00283036,0.00610395,0.0138645,0.0433378,8.91282e-05,0.462319,0.987578,1,52.7151,0.449911,0.258516,27.9041,0.438128,63.2898,0.63999,181.078,1.55068,263.055,0.286794,295.589,0.298858,0.208702,0.401243,0.208743,0.416862
0.0645977,0.665375,0.000549552,0.000375617,0.000645342,0.000922724,0.00138981,0.00176953,0.00339089,0.00676061,0.0144455,0.0445392,8.97615e-05,0.392009,0.954493,1,53.4086,0.313682,0.305878,27.3409,0.316226,62.7458,2.12724,180.094,1.32125,261.731,0.294061,294.351,0.921432,0.209848,0.385597,0.213842,0.399683
0.0505304,0.847745,0.0005223,0.000350091,0.000645516,0.00113192,0.00139814,0.00198998,0.00362338,0.00752163,0.0160116,0.0517738,0.000102405,0.439005,0.958908,1,51.0348,0.379773,0.272599,28.057,2.59085,66.4701,1.0351,177.451,0.781886,259.111,2.90365,300.173,1.29014,0.187332,0.394808,0.214095,0.419003
0.0562039,0.709512,0.000513283,0.000432743,0.000771248,0.000994175,0.00123721,0.00171721,0.00324041,0.00705877,0.0156239,0.0481645,0.00010573,0.418911,0.986405,1,57.3195,0.319634,0.290358,28.4427,0.362176,61.7802,2.62932,180.098,0.593165,260.995,0.325406,296.376,1.51748,0.218515,0.417184,0.221651,0.45301
0.0597621,0.731431,0.000452508,0.000443788,0.000709022,0.000917459,0.00140647,0.00182675,0.00329154,0.00684644,0.0148889,0.0469036,8.6573e-05,0.417257,0.95709,1,53.0279,0.356811,0.301864,27.633,0.434699,60.8931,0.508072,178.34,1.07883,261.412,0.25861,296.181,2.15618,0.209942,0.393901,0.230355,0.418983
0.0694407,0.649625,0.000217969,0.000296346,0.000494357,0.00115517,0.00144029,0.00205952,0.00374147,0.00820429,0.0183249,0.057592,5.49923e-05,0.56699,0.973914,1,65.2614,0.322372,0.337438,26.689,0.257314,60.9418,0.556774,181.409,1.42423,261.188,0.335479,299.815,0.356847,0.196352,0.360983,0.208736,0.408196
0.0630088,0.737455,0.000400399,0.000210552,0.000401364,0.00107573,0.00159295,0.00216644,0.00386201,0.00847995,0.0185533,0.060292,9.35855e-05,0.643454,0.987502,1,45.7641,0.301208,0.336607,26.652,0.295632,64.458,3.89037,178.368,0.996657,259.052,2.60387,296.604,1.33673,0.195815,0.371903,0.221233,0.388771
0.067379,0.716057,0.000386176,0.000326879,0.000542291,0.00132853,0.0017599,0.00237864,0.00465402,0.0102275,0.0217551,0.0721475,6.78701e-05,0.67348,0.98333,1,52.043,0.290332,0.350684,26.3137,0.333563,62.4808,0.977707,179.832,3.05304,259.263,0.90451,296.357,1.99648,0.18358,0.35351,0.193911,0.365046
0.067338,0.721229,0.000369975,0.000312672,0.000521621,0.00131014,0.00172254,0.00233434,0.00457665,0.0100259,0.0212871,0.0707926,6.88244e-05,0.665994,0.983713,1,51.2167,0.295885,0.351003,26.2808,0.334653,62.4508,0.861742,179.864,3.22705,259.173,0.941345,296.278,1.78666,0.184318,0.353971,0.19467,0.364317
0.0507143,0.780914,0.000502138,0.000433964,0.000654684,0.000881995,0.00119314,0.00170806,0.00292022,0.00611123,0.0129836,0.0409805,0.000105624,0.38065,0.917342,1,59.1583,0.393465,0.253018,28.5617,1.52644,65.3727,2.59916,180.22,0.531298,260.488,0.35111,295.536,1.4924,0.204383,0.410199,0.20088,0.42553
0.0537533,0.7419,0.00032914,0.000214307,0.000466317,0.00091601,0.00116393,0.00166668,0.00317327,0.00662733,0.0141681,0.044659,0.000101782,0.549975,0.980353,1,41.8364,0.346461,0.284128,27.8978,0.824307,61.8816,1.83084,178.29,0.404223,260.557,2.16151,296.862,1.41742,0.202914,0.396467,0.224863,0.440799
0.0532193,0.759063,0.000403706,0.000436009,0.000621606,0.000942938,0.00141994,0.00178028,0.00331064,0.0071583,0.016081,0.0489917,9.84938e-05,0.44357,0.97843,1,82.3914,0.34925,0.278651,28.1252,0.584199,63.0475,1.21351,178.438,1.52448,261.518,0.370397,296.903,1.13997,0.200676,0.401843,0.212892,0.417469
0.0532023,0.77403,0.000313218,0.000321392,0.000542105,0.00101772,0.00146621,0.00186402,0.0033765,0.00763012,0.0167387,0.0537546,0.000106405,0.555591,0.980188,1,42.8549,0.326077,0.290693,28.7119,1.24826,62.9369,1.49092,179.009,0.865955,260.863,2.28649,298.752,0.586246,0.207986,0.403616,0.22408,0.438691
0.0545778,0.797122,0.000333435,0.000219801,0.000393837,0.000958092,0.00124952,0.0017816,0.00330243,0.00691664,0.015287,0.0473875,0.000117305,0.588531,0.963413,1,74.9253,0.354684,0.305937,28.211,0.604229,62.0747,0.641598,179.319,1.34327,258.312,0.433588,297.364,0.941688,0.223289,0.423313,0.262331,0.466319
0.0517527,0.834608,0.000597254,0.000527865,0.000712799,0.00103017,0.00138077,0.00191591,0.00344189,0.00689984,0.015228,0.0489179,9.00804e-05,0.360169,0.948855,1,41.098,0.407661,0.2664,27.3916,1.07781,67.2459,0.545777,177.46,2.1545,262.303,0.4172,296.002,0.716071,0.178574,0.379032,0.179942,0.387269
0.0650864,0.746711,0.000660609,0.000656952,0.00107852,0.00138746,0.00192815,0.00244581,0.00470705,0.00943524,0.0202262,0.0657473,7.41155e-05,0.413212,0.926894,1,57.4955,0.307459,0.322198,28.4719,0.828975,63.4876,3.77686,180.501,0.912285,259.865,0.318568,298.557,2.07575,0.204561,0.389658,0.210302,0.394183
0.0510171,0.811003,0.000529285,0.00033831,0.000793311,0.00104718,0.00142879,0.00202136,0.00369129,0.00740466,0.016821,0.0540378,8.94967e-05,0.396398,0.945858,1,65.8761,0.410583,0.270357,28.5532,1.23206,61.4819,0.549968,178.853,0.682482,258.654,2.78783,298.278,0.615849,0.206392,0.412064,0.236809,0.404388
0.0512108,0.790383,0.000535346,0.000437879,0.000748907,0.00110256,0.00153731,0.00209482,0.00378863,0.00777063,0.0174136,0.0562213,7.70818e-05,0.401067,0.959384,1,59.6986,0.409424,0.271315,28.6827,1.35072,61.5061,0.552399,178.746,0.716281,258.37,4.25344,296.967,0.538926,0.209746,0.407349,0.221879,0.41425
0.0519947,0.74726,0.000330588,0.00024758,0.000480898,0.00104597,0.00140602,0.00188812,0.00352075,0.00714262,0.0154962,0.0500159,0.000111496,0.518392,0.920613,1,57.3801,0.328793,0.266263,29.0421,1.36922,63.0611,3.55396,181.041,0.452999,258.876,0.265732,299.369,0.914586,0.212736,0.419868,0.219187,0.449659
0.0557945,0.835162,0.000471199,0.000399714,0.000546032,0.00110437,0.00146966,0.00192758,0.00365283,0.00762826,0.0161912,0.0538462,8.76858e-05,0.481941,0.967013,1,49.2137,0.382022,0.308974,28.0378,0.895979,61.3692,0.687264,180.008,0.536103,258.809,0.258742,299.793,0.726313,0.206215,0.408663,0.24174,0.450833
0.0517509,0.863764,0.000525864,0.000513867,0.000943287,0.00143908,0.00197503,0.00270381,0.00496164,0.0097973,0.0222006,0.0717342,7.15859e-05,0.437467,0.921564,1,47.0307,0.447809,0.289523,29.5542,0.735349,60.1131,1.4475,179.341,0.929,258.454,0.272565,297.247,1.22817,0.225339,0.440061,0.241622,0.424899
0.0585308,0.809872,0.000496213,0.000413047,0.000798645,0.00111399,0.00153224,0.00205146,0.00389109,0.00810965,0.0175212,0.0581749,8.29018e-05,0.402882,0.970688,1,69.0868,0.363125,0.310502,27.6338,0.555613,64.3731,1.78706,178.466,0.931375,262.146,4.32478,296.849,0.990118,0.196829,0.390529,0.199059,0.435681
0.0567448,0.770744,0.000607958,0.000585455,0.000727938,0.00118644,0.00161926,0.00220384,0.00411113,0.00869972,0.0192779,0.0620839,7.19031e-05,0.426732,0.980677,1,70.525,0.358824,0.29568,27.9154,0.629591,65.7965,1.26734,177.964,1.30048,260.299,0.840786,298.349,1.80898,0.196733,0.377098,0.206804,0.395963
0.0515077,0.82647,0.000425782,0.00042988,0.000511126,0.000966101,0.00132861,0.00186267,0.0034278,0.00720095,0.0156844,0.0496087,9.21972e-05,0.50554,0.995267,1,43.724,0.380603,0.293178,29.2397,2.30809,62.6772,1.77757,179.277,1.26121,260.532,0.54327,297.73,1.36379,0.211689,0.417036,0.235066,0.475854
0.0458975,0.664802,0.000559784,0.000378092,0.000788315,0.000732659,0.0010202,0.00144765,0.00268883,0.00546694,0.0122877,0.0388061,0.00012849,0.322612,0.969893,1,68.354,0.347558,0.221867,29.1655,0.844286,63.882,1.04861,179.97,1.30636,260.478,0.315102,297.902,1.25905,0.22232,0.415817,0.22433,0.426262
0.0472933,0.688,0.000623372,0.000565445,0.000739734,0.000711847,0.00103383,0.00143371,0.00260458,0.00578651,0.0123158,0.0392923,0.000109965,0.297309,0.976868,1,62.1569,0.376884,0.233405,29.3763,0.600874,63.0154,1.87969,179.929,2.20469,258.511,0.297986,297.399,0.449552,0.219149,0.424337,0.233938,0.464311
0.0465138,0.700351,0.000571303,0.000586368,0.000838511,0.000715012,0.00104543,0.00153014,0.00264462,0.00584326,0.0123694,0.0395398,0.000110876,0.29734,0.975272,1,67.3834,0.390085,0.232453,29.5216,0.73447,63.144,0.836179,179.322,2.12954,259.065,0.280911,297.259,0.655549,0.220862,0.429824,0.238923,0.444519
0.0497761,0.73799,0.000488083,0.000442048,0.000544574,0.000769908,0.00101982,0.00126269,0.00246239,0.00509681,0.011755,0.0362265,0.000151667,0.37615,0.996287,1,63.3895,0.329608,0.257482,28.4759,2.78983,63.1109,1.58286,181.311,1.06087,259.933,1.48032,296.394,2.73598,0.210826,0.428546,0.236267,0.459501
0.0524513,0.686468,0.000403811,0.000330917,0.00068335,0.0007647,0.00103685,0.00135082,0.00241358,0.00525802,0.0121039,0.0366745,0.000122258,0.350467,0.995578,1,69.2151,0.33061,0.260099,28.5482,1.73448,62.434,1.95915,181.1,0.956108,259.803,0.470895,298.145,1.42255,0.213222,0.415839,0.236905,0.461906
0.0559977,0.73495,0.000374319,0.000337465,0.000467254,0.000971701,0.001308,0.00185437,0.00356958,0.0072651,0.0154293,0.0499424,0.000128228,0.546292,0.923127,1,51.5702,0.305414,0.289252,28.3901,0.445,62.8587,0.992149,179.256,1.14999,259.591,0.497832,298.623,0.54783,0.219936,0.420535,0.237371,0.459344
0.0539381,0.701554,0.000386373,0.000394533,0.000620854,0.000965788,0.00129467,0.00169364,0.00299163,0.00636552,0.0146805,0.0455231,0.0001019,0.420562,0.984806,1,40.6227,0.32886,0.272822,28.439,0.65031,60.946,2.34494,177.548,2.08296,260.496,2.22192,299.016,1.07547,0.205516,0.402657,0.226233,0.463087
0.0560308,0.723181,0.000522263,0.000414204,0.000730519,0.000821633,0.0011683,0.00161592,0.00309774,0.00670967,0.0141561,0.045888,0.000133672,0.37022,0.994305,1,61.0467,0.282121,0.283714,28.7257,1.27376,65.6029,0.760805,179.933,0.838791,258.614,0.464357,297.307,1.32725,0.202213,0.415341,0.224054,0.452154
0.0589438,0.72913,0.000510853,0.000400841,0.000736562,0.00102525,0.00136629,0.00176238,0.00327655,0.00667698,0.0152829,0.0470754,0.000101036,0.363345,0.946788,1,53.0034,0.321255,0.294552,28.8085,1.19546,60.9927,2.80109,179.873,2.31061,260.317,0.317064,297.382,0.871385,0.214424,0.418985,0.229073,0.469767
0.056443,0.727432,0.000545431,0.000516299,0.000781561,0.00104946,0.00143642,0.00199318,0.00368643,0.00771867,0.0164792,0.0535017,0.000103744,0.420223,0.931924,1,49.0807,0.321121,0.287628,29.0378,0.552525,61.7688,1.0022,178.13,1.70294,259.655,0.624867,299.044,1.79718,0.230811,0.421985,0.238545,0.459734
0.0532097,0.856521,0.000482894,0.00055939,0.0007395,0.00121403,0.00167692,0.00210356,0.00412641,0.00864761,0.0197903,0.0640778,8.39933e-05,0.491237,0.985954,1,65.6261,0.385966,0.304704,28.5205,2.66716,63.7332,1.39385,178.768,1.11735,260.116,1.26439,297.207,0.569104,0.204985,0.408179,0.224991,0.426158
0.0623796,0.741325,0.000441301,0.000309069,0.000455695,0.00108935,0.00139485,0.00199879,0.00373886,0.00765408,0.0164727,0.0516054,0.000114648,0.529308,0.950913,1,46.6258,0.286102,0.323295,28.2018,0.560954,63.5678,2.55869,179.57,1.0575,260.549,0.383457,296.689,0.660164,0.207111,0.411526,0.218623,0.440078
0.0561544,0.725934,0.000278224,0.000284014,0.000534565,0.000918807,0.00130254,0.00169865,0.00313861,0.00671414,0.0150762,0.0463768,0.000104807,0.496091,0.98271,1,60.7243,0.296988,0.282922,27.9321,0.961104,65.3442,0.753469,181.95,0.556106,260.77,0.544413,298.858,0.285239,0.18872,0.385341,0.192883,0.451001
0.0577138,0.778405,0.000321816,0.000381016,0.000542058,0.00101556,0.00136701,0.00186298,0.00346158,0.00707889,0.0153355,0.0477085,0.000116546,0.504743,0.913037,1,59.1507,0.33092,0.301427,28.5206,0.554626,62.148,1.30821,179.436,0.853567,257.494,0.621523,297.917,0.611008,0.219787,0.424887,0.253936,0.452666
0.0690534,0.766491,0.000548924,0.000410991,0.000645817,0.00121835,0.00165847,0.00223629,0.00411182,0.00860368,0.0190047,0.0581905,0.000103195,0.514164,0.948734,1,52.4291,0.2833,0.368498,28.5475,0.567447,63.1052,3.1724,180.002,1.31067,264.705,0.29177,296,0.523772,0.221938,0.419607,0.205151,0.464154
0.0517109,0.8415,0.000333088,0.000309958,0.000511958,0.00102458,0.00141711,0.00187535,0.00347606,0.00738416,0.0160186,0.0510059,9.59507e-05,0.580133,0.983453,1,53.0667,0.373423,0.296682,28.6344,4.35428,64.6991,1.09328,179.56,0.877731,259.978,0.298774,294.756,1.18124,0.206659,0.409277,0.221607,0.417179
0.0505704,0.811267,0.000310007,0.000271648,0.000472578,0.000927919,0.00115742,0.00175173,0.00308925,0.00664467,0.0150059,0.0465884,0.000100563,0.533492,0.983922,1,74.3715,0.377075,0.278561,28.3207,2.0371,63.4464,0.888934,179.818,0.821628,259.458,0.897984,295.762,1.57758,0.195739,0.403706,0.220162,0.42022
0.0474556,0.73006,0.000198903,0.000211339,0.000351386,0.000723437,0.00106345,0.00139547,0.00246983,0.00533275,0.0114223,0.0369746,0.00013837,0.521916,0.949961,1,57.2042,0.358032,0.244633,28.915,1.34035,63.9207,0.485817,179.218,1.54129,261.073,0.862924,298.042,0.923814,0.214299,0.419214,0.230611,0.471716
0.0632502,0.803406,0.00073219,0.000595182,0.000933665,0.00111359,0.00141444,0.00206304,0.00358025,0.00794269,0.0177904,0.0544406,8.71624e-05,0.372922,0.986614,1,56.8242,0.332046,0.342231,28.5109,0.731979,61.9931,1.88807,179.557,0.508686,258.316,0.301492,298.206,1.51629,0.21221,0.41566,0.25378,0.455424
0.0617189,0.847948,0.000641218,0.000622226,0.000992132,0.00119953,0.00169325,0.0022101,0.00431522,0.00876794,0.0188085,0.0608164,9.6422e-05,0.404179,0.96758,1,62.4931,0.328477,0.337164,28.0466,0.931359,62.9815,3.10721,178.207,0.697577,258.996,0.69147,298.242,0.451651,0.196793,0.407575,0.225189,0.442739
0.0584375,0.827956,0.000605298,0.000465377,0.000712471,0.00107541,0.00152772,0.00198943,0.00365345,0.00780486,0.0164829,0.0534656,9.9753e-05,0.396233,0.970666,1,65.838,0.345084,0.316996,28.2504,0.986866,63.0116,2.64318,178.111,0.500251,259.753,0.416951,296.794,0.374194,0.202572,0.415076,0.227739,0.452395
0.058402,0.834571,0.000579079,0.000485926,0.000729396,0.00107327,0.00152066,0.00195214,0.0035817,0.00776103,0.0161821,0.0528171,0.000100865,0.391616,0.97815,1,66.2964,0.346756,0.319032,28.2573,0.988195,62.8389,2.52646,178.039,0.461433,259.744,0.400669,296.845,0.382032,0.199852,0.41484,0.227828,0.450675
0.0629208,0.775542,0.000522226,0.000404118,0.000659056,0.00102625,0.0013332,0.001937,0.00350766,0.00748596,0.0169715,0.0514804,0.000102598,0.426207,0.978886,1,58.5349,0.293795,0.330933,28.6363,1.35502,64.4846,1.34301,179.738,0.438349,261.084,1.20452,298.682,0.845543,0.204015,0.408162,0.221744,0.471951
0.0472343,0.741029,0.00039972,0.000324146,0.000504942,0.000880772,0.00125593,0.00176017,0.00306981,0.00665846,0.014319,0.0471693,7.35221e-05,0.488995,0.969598,1,43.9267,0.494232,0.238298,26.5842,0.306669,63.8058,1.16969,178.407,1.64544,260.765,0.345835,298.034,3.40161,0.18055,0.365903,0.188425,0.393562
0.0542007,0.756835,0.000403523,0.000378723,0.000617852,0.00103369,0.00133348,0.00171932,0.00328964,0.00695696,0.0158038,0.0501368,8.27819e-05,0.433935,0.99141,1,53.8347,0.385317,0.276623,26.3598,0.402028,63.9478,1.21236,177.528,0.688508,261.527,0.393338,296.421,0.880717,0.18408,0.357524,0.194743,0.380975
0.0525008,0.804301,0.000344813,0.000281466,0.000497781,0.000921073,0.0014816,0.00199818,0.00360589,0.00778464,0.0164907,0.0535733,6.66042e-05,0.614611,0.959155,1,50.483,0.421694,0.280202,27.0667,0.69425,67.0008,1.16236,177.816,3.30405,262.748,1.51557,296.405,0.358383,0.179802,0.351427,0.176333,0.387317
0.053032,0.695566,0.000477056,0.000382766,0.000607173,0.000908223,0.00119492,0.00158072,0.00284882,0.00585038,0.013115,0.0397678,9.20717e-05,0.365954,0.963997,1,54.7866,0.359792,0.253836,27.9752,0.545072,63.8652,1.34031,178.894,0.522624,259.959,0.490465,298.258,2.146,0.194165,0.384662,0.209765,0.433617
0.0551906,0.675994,0.000511611,0.000350399,0.000607761,0.000893381,0.00117938,0.00160566,0.00285753,0.00590194,0.0130547,0.0398336,9.41285e-05,0.423778,0.916625,1,51.9439,0.339376,0.252923,27.8822,0.726316,63.4011,0.674385,180.23,1.23048,260.312,0.4006,298.269,1.73038,0.196212,0.377322,0.205998,0.392355
0.0581666,0.747286,0.000280869,0.000276994,0.000468203,0.000969474,0.00136368,0.00183468,0.00340472,0.00663236,0.0140594,0.0442662,0.000137037,0.517879,0.860707,1,62.7411,0.2963,0.278231,27.7085,0.9808,63.8908,3.23193,178.643,1.43766,259.74,1.73997,297.191,1.02454,0.198478,0.405835,0.208465,0.424033
0.0541085,0.823612,0.000550983,0.000478944,0.000776779,0.00112549,0.00148551,0.00206332,0.003807,0.00809789,0.0182918,0.0566173,8.10127e-05,0.422418,0.987783,1,48.6111,0.379779,0.293643,28.0877,0.993624,63.9102,0.704982,179.806,1.23402,259.642,0.393083,299.234,2.17022,0.191122,0.393704,0.209967,0.432262
0.0506356,0.725101,0.000337314,0.00024694,0.000442318,0.000691327,0.000926695,0.00127384,0.00230926,0.00473543,0.0106133,0.0316562,0.000162751,0.412192,0.967101,1,51.1798,0.328851,0.259724,29.0904,1.15857,62.4488,1.00803,179.161,1.58725,262.709,0.891763,297.046,0.445096,0.223192,0.438284,0.24757,0.511797
0.0501728,0.784675,0.000295388,0.000324429,0.000474,0.000779334,0.00104102,0.00138135,0.00247311,0.0052793,0.0116221,0.0360035,0.00015294,0.410305,0.969249,1,63.2094,0.356275,0.267101,28.548,1.58763,63.8787,4.78022,179.664,5.50856,262.999,0.966693,297.308,0.365281,0.22046,0.432947,0.234137,0.520539
0.0537208,0.825313,0.000505908,0.000326127,0.000712684,0.00103362,0.00143373,0.00191568,0.00373586,0.00708368,0.0155864,0.049369,0.00012548,0.442917,0.914572,1,51.5918,0.360235,0.291607,29.4196,1.22866,64.0263,0.363199,178.84,0.450823,260.253,0.664431,299.465,0.740561,0.2384,0.446864,0.259506,0.511238
0.0517364,0.79238,0.000475092,0.000309439,0.000592497,0.00100352,0.00134044,0.00176905,0.00338488,0.00670417,0.014567,0.0470671,0.00012137,0.445056,0.917205,1,52.1134,0.3691,0.275857,29.5438,1.14762,62.6722,0.371548,179.362,0.687873,260.797,0.752377,300.088,0.784663,0.237477,0.442207,0.265963,0.482699
0.0544378,0.756844,0.000335573,0.000301824,0.000541379,0.000763669,0.00107241,0.00144479,0.00269679,0.00562622,0.0123343,0.0366054,0.000150569,0.403769,0.974208,1,55.6039,0.328415,0.287362,28.4545,1.97273,61.5037,2.25992,179.337,2.63891,260.329,0.337916,296.719,0.81433,0.224581,0.438579,0.260046,0.483574
0.0512045,0.754123,0.0004362,0.000334539,0.00048368,0.000812242,0.00110636,0.00155731,0.00278341,0.00586153,0.0130513,0.0392726,0.000161359,0.438807,0.960397,1,48.6322,0.317129,0.275276,29.802,1.15645,63.4082,0.805756,179.091,0.843932,262.175,0.3458,296.754,1.78322,0.238899,0.463823,0.243266,0.527399
0.0512906,0.790283,0.000394759,0.000352612,0.000597714,0.00091636,0.00117769,0.00158962,0.00301775,0.00633433,0.0139283,0.0431954,0.000159574,0.413547,0.975099,1,38.5114,0.338555,0.285818,29.4218,0.789368,62.3521,1.06334,180.84,0.812572,261.983,0.360197,296.741,0.879103,0.247247,0.461019,0.268665,0.51225
0.0516616,0.760302,0.000383844,0.000476942,0.00056038,0.000986534,0.00118218,0.00168591,0.00309578,0.00657556,0.0144869,0.0460472,0.000135105,0.43653,0.960975,1,56.0841,0.332154,0.276813,29.2817,0.62372,63.8433,0.967804,179.561,6.03318,262.062,0.584426,299.499,0.870824,0.232833,0.444583,0.2365,0.511224
0.0527607,0.766408,0.000404032,0.000431128,0.000563341,0.000995954,0.00126167,0.00177977,0.00329173,0.00683385,0.014801,0.0475796,0.000135306,0.43152,0.973741,1,55.6404,0.32515,0.28547,29.2124,0.891288,63.7591,0.914953,179.684,3.67781,262.156,0.65503,298.936,0.650236,0.235371,0.431543,0.249505,0.50216
0.0541665,0.850961,0.000569704,0.000403759,0.000802259,0.000915593,0.00132801,0.00174202,0.00320922,0.00667712,0.0145124,0.0456522,0.000116909,0.387308,0.979851,1,60.9916,0.380981,0.303384,28.6424,2.68728,63.2455,2.46656,177.583,0.857666,260.331,0.927903,296.807,0.435459,0.213719,0.436979,0.242319,0.496125
0.0632769,0.745474,0.000770959,0.00058243,0.000890047,0.00119811,0.00167842,0.00226175,0.00423986,0.00857307,0.019513,0.0634817,8.89391e-05,0.394802,0.978692,1,49.2178,0.30681,0.328127,27.9855,0.542069,62.6604,0.608971,180.936,1.0796,258.334,0.402076,296.709,0.764397,0.213395,0.404479,0.227411,0.408828
0.0620436,0.700123,0.000580402,0.000659043,0.000982279,0.00109966,0.00160139,0.00219718,0.00396848,0.0085624,0.0194329,0.0609623,7.57558e-05,0.37306,0.985465,1,47.4607,0.311248,0.306326,27.7408,0.44053,62.8912,1.69602,180.117,0.325813,260.947,0.666663,297.863,0.594998,0.199377,0.382483,0.193796,0.415665
0.0562758,0.784352,0.000526951,0.000564148,0.000787923,0.00134471,0.0017522,0.00239011,0.00439014,0.00902486,0.0193703,0.0634481,8.03531e-05,0.433325,0.937554,1,67.9796,0.338236,0.283629,28.0052,1.78175,66.1984,2.28883,178.31,1.65838,260.636,0.313078,295.322,2.9428,0.186185,0.374845,0.174123,0.372379
0.0569343,0.760497,0.00045561,0.000376448,0.000533133,0.000900881,0.00115032,0.00162147,0.00301808,0.00633303,0.0133599,0.0421543,0.000106126,0.421513,0.960768,1,45.0962,0.379268,0.294668,27.3095,0.325824,61.9298,0.780316,179.287,2.31756,258.668,1.31117,298.173,1.47853,0.209488,0.411906,0.245313,0.475124
0.0553946,0.744867,0.000331343,0.000329747,0.000546155,0.000849365,0.00119737,0.00165236,0.002898,0.00617039,0.0132386,0.0411062,9.7594e-05,0.454408,0.968991,1,39.078,0.378531,0.287378,27.6699,0.433049,60.7413,1.54871,179.165,1.49681,259.382,0.854426,299.785,0.500939,0.211765,0.398152,0.262127,0.450252
0.0581537,0.767388,0.00044128,0.000387122,0.000567417,0.000999267,0.00142185,0.0019056,0.00352735,0.00753379,0.0161947,0.0512419,6.97177e-05,0.496546,0.995078,1,65.3547,0.345718,0.299274,27.326,2.08494,65.4156,0.953016,179.522,1.93517,261.09,0.713203,295.797,0.732246,0.174635,0.353183,0.184327,0.371593
0.0605418,0.782389,0.000732235,0.000624756,0.000986585,0.00128173,0.00161072,0.00229956,0.0043496,0.00882906,0.0189503,0.0623306,8.55626e-05,0.387323,0.946208,1,51.5387,0.338182,0.31806,28.8473,1.10245,61.4235,1.62713,179.294,1.44936,260.776,0.612695,299.624,0.950365,0.218628,0.415756,0.231503,0.460219
0.0510289,0.7547,0.000275409,0.000222837,0.000390475,0.00072644,0.000913248,0.00126368,0.00227609,0.00459446,0.00945893,0.0286503,0.00012758,0.438269,0.886134,1,60.212,0.394345,0.246686,28.6377,0.630543,65.2418,0.595789,180.993,1.57012,262.676,0.899507,297.942,0.858508,0.210981,0.41912,0.228741,0.511043
0.0512386,0.741673,0.000348379,0.000212937,0.000373181,0.000679919,0.00091143,0.00120094,0.00223315,0.0043358,0.00910481,0.0274281,0.000128478,0.425464,0.881115,1,48.3149,0.417595,0.244036,28.0204,0.678385,63.8604,2.61853,179.553,1.46204,261.339,1.37029,298.639,2.28448,0.213755,0.410739,0.259383,0.466238
0.0571918,0.850482,0.000441757,0.000444207,0.000694688,0.00132496,0.00181828,0.00250362,0.00462723,0.00995152,0.021769,0.0722326,8.0426e-05,0.496264,0.995486,1,54.9974,0.356887,0.331698,28.5594,1.20676,63.0058,0.99542,177.373,1.83691,260.463,2.43761,298.744,0.466852,0.214278,0.405617,0.232716,0.431813
0.0525208,0.696133,0.000334379,0.000194055,0.000472968,0.000786336,0.00110565,0.00148215,0.00283289,0.00552612,0.0116318,0.0362202,9.46227e-05,0.521276,0.909144,1,57.4554,0.353887,0.246172,28.0495,0.677202,64.3969,2.06252,180.324,1.13627,259.721,0.451204,297.799,0.877819,0.188581,0.37816,0.203319,0.40251
0.0635602,0.670099,0.000406,0.000399374,0.00074563,0.000849879,0.00114906,0.00152826,0.00280551,0.00553911,0.0122014,0.0366945,0.00011991,0.362213,0.92455,1,73.4968,0.285279,0.285511,27.1302,0.480247,62.8465,1.02459,177.424,1.50303,261.873,0.469904,296.306,1.93236,0.190332,0.379041,0.203614,0.426628
0.0609923,0.76646,0.000599216,0.000536194,0.000666388,0.00104512,0.00143335,0.00194213,0.00357558,0.00691063,0.0147532,0.045552,9.19982e-05,0.369205,0.895407,1,96.0006,0.332936,0.2921,28.3588,2.05322,65.1408,2.50945,176.659,0.503282,262.048,0.457155,296.534,0.740949,0.196699,0.387456,0.20039,0.409324
0.064476,0.730407,0.000407946,0.000364387,0.000705251,0.00117435,0.00150867,0.00206734,0.00384658,0.00685725,0.0152375,0.046301,0.000107055,0.416303,0.833028,1,73.3037,0.299936,0.293205,28.4078,0.954526,63.0823,0.963733,179.875,1.84041,261.689,0.364902,294.534,0.372746,0.206355,0.407847,0.188552,0.419272
0.0708234,0.771189,0.000345901,0.000418783,0.00058464,0.00105894,0.00144089,0.00186045,0.0034448,0.00660523,0.0138513,0.0413073,9.30252e-05,0.446434,0.846877,1,78.5472,0.310192,0.328805,27.8273,0.715825,65.5761,0.991089,178.424,2.57672,261.429,0.335924,296.702,0.388436,0.191686,0.387417,0.201639,0.44649
0.0599529,0.754422,0.000413283,0.000411706,0.000613938,0.00124907,0.00176256,0.00239428,0.0043906,0.0076134,0.0166241,0.0523616,6.93867e-05,0.469291,0.819308,1,55.7634,0.363726,0.273062,28.2646,0.815179,64.4709,1.3671,180.705,0.422562,259.682,0.946591,296.269,0.333026,0.194397,0.380923,0.189707,0.367203
0.0584843,0.739155,0.000399342,0.000279349,0.000537107,0.0012532,0.00172621,0.00229756,0.00434983,0.00780333,0.016869,0.0549476,9.6485e-05,0.54202,0.82686,1,59.1619,0.299592,0.270876,28.465,1.73169,64.7705,1.3832,178.774,1.14675,260.317,0.724807,298.039,5.62792,0.193274,0.392444,0.178799,0.392811
0.0597918,0.785955,0.00065858,0.000613213,0.00101349,0.000897899,0.0012715,0.00174615,0.00315948,0.00678909,0.0147741,0.0458659,8.37122e-05,0.295872,0.999484,1,60.6038,0.387514,0.317375,27.9898,0.380238,63.4913,1.44782,179.904,0.658515,261.265,0.631379,298.347,6.17024,0.216825,0.406009,0.256046,0.477983
0.0618951,0.813244,0.000608524,0.000685477,0.000829976,0.000922578,0.00136827,0.00177484,0.00326324,0.0069392,0.0150372,0.0467182,0.000100259,0.33222,0.998682,1,73.9067,0.362087,0.335977,27.4983,0.39808,62.573,1.62483,179.45,2.7479,261.754,0.811594,297.689,0.477253,0.211913,0.414429,0.25192,0.488816
0.0537705,0.764402,0.000274365,0.000297569,0.000502643,0.00098769,0.00144855,0.00188256,0.0035942,0.00757237,0.0164318,0.0551134,8.38221e-05,0.586497,0.952881,1,42.7012,0.340493,0.276899,27.7647,1.24354,66.2332,2.26487,177.626,1.42205,258.73,0.368296,296.209,1.67424,0.180154,0.368101,0.189736,0.369333
0.0513408,0.79015,0.00045676,0.000289747,0.000593676,0.000889947,0.00114519,0.00162705,0.00287127,0.00635369,0.0142234,0.0443117,7.99512e-05,0.441679,0.990584,1,59.5598,0.422281,0.269793,27.6221,0.752931,64.8211,0.988564,178.725,0.681337,263.35,0.75871,296.356,0.566582,0.186736,0.373557,0.192537,0.432348
0.055762,0.733536,0.000320784,0.000336344,0.000518121,0.000961277,0.00139905,0.00184272,0.003562,0.00719624,0.0157436,0.0503495,0.000108347,0.51785,0.982801,1,38.1738,0.306623,0.289768,27.9486,0.679328,63.5238,2.28322,178.235,2.11055,262.164,0.660111,298.568,3.01361,0.197863,0.391665,0.199238,0.450969
0.0614528,0.750451,0.00060746,0.00037522,0.00075897,0.00101823,0.00147975,0.00199166,0.00351882,0.00775432,0.0167256,0.0528479,7.90271e-05,0.433415,0.953266,1,57.4521,0.330157,0.312848,28.3984,0.696549,62.9876,0.930536,178.917,1.50191,261.711,0.639669,295.23,0.615824,0.207034,0.391268,0.206823,0.422954
0.0445354,0.768587,0.00037957,0.000285266,0.000534816,0.000721586,0.00092156,0.00125451,0.00233957,0.00489937,0.0109041,0.034487,0.000134273,0.422053,0.972547,1,68.5504,0.401449,0.228368,28.0592,1.79892,66.2857,1.48529,179.275,1.00513,259.67,0.584638,299.101,1.97456,0.193455,0.403472,0.223645,0.443474
0.0464228,0.790372,0.000518631,0.000513248,0.000705682,0.000862181,0.00123577,0.00159963,0.00302524,0.00635499,0.0139851,0.0431669,0.000117032,0.389338,0.981034,1,71.6162,0.388747,0.246656,28.6838,1.1791,65.2284,1.24785,178.762,1.25699,261.554,0.32845,297.72,0.399491,0.203006,0.415996,0.200629,0.476354
0.0499381,0.843666,0.000360567,0.000316789,0.000482931,0.00089609,0.00118007,0.00163941,0.00308057,0.00615512,0.0133325,0.0421918,9.52441e-05,0.500894,0.959209,1,49.7973,0.467951,0.278519,28.0951,0.494714,62.8264,1.42885,181.048,0.946605,261.951,0.455959,296.858,1.33371,0.212209,0.418989,0.233077,0.475007
0.0526357,0.701265,0.000337484,0.000293485,0.000465687,0.000827249,0.00118263,0.00151706,0.00287179,0.00591376,0.0131465,0.0404463,0.000106252,0.480395,0.969217,1,53.2769,0.3284,0.267013,29.0689,0.85113,62.1704,1.85376,176.837,2.09739,260.602,0.45178,297.911,0.84884,0.209708,0.406026,0.229833,0.458968
0.0513973,0.756123,0.000269254,0.000177102,0.000362736,0.000744154,0.00102194,0.00141113,0.00256624,0.00517266,0.0114373,0.0357304,0.000143582,0.526932,0.939491,1,47.0765,0.349079,0.262512,27.4404,1.26438,62.3205,0.399046,177.731,1.06841,259.164,1.05491,299.029,1.56083,0.197243,0.405277,0.23894,0.461811
0.0526785,0.838744,0.000410908,0.000349412,0.000491586,0.000792606,0.00108055,0.00150161,0.00271163,0.00496523,0.0109349,0.0330392,0.000146344,0.419988,0.87042,1,60.1097,0.414892,0.273825,28.9795,1.34988,62.2329,0.655451,180.502,0.452062,260.978,0.484684,295.448,0.748668,0.229962,0.461821,0.258768,0.521694
0.0520923,0.780784,0.000277073,0.000276282,0.000557887,0.000821869,0.00108878,0.00143426,0.00269324,0.00499336,0.0110521,0.0334957,0.000135507,0.369334,0.864734,1,56.9926,0.396088,0.258167,29.4246,2.43818,62.2857,0.894015,179.881,0.351064,261.127,0.449908,295.565,1.76405,0.236514,0.451446,0.259827,0.476365
0.0648371,0.806361,0.00034263,0.000397275,0.000479163,0.00144777,0.001917,0.00256773,0.00473887,0.00888794,0.0193014,0.0601063,7.37307e-05,0.582829,0.844382,1,54.5879,0.340346,0.319798,27.0625,0.545734,63.6628,0.56282,177.897,0.802239,259.189,0.303555,300.095,2.27459,0.185784,0.372139,0.197466,0.418746
0.068922,0.836406,0.000475057,0.000378899,0.000623977,0.00165616,0.00214049,0.00282539,0.00535974,0.0100215,0.0215829,0.0674518,6.64671e-05,0.593288,0.842795,1,67.6353,0.337198,0.350581,27.5043,0.467816,63.8482,0.685543,178.179,0.430548,259.26,0.329236,299.283,2.97739,0.190432,0.38121,0.202619,0.419728
0.0665039,0.830553,0.000340119,0.000295924,0.000472562,0.00120639,0.00154846,0.0022104,0.00393744,0.00750854,0.0161285,0.0500785,8.09577e-05,0.540051,0.874667,1,73.4551,0.355588,0.339673,27.5241,0.722027,64.7761,1.16075,179.652,0.358031,259.906,0.328366,296.75,1.27825,0.195342,0.389492,0.22279,0.415745
0.0547796,0.734319,0.00032151,0.000310376,0.000498211,0.00124324,0.00158726,0.00225916,0.00416061,0.00786603,0.0170355,0.0562226,9.29927e-05,0.544523,0.867532,1,50.2853,0.330364,0.260228,27.5482,0.781061,62.9397,0.940963,177.632,3.07955,260.172,1.33301,297.225,1.45115,0.187607,0.378446,0.18418,0.361263
0.0574724,0.875015,0.000531476,0.000465144,0.00060209,0.00116482,0.00167924,0.00220059,0.00401988,0.008533,0.0189596,0.0591076,8.41832e-05,0.546395,0.976217,1,67.1361,0.371648,0.333125,28.3835,1.13806,65.8391,2.16627,178.132,0.486168,260.526,1.13944,296.759,1.27797,0.204602,0.406037,0.231137,0.430658
0.0693092,0.733948,0.000627858,0.000513523,0.00100755,0.001111,0.00150937,0.00209411,0.00371708,0.00797838,0.0168447,0.0550451,9.37998e-05,0.365386,0.985957,1,45.9617,0.267374,0.350062,28.5291,1.05771,64.3892,3.97637,180.498,2.46684,260.8,0.47061,297.15,0.536752,0.201026,0.403328,0.211664,0.447755
0.044006,0.749979,0.000264894,0.000256574,0.000523563,0.000804862,0.00104395,0.00150756,0.00269984,0.00562961,0.0129373,0.0403375,8.37892e-05,0.456441,0.991122,1,68.5087,0.474961,0.227892,28.3126,1.11454,64.9047,4.94534,178.443,0.697376,260.491,0.570635,298.408,0.792403,0.191629,0.383599,0.204069,0.416879
0.0443424,0.747427,0.000478913,0.000392186,0.000526387,0.000842942,0.00128143,0.00161735,0.00309392,0.00639113,0.0136778,0.0453289,0.000118772,0.449168,0.942314,1,66.4433,0.386388,0.225074,28.4227,1.22469,64.7698,0.401043,181.515,0.524503,258.366,3.38798,298.155,2.6288,0.207269,0.412714,0.211247,0.430115
0.0427469,0.720675,0.000261757,0.000265244,0.000505549,0.000777244,0.00104601,0.0014963,0.00269416,0.00550636,0.0124305,0.0401092,9.22816e-05,0.512255,0.961533,1,52.7002,0.448069,0.218595,29.095,3.09481,63.727,3.85754,180.005,5.323,259.042,0.484374,298.591,0.796074,0.205479,0.40355,0.216332,0.437194
0.04037,0.779955,0.000335024,0.000300759,0.000450905,0.00079238,0.00112239,0.00151656,0.00288666,0.0061788,0.0137263,0.0439828,0.000108238,0.568956,0.972703,1,63.8323,0.485419,0.223194,28.7087,1.17222,64.7041,0.789639,180.065,0.724281,259.367,0.939592,299.449,0.85725,0.214317,0.419265,0.228648,0.446813
0.0642477,0.758759,0.000594572,0.0005978,0.000779257,0.001227,0.00158186,0.00212459,0.00387732,0.00761713,0.0167773,0.0537527,9.32782e-05,0.34823,0.90078,1,51.327,0.311784,0.311764,28.4491,1.85016,61.7816,1.24922,179.462,2.28941,257.587,1.40427,296.535,0.633182,0.205024,0.413904,0.223647,0.410379
0.0564484,0.678155,0.000541751,0.000500835,0.000619661,0.000950905,0.00141372,0.00188117,0.00353282,0.00639622,0.0136832,0.0436779,0.000110699,0.417689,0.854004,1,48.7387,0.301167,0.254312,29.2941,1.55087,64.1724,1.45411,178.803,0.679671,261.259,0.392206,295.902,2.407,0.216172,0.409835,0.19629,0.410077
0.0573978,0.707277,0.000429544,0.000380879,0.000606913,0.000936525,0.00134585,0.00187072,0.00342261,0.00634655,0.0134546,0.0427253,0.000115934,0.384768,0.871529,1,44.5751,0.311681,0.26488,29.078,2.39335,63.3891,0.901215,178.591,1.47207,260.518,0.469702,297.017,1.65446,0.208582,0.414985,0.206844,0.435472
0.0592382,0.775032,0.000690279,0.000491498,0.000720237,0.00120767,0.00165428,0.00221686,0.00416799,0.00777484,0.0171293,0.0532829,9.91426e-05,0.380789,0.866224,1,57.6714,0.34013,0.290763,29.1297,1.15103,62.7938,1.18218,179.634,1.66874,259.262,0.346218,296.269,2.12359,0.225258,0.424548,0.231238,0.427164
0.0668306,0.848803,0.000544629,0.000605702,0.000811302,0.00125238,0.00170025,0.00226748,0.00419609,0.00833918,0.0178878,0.0563172,0.000106717,0.378981,0.918847,1,49.6906,0.319203,0.358067,28.9782,2.29157,63.1365,3.03144,179.936,0.84436,259.513,0.90414,300.418,0.412795,0.223308,0.434864,0.262087,0.49255
0.0514502,0.733215,0.000811299,0.000620058,0.000899967,0.000875035,0.00120609,0.00161166,0.00288488,0.00562648,0.0125076,0.0380282,0.000109513,0.298902,0.921076,1,59.524,0.395916,0.250737,28.7326,0.567344,62.859,1.45313,178.491,1.4233,260.403,1.03938,296.756,4.08693,0.221363,0.418832,0.234992,0.458499
0.0552605,0.861378,0.00100635,0.000937033,0.00123406,0.000796407,0.00109706,0.0015746,0.0025566,0.0057625,0.0121628,0.0381931,0.000118028,0.193562,0.989519,1,55.3841,0.395233,0.297178,28.3863,3.90856,64.9,0.853049,179.964,0.470933,261.306,0.551309,298.329,0.305553,0.204546,0.429805,0.257293,0.527411
0.0547217,0.787672,0.000760964,0.000660683,0.00119015,0.00105228,0.00144427,0.00186847,0.00361589,0.00760764,0.0172199,0.0535319,9.63689e-05,0.274849,0.995956,1,52.8088,0.35176,0.294341,29.3409,1.15025,63.8633,1.91414,181.137,0.494237,261.13,0.361081,296.112,2.17413,0.227561,0.427603,0.231658,0.458487
0.0483953,0.745953,0.000246068,0.000183625,0.000348145,0.000883982,0.00117004,0.00161448,0.00287807,0.00600759,0.0132173,0.039301,0.000130767,0.569977,0.896032,1,61.0909,0.375624,0.249812,28.9084,0.783903,62.6472,2.13722,178.682,5.90783,259.423,2.52023,299.209,1.93847,0.224743,0.430271,0.242592,0.48443
0.0522593,0.861646,0.000354723,0.00029696,0.000544529,0.00103598,0.00143995,0.00196587,0.00343584,0.00714405,0.0151118,0.0480101,0.000108899,0.482011,0.942264,1,47.379,0.380546,0.288155,28.4728,2.2402,64.8028,0.559807,177.929,0.270416,261.438,0.432675,298.225,0.613616,0.2022,0.412319,0.225923,0.463742
0.0610544,0.795767,0.000392439,0.000355277,0.000640143,0.00107149,0.00142731,0.00191981,0.00361012,0.00744392,0.016573,0.0507319,0.000106639,0.475801,0.957752,1,56.7194,0.327539,0.328941,28.3932,0.709852,63.4148,0.802936,179.976,0.710729,261.434,0.515094,297.015,1.41419,0.215495,0.420742,0.23406,0.458417
0.0508587,0.740796,0.000560958,0.000373193,0.000653236,0.000944742,0.00131369,0.00175901,0.00332792,0.00681338,0.014943,0.0470105,0.000103183,0.410002,0.948276,1,55.8348,0.361406,0.257687,28.674,0.678769,63.051,2.52008,178.952,0.784,258.674,0.55237,298.66,1.63836,0.209419,0.411352,0.227733,0.433006
0.0425273,0.743869,0.000307039,0.000351605,0.000568611,0.000775463,0.0010337,0.00141541,0.00255096,0.00527697,0.0120847,0.0374446,0.000129577,0.40091,0.972656,1,51.1987,0.418381,0.217424,28.3733,2.4246,64.6227,0.828568,179.643,2.27604,259.73,0.309387,297.077,0.706223,0.204451,0.413392,0.209396,0.434651
0.0551576,0.803739,0.00047529,0.00036379,0.000663163,0.000826349,0.00118073,0.00152528,0.00277122,0.00609983,0.0124858,0.0383901,0.000111443,0.367935,0.953068,1,69.3961,0.387204,0.285681,27.6746,0.544473,65.083,3.61131,181.361,0.545196,261.841,1.47456,297.064,1.63887,0.207755,0.410209,0.233396,0.464934
0.0552873,0.815616,0.000434166,0.000474711,0.000741424,0.000859192,0.00122134,0.00160397,0.00293685,0.00631966,0.0131798,0.0403825,0.0001104,0.374325,0.949376,1,69.1423,0.390508,0.288481,27.5684,0.558659,64.9777,1.22862,181.311,0.519501,261.566,1.84683,296.481,2.72395,0.206647,0.407736,0.230969,0.447638
0.0530495,0.746476,0.000307573,0.000395481,0.000589728,0.000743369,0.000973053,0.00133536,0.00250947,0.00532508,0.0118972,0.0343674,0.000109473,0.398759,0.98906,1,63.7379,0.366454,0.269445,27.9771,0.490307,66.2577,2.61614,181.012,0.301835,258.247,0.91415,299.276,0.453488,0.198821,0.401386,0.242799,0.461065
0.0536359,0.663325,0.000430215,0.000261513,0.000478831,0.000630359,0.00091705,0.00119275,0.0021372,0.00455413,0.00958464,0.0306561,0.000163408,0.359231,0.971668,1,50.4607,0.292544,0.250724,27.9521,1.34519,62.5349,0.465531,179.396,1.49846,259.773,0.564962,298.649,3.37349,0.196544,0.407135,0.236612,0.475336
0.0664002,0.8109,0.000384147,0.000469799,0.000763452,0.00100374,0.00140192,0.00179951,0.00341554,0.00598946,0.0123887,0.0384031,8.51615e-05,0.355346,0.829837,1,53.9394,0.391703,0.309072,27.7665,0.467436,65.443,5.85269,180.097,1.8517,262.853,0.286929,296.197,0.842181,0.200145,0.394194,0.219026,0.427028
0.0576698,0.770683,0.000466068,0.000456165,0.000715863,0.000933017,0.00133357,0.00180178,0.00331572,0.00578777,0.0126308,0.0382803,9.11795e-05,0.344183,0.845248,1,49.1737,0.38056,0.268317,29.3125,3.37917,62.6309,1.28229,178.139,0.260056,259.427,1.53876,298.186,2.20419,0.202671,0.410882,0.234844,0.428105
0.0609645,0.780523,0.000455675,0.00054938,0.000768454,0.000994726,0.00143566,0.00185494,0.00343215,0.00605226,0.013007,0.0396806,0.000111686,0.337333,0.828577,1,55.6186,0.364161,0.283394,28.0263,0.990472,61.0359,3.69735,177.864,0.26756,260.455,0.474946,298.848,0.529819,0.209883,0.417447,0.232615,0.468125
0.064054,0.80055,0.000458044,0.000415088,0.000701261,0.00123018,0.00158976,0.00208983,0.0039583,0.00703409,0.0149108,0.0455974,7.54564e-05,0.398382,0.819849,1,51.3182,0.384917,0.303326,28.8544,0.714653,62.7143,1.22283,178.056,0.855635,260.593,0.670718,299.966,1.68554,0.212953,0.402395,0.235738,0.462696
0.0489679,0.718682,0.000387494,0.000319177,0.000557876,0.00081906,0.00111641,0.00152933,0.00276123,0.00594403,0.0130003,0.0413122,0.000123012,0.439423,0.967506,1,66.2962,0.346164,0.248429,28.7601,2.26032,64.0159,3.55807,179.671,0.58756,261.044,0.771026,297.49,1.81207,0.212107,0.411578,0.219371,0.447242
0.0513831,0.813938,0.000445491,0.000323772,0.000639916,0.000893901,0.00123347,0.0016472,0.00296398,0.00634837,0.0135317,0.0425457,8.71328e-05,0.426991,0.981796,1,51.5825,0.433612,0.276247,27.9341,0.700096,63.6002,1.91855,180.501,1.44586,259.551,0.418822,298.143,0.539783,0.197823,0.4017,0.2265,0.46939
0.0560877,0.802923,0.00046146,0.000497284,0.000624621,0.000976244,0.00135292,0.00178874,0.00338634,0.00715776,0.0159847,0.0486836,0.000101723,0.423435,0.983241,1,53.0823,0.364043,0.304518,28.0104,0.451609,63.8053,1.03818,177.461,1.46483,260.912,0.88703,298.423,0.657932,0.209744,0.407064,0.237805,0.471551
0.0520141,0.825775,0.000478189,0.000358076,0.00079671,0.000927284,0.00132927,0.00176495,0.00322469,0.00714012,0.0152326,0.0467127,9.9039e-05,0.40839,0.988473,1,61.8558,0.410882,0.287262,27.9188,0.482719,63.4602,0.853902,178.492,1.27722,260.618,1.90648,299.36,0.623547,0.206782,0.41277,0.238324,0.465519
0.0553692,0.742663,0.000584935,0.000551184,0.000789644,0.000951638,0.00124223,0.00170147,0.00314965,0.00616743,0.0136859,0.043578,8.52614e-05,0.328194,0.953395,1,61.3274,0.402171,0.275011,27.8824,0.486928,61.9257,2.37104,177.76,1.3152,261.757,0.605318,296.679,1.73085,0.205874,0.394876,0.225055,0.433023
0.0575417,0.797349,0.000429564,0.000237464,0.000505136,0.00111044,0.00142393,0.00200451,0.00345166,0.00761451,0.0169236,0.0529684,0.00011983,0.571942,0.958651,1,46.9578,0.300471,0.311519,28.0871,1.5634,66.4159,0.91526,180.355,0.579095,261.087,0.71562,297.874,1.94384,0.201913,0.406713,0.205965,0.455502
0.0581223,0.885846,0.00034922,0.000391544,0.000553351,0.00109127,0.00160548,0.00203273,0.00403643,0.00855944,0.0184815,0.0573418,9.77765e-05,0.558268,0.988381,1,47.6736,0.349723,0.343699,28.664,1.60685,65.5941,0.900227,179.139,1.01569,261.934,0.351632,296.879,1.20746,0.207236,0.416897,0.22563,0.458729
0.0429977,0.74938,0.000272819,0.000227386,0.000373621,0.00075783,0.000996925,0.00137866,0.00261046,0.00540853,0.0119211,0.0383224,8.59059e-05,0.527653,0.979247,1,69.2701,0.532456,0.228903,28.0304,0.371761,63.5719,3.20852,179.512,1.56504,262.008,0.318666,296.476,0.582301,0.210311,0.395223,0.218878,0.439511
0.0510603,0.855156,0.000310305,0.000292293,0.000471295,0.00101141,0.00137139,0.00184119,0.00342423,0.00727489,0.0165027,0.0515286,0.000107161,0.566555,0.985734,1,43.9861,0.385732,0.303773,29.2358,3.07203,62.1487,2.07065,178.321,1.16867,261.749,1.7098,295.509,2.22039,0.228748,0.432874,0.253884,0.476853
0.0484248,0.861203,0.000314886,0.000273462,0.000417333,0.00104358,0.00137252,0.00182538,0.00351717,0.00776817,0.0170552,0.0529157,0.000119871,0.646018,0.986264,1,46.9441,0.373743,0.293363,28.8736,3.48379,63.0538,0.508301,178.249,0.965837,260.582,0.906318,295.768,1.97842,0.221422,0.43502,0.237677,0.465615
0.0510029,0.755596,0.000269785,0.000249534,0.000388637,0.000844322,0.00119986,0.00165851,0.00306806,0.00628565,0.0136355,0.0437031,0.000130613,0.555473,0.957175,1,57.4504,0.328811,0.272541,28.8364,0.960325,64.0785,3.98192,179.008,1.85417,260.811,0.28627,298.211,0.700376,0.21618,0.422104,0.227179,0.474392
0.0538989,0.684759,0.000349337,0.000282695,0.000461727,0.000777571,0.00100871,0.00132896,0.00251291,0.00538792,0.01184,0.035659,0.000112348,0.428756,0.983748,1,58.3205,0.331251,0.264886,27.9093,0.591527,61.6055,0.569982,178.425,1.06748,262.034,1.53638,295.293,0.354128,0.200605,0.393682,0.2203,0.430379
0.0555298,0.716586,0.00029296,0.000247308,0.000400291,0.00075753,0.00102848,0.00145648,0.00258246,0.00546125,0.0118851,0.0361179,0.000142657,0.483912,0.967624,1,64.8527,0.303507,0.285334,28.6343,0.597701,61.837,4.923,177.462,2.24712,262.075,2.36063,297.644,0.740912,0.213567,0.421936,0.248642,0.489116
0.0507863,0.744279,0.000368616,0.000320588,0.000515569,0.000879481,0.0011784,0.00153584,0.00298468,0.00602512,0.0131226,0.0413673,0.000142531,0.482954,0.943552,1,64.7267,0.328978,0.261753,28.608,3.25112,63.2103,0.52284,177.99,1.42548,262.175,0.364337,294.136,2.68792,0.213451,0.417675,0.218931,0.421496
0.0522378,0.677768,0.000413909,0.000379986,0.000613377,0.000852478,0.00109183,0.0015599,0.00274571,0.00591767,0.0134945,0.0419144,0.00011612,0.391993,0.983079,1,60.194,0.312693,0.253568,28.3074,0.654437,64.1951,1.35873,178.732,1.3673,263.288,0.33877,297.748,0.838338,0.200853,0.392738,0.191307,0.438162
0.0536471,0.772222,0.000465297,0.000384257,0.000834538,0.00117809,0.00158634,0.00221511,0.00382196,0.00835839,0.0179633,0.0593916,7.28429e-05,0.457115,0.977046,1,49.0392,0.355268,0.277722,27.9918,1.43108,62.7402,1.63979,177.639,1.07896,257.944,1.89847,297.757,2.56907,0.184081,0.3709,0.200786,0.373937
0.0578206,0.80204,0.000376556,0.000248542,0.000561418,0.00118383,0.00162986,0.00220775,0.00407578,0.00813639,0.0183444,0.0563864,0.00010924,0.568087,0.924826,1,45.9122,0.310662,0.305946,27.5457,0.51201,65.0102,1.39865,179.54,0.378775,260.884,0.421777,296.149,0.71322,0.199893,0.39606,0.195355,0.398069
0.0591302,0.756678,0.000274608,0.000281327,0.000371745,0.000966052,0.00124545,0.00169649,0.00318984,0.00634739,0.013757,0.0439411,9.82135e-05,0.597079,0.929181,1,70.8753,0.328019,0.301133,27.5219,0.489168,65.0931,1.56588,177.617,0.807956,260.037,1.97533,297.808,1.32085,0.191742,0.378137,0.222612,0.414461
0.0567731,0.702588,0.000411308,0.00031802,0.000533336,0.000950069,0.00132507,0.00182946,0.00333773,0.00685072,0.0145632,0.0459805,9.85941e-05,0.477326,0.926015,1,48.8203,0.307769,0.268996,27.7923,0.663094,64.0381,1.31853,180.673,0.668677,262.512,0.586604,299.037,0.313296,0.18882,0.377086,0.171923,0.428862
0.0543967,0.761181,0.000303893,0.000324438,0.000479294,0.00100646,0.00134269,0.00178113,0.00340252,0.00640615,0.0143318,0.0440897,0.000121987,0.504358,0.870343,1,65.6364,0.3374,0.27132,28.9165,4.67525,61.4483,1.86477,176.451,1.885,259.829,0.251246,295.51,3.43111,0.213956,0.423815,0.217661,0.439428
0.0528093,0.768623,0.000214519,0.000216455,0.000362277,0.000845827,0.00123304,0.00156284,0.00300031,0.00551972,0.0119755,0.0361875,0.000109068,0.576111,0.863722,1,44.4066,0.402236,0.26176,27.5808,0.578943,64.3228,1.85648,180.311,0.748525,264.135,2.29147,296.984,0.419035,0.210167,0.395307,0.2034,0.471411
0.0524382,0.747593,0.000245248,0.000203086,0.000338893,0.000792001,0.00107926,0.00146459,0.00269845,0.00525478,0.0106832,0.032973,0.000117582,0.55079,0.847055,1,73.6341,0.396911,0.250198,27.859,0.662938,64.8543,1.11856,178.102,1.40859,261.452,0.674046,296.487,0.313325,0.205876,0.397183,0.216152,0.449863
0.0504222,0.695707,0.000219946,0.000193408,0.000288424,0.000887461,0.00114405,0.00164508,0.00311953,0.00557533,0.0119259,0.0356292,0.000121866,0.626673,0.797921,1,56.1537,0.388303,0.236854,28.4219,0.577922,61.3522,1.92285,179.123,0.502641,262.356,0.459477,294.513,2.60885,0.22976,0.415474,0.221948,0.419419
0.0573992,0.769508,0.000464816,0.000476879,0.000555952,0.00110139,0.00152774,0.00211248,0.00381421,0.00722384,0.0156955,0.0486216,8.23096e-05,0.436702,0.871259,1,49.3289,0.359121,0.270525,27.951,0.885896,65.4662,1.31502,178.412,0.839993,258.314,0.737492,300.838,0.543536,0.183439,0.377521,0.195922,0.445006
0.0585411,0.80747,0.000502212,0.000494,0.00051206,0.0010287,0.00147558,0.00196545,0.00353098,0.00772086,0.0166179,0.0505839,0.000108469,0.503188,0.947359,1,57.8108,0.340982,0.318963,28.5192,0.713866,63.9122,1.07857,178.706,0.818123,262.791,0.316724,296.101,0.348999,0.218668,0.420354,0.222405,0.459928
0.0564949,0.776577,0.000323449,0.000315936,0.000415086,0.0008984,0.00117076,0.00162152,0.00290324,0.00631122,0.0138219,0.0427868,0.000142287,0.537708,0.995528,1,47.3482,0.296207,0.309739,28.199,1.58734,61.9309,1.35641,178.022,0.696517,262.061,3.59776,297.355,1.92391,0.206137,0.416898,0.243888,0.480084
0.0480633,0.799017,0.000364866,0.000381926,0.000476505,0.000940706,0.00136978,0.00187661,0.00343413,0.00734444,0.0163923,0.0511833,8.83949e-05,0.536457,0.940068,1,70.9651,0.420948,0.256433,28.1988,0.57553,64.812,2.41066,179.397,2.27975,258.273,0.355109,299.158,1.03241,0.200005,0.40354,0.214289,0.429894
0.0575562,0.893084,0.000441895,0.000415031,0.000723629,0.00164734,0.0020954,0.00271091,0.00527692,0.010958,0.0238754,0.0807794,5.92269e-05,0.585997,0.939403,1,47.0186,0.412009,0.33198,28.2387,0.921773,63.1183,1.01726,179.353,0.805944,260.394,1.28704,297.329,1.46063,0.203773,0.390216,0.206313,0.414838
0.0584219,0.861481,0.000434003,0.000383937,0.00062874,0.00141929,0.00207312,0.00290937,0.00532407,0.0110323,0.0247639,0.0820095,6.38593e-05,0.638171,0.939141,1,54.2945,0.370955,0.33609,28.3039,1.0136,62.0955,1.05408,177.505,0.54936,261.786,1.75508,298.086,0.88264,0.207144,0.387608,0.206909,0.426476
0.0568466,0.895998,0.000212211,0.000219412,0.000375822,0.00133856,0.00168296,0.00230866,0.00442255,0.00987367,0.0215551,0.0681197,0.000102445,0.784147,0.990709,1,51.9233,0.321996,0.353832,27.7246,0.925347,66.097,1.95423,178.539,2.17106,261.317,0.29646,296.586,0.520053,0.19575,0.400826,0.207124,0.425946
0.0497732,0.793264,0.000365676,0.000229563,0.000400917,0.00110118,0.00160142,0.00228378,0.00422493,0.00914934,0.0205532,0.0676831,9.58891e-05,0.767275,0.980982,1,59.5293,0.332949,0.291305,28.2444,3.06476,62.3529,1.56593,179.448,0.801579,261.243,0.749042,295.009,2.63409,0.209196,0.396471,0.197706,0.408793
0.0552512,0.793604,0.000369278,0.000573356,0.000868185,0.00103533,0.00148948,0.0018832,0.00348844,0.00750342,0.0162367,0.0499746,7.56627e-05,0.38902,0.972956,1,58.9864,0.39026,0.289957,28.2344,0.69685,63.0592,1.46014,178.416,1.16726,261.995,0.721663,294.868,1.06653,0.198501,0.387202,0.200914,0.418928
0.0560757,0.791981,0.000355222,0.000514326,0.000811165,0.000953245,0.00135139,0.00173086,0.00319364,0.00690866,0.0149159,0.0460965,7.5738e-05,0.389818,0.967943,1,55.9625,0.401563,0.291558,28.2014,0.842404,63.1342,1.15425,178.553,1.05963,262.316,0.690795,295.052,1.01116,0.195759,0.390538,0.209312,0.413432
0.0569882,0.793644,0.000566699,0.000337339,0.000595536,0.00105849,0.00147165,0.00198144,0.00361199,0.00741371,0.0167585,0.0504244,8.26792e-05,0.446895,0.970005,1,40.199,0.384187,0.301465,27.2245,0.365825,62.7146,1.90654,178.049,0.879609,260.632,1.96694,295.512,0.409407,0.19632,0.383442,0.218875,0.407772
0.0570669,0.667027,0.000240325,0.000312862,0.000438256,0.000826199,0.00108663,0.00151117,0.00279534,0.00566142,0.011837,0.0362395,9.1916e-05,0.505315,0.914936,1,54.0317,0.327054,0.259745,27.5885,0.710866,62.3178,1.30196,179.211,0.597126,260.213,0.976451,298.837,4.24986,0.184571,0.366445,0.205416,0.403989
0.0589946,0.683471,0.000254344,0.000350502,0.000496015,0.000796652,0.00107521,0.00140256,0.00277531,0.00533219,0.0119152,0.0349857,9.93688e-05,0.420513,0.927292,1,51.3234,0.320236,0.267094,27.3642,0.842962,64.1246,1.34351,178.474,1.80233,258.597,0.474875,298.492,2.0098,0.178629,0.370416,0.208701,0.411732
0.0639038,0.73234,0.000333464,0.000268736,0.000467576,0.000916677,0.00130306,0.00172225,0.00307843,0.00642086,0.0135859,0.0427313,0.000102577,0.493301,0.95151,1,56.877,0.299443,0.316154,27.4197,0.417516,65.8441,1.78758,182.057,1.07677,259.091,0.771884,298.78,0.35484,0.193289,0.390012,0.222035,0.438254
0.0643726,0.718428,0.000472128,0.000468867,0.000759917,0.00134614,0.00168032,0.00231481,0.0044082,0.00874012,0.0198428,0.0605978,5.77183e-05,0.462078,0.929689,1,51.2507,0.315622,0.302338,27.5026,0.66625,65.4433,1.47043,179.731,0.694083,258.262,0.355457,296.954,2.47326,0.175754,0.346533,0.18505,0.336964
0.0644831,0.730424,0.000457994,0.000519072,0.00076456,0.00125863,0.00170938,0.00238889,0.00429097,0.00871373,0.0193987,0.0606737,7.75018e-05,0.483207,0.932776,1,55.3275,0.296343,0.312419,27.1006,0.477409,64.7607,2.10267,180.617,0.833014,258.843,0.371192,298.149,1.34115,0.184892,0.369214,0.185726,0.386839
0.0647377,0.75141,0.000596087,0.000490798,0.000844035,0.00115323,0.00154814,0.0020242,0.00395601,0.00798517,0.0170638,0.0540101,7.03537e-05,0.420566,0.943946,1,71.2858,0.332511,0.317811,27.1872,0.490824,63.119,2.17913,179.289,0.393493,259.918,0.253146,296.479,1.16384,0.183877,0.37263,0.196777,0.385678
0.0518364,0.647545,0.000388737,0.000450383,0.000698519,0.000999519,0.00140685,0.00185715,0.00346164,0.00710104,0.0160338,0.051369,0.000102378,0.437549,0.964779,1,42.3902,0.318685,0.247647,27.8941,0.565424,61.1915,2.3371,178.406,0.256434,261.523,0.274003,296.668,0.380299,0.202396,0.388341,0.182357,0.400085
0.0549574,0.695616,0.000428472,0.000285421,0.000501949,0.00100636,0.00132963,0.00167551,0.00315043,0.00656892,0.0149548,0.0464834,8.39691e-05,0.499649,0.953613,1,50.9068,0.35822,0.269856,27.8208,0.641744,62.8956,1.26846,179.297,0.263177,261.511,0.517988,296.351,1.5146,0.199064,0.377802,0.205423,0.396444
0.0458242,0.794322,0.000267711,0.000266803,0.000405765,0.000698273,0.00097284,0.00136842,0.0025369,0.00551208,0.0117753,0.0377433,0.000110807,0.519728,0.994987,1,55.0068,0.432231,0.249574,28.2441,1.14662,66.2199,0.951399,182.046,0.305914,256.037,0.496241,300.354,0.366538,0.199231,0.414137,0.237701,0.484181
0.0572692,0.829812,0.000475816,0.000375192,0.000600906,0.00115838,0.00153481,0.00193486,0.00372866,0.00777025,0.01757,0.0550506,8.07423e-05,0.505708,0.962705,1,45.6746,0.366472,0.311742,28.4,2.01185,65.5179,2.70373,180.248,0.329218,259.573,1.66405,297.898,4.86353,0.196187,0.395003,0.218287,0.416865
0.0485476,0.612892,0.000373157,0.000278399,0.000480534,0.000748355,0.00095875,0.00127744,0.0023205,0.00494318,0.0111366,0.034083,0.000128117,0.402493,0.96276,1,63.7904,0.323836,0.218759,27.8156,0.551869,63.8447,2.58788,177.832,1.87681,263.227,0.300014,296.445,2.23081,0.194432,0.38216,0.183374,0.423015
0.0510718,0.709028,0.000353224,0.000385973,0.000582983,0.000900157,0.00131821,0.00181468,0.00336147,0.00668651,0.014341,0.0460784,0.000104138,0.470166,0.932383,1,60.0255,0.344514,0.252734,28.8249,3.71766,60.3472,0.651511,176.666,1.04731,261.32,1.35026,294.137,0.526578,0.20269,0.401258,0.205838,0.393915
0.0579587,0.746552,0.000306544,0.00034904,0.000530957,0.00100064,0.00125826,0.00176976,0.00327964,0.00628247,0.0137052,0.0410367,9.90033e-05,0.429208,0.897285,1,57.9748,0.320265,0.276079,28.6889,2.10303,64.6591,1.09071,179.164,1.40056,257.713,3.26952,298.217,2.27073,0.189763,0.396147,0.21717,0.413231
0.0515963,0.678937,0.000569953,0.0006081,0.000838396,0.000865892,0.00109545,0.00152669,0.00277925,0.00585742,0.0130738,0.0411595,0.000115168,0.325491,0.986759,1,58.5949,0.338965,0.248869,27.7014,0.368277,65.4665,1.54008,178.903,1.07767,262.971,0.26099,296.282,0.587709,0.205297,0.392212,0.188924,0.427153
0.0553666,0.838541,0.000360918,0.000256625,0.000462032,0.00130112,0.00176434,0.00246105,0.00450078,0.00861775,0.0189492,0.0602858,0.000110378,0.635472,0.875142,1,51.51,0.349137,0.303457,28.2607,0.504637,63.6054,0.778528,178.555,1.29574,257.96,1.98856,299.198,1.69355,0.219734,0.422059,0.244854,0.434512
0.0586806,0.816642,0.000271395,0.00031772,0.000363652,0.00111021,0.00152959,0.00203207,0.00373767,0.00770141,0.0167779,0.0505563,8.50349e-05,0.673943,0.912659,1,43.1797,0.35287,0.321355,28.2664,2.21628,61.8939,2.98872,178.591,1.23458,260.558,0.828234,299.483,0.858847,0.20559,0.393552,0.235356,0.446253
0.0493509,0.851377,0.000338816,0.000234956,0.000359828,0.000882102,0.00118126,0.00163239,0.00307677,0.00627344,0.0136455,0.0437958,0.000124571,0.605347,0.94101,1,82.9221,0.393392,0.279193,28.2294,0.739117,66.5997,0.698874,179.168,1.43052,259.121,0.617679,297.078,1.46959,0.214697,0.421409,0.243933,0.459977
0.045757,0.804552,0.000251785,0.000177709,0.000341676,0.000861177,0.00116811,0.00156454,0.0029422,0.00620041,0.0135904,0.0423405,0.000138004,0.62205,0.953771,1,79.9206,0.391979,0.256287,28.1607,0.450095,65.2221,1.06536,178.869,2.47993,260.147,0.635257,296.762,3.31259,0.215339,0.424894,0.232872,0.466496
0.0625197,0.822087,0.000523697,0.000402641,0.00062316,0.00112613,0.00173876,0.00225505,0.00399996,0.00792143,0.0174287,0.0545319,8.52677e-05,0.477512,0.92012,1,34.2215,0.356592,0.339301,29.3321,1.83991,60.7097,1.08764,177.696,0.916679,259.813,0.559108,299.079,1.26342,0.223728,0.428724,0.257027,0.482171
0.0524449,0.835047,0.000419053,0.000414275,0.000690053,0.00120136,0.00150782,0.00209398,0.00401945,0.00766929,0.0169257,0.053373,0.000106234,0.452571,0.892732,1,53.9004,0.390183,0.27752,28.8542,1.88798,62.4474,1.66143,178.539,1.52809,259.387,1.05262,297.488,1.43778,0.218045,0.429095,0.233711,0.440154
0.0541177,0.790007,0.000426721,0.000441758,0.000638291,0.0010007,0.00139533,0.00196929,0.00350982,0.00688371,0.0147166,0.0494836,8.71543e-05,0.445966,0.919088,1,50.6974,0.379272,0.279106,28.9788,1.94114,62.8067,1.71154,178.126,0.954615,258.63,0.882117,297.711,2.56179,0.208828,0.409009,0.229371,0.43812
0.0578318,0.774198,0.000403243,0.000361714,0.000489192,0.000896385,0.00119547,0.00181387,0.00324803,0.00682273,0.015537,0.0476989,9.41689e-05,0.487022,0.988887,1,57.8849,0.341719,0.307926,27.8207,0.70193,64.7968,3.01965,181.207,1.09643,263.098,0.278098,295.101,0.658684,0.205172,0.39152,0.20863,0.421246
0.0639036,0.795144,0.000657479,0.000516061,0.000924162,0.00117439,0.0016456,0.00240139,0.00435986,0.00822367,0.0184638,0.0561763,8.26845e-05,0.375186,0.932877,1,45.8864,0.329588,0.318899,27.2544,0.68057,63.7161,3.1019,176.643,1.42046,257.938,1.71213,299.7,0.590046,0.180922,0.376398,0.216505,0.397287
0.0631158,0.780897,0.000649074,0.000460562,0.000934772,0.00112063,0.00155278,0.00229321,0.00418383,0.00786029,0.0177637,0.0538252,7.80887e-05,0.369171,0.949893,1,44.6688,0.334182,0.314626,27.2356,0.591575,63.6903,4.12991,177.163,1.40185,258.323,1.52916,299.217,0.66392,0.181403,0.372285,0.206474,0.409679
0.0626612,0.766245,0.000617817,0.00048704,0.000946436,0.0010977,0.00154999,0.00224442,0.00414178,0.00777608,0.0175655,0.0530545,7.71429e-05,0.379931,0.949645,1,44.5187,0.333534,0.309923,27.3158,0.582104,63.6838,4.08338,177.379,1.40638,258.716,1.72367,299.294,0.463296,0.181441,0.372795,0.207317,0.409572
0.0568645,0.736793,0.000367506,0.000439535,0.000577575,0.00107815,0.00146175,0.00187744,0.00351254,0.00688077,0.0154338,0.0477757,7.79595e-05,0.473584,0.947483,1,49.0354,0.350993,0.280178,27.6815,0.787877,63.6254,0.754433,178.316,2.79476,261.503,0.712358,299.629,1.19873,0.184493,0.368931,0.19687,0.410307
0.0467527,0.791218,0.000421197,0.000427126,0.000557879,0.000705298,0.000966648,0.00141586,0.00248825,0.00532992,0.011339,0.0357609,0.000112636,0.386031,0.95929,1,53.4268,0.430872,0.241844,28.4735,1.4887,65.0732,1.48274,177.146,0.551034,261.193,0.325651,293.579,1.14243,0.198689,0.405394,0.211757,0.434915
0.0583266,0.728982,0.000535903,0.000416694,0.00070097,0.000999864,0.00142729,0.00191476,0.00327859,0.00698792,0.0156419,0.0487442,9.98568e-05,0.40288,0.970123,1,49.5444,0.301356,0.29184,28.3435,1.34528,63.6722,0.837483,180.793,2.03544,259.866,2.15306,300.292,1.84319,0.201464,0.395618,0.218235,0.451848
0.0496475,0.875336,0.000395532,0.000326298,0.000458908,0.00109828,0.00143558,0.0021007,0.00361398,0.00813695,0.0179179,0.0595297,9.33111e-05,0.566395,0.994512,1,69.5184,0.424364,0.300359,28.9193,0.838849,62.13,0.708437,177.357,0.738186,260.516,0.318125,295.898,1.38565,0.219651,0.429735,0.237097,0.458488
0.0474366,0.860697,0.000435112,0.000349367,0.000508067,0.00118127,0.00153771,0.0021858,0.00389142,0.00860095,0.0188205,0.0624278,0.000103663,0.613871,0.995955,1,65.372,0.406787,0.28937,28.5326,0.885306,62.0011,0.693865,177.429,0.467374,259.865,0.323793,296.383,0.973831,0.226878,0.42837,0.241208,0.448528
0.0501158,0.785483,0.000425351,0.000377293,0.000702606,0.00113284,0.00161539,0.00214986,0.00422423,0.00915777,0.0203724,0.0667302,0.000103183,0.486519,0.989494,1,49.9461,0.361309,0.286928,29.4297,1.53637,60.2137,3.6098,177.229,1.48722,260.189,0.682296,301.648,1.62074,0.237227,0.43724,0.255444,0.481474
0.0488708,0.786493,0.000435163,0.000367002,0.000664115,0.00110716,0.00159946,0.00213914,0.00418658,0.00914136,0.020215,0.0664483,0.000107772,0.492136,0.991278,1,47.0467,0.361276,0.281105,29.4459,1.41699,60.4389,2.76484,176.814,1.2641,260.336,0.483215,301.575,1.89196,0.23805,0.438654,0.254271,0.482954
0.0604328,0.83555,0.000345676,0.000333081,0.000661884,0.00144694,0.00206783,0.00290307,0.00513576,0.0117408,0.0258769,0.089378,4.49377e-05,0.744924,0.982142,1,49.5546,0.349238,0.339359,27.0345,1.15219,67.6646,1.94734,181.073,2.05298,261.113,0.361596,296.817,2.88509,0.162653,0.337253,0.14814,0.351331
0.0572645,0.816108,0.000413054,0.00037561,0.000539832,0.00171138,0.00242691,0.00334162,0.00602333,0.0135397,0.0295749,0.103793,5.40212e-05,0.689174,0.964454,1,65.5188,0.330308,0.31165,26.901,1.03316,67.6186,3.55023,180.366,1.1402,260.401,0.417548,297.518,2.18638,0.166264,0.348074,0.144772,0.336848
0.0581463,0.743881,0.00054438,0.000399853,0.000729369,0.00149199,0.00192879,0.00266541,0.00519182,0.0108737,0.0250873,0.0847785,4.97444e-05,0.560756,0.993176,1,48.068,0.33507,0.295759,26.8229,0.475452,66.6836,0.545565,180.882,0.942495,259.407,0.297977,297.098,0.860005,0.167202,0.333613,0.15276,0.336177
0.0574693,0.797137,0.00044673,0.000320842,0.000566285,0.00123553,0.00164501,0.00226972,0.00427794,0.00927002,0.019395,0.0623966,8.05024e-05,0.57917,0.972316,1,52.777,0.315729,0.304311,27.5016,1.64473,66.5085,2.41759,178.56,1.21883,261.096,0.487827,295.397,0.453838,0.174485,0.360181,0.165287,0.364263
0.0599533,0.783611,0.000329098,0.000239101,0.000533089,0.00113204,0.00150579,0.00206742,0.00375857,0.00826671,0.017095,0.0558302,7.02809e-05,0.560898,0.954639,1,55.8068,0.351375,0.31299,27.6347,0.598178,65.4691,3.19717,179.521,2.65934,262.549,0.549611,294.306,0.695603,0.186942,0.367039,0.184445,0.38474
0.0581227,0.679309,0.000454614,0.000371337,0.000697672,0.00108024,0.00151187,0.00207974,0.003756,0.00743754,0.017339,0.0548001,0.000102082,0.463957,0.960405,1,71.427,0.28116,0.282625,27.9792,0.714947,61.6827,0.747081,178.596,0.444026,259.869,0.280464,296.858,2.10975,0.19566,0.392328,0.19409,0.389257
0.0629892,0.57178,0.000406289,0.000425099,0.000556678,0.00102273,0.00140698,0.00186185,0.00356975,0.00724942,0.015896,0.0502873,8.08946e-05,0.470482,0.943315,1,44.4832,0.262298,0.274076,27.9722,0.426979,61.5613,1.38991,179.28,3.10808,258.976,0.8377,298.389,0.34695,0.193202,0.363412,0.202994,0.363984
0.0645261,0.564956,0.000490405,0.000399073,0.00058197,0.000993044,0.00137004,0.00175991,0.00354245,0.00700583,0.0154063,0.0486804,8.25678e-05,0.455057,0.930464,1,43.653,0.263388,0.276774,27.8364,0.458217,61.3908,1.53086,178.759,3.21418,258.914,0.692778,297.647,0.352591,0.197376,0.366756,0.203005,0.386564
0.054829,0.746542,0.00046655,0.000335474,0.000562634,0.00102118,0.00138013,0.00187513,0.00328248,0.00661759,0.0141821,0.0450525,0.000130688,0.438611,0.895619,1,53.4958,0.323927,0.274946,29.0391,1.50285,60.8906,1.63096,179.937,0.662,259.152,0.556468,298.25,2.03919,0.224827,0.440977,0.239955,0.461979
0.0586012,0.938591,0.000548815,0.000531477,0.000910201,0.00136362,0.00188668,0.00252915,0.00493311,0.00912827,0.0201999,0.0623007,7.43033e-05,0.419837,0.876844,1,47.0246,0.473067,0.325212,28.6328,0.566995,61.9746,1.59568,173.679,1.88545,262.645,2.18033,297.878,0.778351,0.216112,0.418585,0.236568,0.451793
0.0519157,0.836814,0.000421645,0.000335462,0.000580352,0.000863756,0.00115689,0.00154671,0.00272857,0.00594553,0.0126528,0.0387101,9.30994e-05,0.401754,0.978488,1,56.796,0.440513,0.278406,27.5004,1.09724,65.2635,1.51496,180.235,0.938472,262.666,0.59844,297.436,0.856369,0.193565,0.393292,0.218879,0.463137
0.05314,0.809484,0.000465232,0.000282986,0.000547639,0.000772529,0.00102955,0.00141307,0.00248818,0.00537909,0.0116746,0.0352864,0.000113932,0.411701,0.984118,1,57.8657,0.388776,0.279302,27.3172,0.638593,65.8112,0.803987,179.818,1.15416,262.356,0.481577,297.296,1.06,0.189175,0.394991,0.226351,0.461832
0.0565532,0.755817,0.000348329,0.000455216,0.000610166,0.000818077,0.0012111,0.00159246,0.00305503,0.00627346,0.01417,0.0428671,0.000125517,0.394089,0.988352,1,63.5132,0.313038,0.297372,28.7532,0.657713,64.0379,1.12981,180.427,1.35852,262.015,0.348401,296.757,0.897742,0.214291,0.425702,0.228154,0.478207
0.0565569,0.666219,0.000464118,0.000270964,0.000536331,0.000741115,0.000964726,0.00132215,0.00231895,0.00508765,0.0109965,0.0339368,0.000127976,0.411174,0.986041,1,75.9276,0.293597,0.265386,27.2622,0.762248,64.3442,0.9549,180.775,0.54434,258.479,0.809487,297.758,1.7396,0.185359,0.38715,0.221002,0.422775
0.0645404,0.700888,0.000654156,0.00096278,0.0012423,0.000831442,0.00122294,0.00157678,0.00296934,0.0061863,0.0131645,0.0401505,0.000110781,0.235538,0.98918,1,42.9172,0.273722,0.304923,28.328,3.3471,65.2915,1.9932,179.313,3.65064,258.767,0.373704,299.315,0.892132,0.190153,0.393074,0.228377,0.435771
0.0653042,0.713447,0.000788069,0.00088668,0.00140734,0.000962887,0.00151861,0.00189897,0.00350728,0.0074209,0.0158102,0.0475565,0.000100578,0.2415,0.974933,1,41.7518,0.271478,0.310086,28.321,4.02104,65.108,1.67446,178.519,1.45775,257.581,0.46619,298.993,5.50116,0.188915,0.392306,0.20957,0.437582
0.0651027,0.760905,0.00110864,0.000815092,0.00159329,0.00106947,0.00130339,0.00181545,0.00328704,0.00698251,0.0159126,0.0499149,0.000100794,0.215726,0.991568,1,64.5324,0.311891,0.328103,27.5776,0.546788,63.0464,1.16334,180.602,1.10219,261.65,0.396287,297.612,0.290256,0.203188,0.401683,0.218388,0.468855
0.04577,0.759638,0.000603516,0.000441925,0.000963088,0.000649104,0.0010243,0.00131791,0.00236448,0.00517891,0.0109971,0.0351988,0.000102863,0.245477,0.998274,1,53.2905,0.447369,0.234243,28.7671,1.09539,64.7831,0.569716,177.862,1.48749,261.651,0.671311,299.588,0.255058,0.206496,0.404449,0.228475,0.479778
0.0476521,0.818913,0.000358444,0.00032508,0.000579626,0.000903339,0.00107394,0.00151343,0.00280093,0.00586351,0.013517,0.0415021,0.000111449,0.434464,0.993642,1,45.2946,0.397429,0.258052,28.2111,3.36127,65.5431,2.05585,178.137,1.3568,262.631,1.13152,297.998,0.253239,0.189095,0.396327,0.192776,0.464092
0.0475937,0.676925,0.000324909,0.000307128,0.0005241,0.000708154,0.00111827,0.00140925,0.00261664,0.00593755,0.0124533,0.0409192,0.000113571,0.448624,0.998041,1,53.6604,0.355008,0.238242,28.2261,0.571889,64.2364,0.785383,179.861,1.06326,260.981,0.344727,296.413,7.12543,0.207029,0.396456,0.213248,0.426424
0.0472811,0.668361,0.000320971,0.000261975,0.000556479,0.000738342,0.00112863,0.00144655,0.00283552,0.00586096,0.0124988,0.0415598,0.000124298,0.429129,0.997044,1,58.5345,0.33219,0.234328,28.2845,0.626185,62.6881,0.554628,180.802,1.26447,260.403,0.401545,297.18,1.5944,0.207799,0.401384,0.212709,0.406443
0.0605589,0.852672,0.000589279,0.000394116,0.000735424,0.00132142,0.00201007,0.00251017,0.00457509,0.00970901,0.0202676,0.0657093,7.99178e-05,0.538535,0.94085,1,59.7098,0.350023,0.334241,27.9788,1.86452,63.873,2.03887,177.527,1.55291,260.25,0.742767,296.702,2.46213,0.197661,0.391229,0.219135,0.398606
0.0583467,0.754835,0.000576687,0.000366103,0.000587044,0.00108556,0.00139451,0.00193435,0.0035006,0.00731322,0.0167285,0.0509471,0.000123003,0.450981,0.966483,1,67.701,0.291915,0.312704,29.3326,0.525469,62.813,2.21791,181.214,1.03672,260.107,0.406028,298.83,1.04996,0.231089,0.440179,0.242776,0.49926
0.0573026,0.765532,0.000480986,0.000394843,0.000741215,0.00106038,0.00139883,0.00186968,0.00353896,0.00709759,0.0163184,0.0504967,0.000124562,0.421574,0.931517,1,53.5748,0.30754,0.300382,29.3082,0.841439,61.8916,1.25159,180.584,1.33205,259.745,0.703073,297.948,1.41447,0.232407,0.444612,0.247671,0.485798
0.0512327,0.857456,0.000356084,0.000267182,0.000537528,0.000927952,0.0012931,0.00179004,0.00321987,0.00676913,0.0142451,0.044695,0.00011311,0.458078,0.955195,1,74.1475,0.414332,0.292441,29.3027,1.58494,62.3511,1.73608,180.767,1.34313,258.72,0.623373,296.891,1.26376,0.234057,0.453074,0.272184,0.499277
0.0501624,0.922725,0.000355211,0.000314238,0.000551082,0.000921444,0.00128684,0.00177207,0.00322775,0.00676488,0.0146371,0.0447807,0.00010864,0.495291,0.918691,1,64.9843,0.476524,0.291085,29.0277,0.665428,62.6542,2.25034,179.999,1.90605,258.197,1.84128,297,0.97403,0.226683,0.455375,0.269711,0.499506
0.0579417,0.749183,0.00045112,0.00035124,0.000697226,0.00109736,0.00146117,0.00193739,0.00365727,0.00763493,0.0168211,0.0529328,0.000109513,0.466112,0.96285,1,39.5882,0.314194,0.305482,28.1481,0.529641,60.9633,0.953235,179.767,0.895761,259.214,0.665839,300.495,0.872224,0.218732,0.417583,0.238418,0.487983
0.0594395,0.717583,0.000459933,0.000428703,0.000566675,0.000950663,0.00128305,0.00179153,0.00324434,0.00656785,0.0142068,0.0442784,0.000106151,0.40942,0.924955,1,62.9248,0.318679,0.295164,29.2779,1.15447,62.097,2.81955,180.157,0.274098,260.823,0.355841,297.334,1.70272,0.226446,0.422072,0.239989,0.456259
0.0589166,0.738833,0.000547098,0.000481994,0.000772134,0.00105807,0.00142233,0.00192586,0.00361092,0.00751831,0.015634,0.0502787,0.000111253,0.384052,0.94678,1,54.8224,0.302476,0.297799,28.8095,0.616922,62.1151,1.81932,180.018,0.328855,259.477,1.72763,296.615,6.03679,0.214061,0.421042,0.228475,0.440844
0.0591386,0.743742,0.000623817,0.00055393,0.00069185,0.00100231,0.00137986,0.00184878,0.0034886,0.00724427,0.0152264,0.0481404,0.000103646,0.395106,0.950717,1,68.702,0.329986,0.303709,28.4229,0.488792,61.1486,1.07623,178.848,0.466945,259.915,2.14497,297.268,1.16742,0.220452,0.416732,0.249848,0.446429
0.0588163,0.664871,0.000382465,0.000327392,0.000638369,0.000885242,0.00124549,0.00164394,0.00299268,0.00617258,0.0135341,0.0434678,0.000132998,0.418153,0.950689,1,54.5438,0.284324,0.288284,28.8185,0.58664,60.5051,2.16231,178.716,5.06074,261.12,0.254543,295.779,1.81474,0.223654,0.427867,0.23003,0.459397
0.0592696,0.663678,0.00041107,0.000347688,0.000643002,0.000942368,0.00130344,0.00175332,0.00313616,0.00652743,0.0143345,0.0459893,0.000131741,0.41528,0.954959,1,56.1531,0.272624,0.291797,28.8279,0.600205,60.4895,2.00646,178.588,5.20416,261.157,0.255735,295.684,1.4594,0.225695,0.424764,0.228015,0.454395
0.0583116,0.669569,0.000370464,0.000267512,0.000531573,0.000998018,0.0013329,0.00183928,0.00346435,0.00697,0.0151699,0.0472161,0.000102357,0.511562,0.903807,1,51.0421,0.302365,0.277881,28.4297,0.450818,60.5262,0.980187,177.561,0.392643,263.445,0.368103,295.506,0.694049,0.209986,0.396856,0.199798,0.414086
0.0619949,0.800811,0.000492587,0.000271098,0.000487524,0.00112004,0.00149496,0.00198069,0.00370785,0.00757365,0.0164319,0.0511731,9.94962e-05,0.574325,0.928884,1,33.6546,0.338868,0.337448,27.9267,0.524017,59.4692,3.01844,177.083,0.894557,262.913,0.40534,293.878,1.08966,0.21538,0.409198,0.235338,0.434176
0.0541388,0.833028,0.000253869,0.000321124,0.000514681,0.00114266,0.00149665,0.00214517,0.00396186,0.00814045,0.0182276,0.0557578,8.10817e-05,0.587525,0.914564,1,44.0963,0.416077,0.299807,28.2008,0.410955,60.9674,1.1338,175.608,1.20929,262.482,2.61573,295.675,2.42075,0.213764,0.404065,0.222301,0.443965
0.0524327,0.812381,0.000353036,0.000273213,0.000460262,0.00100296,0.00142942,0.00187988,0.003439,0.00731912,0.015894,0.0514822,9.21656e-05,0.565234,0.96547,1,40.1395,0.407163,0.295029,27.8831,0.527752,61.1078,0.875156,176.595,1.28265,261.26,0.592129,299.989,1.26893,0.217434,0.402302,0.254511,0.471222
0.065124,0.630329,0.000518431,0.000445849,0.000686077,0.00116675,0.00168516,0.00228156,0.00437262,0.00889563,0.0205193,0.0656721,8.20089e-05,0.486081,0.969156,1,72.4084,0.2559,0.313007,28.3754,0.471352,60.7758,1.94758,180.403,1.22376,257.954,1.34106,296.242,1.4439,0.206854,0.392824,0.209145,0.39509
0.0594441,0.813383,0.000409016,0.000355801,0.000617689,0.00122074,0.00162501,0.00219765,0.00399815,0.00895355,0.0190863,0.060696,7.6681e-05,0.530848,0.976248,1,60.6355,0.351994,0.327172,27.9324,0.551395,62.6922,1.18647,178.231,1.31086,261.24,0.666126,299.089,0.625198,0.195916,0.390865,0.209941,0.454941
0.0590952,0.834411,0.00043618,0.000327398,0.000555566,0.00119478,0.00157773,0.00215329,0.00394898,0.00880803,0.0185419,0.0596487,7.27669e-05,0.543797,0.957946,1,68.6391,0.369617,0.325128,28.0095,0.581179,62.5771,1.0102,178.401,1.3913,261.708,0.620985,298.836,0.736257,0.192106,0.387236,0.22156,0.421395
0.0585133,0.818795,0.000376516,0.00035294,0.000575111,0.0011687,0.00151711,0.00213287,0.003925,0.0081305,0.0178103,0.0564436,9.14884e-05,0.542806,0.980666,1,36.0913,0.3523,0.326975,27.6247,0.772097,62.7043,0.741326,178.294,1.0243,262.459,0.733777,297.242,2.56499,0.20527,0.396574,0.211044,0.45595
0.0537734,0.760964,0.00048,0.000365345,0.000628806,0.00127588,0.00166903,0.00228671,0.00425206,0.00882098,0.0192824,0.0646916,0.00010245,0.522286,0.970823,1,69.154,0.30772,0.287142,28.4794,0.677633,64.9446,2.23783,177.663,0.547124,261.678,1.97157,296.856,0.633673,0.209052,0.394313,0.199937,0.424268
0.0474443,0.788856,0.000519634,0.000425049,0.000724885,0.00086912,0.00125243,0.00168497,0.00297992,0.00668776,0.0146833,0.0440223,9.26226e-05,0.384691,0.998044,1,55.8191,0.438106,0.2576,28.4925,0.855009,60.8736,0.59503,178.885,0.701671,260.647,0.299932,297.762,2.56703,0.209377,0.411456,0.238187,0.432998
0.0477073,0.785864,0.000543218,0.000425553,0.000675536,0.000873796,0.00126185,0.00169158,0.00299993,0.0067043,0.0146166,0.0443426,9.22887e-05,0.383655,0.997684,1,56.2085,0.446192,0.259004,28.4725,0.839242,60.8268,0.651421,178.623,0.741869,260.595,0.291668,297.659,2.29404,0.21027,0.416113,0.232834,0.434607
0.057248,0.739866,0.000376776,0.000403903,0.000565653,0.000858346,0.00111726,0.00149888,0.00289647,0.00588349,0.0133266,0.0416265,0.000126496,0.431162,0.979451,1,58.3927,0.325059,0.298734,28.0117,0.455974,62.8734,3.38858,177.142,2.99931,262.622,0.296677,298.056,0.698655,0.216568,0.415146,0.242964,0.482611
0.0533232,0.901157,0.000330774,0.000290691,0.000549703,0.00135299,0.0017832,0.00232658,0.00458594,0.00974516,0.0208209,0.0689273,7.24534e-05,0.594018,0.968875,1,56.1582,0.410295,0.315904,28.5021,5.35477,63.5369,1.94225,181.627,0.459126,257.76,0.547825,298.126,0.872399,0.203186,0.406859,0.223453,0.433757
0.0461629,0.713361,0.000231736,0.000177523,0.000361933,0.000810673,0.00104666,0.00140969,0.0028473,0.00618042,0.0134191,0.0431468,8.99844e-05,0.653608,0.997046,1,56.6935,0.412639,0.248515,27.7836,0.54185,59.4851,1.30642,177.625,0.477892,261.671,0.852617,296.174,1.10429,0.198372,0.389003,0.210236,0.421867
0.0620624,0.786034,0.000540747,0.00056637,0.000783901,0.00127285,0.00176909,0.00236088,0.00438718,0.00860609,0.0192234,0.0604627,7.81029e-05,0.404967,0.899223,1,56.9316,0.330249,0.311647,28.9766,0.750628,63.4758,1.19113,180.603,0.353403,258.274,0.383607,297.092,1.09816,0.211088,0.408671,0.216169,0.420495
0.056027,0.882226,0.00043154,0.000379359,0.000631336,0.00126429,0.00163206,0.00223175,0.00412247,0.00787081,0.0170971,0.0550115,9.48681e-05,0.484892,0.882564,1,67.6947,0.414429,0.306913,28.7455,0.780897,63.4582,0.793768,179.702,0.603881,261.172,1.74788,297.836,2.05208,0.227428,0.431832,0.241429,0.459479
0.0490919,0.81624,0.000348946,0.000320632,0.000437494,0.000781552,0.00112687,0.00151112,0.00280845,0.00592026,0.0132725,0.0399854,8.79814e-05,0.50085,0.973965,1,56.4782,0.451726,0.265816,28.095,0.93374,64.2746,2.28558,178.221,0.993641,258.824,1.16657,298.687,0.919428,0.192034,0.396385,0.235102,0.448924
0.0472155,0.837794,0.000384962,0.000274426,0.00052641,0.000934706,0.00130253,0.00163126,0.00299447,0.00670549,0.0145409,0.0449871,9.7976e-05,0.499849,0.98169,1,52.9881,0.44768,0.262893,27.9981,0.925711,64.215,2.33981,179.412,1.62162,260.043,0.651111,299.844,2.52732,0.19585,0.403823,0.221725,0.463157
0.0584439,0.708565,0.000340823,0.000299949,0.000506662,0.000944834,0.00128255,0.00167309,0.00305281,0.00653594,0.0136409,0.0426788,0.000128255,0.440667,0.943826,1,58.7091,0.284016,0.282211,27.7736,0.807397,63.9671,1.51854,180.288,1.02415,261.113,0.697766,295.049,0.877836,0.196061,0.396571,0.197771,0.415086
0.0683641,0.674913,0.000866588,0.000767882,0.000982961,0.000952121,0.00132799,0.00185507,0.00347847,0.00695264,0.0159991,0.0499811,0.000114236,0.269338,0.96336,1,80.1912,0.249584,0.320504,28.5552,2.5352,63.2631,0.789613,179.305,1.10556,260.479,0.332964,298.21,1.69641,0.204157,0.404505,0.217862,0.450658
0.0704689,0.709097,0.000935114,0.000798914,0.00141564,0.00128232,0.00182739,0.00233797,0.00420931,0.00945593,0.0199859,0.0651179,9.82184e-05,0.334382,0.968825,1,84.3471,0.24361,0.350467,29.2766,3.14246,62.6773,0.682171,179.126,2.66538,257.697,0.285354,299.653,0.921344,0.212092,0.415169,0.230094,0.456676
0.0623847,0.761345,0.000426394,0.000409047,0.000512186,0.00100345,0.00133992,0.00190035,0.00351665,0.00700247,0.016128,0.0496436,0.000141763,0.434248,0.946793,1,54.6327,0.2645,0.322117,28.7876,1.71268,62.9409,1.84302,180.735,0.307462,261.251,0.362026,295.548,2.03961,0.210926,0.434283,0.215911,0.466622
0.0665036,0.736606,0.000512573,0.000315288,0.000615212,0.00125685,0.00172115,0.00233453,0.00419559,0.00867608,0.01986,0.0615666,0.000121403,0.46964,0.941261,1,56.0366,0.25015,0.339653,28.8461,3.21543,64.8813,1.26314,179.889,0.295804,261.732,0.347223,295.328,0.806971,0.21585,0.419884,0.197286,0.419595
0.0518126,0.767708,0.000369857,0.000403246,0.000637514,0.00112752,0.00155735,0.00211765,0.00395689,0.00795636,0.0168817,0.056337,9.14059e-05,0.480603,0.925657,1,47.7952,0.376968,0.270283,28.5236,0.688648,61.6545,1.89227,181.822,0.451701,258.362,0.378841,294.896,1.74489,0.21926,0.420205,0.22137,0.388795
0.0515007,0.765948,0.000363249,0.000391261,0.000627096,0.00111023,0.00153551,0.00210093,0.00391446,0.0078576,0.0166508,0.0556667,9.1814e-05,0.480411,0.918265,1,47.6506,0.375464,0.266435,28.617,0.703767,61.5644,1.95074,181.818,0.459971,258.242,0.374257,295.035,1.73131,0.217462,0.420083,0.222506,0.387621
0.049448,0.763683,0.000452544,0.000336542,0.000579372,0.00102204,0.00138015,0.00177274,0.00344535,0.00696778,0.0157625,0.0489759,0.000108416,0.497362,0.931081,1,57.4511,0.350576,0.251686,28.3798,1.569,66.3123,0.645589,180.672,0.507684,260.328,0.278611,299.451,0.664018,0.201653,0.401096,0.195609,0.429682
0.0583415,0.716366,0.000515815,0.000484154,0.000758032,0.000872011,0.00117665,0.00162718,0.00288458,0.00582043,0.0130477,0.0390224,0.000121749,0.321862,0.937365,1,59.2323,0.313672,0.284856,28.9073,0.678834,62.3578,4.36324,178.265,0.293121,262.145,5.71425,298.08,0.869063,0.219413,0.419656,0.233815,0.499729
0.0598817,0.737164,0.000398815,0.000356953,0.000558282,0.00077339,0.00108264,0.00142171,0.00268122,0.00559741,0.0116863,0.0361208,0.000111253,0.396592,0.974259,1,52.693,0.339201,0.301655,27.3694,0.396146,61.2649,0.520903,177.586,0.310088,263.742,0.334535,294.675,1.01579,0.200296,0.399346,0.221043,0.475963
0.0499336,0.725548,0.000449677,0.000410444,0.000619865,0.000807849,0.00118586,0.00157227,0.00281084,0.00556984,0.0128966,0.0389915,0.000118909,0.371034,0.938011,1,54.4712,0.35311,0.244601,28.9283,2.92996,64.4227,1.95527,178.966,0.482229,260.851,4.95364,296.57,1.89831,0.20956,0.411084,0.215482,0.433101
0.0529159,0.759472,0.000535737,0.00060022,0.000687361,0.000818463,0.00121404,0.00163094,0.00297588,0.00585781,0.0133126,0.0407324,0.000132405,0.349981,0.941841,1,51.91,0.329798,0.268695,29.3522,1.85961,64.1212,2.75331,178.458,0.727318,261.183,2.27809,296.806,2.06417,0.216961,0.431479,0.233752,0.465593
0.0525834,0.761628,0.000495512,0.000339995,0.000702901,0.000810066,0.0010625,0.00151272,0.00282279,0.00564573,0.0123443,0.0389438,0.000150663,0.347298,0.947442,1,53.9882,0.333431,0.272448,29.2031,1.96441,62.0104,1.45357,176.805,0.603809,259.536,1.30695,295.973,0.850045,0.227631,0.442536,0.264266,0.474211
0.0482627,0.75295,0.00028532,0.00032479,0.000357048,0.000851485,0.00116292,0.00162743,0.00297825,0.00625097,0.0137628,0.0420728,0.000126874,0.55682,0.949001,1,65.3111,0.366578,0.249999,27.4163,0.510101,65.1788,0.489618,180.452,3.27864,260.944,0.320689,296.838,0.715693,0.199015,0.400959,0.200224,0.425578
0.0494776,0.776484,0.000432761,0.000337585,0.000647638,0.000842739,0.00109268,0.00143061,0.00280897,0.00591625,0.0129457,0.0399614,0.000162324,0.402003,0.970646,1,54.5015,0.342844,0.270321,29.6891,0.783622,62.7582,2.07265,180.216,0.852573,261.359,2.37504,295.473,4.64867,0.240033,0.46535,0.257365,0.494605
0.0560232,0.736551,0.000471706,0.000414648,0.000561527,0.00109632,0.00138015,0.00187656,0.00368321,0.00724267,0.0159715,0.0511947,7.45363e-05,0.487552,0.925247,1,44.8846,0.368697,0.278429,28.2017,0.736797,61.6522,2.26703,179.987,0.739577,262.213,1.5346,295.621,0.28255,0.201102,0.385027,0.187166,0.407115
0.0527582,0.797021,0.000304519,0.000262889,0.000488683,0.000818767,0.00116252,0.00157669,0.0030305,0.00564131,0.0120535,0.0372511,0.000103584,0.472555,0.867168,1,47.2384,0.407139,0.256912,28.0988,0.731393,66.3075,0.854285,178.102,0.769429,260.442,0.712647,298.046,0.383101,0.19395,0.391619,0.216728,0.430555
0.0587536,0.791441,0.000351566,0.000277268,0.000585484,0.00119302,0.00174816,0.00216193,0.00416813,0.00914013,0.0199706,0.0675078,8.38563e-05,0.629689,0.999084,1,62.7212,0.308569,0.327151,28.068,1.35071,65.7076,0.798347,179.881,0.431619,259.5,1.01336,299.039,1.31287,0.19133,0.383828,0.20418,0.41704
0.061575,0.831022,0.000418873,0.000525517,0.000714489,0.00133963,0.0017078,0.0025282,0.00451295,0.00966762,0.0211567,0.0697622,6.35959e-05,0.557025,0.997018,1,61.4568,0.350069,0.342627,27.268,0.801477,65.5343,0.7732,181.344,0.41014,258.603,2.31585,300.571,1.48963,0.184069,0.371777,0.206868,0.421926
0.062383,0.821903,0.000381272,0.000587681,0.000800375,0.00134924,0.00173739,0.0024915,0.00451444,0.0098744,0.0215233,0.0703463,6.42079e-05,0.516455,0.995984,1,60.764,0.342999,0.340684,27.4746,0.54487,67.4074,0.746983,180.952,0.383524,258.703,1.69655,301.337,1.66168,0.18446,0.365284,0.206438,0.42429
0.0491798,0.688773,0.000254506,0.000238374,0.000357042,0.00088228,0.00116969,0.00158578,0.00286331,0.005783,0.0120669,0.0398961,0.000134357,0.587009,0.903603,1,56.3929,0.32156,0.239976,28.537,1.08703,62.8694,0.936864,177.474,0.422471,260.779,0.371967,296.134,1.62597,0.204822,0.40738,0.201056,0.421041
0.0491777,0.688181,0.000265005,0.000240103,0.000365024,0.00090529,0.00119373,0.00160894,0.00291281,0.00590014,0.0122986,0.0406687,0.000132906,0.596257,0.893121,1,54.8584,0.325948,0.23922,28.4794,1.16118,62.8627,0.934854,177.322,0.424602,260.637,0.404953,295.982,1.63488,0.205683,0.408859,0.198454,0.418959
0.052628,0.714503,0.000272071,0.000259548,0.000440217,0.000856722,0.00122084,0.00162815,0.00306057,0.00624274,0.0146526,0.0433796,0.00011972,0.580921,0.955022,1,56.9466,0.306487,0.270442,28.6568,1.9009,64.7759,0.90716,181.463,0.422676,256.817,3.67434,298.066,2.48801,0.20856,0.412466,0.23118,0.427905
0.0549479,0.738238,0.000304177,0.00019018,0.000345759,0.00105973,0.0014955,0.00203887,0.00379235,0.00805364,0.0165315,0.0552268,0.000106357,0.729988,0.915196,1,49.2694,0.289189,0.286551,27.9794,0.685062,63.3946,2.70563,178.059,4.02331,261.367,0.267056,297.463,0.377788,0.193949,0.384417,0.184964,0.429043
0.0424222,0.781458,0.000397802,0.00031751,0.000548741,0.000690953,0.000931077,0.00128603,0.00230741,0.00510175,0.010594,0.0340799,0.000105161,0.387403,0.994585,1,56.5822,0.508208,0.225235,28.4675,0.914821,64.1544,0.831875,178.885,0.310702,260.217,2.34951,298.412,2.11683,0.201904,0.412502,0.232771,0.476662
0.0490413,0.71337,0.000255057,0.000229235,0.000408653,0.000705428,0.00100708,0.0013058,0.00229251,0.00457764,0.0104081,0.031177,0.000114786,0.470661,0.883173,1,51.0464,0.426433,0.231353,28.1018,0.467978,64.0601,1.92964,179.934,0.770833,262.096,0.682484,297.081,0.449549,0.208042,0.401846,0.214115,0.453474
0.0484344,0.696621,0.000239823,0.000239865,0.000427474,0.000707886,0.000893609,0.00130057,0.00238531,0.00450269,0.00988995,0.0304054,0.000129233,0.413488,0.940277,1,51.9672,0.391328,0.233976,28.1405,0.474368,62.991,8.71304,179.728,0.75592,262.596,0.583734,296.868,0.423587,0.210283,0.407737,0.224955,0.466054
0.0484507,0.767926,0.000265101,0.00020798,0.000297687,0.000686296,0.000990599,0.00128898,0.00240666,0.00542551,0.0116029,0.0350754,0.000120037,0.62682,0.964382,1,105.593,0.370681,0.25725,28.0088,1.49587,66.0244,0.476515,181.164,0.335129,257.673,2.26909,297.932,0.790797,0.193365,0.401573,0.232482,0.44787
0.051455,0.698265,0.000198251,0.000155147,0.000332686,0.000696175,0.000897429,0.00126047,0.00232068,0.00488887,0.010667,0.0329497,0.000145196,0.574252,0.980111,1,87.2557,0.319862,0.260242,27.6371,0.651699,64.5949,1.05923,181.09,0.386103,260.642,1.4315,298.797,1.23976,0.201329,0.4024,0.230336,0.486627
0.050606,0.714974,0.000293425,0.000262133,0.000374099,0.000718858,0.00100765,0.00135903,0.00263047,0.00528957,0.0115798,0.0362149,0.000158135,0.512508,0.959822,1,73.8906,0.313967,0.259962,28.6359,1.25585,63.0004,1.45005,179.234,0.93997,260.45,2.14828,295.867,0.593423,0.216376,0.42365,0.238349,0.460773
0.0498496,0.692119,0.00027419,0.00028146,0.000442527,0.000782579,0.00102766,0.00143381,0.00256709,0.00556309,0.012605,0.0388236,0.000139263,0.498742,0.976723,1,62.1109,0.311366,0.253224,28.7356,0.813102,62.9178,1.9035,179.092,0.847139,261.537,0.498381,298.505,0.846765,0.212769,0.412227,0.223982,0.480295
0.0532901,0.813109,0.000479499,0.000372478,0.00054551,0.000950454,0.00133109,0.00182986,0.00315384,0.00678896,0.0142659,0.0454442,0.000117876,0.450249,0.946269,1,61.4121,0.350225,0.284999,28.8022,4.94238,64.6964,0.5784,177.503,4.20826,259.052,0.317308,297.264,2.02502,0.20844,0.420725,0.236859,0.44415
0.0517221,0.7784,0.000373249,0.000381033,0.000613755,0.000894605,0.00122077,0.00165981,0.00316521,0.00680152,0.014079,0.0448827,0.000114847,0.437171,0.966091,1,63.5854,0.341055,0.271877,28.9542,2.41973,64.2555,0.435628,177.783,2.93402,259.44,0.361527,296.656,1.46274,0.200687,0.416686,0.217808,0.443924
0.0507815,0.772618,0.000365053,0.000350622,0.000642214,0.000880057,0.00129748,0.00179899,0.00315045,0.00706376,0.0144373,0.046661,0.000121402,0.440528,0.969003,1,64.7649,0.334825,0.268324,28.8837,1.53773,64.2671,0.506645,178.246,2.24353,259.458,0.35934,296.132,1.22378,0.206007,0.420748,0.219868,0.430404
0.0541466,0.861988,0.000276114,0.000256843,0.000440508,0.000976635,0.00135537,0.00191034,0.00354109,0.00643887,0.0151312,0.0455818,0.000114077,0.56111,0.881424,1,54.4736,0.405956,0.300958,29.0191,1.03903,61.5236,1.25053,180.859,0.888269,260.47,1.2156,298.851,0.930593,0.235357,0.452423,0.264819,0.514971
0.0511472,0.812784,0.000364962,0.000255092,0.000475354,0.00115818,0.0015219,0.00196454,0.00366463,0.00741172,0.015382,0.0480509,9.22831e-05,0.544439,0.866257,1,59.1936,0.416534,0.26582,28.9293,0.803048,63.3811,2.21795,178.781,1.42606,258.073,0.483831,299.113,1.74467,0.21809,0.414239,0.246694,0.417391
0.0540293,0.808088,0.000436798,0.000367788,0.000589582,0.00103388,0.00141316,0.00185798,0.00345536,0.0068683,0.0148092,0.0452052,8.62096e-05,0.44291,0.894048,1,47.2333,0.411248,0.275754,28.7526,0.764948,63.6797,1.00059,180.181,1.62608,258.164,0.35181,297.925,1.14468,0.210341,0.410474,0.234026,0.435644
0.0528312,0.79235,0.000327639,0.00038627,0.000631459,0.00102522,0.00139214,0.00189584,0.00349246,0.00668369,0.0140403,0.0448174,9.30354e-05,0.431316,0.841489,1,63.6683,0.440246,0.257998,28.483,0.549851,62.9099,2.75772,181.613,4.7867,258.426,0.370714,297.358,0.526398,0.220614,0.4206,0.23415,0.427732
0.0550565,0.779674,0.000484314,0.000314669,0.000517238,0.00112504,0.00154988,0.00206848,0.0038672,0.00741992,0.0155918,0.0490418,9.28149e-05,0.500933,0.856594,1,45.8866,0.347002,0.271155,29.2527,2.0742,63.0015,3.32612,178.93,1.47115,258.819,0.482642,298.38,0.927189,0.206054,0.407476,0.224036,0.427169
0.0535023,0.731087,0.000335143,0.000314013,0.000687147,0.00111312,0.00163716,0.002301,0.00404476,0.00731445,0.0158783,0.050408,8.96425e-05,0.444712,0.82856,1,42.2892,0.36804,0.246126,28.7307,3.31261,62.6049,2.08476,179.383,1.69634,258.883,0.414813,298.921,1.41552,0.210484,0.402517,0.206912,0.405893
0.0685011,0.84358,0.000422463,0.000388445,0.000672323,0.00110827,0.00162853,0.00207445,0.00393805,0.00775426,0.0168779,0.0505266,0.000106756,0.445247,0.923034,1,70.4233,0.327376,0.370577,28.3531,0.493818,64.1416,1.19358,178.842,0.70728,261.78,0.341892,295.6,0.615484,0.224102,0.429927,0.246199,0.488978
0.0671986,0.807484,0.000331839,0.000400023,0.000562753,0.000954694,0.00149112,0.00192773,0.00357953,0.00693369,0.0156913,0.0460903,0.000112419,0.476206,0.887854,1,72.626,0.320689,0.345499,28.233,0.358396,63.8113,0.988792,178.184,0.918686,261.052,0.412602,295.389,0.628061,0.21419,0.424079,0.237128,0.469543
0.043828,0.752095,0.000423314,0.000538421,0.000726838,0.000852718,0.00104496,0.00145916,0.00260588,0.00568091,0.0131791,0.0406963,0.000143311,0.335686,0.991848,1,45.6671,0.366974,0.228439,29.0669,1.69874,64.406,0.894808,178.902,0.35706,257.722,1.41,298.81,2.21182,0.207914,0.433879,0.227355,0.479103
0.047425,0.775056,0.00055378,0.00046495,0.000756734,0.000824993,0.00105863,0.00147231,0.00283605,0.00582967,0.0128988,0.0405572,0.000123722,0.329479,0.987472,1,56.8571,0.375827,0.249357,28.8993,2.50633,63.8458,1.95602,180.126,0.417029,257.967,1.60555,299.447,3.24775,0.210337,0.427697,0.245675,0.471883
0.065975,0.807687,0.00030199,0.000371915,0.00050227,0.0013346,0.00188262,0.00262651,0.00486748,0.0100803,0.0216168,0.0678259,7.02322e-05,0.641187,0.921433,1,52.2721,0.325351,0.357624,27.767,0.442032,63.5717,0.733626,178.295,0.295359,262.138,0.286569,296.033,0.453253,0.200964,0.385093,0.196997,0.404566
0.0742185,0.757233,0.00056963,0.000342306,0.000631231,0.00141422,0.00180729,0.00253103,0.00467555,0.00948426,0.0214483,0.0672975,8.38398e-05,0.566466,0.947988,1,41.78,0.268177,0.386665,27.8242,0.626491,62.2775,5.8417,180.755,0.519998,261.524,0.35712,295.293,0.359158,0.197323,0.393768,0.188028,0.426167
0.0736492,0.747164,0.000431038,0.000524413,0.000768384,0.00131872,0.00198765,0.00262439,0.0048189,0.0106567,0.0225595,0.0722331,6.70099e-05,0.522394,0.976856,1,58.7476,0.28751,0.38305,27.4165,0.389236,61.1452,0.846913,178.021,0.373181,261.704,0.616937,297.23,0.886499,0.189135,0.370713,0.209068,0.385272
0.0490952,0.928467,0.000531907,0.000651848,0.00101865,0.00123209,0.00183419,0.00247041,0.0048079,0.00930773,0.0205754,0.0679161,6.21447e-05,0.399997,0.960587,1,45.1493,0.497844,0.276222,28.1199,0.957129,67.0712,2.47112,179.999,2.04418,258.602,1.14828,298.811,0.840922,0.181376,0.386409,0.193123,0.40201
0.0490454,0.907401,0.000648248,0.000579831,0.000964118,0.00133068,0.00185344,0.00245054,0.00428703,0.0096005,0.0204469,0.0693277,6.99534e-05,0.41697,0.954883,1,59.9637,0.484502,0.275612,27.878,0.894056,67.6687,0.786931,181.509,1.0717,258.259,1.11735,297.884,1.13247,0.199308,0.39854,0.201885,0.398505
0.0502612,0.781864,0.000564772,0.000368192,0.000696418,0.00103086,0.00143925,0.00184654,0.00352965,0.0070541,0.0159647,0.0496927,7.92564e-05,0.429777,0.962184,1,42.4498,0.408615,0.260067,28.1276,0.936829,63.5301,2.97669,179.191,0.314516,261.382,0.29617,297.445,1.18134,0.192303,0.385956,0.199203,0.402788
0.0630923,0.789476,0.000354065,0.000394394,0.000675633,0.00102051,0.00139854,0.00182428,0.00339515,0.00737063,0.0152723,0.0487588,9.76607e-05,0.46123,0.986138,1,58.6266,0.317724,0.335393,27.7269,0.855179,65.6425,0.777533,178.655,4.25131,261.369,1.29587,294.718,0.980808,0.199884,0.388778,0.227861,0.424656
0.0670473,0.70152,0.00048627,0.000398782,0.000683494,0.00129019,0.00170103,0.0023747,0.00429839,0.0079703,0.0182142,0.0572755,7.62851e-05,0.444776,0.881814,1,47.1728,0.285848,0.303136,27.66,0.77226,64.5628,1.48699,178.11,0.307123,261.593,0.275338,296.194,0.640836,0.186908,0.361722,0.170021,0.374767
0.0542893,0.753775,0.000340656,0.000262075,0.000531936,0.00117835,0.00161341,0.00215767,0.00401261,0.00891973,0.0202658,0.0654665,7.22389e-05,0.670163,0.995931,1,71.3881,0.334436,0.292269,27.2949,0.602032,65.2627,0.969808,180.938,0.386325,259.203,0.25967,297.053,2.15062,0.18344,0.363951,0.176069,0.388204
0.0566875,0.781239,0.000411285,0.000334901,0.00053301,0.00110675,0.00151625,0.00195518,0.00347488,0.00721285,0.0159175,0.0488634,9.94803e-05,0.454843,0.918468,1,41.6704,0.359576,0.295234,28.4404,1.21356,61.2713,0.766447,177.27,1.21067,262.643,4.08351,296.764,0.665224,0.221925,0.410459,0.230235,0.439271
0.05345,0.760129,0.000291308,0.000276434,0.000400286,0.000877666,0.001227,0.00153316,0.00304067,0.00627737,0.0136627,0.0431393,0.000125756,0.502444,0.970494,1,66.5752,0.311074,0.275637,27.7913,1.20475,65.2002,3.20127,180.066,1.39302,260.359,0.301234,297.64,0.530739,0.191801,0.39584,0.210921,0.418747
0.0682324,0.752018,0.00072959,0.000726176,0.00113582,0.00149459,0.00202416,0.00273396,0.00487026,0.0100085,0.0217124,0.0732818,6.48407e-05,0.419552,0.954548,1,42.2269,0.311732,0.336978,26.971,0.448677,65.0485,1.31265,178.863,1.94991,261.625,0.687683,296.245,0.630162,0.184425,0.35527,0.18385,0.356793
0.0632458,0.763044,0.000651331,0.000520302,0.00108389,0.000960607,0.00130032,0.00165245,0.00304375,0.00654958,0.01467,0.0432268,8.86012e-05,0.279596,0.99521,1,69.6234,0.322685,0.315628,27.6003,0.835987,64.6852,1.59768,178.552,0.469528,261.994,0.300108,296.469,2.51866,0.185224,0.37836,0.213505,0.445073
0.0630769,0.647568,0.000463092,0.000366375,0.000670242,0.000999787,0.001263,0.00184939,0.00322386,0.00694593,0.0156939,0.0496712,9.52923e-05,0.433713,0.998909,1,49.8043,0.268726,0.299549,27.4732,0.468428,63.2808,0.944767,181.316,3.16191,259.935,3.12414,299.464,0.609848,0.1929,0.37059,0.211272,0.418545
0.0563377,0.769449,0.000545598,0.000492973,0.000802104,0.00103055,0.00153798,0.00208443,0.00364546,0.00815003,0.0174729,0.057799,8.68284e-05,0.415175,0.99462,1,59.3233,0.345663,0.297608,27.8536,0.578735,63.0408,0.519363,176.283,0.495093,260.507,0.513083,298.296,0.664403,0.194546,0.388221,0.217473,0.397258
0.06653,0.693857,0.000559914,0.00033303,0.000658403,0.00112712,0.00155731,0.00210566,0.00387324,0.00767443,0.0174622,0.0543545,7.96503e-05,0.456637,0.947245,1,46.2505,0.298318,0.323392,27.5716,0.414852,62.5542,5.14756,181.07,4.15722,262.006,0.350468,296.306,1.41867,0.207183,0.377843,0.208912,0.399339
0.0510019,0.720345,0.000334857,0.000237186,0.000437796,0.000820691,0.00113884,0.00152373,0.00279858,0.00534377,0.0111853,0.0351427,0.000119159,0.460843,0.892776,1,63.5068,0.355303,0.240883,28.3857,3.16574,64.4351,0.438382,176.294,0.397687,257.187,1.51084,298.141,1.16863,0.19491,0.397435,0.228407,0.42711
0.0491572,0.77462,0.000313453,0.000308531,0.000479468,0.000865465,0.00114255,0.00159921,0.00296821,0.00573484,0.0123262,0.0384517,0.000108752,0.431204,0.919212,1,62.3757,0.383233,0.242494,28.6601,2.10127,67.7428,1.57497,177.98,0.515794,257.144,2.70637,298.042,1.06443,0.188412,0.39402,0.223943,0.398016
0.0590919,0.655997,0.000542222,0.000521692,0.000724339,0.000832002,0.00113343,0.00151959,0.00273811,0.00603396,0.0131637,0.0414285,8.68555e-05,0.365413,0.983026,1,43.0833,0.325609,0.27703,27.4531,0.438293,62.2665,1.05991,180.057,1.57829,262.615,0.284571,297.524,0.726975,0.19682,0.371401,0.20891,0.416609
0.063026,0.715425,0.00034332,0.000295705,0.000513811,0.000968411,0.00129758,0.00179801,0.00323211,0.00669834,0.0146331,0.046232,6.91073e-05,0.484992,0.942815,1,64.8433,0.346432,0.300495,26.6769,0.335791,63.5645,2.45791,178.035,1.0328,261.665,0.626925,294.366,1.70819,0.176433,0.352293,0.191435,0.371314
0.0667125,0.739503,0.00054153,0.000454129,0.00071532,0.00116531,0.00156405,0.00216036,0.00398567,0.00784555,0.0171232,0.0526746,6.91818e-05,0.461677,0.89501,1,53.1525,0.311793,0.308859,27.3063,0.627892,65.6863,1.37629,179.511,2.50342,259.999,0.999901,297.819,1.29825,0.172295,0.354984,0.179227,0.375858
0.0596001,0.696483,0.000490765,0.000530234,0.000608445,0.000939946,0.0012726,0.00179667,0.00331392,0.00620759,0.0136548,0.0425483,8.29461e-05,0.388502,0.908542,1,52.5049,0.367078,0.274178,26.9921,0.389801,61.7828,1.36676,176.755,0.445488,259.309,1.8078,299.498,0.566357,0.192066,0.371661,0.219593,0.411933
0.0528678,0.802829,0.000465968,0.000426381,0.000574264,0.00105142,0.00141882,0.00197173,0.00369713,0.00745805,0.0162532,0.0522122,0.000111192,0.472798,0.94961,1,40.6654,0.335087,0.282461,28.8878,2.92618,64.7423,0.639018,177.648,1.04626,260.076,0.318575,298.566,1.10127,0.205462,0.411058,0.222576,0.436713
0.046933,0.830749,0.000397618,0.000386229,0.000642663,0.00103293,0.00147525,0.00188899,0.00357518,0.00753535,0.0166273,0.0549521,9.05026e-05,0.496884,0.989297,1,47.6414,0.448024,0.26795,28.4005,0.722087,63.2845,2.11889,180.093,0.57199,261.994,0.285636,295.927,1.33407,0.215847,0.417347,0.210298,0.426744
0.0461407,0.884914,0.000436888,0.000344502,0.000599191,0.00100792,0.00144812,0.00187378,0.00341353,0.00751215,0.0166257,0.053147,8.92962e-05,0.506544,0.976527,1,87.9269,0.478078,0.269625,28.8695,1.7757,64.1814,1.19256,178.119,1.18965,258.515,2.54834,300.882,1.52605,0.21127,0.414083,0.253257,0.461432
0.0509943,0.840565,0.000509325,0.000457311,0.000782614,0.00104865,0.001547,0.00199273,0.00374238,0.00765988,0.0169893,0.0548163,8.77909e-05,0.443206,0.987117,1,38.2765,0.425448,0.286994,28.0605,0.550817,64.6696,0.745714,180.382,1.21274,261.114,0.367815,296.881,1.25849,0.214757,0.407369,0.225055,0.425659
0.0521181,0.853712,0.000410204,0.000432965,0.000629507,0.00106779,0.0013846,0.00191633,0.00343579,0.00704753,0.0157561,0.0481665,8.62223e-05,0.453852,0.949685,1,40.5367,0.423737,0.280772,27.944,1.45942,66.106,1.56525,178.844,2.81384,258.949,0.627114,296.456,1.14476,0.189103,0.396461,0.202992,0.436399
0.0470226,0.701795,0.000356809,0.000364582,0.000530078,0.000753678,0.00100928,0.00137957,0.00252528,0.00522327,0.0113856,0.0360977,0.000126806,0.391151,0.960603,1,68.7897,0.356372,0.234755,29.4902,0.716372,62.8941,0.368269,178.639,0.607341,261.146,0.709464,297.59,0.735103,0.215523,0.424047,0.228067,0.477449
0.0492403,0.71182,0.000447928,0.000351786,0.000693158,0.000823296,0.0011289,0.00156025,0.0029098,0.00581834,0.0127146,0.0405438,0.000120766,0.366039,0.923037,1,63.2461,0.371237,0.24068,28.7657,0.765664,63.6112,0.337506,178.409,0.450133,261.603,0.688543,298.079,0.919369,0.224827,0.41695,0.224777,0.477045
0.0478359,0.810628,0.000360328,0.000331515,0.000653545,0.000719916,0.000981661,0.00135614,0.00244848,0.00525255,0.0115094,0.0346666,0.000102181,0.363052,0.981943,1,36.5504,0.476034,0.2597,28.5007,0.746073,61.0687,0.46834,178.16,1.53613,260.265,1.82778,296.884,1.01094,0.216133,0.424175,0.264377,0.488629
0.0493217,0.656172,0.000333728,0.000221067,0.000487684,0.000657458,0.000985505,0.00135674,0.00248655,0.00493,0.0107756,0.0338246,0.000153664,0.424092,0.945433,1,93.5425,0.321058,0.234606,28.2456,0.468359,63.6987,3.77848,182.312,1.31615,258.482,0.424823,299.504,1.58464,0.217541,0.422487,0.235783,0.466891
0.0520198,0.853833,0.000696231,0.000590117,0.00074346,0.00089791,0.00122864,0.00162589,0.00289114,0.00611783,0.0135443,0.0405401,0.000110947,0.331438,0.967168,1,37.4352,0.403473,0.283465,28.8851,1.69477,65.2299,0.572933,177.26,0.331937,263.283,2.30226,296.433,0.44071,0.211047,0.418459,0.2337,0.476676
0.0530162,0.802413,0.000483346,0.000412138,0.000756388,0.000821051,0.00111791,0.0014301,0.00271736,0.00574007,0.0122927,0.03775,0.000120534,0.337367,0.983197,1,42.5989,0.36001,0.27775,28.3296,0.974065,66.5554,0.831839,178.116,0.373825,263.867,3.61172,297.082,0.453282,0.201612,0.402005,0.212544,0.488334
0.0570567,0.770814,0.000580498,0.00053741,0.000720789,0.000860659,0.00117353,0.00167807,0.00294441,0.00611451,0.0130439,0.0402974,8.80779e-05,0.32799,0.958586,1,47.9543,0.39284,0.282989,27.3805,0.933588,64.5107,2.40931,179.479,1.33949,263.92,0.92216,298.337,0.325719,0.194063,0.37827,0.204091,0.472849
0.0596746,0.750591,0.000567973,0.000520433,0.000803409,0.00100423,0.00138617,0.00173523,0.00324218,0.00650797,0.0146489,0.043269,8.36024e-05,0.317385,0.938247,1,44.7008,0.368176,0.286818,27.1175,0.453618,63.7192,2.95374,177.958,4.74315,260.011,1.12842,298.027,0.269527,0.18938,0.376143,0.205946,0.438095
0.0653705,0.724055,0.00054885,0.000459465,0.000778046,0.00111273,0.00153745,0.00214127,0.0038593,0.00760498,0.0164546,0.0515339,7.78129e-05,0.43982,0.916779,1,59.3306,0.297522,0.307979,27.9166,1.15761,64.2586,1.90493,177.751,0.898528,261.094,0.64048,300.593,0.259067,0.182288,0.36665,0.190304,0.423258
0.0663958,0.744889,0.000475097,0.000453181,0.000721792,0.00116285,0.00173167,0.00203549,0.00391036,0.00768211,0.0164004,0.0527545,8.36663e-05,0.433154,0.893903,1,60.5,0.300131,0.312052,27.7284,1.11702,64.2067,2.37316,178.172,0.496179,261.047,0.507631,298.689,0.253917,0.183539,0.371997,0.183408,0.427407
0.0594891,0.754663,0.000392128,0.000297912,0.000511496,0.00127011,0.00159339,0.00235028,0.00443498,0.00787293,0.0169556,0.0516816,5.82233e-05,0.542306,0.832334,1,52.7773,0.375092,0.270827,27.547,1.21935,64.7655,2.8373,178.593,0.635867,259.546,0.702416,302.08,0.250269,0.171752,0.348433,0.175226,0.402772
0.054314,0.791432,0.000660375,0.000454806,0.000772522,0.000912708,0.00123253,0.00155872,0.00288692,0.00620732,0.0134542,0.042439,0.000148404,0.327917,0.978035,1,63.2941,0.326351,0.292804,29.1186,1.42504,61.7635,3.67995,176.747,1.08327,262.817,0.336134,297.23,3.10742,0.224028,0.447062,0.247674,0.50864
0.0586038,0.693001,0.000499611,0.000646626,0.000882754,0.000817517,0.00112491,0.00138519,0.00252516,0.00536747,0.0116519,0.0345894,0.000137911,0.256534,0.968039,1,69.1417,0.29124,0.280312,28.8636,1.67803,65.3826,0.677714,183.18,0.749549,260.999,0.351217,294.523,0.538477,0.219375,0.426378,0.223647,0.467426
0.0494152,0.683476,0.000176428,0.000187736,0.000343525,0.000774427,0.00100785,0.00127114,0.00248959,0.00464575,0.00961807,0.030596,0.000117892,0.51859,0.864232,1,42.8179,0.36063,0.220509,28.0777,0.766052,63.3588,2.97365,175.599,0.496115,261.959,0.252281,298.63,0.520931,0.1806,0.375127,0.191404,0.432277
0.0526014,0.774611,0.000289611,0.000251247,0.000363243,0.000888163,0.00115209,0.00169397,0.00296245,0.00591494,0.0126452,0.0381985,0.000105828,0.543755,0.91156,1,44.7578,0.370941,0.262363,27.4918,3.91413,64.1873,1.7513,176.079,1.96389,260.813,0.274065,298.307,0.518366,0.18193,0.374227,0.204974,0.432121
0.0466551,0.704923,0.000218666,0.000186177,0.000383475,0.000844283,0.00112835,0.00153831,0.00272676,0.00549527,0.0118727,0.036531,9.93353e-05,0.528242,0.907695,1,53.5004,0.411705,0.225427,28.3367,0.626699,64.5509,2.27155,181.134,0.666974,259.676,0.292735,297.563,1.99816,0.203373,0.398549,0.199962,0.436491
0.0613394,0.81321,0.000725886,0.000983478,0.00107516,0.00124476,0.00168845,0.00236344,0.00421441,0.00862779,0.0193418,0.0628337,8.30056e-05,0.337358,0.993752,1,56.8012,0.343216,0.334101,28.4109,0.569072,62.6663,2.58003,180.018,1.46652,262.272,0.393153,298.655,0.7871,0.213746,0.405953,0.230108,0.435771
0.0640763,0.719677,0.000887843,0.00058461,0.00107525,0.00114183,0.00162862,0.00214625,0.00385461,0.00859159,0.0190264,0.0595986,8.21757e-05,0.331983,0.995094,1,38.0037,0.303964,0.323608,27.9793,0.380961,61.9998,2.54984,177.655,2.30467,259.796,5.35047,296.56,0.951652,0.201786,0.38942,0.219625,0.413714
0.0565105,0.673493,0.000457413,0.000319247,0.000558956,0.00108697,0.00149176,0.00203538,0.0037578,0.00721267,0.0155609,0.0490944,8.99361e-05,0.48332,0.842625,1,77.9747,0.312531,0.24884,28.5717,0.84305,65.492,0.959187,179.257,0.735005,260.865,0.259345,298.53,1.22685,0.198401,0.384275,0.182239,0.392869
0.0566024,0.7131,0.000437826,0.000398737,0.000618602,0.000903464,0.00127846,0.00170448,0.00310802,0.00628892,0.0136672,0.0428219,9.03939e-05,0.409745,0.923979,1,68.9183,0.324128,0.263164,27.8248,2.04103,64.0065,1.30544,179.056,0.614266,259.903,0.273726,297.981,1.75646,0.181306,0.370712,0.187014,0.410394
0.051218,0.678973,0.000336361,0.000246882,0.00044279,0.000805013,0.00108305,0.0014935,0.00276295,0.00595872,0.0125524,0.0387121,0.000108947,0.514971,0.950645,1,52.3795,0.314476,0.245421,28.3528,3.18036,63.8487,3.95271,178.564,0.688069,258.926,0.360733,299.438,2.25827,0.190474,0.381681,0.208561,0.420709
0.0510997,0.701424,0.000274201,0.000277402,0.000439704,0.000892943,0.00122762,0.00163336,0.00302614,0.00624118,0.0136958,0.0426352,9.74642e-05,0.547202,0.930308,1,54.8161,0.346597,0.249662,28.0141,0.825695,63.2485,1.104,180.525,1.25375,260.104,0.962184,296.09,2.36153,0.197467,0.38418,0.202365,0.38841
0.0517302,0.899541,0.000348733,0.000323806,0.000543921,0.00116554,0.00152636,0.00214033,0.00397084,0.00862318,0.0188226,0.0613069,8.40065e-05,0.557738,0.984303,1,57.5011,0.423153,0.310669,28.9068,1.26581,63.5638,0.500872,178.164,1.05315,260.023,0.627183,299.389,0.675053,0.210206,0.418354,0.23752,0.482777
0.0492678,0.713075,0.000211548,0.000192947,0.000307639,0.000826966,0.00103983,0.00148027,0.00277837,0.0057844,0.0127309,0.0415526,0.000108556,0.615605,0.959375,1,52.5966,0.407802,0.261171,27.5853,0.379617,60.6642,0.406232,180.666,0.946706,259.428,0.904594,296.147,2.18551,0.222447,0.409761,0.251259,0.432686
0.0473779,0.841769,0.000312148,0.000255769,0.000523782,0.00100175,0.00133517,0.00185306,0.003488,0.00764075,0.0169246,0.0528748,8.56964e-05,0.590794,0.978764,1,70.08,0.435184,0.274893,28.856,1.02941,64.1451,0.553446,176.652,0.458425,262.589,1.59573,296.572,1.78897,0.210975,0.405356,0.222485,0.431577
0.0509275,0.858135,0.000290877,0.000314004,0.000575033,0.00110232,0.00145949,0.00202464,0.00381507,0.00792265,0.0170061,0.056019,9.62466e-05,0.567067,0.957998,1,50.8069,0.413358,0.292941,28.1882,0.545088,64.0911,1.33438,179.489,2.24014,259.838,0.366946,297.295,0.346548,0.214682,0.417255,0.226256,0.443198
0.0511747,0.88248,0.00040664,0.000322143,0.000492596,0.00117294,0.00167806,0.00222076,0.00407568,0.0087419,0.019327,0.0605588,7.5255e-05,0.605281,0.955931,1,58.9935,0.431845,0.298953,28.6428,1.08404,63.9698,3.92905,181.246,3.61799,258.255,0.537172,298.866,0.46498,0.206809,0.410315,0.228762,0.444804
0.0514397,0.793484,0.000347139,0.000293228,0.000445187,0.000754558,0.00102828,0.00136082,0.00251345,0.0053779,0.0115076,0.0359546,0.000132393,0.451805,0.976354,1,47.5318,0.365304,0.273974,28.2026,1.00098,64.1928,0.502091,177.527,0.495138,261.5,1.97784,298.127,1.04863,0.200831,0.415919,0.234157,0.505724
0.0542881,0.809296,0.000383643,0.000386148,0.000497564,0.00093543,0.00133139,0.00169658,0.00314629,0.00670856,0.0151624,0.0454534,0.000115199,0.503733,0.977485,1,58.6631,0.340362,0.300706,28.7484,0.8524,63.995,2.81517,179.742,0.598375,261.551,1.20571,296.162,1.14993,0.213515,0.419687,0.232591,0.479297
0.0526406,0.785365,0.000325518,0.000197959,0.000473815,0.000721928,0.000980654,0.00142996,0.00260824,0.00553123,0.0124123,0.0374752,0.000124433,0.487255,0.996525,1,53.6131,0.370032,0.286583,27.9555,1.03121,62.2931,3.91032,179.601,0.403289,260.734,0.520131,298.567,0.751309,0.208094,0.41858,0.252359,0.493058
0.0553148,0.711224,0.000339611,0.000391348,0.000490991,0.000899481,0.00122571,0.00165317,0.00294883,0.00627583,0.0135449,0.0417114,0.000121985,0.434373,0.931373,1,70.8284,0.331097,0.27421,28.2249,0.450717,62.3139,1.32935,178.696,0.341134,261.801,0.550181,296.198,0.942758,0.221241,0.40611,0.23803,0.427373
0.0580835,0.800864,0.000428228,0.00031197,0.000568398,0.000938123,0.00129401,0.00174651,0.00333609,0.0064629,0.0145308,0.0437149,0.000106449,0.451318,0.91821,1,60.0687,0.356399,0.301394,28.3856,0.555696,62.7204,1.57692,177.209,0.494634,261.938,0.774642,298.312,0.447431,0.203899,0.417843,0.22589,0.492071
0.0547988,0.831209,0.000321532,0.000325297,0.000454319,0.000844153,0.00113277,0.00147034,0.00286216,0.00595063,0.0122645,0.0397246,0.000122619,0.449041,0.960948,1,70.7749,0.366171,0.295941,28.1853,3.55959,65.124,1.20329,178.418,0.393689,264.826,1.12613,296.024,0.409594,0.202771,0.413494,0.223558,0.48591
0.0525574,0.838683,0.000336815,0.000253966,0.000433915,0.000870552,0.00117906,0.00161436,0.00295169,0.00635683,0.0131807,0.0415117,8.76795e-05,0.524232,0.957461,1,78.5316,0.430249,0.290949,28.5986,2.87819,63.1576,1.05882,178.337,0.474623,265.045,0.83023,295.485,0.449655,0.207764,0.404274,0.214014,0.474099
0.0545487,0.827438,0.000297568,0.000407566,0.000590754,0.000962764,0.00132282,0.00177656,0.00330952,0.006683,0.0151517,0.0470145,0.000107147,0.466834,0.973691,1,58.0409,0.355005,0.295672,28.025,1.59937,65.384,0.731847,180.708,0.360779,263.083,2.80444,295.368,0.415371,0.19469,0.401902,0.199795,0.43177
0.0533507,0.712974,0.000547989,0.000312007,0.000612711,0.00096731,0.00133951,0.00183686,0.00325332,0.00696334,0.0160704,0.0501986,9.69658e-05,0.453308,0.97729,1,49.444,0.329016,0.272452,28.6003,0.898565,62.3377,1.50869,180.422,0.606373,261.34,0.263547,296.492,2.59939,0.209399,0.403405,0.202539,0.428481
0.0540673,0.734081,0.00050168,0.000373392,0.000562492,0.000941272,0.00124895,0.00172647,0.00311894,0.00658584,0.0150372,0.0474405,0.000100052,0.454675,0.976216,1,49.2444,0.336887,0.278682,28.4253,1.14916,62.5126,1.67029,179.788,0.691829,261.137,0.263994,296.336,1.7103,0.206596,0.403936,0.208863,0.432563
0.0541065,0.747538,0.000446223,0.000365266,0.000637313,0.000901379,0.00127181,0.00178137,0.00324869,0.00660455,0.0150566,0.0466595,0.000102303,0.436028,0.980973,1,54.5331,0.33049,0.277022,28.0665,0.909705,63.5345,3.10625,179.278,0.394343,258.785,0.35754,297.86,1.81091,0.192439,0.395127,0.213363,0.416852
0.0496834,0.74705,0.000580717,0.000426187,0.000637262,0.0010473,0.00145932,0.00193344,0.00364819,0.0076504,0.0169573,0.0526173,0.000100681,0.466092,0.954003,1,48.4343,0.351878,0.252857,28.1196,0.911821,64.5486,2.99129,179.969,0.445573,257.704,0.352486,298.39,1.93908,0.198167,0.396133,0.206193,0.412211
0.0519026,0.713183,0.000283631,0.000307744,0.00051707,0.000860452,0.00116663,0.0015468,0.00282191,0.00588414,0.0128207,0.0416811,8.99181e-05,0.452729,0.964455,1,62.9521,0.358738,0.254477,28.1086,0.914149,64.5934,0.970966,180.53,1.18723,260.68,0.611959,295.809,1.45133,0.193571,0.378055,0.200506,0.407793
0.0442611,0.854431,0.000270035,0.000199354,0.000377357,0.000836555,0.00115797,0.0015623,0.00281814,0.00627972,0.0135341,0.04107,0.000105293,0.591916,0.976738,1,50.415,0.46187,0.250304,27.7793,0.724029,66.4869,2.64329,177.806,1.45727,261.589,0.752086,298.237,0.341709,0.186302,0.394725,0.201318,0.460188
0.0479973,0.889803,0.000309113,0.000284104,0.000517848,0.000897888,0.00121651,0.0016623,0.00299757,0.0060506,0.0134915,0.042335,8.44351e-05,0.47436,0.938023,1,41.7094,0.549008,0.271187,28.6886,1.02817,62.5804,1.95447,178.147,0.52249,263.539,0.874956,296.714,0.424957,0.215406,0.415844,0.240222,0.471975
0.0464098,0.750074,0.000395946,0.000231849,0.000437249,0.000698934,0.000956893,0.00134012,0.00231974,0.00519282,0.0112784,0.03445,0.000158158,0.446454,0.972851,1,60.4353,0.358337,0.245385,29.0474,1.20958,64.3184,0.708101,178.556,2.99876,260.892,0.355418,297.531,1.84401,0.222358,0.435946,0.246413,0.483808
0.0492378,0.712642,0.000309472,0.000294748,0.000483059,0.000724149,0.000995251,0.00131607,0.00257826,0.00522982,0.0114462,0.0352902,0.000131464,0.427716,0.968511,1,61.9983,0.350964,0.252014,29.1381,0.725726,61.8529,2.26419,179.277,2.21662,258.472,0.301993,296.896,1.9471,0.221153,0.431742,0.255856,0.467511
0.05,0.940971,0.000350558,0.000327809,0.000502412,0.00123754,0.00172415,0.00225359,0.00414566,0.00945735,0.0208829,0.065397,8.75957e-05,0.64498,0.985788,1,49.4608,0.422792,0.312186,28.2606,2.37293,64.9104,1.8577,178.94,0.925574,259.634,1.91115,296.962,0.467266,0.203199,0.410669,0.219699,0.454887
0.0552154,0.814994,0.000434599,0.00034244,0.000595676,0.00119467,0.00160217,0.0023248,0.00410032,0.00861126,0.0193655,0.0634721,8.13522e-05,0.553117,0.945554,1,79.7853,0.367864,0.306029,28.9739,2.00727,62.8681,0.874924,175.799,2.11265,262.312,0.417271,298.125,0.597843,0.215238,0.404801,0.2229,0.439347
0.0496569,0.779656,0.000561168,0.000406912,0.000693954,0.00119924,0.00161168,0.00209505,0.00394215,0.00832612,0.0188502,0.0611297,7.92181e-05,0.495027,0.961708,1,74.3319,0.382027,0.264755,28.8286,0.655509,63.2533,1.83259,180.745,2.89236,259.324,0.410362,299.737,0.689837,0.203371,0.403007,0.207653,0.436156
0.0476359,0.786522,0.000286644,0.000349312,0.000541021,0.00100148,0.00134041,0.00191016,0.00359808,0.00728753,0.0156107,0.0512487,8.24262e-05,0.537368,0.930893,1,71.1272,0.42477,0.253148,29.0952,1.75702,62.8364,3.19036,179.39,0.808517,259.403,0.277109,298.758,0.953438,0.208883,0.407311,0.223946,0.403179
0.0475017,0.702013,0.000432141,0.000309551,0.000532674,0.000898359,0.00127465,0.00164167,0.00300284,0.0061068,0.0138771,0.0435124,0.000101129,0.481244,0.931851,1,66.3112,0.372212,0.231734,28.5184,1.1615,61.6882,1.49308,177.314,0.794465,261.473,0.403267,295.885,3.56621,0.196636,0.39557,0.187991,0.412131
0.0491904,0.687299,0.000369141,0.000279074,0.000465521,0.000808217,0.00107698,0.00150031,0.00280227,0.00540779,0.0122787,0.0383239,0.000112287,0.463926,0.903474,1,57.5732,0.356447,0.230332,28.511,0.881496,62.6714,1.20493,176.574,0.941708,261.396,0.282373,296.055,2.2645,0.197137,0.391262,0.203491,0.398615
0.0481089,0.763166,0.000230465,0.000220553,0.000344146,0.000761064,0.00102218,0.00143516,0.00269187,0.00583295,0.0126577,0.0393101,0.000131061,0.596416,0.989498,1,52.5423,0.344531,0.261091,28.1216,1.20422,65.48,2.19546,180.75,0.825447,260.905,1.13927,297.237,0.704081,0.204644,0.407824,0.219565,0.452649
0.0486052,0.790368,0.000441688,0.000491723,0.000699869,0.000750936,0.00101325,0.00142937,0.00260977,0.00495985,0.0108623,0.0327852,0.000139546,0.291528,0.894394,1,56.5945,0.429217,0.245532,29.4096,0.73759,62.0592,0.947523,178.474,1.72762,258.633,0.759781,300.366,1.58013,0.235966,0.45721,0.288064,0.534755
0.0502148,0.670387,0.000214769,0.000219357,0.000325042,0.000591409,0.000806698,0.00110897,0.00204587,0.00437855,0.00944051,0.0283646,0.000193495,0.512159,0.9778,1,58.0468,0.286202,0.247943,28.2086,0.995041,64.137,2.16685,180.779,0.763484,261.352,1.36222,296.983,1.17903,0.209584,0.423711,0.239723,0.488523
0.047467,0.871364,0.000578112,0.000529856,0.000871164,0.000974971,0.00134834,0.00179228,0.00349977,0.00699395,0.0154114,0.0495126,9.29055e-05,0.373125,0.954382,1,82.2747,0.482295,0.266562,29.3158,1.67759,63.6008,2.38855,179.482,1.74049,260.155,0.658492,298.773,0.743728,0.225895,0.43354,0.249027,0.483249
0.0575558,0.664096,0.00034053,0.000280517,0.000437663,0.000975462,0.00138211,0.00180308,0.00345731,0.00685086,0.0150463,0.0486839,8.65834e-05,0.528675,0.932223,1,81.5257,0.314799,0.268473,27.2253,0.401146,64.5099,1.99773,178.309,1.78222,259.555,0.498522,297.84,0.691339,0.186504,0.365477,0.19542,0.374326
0.0551308,0.730525,0.000443522,0.00040662,0.000601,0.00101449,0.00134677,0.00190039,0.00335663,0.00729954,0.0162484,0.0517527,8.55746e-05,0.477094,0.98533,1,52.3481,0.328075,0.271878,26.8259,0.715898,64.5227,0.678182,177.936,0.951665,260.391,0.296741,298.502,0.513972,0.163931,0.357356,0.170704,0.392684
0.0530484,0.823083,0.000412625,0.00037971,0.000588508,0.000932907,0.00126406,0.00176375,0.00314224,0.00658355,0.0141791,0.0447886,0.00012396,0.424532,0.953325,1,64.6237,0.370096,0.291346,28.9684,0.949455,61.9178,0.874898,177.244,1.10044,260.232,0.321987,297.978,2.69085,0.22142,0.440318,0.259988,0.48757
0.0568282,0.789209,0.000344026,0.000310597,0.000468157,0.00072932,0.00103913,0.0013799,0.0024621,0.00520673,0.0113073,0.0338351,0.000124423,0.434155,0.964328,1,75.8166,0.360556,0.299982,28.1643,0.51612,64.6487,2.26586,180.662,2.36968,262.596,5.89276,295.651,0.755949,0.21818,0.422748,0.258276,0.500233
0.04908,0.735333,0.000605638,0.000423403,0.000650071,0.000879982,0.00125802,0.0016683,0.00298755,0.00633886,0.013793,0.0439533,0.000110497,0.392132,0.963625,1,58.0881,0.373553,0.25255,28.8472,0.817741,60.8168,1.35868,177.905,0.900414,259.44,0.268189,299.388,1.6217,0.215439,0.420504,0.239655,0.455888
0.057466,0.712876,0.000319611,0.000364001,0.000622014,0.000834006,0.00111659,0.00159513,0.00279145,0.00567585,0.0123723,0.0375519,0.00011824,0.381575,0.957446,1,46.5776,0.308791,0.277595,28.079,1.08401,63.0484,1.21923,178.416,0.640477,261.031,0.540996,298.579,0.318866,0.193603,0.396913,0.213745,0.472006
0.0611722,0.698487,0.000405809,0.000400088,0.00073659,0.000841419,0.00115553,0.00157224,0.00292597,0.00569501,0.01181,0.0372489,0.000114087,0.344878,0.893332,1,60.1031,0.309729,0.278325,28.2459,1.1651,62.6613,1.41154,179.971,0.629392,259.288,0.53006,295.903,4.19115,0.201821,0.404296,0.227518,0.419248
0.057973,0.741644,0.000603637,0.000365134,0.000681883,0.00106295,0.00138422,0.00190978,0.00360233,0.00714009,0.0163809,0.0504888,9.62519e-05,0.403242,0.917571,1,62.8256,0.319236,0.283134,28.8322,1.00078,64.826,1.05303,179.061,4.1611,260.066,0.363095,299.574,0.424321,0.204166,0.400165,0.210476,0.436056
0.0584289,0.667879,0.000621275,0.000378235,0.000591988,0.000991816,0.00135645,0.00181867,0.00317372,0.00719857,0.0151113,0.0492768,9.62897e-05,0.465402,0.995326,1,49.1811,0.286698,0.285419,27.8846,0.629505,63.2973,0.744438,178.688,0.314641,260.516,0.553061,294.296,3.56577,0.192113,0.378566,0.191575,0.394408
0.0557618,0.649143,0.000392398,0.000505222,0.000803116,0.000830551,0.00116758,0.00159024,0.00313549,0.00636005,0.0144098,0.0456948,0.000105396,0.372753,0.990512,1,48.856,0.286844,0.266306,28.4413,0.610857,61.4077,1.90478,179.291,0.298965,261.384,0.37567,296.16,3.40904,0.199436,0.391638,0.205384,0.392717
0.0548999,0.653775,0.000512334,0.00039564,0.00069408,0.000994157,0.001367,0.0018375,0.00310329,0.00668543,0.0153419,0.048588,9.20403e-05,0.433598,0.972316,1,45.8915,0.307634,0.260999,28.0997,0.661922,63.1464,1.66936,179.384,0.592644,260.906,0.437393,297.396,1.11326,0.200398,0.3776,0.19049,0.410685
0.0546153,0.69996,0.000289986,0.000309866,0.000459954,0.000873758,0.00122035,0.00166473,0.00281835,0.00650084,0.0137923,0.0436536,0.000102369,0.49693,0.981837,1,69.0609,0.309376,0.267095,27.607,1.0345,65.2429,0.655462,178.34,2.64807,258.74,0.585373,298.337,1.01666,0.181719,0.369473,0.195734,0.412876
0.0541497,0.728072,0.000352678,0.000322817,0.00051961,0.000953469,0.00128839,0.00178469,0.00350241,0.00712451,0.015451,0.0474495,0.00010639,0.513806,0.957357,1,79.6319,0.302132,0.271682,28.352,1.49861,65.3332,0.933639,178.303,1.95909,261.095,0.902449,299.263,4.50762,0.189631,0.38582,0.204321,0.417353
0.052951,0.712406,0.000324761,0.000272724,0.000453824,0.000777804,0.00108262,0.00135998,0.00260025,0.00536572,0.0118737,0.0377767,0.000108111,0.477329,0.976506,1,48.3291,0.334645,0.260015,27.7663,0.730775,63.3839,1.38857,179.069,0.952352,258.888,0.492799,296.844,0.939383,0.180027,0.382651,0.214628,0.407494
0.0582046,0.658645,0.000351713,0.000238849,0.000417706,0.000962914,0.00133072,0.00176743,0.0032417,0.00671018,0.0154336,0.0486102,9.88446e-05,0.565342,0.967767,1,59.1483,0.274305,0.276357,27.6793,1.65378,64.6046,1.47277,178.864,1.32696,260.763,0.925895,298.326,1.29234,0.180492,0.359397,0.190861,0.37839
0.0620399,0.684661,0.000255182,0.000274017,0.000547479,0.00104779,0.00143659,0.00202744,0.00371425,0.00781356,0.0171106,0.0543168,9.37849e-05,0.567983,0.961458,1,53.4574,0.253868,0.298665,27.9632,1.50043,65.6718,2.50559,178.216,1.78966,258.888,0.551676,298.672,1.02494,0.175698,0.363768,0.181739,0.396991
0.0510098,0.813735,0.000304876,0.000261831,0.000518808,0.00101118,0.00145777,0.00202463,0.00378118,0.00763034,0.0172306,0.0559817,8.03045e-05,0.595203,0.968537,1,66.2248,0.404287,0.283106,27.833,0.732604,63.0885,0.598187,179.786,1.12624,259.17,0.946358,296.596,1.93517,0.19636,0.392866,0.209643,0.422241
0.0521256,0.896355,0.000452547,0.000431542,0.000782154,0.00118627,0.00168635,0.00236551,0.00415708,0.00885054,0.0192091,0.0633678,8.32544e-05,0.48493,0.954193,1,40.6115,0.405704,0.298816,28.8838,2.09001,64.0553,3.50207,178.957,0.795323,259.099,0.457833,298.904,0.979855,0.20301,0.418571,0.216237,0.458958
0.0570995,0.650159,0.000314625,0.000289499,0.000419767,0.000909707,0.00120538,0.00161625,0.0030458,0.00664675,0.0145585,0.0444558,9.99307e-05,0.606276,0.977801,1,86.9084,0.292397,0.281131,27.6722,0.483419,62.6883,0.76509,179.086,2.33347,261.434,0.389701,295.314,0.833162,0.196928,0.376403,0.200483,0.398956
0.0572764,0.665712,0.000277586,0.000181251,0.000355045,0.000815303,0.00116969,0.00164768,0.00308871,0.00659158,0.0141385,0.0442279,0.0001008,0.574045,0.946594,1,72.6557,0.309569,0.279061,27.8303,0.463779,63.1175,0.886825,178.34,0.733007,262.256,0.425675,295.51,1.8821,0.20241,0.379674,0.210874,0.388536
0.0641841,0.715371,0.000253296,0.000233214,0.000348904,0.00110225,0.00141646,0.00187235,0.00372032,0.00734498,0.0162548,0.0492993,0.000118081,0.600617,0.937322,1,51.2629,0.257607,0.32578,28.0827,1.42113,61.0305,2.14035,176.988,0.514457,262.89,0.4543,295.582,1.65664,0.199239,0.395525,0.195836,0.44542
0.0561962,0.797913,0.00053308,0.000530921,0.000844591,0.00117595,0.00149427,0.00214816,0.00385978,0.00815919,0.0175232,0.0560554,8.50834e-05,0.37948,0.973071,1,53.6169,0.363128,0.294542,27.5391,0.504674,64.0451,1.04142,181.403,2.01349,260.198,0.250468,297.292,0.895262,0.197653,0.393788,0.204691,0.418162
0.0695091,0.754482,0.00042218,0.000315297,0.000556098,0.00136685,0.00183222,0.00260412,0.00471861,0.00932907,0.0208493,0.0653099,9.11419e-05,0.54715,0.906571,1,48.514,0.255627,0.344628,28.1677,1.87047,64.6585,1.1477,179.061,1.02569,258.884,0.2531,298.703,0.89269,0.186546,0.388587,0.196113,0.404696
0.0447214,0.759603,0.00029301,0.000242823,0.00039633,0.000861279,0.00117951,0.00151591,0.00288787,0.00550222,0.0124443,0.0373214,8.61261e-05,0.554292,0.869622,1,63.6896,0.542211,0.224461,28.5895,0.495136,62.042,1.8234,180.488,1.38052,262.909,0.323323,296.496,1.98841,0.216085,0.407822,0.209222,0.434774
0.0466294,0.711607,0.000304201,0.000295036,0.000411208,0.000691927,0.000992513,0.00127204,0.0023753,0.00499751,0.0105649,0.0330479,0.000122794,0.41771,0.972586,1,39.7604,0.383901,0.22851,27.9713,0.863311,65.0213,2.38203,178.233,2.15392,258.807,0.490953,298.4,1.13998,0.191582,0.390497,0.225472,0.42955
0.0541259,0.779925,0.000318043,0.000256806,0.00045329,0.000908553,0.00126555,0.00174497,0.0031379,0.00694513,0.0151626,0.048148,0.000120743,0.512929,0.973455,1,95.0487,0.329539,0.296934,28.9264,1.2513,62.2641,0.909495,178.258,0.642561,260.808,1.00173,297.534,1.4479,0.220202,0.425129,0.248523,0.459542
0.0530113,0.787546,0.000325134,0.000224924,0.000408097,0.00108086,0.00140757,0.00195915,0.00372441,0.00759801,0.016824,0.0536014,0.00012242,0.677584,0.957616,1,43.7287,0.305482,0.294201,28.3198,1.62169,65.9949,0.9651,181.712,0.911288,259.178,0.474737,296.961,1.88318,0.209925,0.408295,0.217569,0.425568
0.0489031,0.847334,0.000282081,0.00027876,0.000474115,0.00103815,0.0014704,0.001995,0.00374916,0.0080598,0.0173228,0.0572233,9.65845e-05,0.602973,0.995519,1,53.2509,0.388373,0.28608,28.2519,1.09285,63.8502,1.20255,181.195,1.30364,259.348,0.331317,296.957,0.998101,0.2038,0.415809,0.208342,0.446804
0.0480822,0.754006,0.000319309,0.000230451,0.000389174,0.000877598,0.00114726,0.00160197,0.00306588,0.00625258,0.0141138,0.0440831,9.98186e-05,0.563755,0.96762,1,63.4499,0.3818,0.254335,28.4106,1.032,63.7852,1.77379,178.32,2.9248,260.834,0.507618,299.538,4.28147,0.202095,0.392624,0.218687,0.448685
0.058692,0.810247,0.00040357,0.000429142,0.00063548,0.00108164,0.00142332,0.00202656,0.00372953,0.00776841,0.0170239,0.0531979,9.21371e-05,0.457074,0.94727,1,57.068,0.338615,0.308308,28.2808,1.56983,65.5316,1.81424,179.898,0.50309,263.698,0.60224,294.637,0.285338,0.197188,0.393241,0.176954,0.425458
0.063606,0.810632,0.000407006,0.000307222,0.000567305,0.00101863,0.00142696,0.00182245,0.00336537,0.00704974,0.0153087,0.0479644,9.97225e-05,0.485387,0.949354,1,65.776,0.33683,0.339161,27.8329,0.600472,64.128,2.06554,180.259,0.493887,263.253,0.31039,297.547,0.722284,0.207004,0.404957,0.22338,0.48163
0.0596361,0.770775,0.000269793,0.000279469,0.000416461,0.000833861,0.00108258,0.00155163,0.00276154,0.00611864,0.0133048,0.0411752,0.000125411,0.533128,0.977364,1,78.8653,0.323328,0.322354,27.7699,0.457353,62.6226,0.86526,178.999,1.53294,263.708,0.265356,296.925,0.687831,0.214351,0.418432,0.245516,0.502232
0.0551552,0.830856,0.000387704,0.000251727,0.000490249,0.000954715,0.00135336,0.00172766,0.00315605,0.00693394,0.0148289,0.0460247,8.93619e-05,0.52249,0.980466,1,45.5059,0.395318,0.309685,28.1307,0.561125,62.3702,1.61502,178.098,0.535145,264.551,0.305776,295.953,0.416491,0.206576,0.403964,0.217682,0.460213
0.0506235,0.792123,0.000221399,0.00022895,0.000387582,0.00105448,0.0013508,0.00189807,0.00354398,0.00731278,0.0164699,0.0511439,0.000121378,0.666819,0.946673,1,64.3904,0.333692,0.2844,28.8661,1.25513,62.7578,1.39101,177.238,2.93645,260.963,0.413698,296.1,7.52308,0.213541,0.420405,0.221449,0.450246
0.0681133,0.756584,0.000873175,0.000821963,0.00110583,0.0012517,0.00177633,0.00232097,0.00422262,0.00890834,0.0198281,0.0637545,6.05765e-05,0.339108,0.983792,1,44.5917,0.327196,0.337616,26.9032,0.423936,65.8175,1.63002,177.784,0.448103,260.226,1.09099,301.386,0.26416,0.180193,0.354327,0.195439,0.422431
0.0696425,0.81123,0.000472191,0.00049507,0.000689089,0.00150745,0.00206907,0.00274991,0.00518207,0.0109488,0.0243564,0.0796654,5.67162e-05,0.565909,0.991491,1,55.586,0.316461,0.382876,27.5284,0.665297,62.7317,1.13367,179.712,1.81843,258.804,0.814042,297.758,1.07829,0.182438,0.3681,0.201496,0.392352
0.057244,0.797385,0.000371368,0.000286116,0.000467481,0.00139028,0.00199438,0.00267847,0.00508424,0.0106131,0.0234709,0.0758579,8.7862e-05,0.727189,0.903206,1,75.8208,0.31,0.309962,27.7175,0.715734,64.826,2.37263,179.182,0.70747,258.814,0.443708,297.251,1.56583,0.196132,0.38859,0.188209,0.39954
0.0598324,0.788417,0.000655735,0.000687682,0.00104977,0.00107021,0.00160035,0.00215128,0.0039146,0.00823545,0.0181067,0.0588772,7.93039e-05,0.368898,0.995888,1,60.6668,0.326766,0.313251,28.2392,4.02531,64.2867,0.52032,179.851,0.852122,262.02,0.290646,296.413,1.2224,0.188397,0.384955,0.190694,0.405474
0.0527727,0.772618,0.00060494,0.00048506,0.000840476,0.00107198,0.00143187,0.00191562,0.00356086,0.00795654,0.0170508,0.053827,8.56428e-05,0.391807,0.978348,1,66.3388,0.368,0.275042,28.3269,0.980728,64.4004,0.706854,179.199,1.92011,263.321,0.268678,296.183,0.970905,0.201523,0.391582,0.183615,0.422751
0.0555927,0.721609,0.00044547,0.000403814,0.000595221,0.000855038,0.00122841,0.00168036,0.0029957,0.00621865,0.0138671,0.0427098,0.000104535,0.416509,0.976715,1,62.6955,0.318538,0.278477,28.5238,1.19963,63.3166,0.609762,181.067,0.591467,260.136,0.260214,293.951,1.18112,0.199086,0.401313,0.2132,0.408412
0.0511041,0.658771,0.000212627,0.000170541,0.000279581,0.00064151,0.000931236,0.00120889,0.00234087,0.00471749,0.0102065,0.0315858,0.000107484,0.59472,0.950051,1,49.7426,0.385215,0.244279,26.6439,0.343536,62.834,3.76715,177.8,1.07811,260.812,6.44399,300.633,1.45405,0.192568,0.366647,0.229669,0.484361
0.0521203,0.734383,0.000292357,0.000238059,0.000386138,0.000867789,0.00126117,0.00170135,0.00304532,0.0062528,0.013857,0.042234,9.93908e-05,0.579528,0.902233,1,54.6192,0.355936,0.259241,28.4213,1.0605,62.8288,0.544476,180.812,1.47673,260.321,0.261773,295.022,0.262293,0.198534,0.40009,0.190096,0.423221
0.0533202,0.741188,0.000369559,0.000404884,0.000659301,0.000948322,0.00121682,0.00172001,0.0031464,0.00705687,0.015573,0.0464001,9.2928e-05,0.424884,0.98825,1,53.0948,0.349546,0.275343,28.4142,0.836177,63.7671,0.769134,180.799,0.910559,258.024,0.773309,295.863,0.347374,0.204188,0.398093,0.230276,0.394158
0.0529259,0.763695,0.000438224,0.000504476,0.000653764,0.00103656,0.00135995,0.00196518,0.00354045,0.00758238,0.0170654,0.0506267,8.55753e-05,0.454855,0.976793,1,55.0337,0.35729,0.275585,28.2894,0.59807,65.0397,0.9076,179.739,0.591333,258.495,0.79378,295.415,0.308385,0.197957,0.387044,0.210829,0.396403
0.0538423,0.783436,0.000495643,0.000369968,0.000686619,0.00117003,0.00148597,0.00215854,0.00389093,0.0083977,0.0191537,0.0571342,8.87804e-05,0.462018,0.973554,1,56.7783,0.343705,0.286789,28.359,0.604331,64.0295,0.746754,180.474,0.486788,259.789,0.471967,295.377,0.348148,0.204804,0.396019,0.207617,0.395563
0.0622707,0.816243,0.000507825,0.000526519,0.000677872,0.00114613,0.00157119,0.00203913,0.0037157,0.00731814,0.0154831,0.0507007,8.30038e-05,0.431005,0.914138,1,58.444,0.353184,0.316215,28.0122,1.85845,64.8829,0.726854,178.585,2.28119,261.775,0.25222,296.188,0.826325,0.189734,0.393674,0.191212,0.417107
0.0547356,0.79126,0.000354178,0.000277621,0.00049368,0.00105117,0.00143753,0.00189575,0.0035664,0.00688174,0.0159269,0.0489837,8.27575e-05,0.533525,0.911701,1,45.0381,0.401392,0.282033,27.6186,0.531539,62.7501,3.13356,180.34,0.734114,259.855,0.455438,298.126,1.84775,0.202216,0.384162,0.220384,0.429379
0.0579492,0.779419,0.000315879,0.000285003,0.000507604,0.000975757,0.00135044,0.00184856,0.00338053,0.00671522,0.0149581,0.0462139,8.39685e-05,0.497531,0.933093,1,44.5232,0.371584,0.298295,28.0735,0.483904,64.7855,4.46296,180.928,0.933543,260.693,0.708817,298.749,3.24986,0.204421,0.389865,0.223807,0.457317
0.0584284,0.783005,0.000335314,0.000317145,0.000509091,0.00103895,0.00134876,0.00193654,0.00346831,0.00698792,0.0153349,0.047542,8.67155e-05,0.483339,0.931031,1,44.7183,0.372984,0.300896,27.8593,0.474397,64.6462,4.43572,181.256,0.838894,260.254,0.696231,298.31,3.14731,0.20616,0.395397,0.223334,0.442304
0.0602677,0.795688,0.000391429,0.000362473,0.000593048,0.00109775,0.00153128,0.00209572,0.00380067,0.00793334,0.017274,0.0536304,9.2691e-05,0.523788,0.942056,1,45.4761,0.333147,0.320626,28.1346,0.803676,63.1227,0.937654,180.837,0.481574,258.03,0.756332,299.016,0.817118,0.205777,0.406982,0.231819,0.443887
0.0521586,0.815527,0.000390781,0.000302433,0.000466637,0.00092308,0.00133568,0.00181225,0.00339068,0.00680846,0.0144641,0.0441108,9.24198e-05,0.51403,0.8971,1,64.0081,0.413659,0.276631,29.2243,0.74141,63.8353,2.43054,179.002,4.02511,262.253,0.535307,294.284,1.87769,0.222816,0.4185,0.223788,0.441249
0.0538751,0.591272,0.000328796,0.000252171,0.000393513,0.000731903,0.00101208,0.00132707,0.00257629,0.00564146,0.0116076,0.0376072,0.000151743,0.481921,0.979757,1,47.356,0.242883,0.245555,28.4675,1.13929,64.5313,0.844051,178.339,0.305937,258.014,0.913909,302.274,0.684567,0.1969,0.387849,0.219296,0.460566
0.0520801,0.777123,0.000359673,0.000383474,0.000597843,0.000837657,0.00113536,0.00151309,0.00283624,0.00552678,0.0127655,0.0381764,0.000131767,0.379837,0.924208,1,47.8041,0.372964,0.26369,28.2606,2.50064,62.5385,1.26037,178.973,1.93296,260.659,1.17943,298.226,0.293499,0.213555,0.423486,0.234731,0.486384
0.0527681,0.650506,0.000352475,0.000402214,0.000485963,0.000856375,0.00119756,0.00158335,0.00286583,0.0063169,0.0139955,0.0443494,0.000128624,0.489215,0.985416,1,68.2012,0.286508,0.260093,28.2628,0.583413,62.2003,1.12017,178.681,0.558807,261.286,0.417766,297.5,0.382049,0.207459,0.400422,0.20372,0.447566
0.0533261,0.657738,0.000359642,0.000399419,0.000498268,0.000854453,0.00120663,0.00154805,0.00282677,0.00631527,0.0138673,0.0442285,0.000131719,0.481948,0.982075,1,69.596,0.288817,0.263346,28.2337,0.567279,62.101,1.01315,178.797,0.545144,261.597,0.379137,297.398,0.358657,0.207009,0.403672,0.205061,0.444566
0.0529548,0.942428,0.000333358,0.000261046,0.000596462,0.00125717,0.00166606,0.0023296,0.00437385,0.00874127,0.0194816,0.0626779,6.95064e-05,0.599974,0.967905,1,46.8927,0.461767,0.319658,27.9785,1.72323,65.2263,1.65884,178.516,1.32252,259.549,1.10482,298.66,1.02844,0.195489,0.394905,0.222268,0.450186
0.0527264,0.659724,0.000407182,0.000503869,0.000574244,0.000668809,0.000984512,0.00127024,0.00220854,0.00475309,0.0102679,0.0302326,0.000154284,0.334852,0.983967,1,58.334,0.299627,0.250635,28.4188,1.2528,62.9079,2.01245,178.613,1.17955,261.177,0.691869,297.789,2.45946,0.207234,0.408952,0.237988,0.473626
0.0517711,0.841451,0.000400012,0.000530323,0.000703026,0.00105795,0.0014796,0.00189857,0.00376302,0.00745082,0.0166349,0.0532716,9.38859e-05,0.426607,0.921602,1,62.995,0.419227,0.276119,28.3942,0.879798,64.4295,1.0193,179.485,0.570531,258.878,1.15074,297.01,0.66109,0.210451,0.415454,0.22068,0.434061
0.0513377,0.835598,0.000496025,0.000537054,0.000749931,0.00108334,0.00148428,0.00195872,0.0039062,0.0074244,0.0167351,0.0535768,9.07322e-05,0.423583,0.950612,1,64.1534,0.404642,0.278456,28.6633,0.770933,64.1843,0.785441,179.084,0.714393,259.838,2.03195,297.739,0.444124,0.207744,0.414251,0.220034,0.430576
0.0543089,0.853886,0.000438199,0.000345532,0.000592003,0.00112675,0.00155732,0.00220788,0.00389012,0.00824847,0.0180625,0.0576482,8.37633e-05,0.538156,0.981395,1,52.8909,0.391874,0.309502,27.9388,1.35779,63.519,2.67456,178.787,1.07194,261.278,0.484247,297.626,3.50148,0.199676,0.396831,0.217054,0.438047
0.065316,0.658349,0.000614503,0.000415968,0.000783038,0.000963017,0.00132749,0.00173815,0.0032488,0.00659257,0.0144031,0.0449561,0.000111814,0.32835,0.95526,1,55.24,0.255684,0.299045,28.099,0.693475,63.9715,0.813081,181.038,0.774785,260.814,1.94819,297.649,0.457347,0.197878,0.390357,0.205844,0.412882
0.0529508,0.886953,0.000613436,0.000455937,0.000707776,0.000951496,0.0013439,0.00183794,0.00338034,0.00726889,0.0150262,0.0491674,9.06759e-05,0.384847,0.985614,1,57.5083,0.435136,0.305311,29.0727,3.41416,62.1126,2.21318,177.479,1.98264,260.42,0.30064,297.89,2.2731,0.212356,0.432225,0.256594,0.486889
0.04879,0.754639,0.000636179,0.000424591,0.000712633,0.000983106,0.00142227,0.00188098,0.00345067,0.00725416,0.0165619,0.052159,0.000124638,0.414506,0.957485,1,47.9525,0.348468,0.26413,30.0049,0.604724,64.4928,0.938706,181.205,0.635084,258.529,0.663804,297.994,0.747706,0.251651,0.457067,0.259444,0.47067
0.0546281,0.813331,0.000472538,0.000481843,0.000824493,0.0011,0.00149202,0.00197196,0.00356942,0.00795544,0.0171203,0.0577263,0.000128327,0.402247,0.994751,1,55.5761,0.328544,0.307837,28.8172,6.4982,61.6643,1.55016,180.906,0.445815,258.526,0.28408,298.864,2.13427,0.228282,0.445943,0.252941,0.482599
0.0504965,0.811592,0.000479549,0.000322494,0.00065823,0.0010755,0.0015436,0.00195077,0.00374351,0.00782554,0.0178365,0.054437,8.25164e-05,0.465854,0.960008,1,44.241,0.461707,0.284402,28.9154,0.313539,62.8926,1.95487,180.802,0.308799,260.295,0.755976,297.166,0.59384,0.240869,0.432117,0.261455,0.433802
0.0550229,0.845217,0.000327786,0.000359109,0.00046207,0.00103333,0.00136958,0.00189446,0.00352946,0.00708333,0.0155172,0.0490773,9.40998e-05,0.541919,0.944614,1,47.4355,0.393223,0.305229,28.0668,0.898563,62.1502,2.56663,180.75,0.425931,262.105,0.29336,294.736,0.30716,0.205949,0.413977,0.205019,0.446741
0.0574297,0.802637,0.000661092,0.000456036,0.000860153,0.00124378,0.001759,0.00227559,0.00439333,0.00914546,0.0197742,0.0630972,7.95277e-05,0.414342,0.968992,1,48.9989,0.351936,0.310415,28.9514,0.558233,63.818,2.70851,178.846,1.51693,259.34,0.393484,298.49,0.298184,0.212668,0.408676,0.223446,0.433778
0.0576129,0.803203,0.000597114,0.000584815,0.000859541,0.00126887,0.00179809,0.0024051,0.00435991,0.00937994,0.0202041,0.0639714,8.14694e-05,0.419202,0.951592,1,48.0383,0.343966,0.305868,28.7481,0.703354,63.5969,2.40585,179.818,1.80807,258.568,0.395691,299.121,0.318677,0.207171,0.408116,0.214131,0.442461
0.0606664,0.785139,0.000635952,0.000563196,0.000910006,0.00125819,0.00172211,0.00232709,0.00432019,0.00859121,0.0189291,0.0629887,8.47019e-05,0.406712,0.932868,1,44.2072,0.320851,0.308802,28.437,1.29649,65.2899,1.13774,179.663,1.06574,260.721,3.4692,300.178,0.277119,0.20358,0.391744,0.204708,0.437336
0.0579723,0.830824,0.000283568,0.000232078,0.000367569,0.00126548,0.00159924,0.00212736,0.00420954,0.00771467,0.0171224,0.0520427,6.45793e-05,0.666483,0.840601,1,61.4467,0.420845,0.296727,27.4005,0.63712,64.1161,1.86734,176.981,1.13387,260.759,0.256151,294.591,0.641754,0.185092,0.369679,0.184306,0.390511
0.0588239,0.777386,0.00034329,0.000259875,0.00055007,0.00117047,0.00151511,0.00206795,0.00415985,0.00824146,0.0178394,0.0586253,7.2076e-05,0.591667,0.942854,1,47.0816,0.378351,0.31344,27.4115,0.337768,63.1265,1.0292,180.349,0.736717,258.811,3.29645,299.781,2.34443,0.20396,0.383873,0.233641,0.411668
0.0567436,0.793653,0.000347059,0.000398596,0.000530838,0.00112062,0.00161055,0.00215059,0.00388259,0.008473,0.0188671,0.0591368,8.07725e-05,0.585824,0.981997,1,45.1152,0.360605,0.311852,27.3535,0.418877,62.1806,1.01581,179.125,2.0713,259.479,0.885564,300.333,1.88959,0.192809,0.384219,0.222697,0.436464
0.0539753,0.790768,0.000400517,0.000383795,0.000634976,0.00111676,0.0015007,0.00195288,0.00352927,0.00741941,0.0167543,0.0535486,9.18692e-05,0.455287,0.961047,1,65.6969,0.363904,0.291908,29.3067,1.84991,62.9114,1.27592,179.368,1.10222,261.346,0.356465,296.131,0.875391,0.221268,0.416289,0.224114,0.443337
0.0549114,0.819781,0.000469311,0.000464364,0.000733126,0.0011525,0.0015855,0.00217724,0.0041841,0.00857019,0.018985,0.0608547,0.000103588,0.466617,0.950728,1,62.9928,0.343181,0.305564,29.2705,1.81908,60.9901,2.55631,178.516,1.64971,261.838,0.838847,296.405,0.825804,0.225924,0.435671,0.224825,0.448631
0.0495257,0.715364,0.00034627,0.00035188,0.00053829,0.000884035,0.00117049,0.00165169,0.00285555,0.00579785,0.0124474,0.0374256,0.000111734,0.440385,0.909306,1,57.102,0.369764,0.23651,28.3715,1.28262,63.4821,1.87048,178.083,0.860353,259.029,0.761217,299.927,0.293678,0.198231,0.400054,0.213172,0.435936
0.050759,0.734522,0.000362555,0.000329635,0.000525066,0.000799712,0.00114079,0.00144548,0.00287627,0.00546024,0.0116962,0.0349207,0.000114598,0.409629,0.870481,1,65.3778,0.379542,0.234669,28.1649,1.03399,62.9954,1.71685,177.203,0.784297,258.244,0.549429,299.249,0.281472,0.189858,0.398144,0.21497,0.439026
0.0582556,0.732153,0.000734918,0.000649012,0.00100368,0.00105992,0.00147639,0.0019056,0.0035351,0.00718042,0.0156429,0.0495061,0.000107022,0.322123,0.929666,1,41.4653,0.325134,0.283077,28.007,0.529227,63.4686,1.60078,181.485,0.962054,261.95,0.35585,298.478,0.738401,0.211654,0.41199,0.199181,0.465561
0.0557197,0.85029,0.000587463,0.000508453,0.000851892,0.00149089,0.00199074,0.00270752,0.00493814,0.00987391,0.0220455,0.0713283,7.40489e-05,0.47212,0.929693,1,70.5762,0.375874,0.301559,28.4125,2.35772,62.9608,0.823828,177.833,0.30938,256.343,0.974629,297.481,1.2371,0.193677,0.405551,0.219986,0.381577
0.0458427,0.833922,0.00037844,0.000266042,0.00046001,0.0010164,0.00142928,0.00191702,0.00369031,0.00777385,0.0174561,0.0563919,0.000100245,0.605712,0.982597,1,45.6792,0.4269,0.265091,28.0496,0.591398,65.0077,2.52267,181.943,0.282704,261.388,0.929076,297.734,1.17274,0.211681,0.411122,0.205171,0.466131
0.0472645,0.84402,0.000284085,0.000217105,0.000393957,0.00102192,0.00130463,0.00176936,0.00324046,0.00705859,0.0157864,0.0519776,0.000100543,0.63019,0.993376,1,57.4399,0.414962,0.276626,28.1101,0.787785,65.6151,2.14506,181.195,0.287692,261.275,0.760411,297.904,0.942659,0.208104,0.407434,0.222706,0.438368
0.0586011,0.70649,0.000672112,0.000533605,0.000835846,0.000894245,0.00114562,0.00151137,0.00287355,0.00544427,0.011548,0.0357418,0.000150402,0.281366,0.885971,1,55.0998,0.295623,0.271669,29.2606,0.74344,63.4089,2.15023,179.859,0.416584,259.351,1.90078,298.22,0.336831,0.224571,0.440315,0.243579,0.501148
0.0533607,0.714826,0.000430266,0.000443308,0.00074224,0.000766197,0.00113471,0.00158312,0.00275716,0.00578016,0.0122967,0.0373548,0.000127488,0.325133,0.933406,1,44.8375,0.334657,0.258665,28.8517,1.89251,62.3518,1.73342,180.436,1.01737,256.604,0.613213,301.957,1.13774,0.216343,0.425662,0.260958,0.48497
0.0472862,0.798209,0.000538141,0.000362772,0.000528194,0.00076737,0.0009807,0.00126239,0.00239181,0.00485345,0.0103179,0.0315123,0.000142405,0.338044,0.929105,1,51.161,0.429209,0.242006,28.7971,0.672443,66.1786,0.888216,178.5,0.378286,258.719,1.1975,297.503,0.962168,0.215769,0.437164,0.258323,0.499399
0.0551478,0.778639,0.00068631,0.000442466,0.000846301,0.000963313,0.00132313,0.00189832,0.00357467,0.0072629,0.016557,0.0518396,0.000103059,0.373769,0.980083,1,56.3045,0.33864,0.295974,29.1156,1.11911,63.2499,2.36561,177.891,3.29422,260.155,0.340459,297.65,0.599273,0.222567,0.423592,0.239558,0.458049
0.0536263,0.792427,0.000467594,0.000688954,0.000849982,0.00118125,0.00165186,0.00207289,0.00389325,0.00836333,0.0181902,0.0589508,9.22794e-05,0.383191,0.97754,1,52.5851,0.358336,0.291112,28.9664,1.88665,60.3917,3.42306,178.598,2.03116,260.618,0.612462,298.331,0.644437,0.217329,0.423984,0.224575,0.454885
0.0513893,0.793916,0.000518356,0.000273055,0.000547504,0.000771696,0.00109121,0.00147629,0.00273198,0.00569957,0.0126893,0.0388645,0.000122999,0.427154,0.986395,1,71.8463,0.364791,0.276798,28.7102,0.985003,64.6386,1.4221,178.699,1.35587,258.594,0.479716,297.804,0.900343,0.209471,0.419833,0.254997,0.484875
0.0516907,0.802857,0.000420005,0.00030555,0.000590015,0.000885918,0.00116773,0.00157902,0.00292071,0.00617139,0.0135251,0.0421393,0.00011218,0.419809,0.984132,1,89.1527,0.373956,0.28106,28.8232,1.14763,63.3638,1.2688,178.831,0.925129,258.61,0.418891,299.098,1.23793,0.211794,0.420584,0.259015,0.485786
0.0505049,0.739087,0.000361201,0.000325463,0.000411721,0.000858059,0.0011535,0.00168132,0.00299162,0.00651506,0.0141125,0.0453001,0.000114724,0.577185,0.963581,1,44.2603,0.33269,0.262772,28.0314,0.740685,63.2428,0.679037,176.746,1.42292,263.041,1.26238,295.532,0.693349,0.193525,0.389217,0.192145,0.410029
0.0537733,0.827429,0.000383615,0.000393269,0.000491986,0.000864339,0.00116811,0.00157223,0.00294681,0.00635594,0.0137344,0.0438917,0.000102956,0.472905,0.984033,1,52.1451,0.381834,0.299781,28.599,0.723721,65.0297,0.526812,180.576,0.266823,258.925,0.952083,297.473,1.15738,0.214919,0.420379,0.258595,0.479105
0.0518408,0.711641,0.000384819,0.000345934,0.000662385,0.000805616,0.00112405,0.00149194,0.0027003,0.00599115,0.0134011,0.0413106,0.000123232,0.397301,0.996327,1,51.1192,0.332009,0.267309,28.6033,0.864631,61.8768,5.45296,179.86,0.2697,261.132,0.279241,295.761,1.69972,0.217065,0.418768,0.219786,0.465877
0.043932,0.70931,0.000413144,0.00035839,0.00050413,0.000630997,0.000834742,0.00115739,0.00203181,0.00457513,0.00973622,0.0303462,0.000134691,0.341303,0.998139,1,59.8468,0.41035,0.221573,28.8964,2.0289,63.8705,0.809387,180.402,0.533159,259.709,0.288464,296.422,1.37716,0.213131,0.423013,0.230612,0.482718
0.0666478,0.921981,0.000477287,0.000345545,0.000639695,0.0015307,0.00221234,0.00291638,0.00555159,0.0100582,0.0228725,0.0696295,6.02086e-05,0.566735,0.836606,1,56.6369,0.395628,0.354618,27.9114,0.760662,66.5368,1.77842,179.81,5.30919,260.074,0.255616,295.079,2.34168,0.195216,0.387101,0.190269,0.412049
0.0597404,0.844072,0.000363516,0.000306909,0.000504926,0.00158551,0.00204297,0.00277583,0.00511716,0.0101536,0.0207845,0.0679926,6.70894e-05,0.621471,0.857849,1,60.0106,0.383764,0.316705,27.9879,1.10521,62.9936,1.79465,179.398,0.832721,259.441,0.337263,297.647,3.41555,0.20604,0.393884,0.204332,0.394856
0.0611611,0.829912,0.000423098,0.00029827,0.000559997,0.00139351,0.00184362,0.00252129,0.00454829,0.00889112,0.0206488,0.0637555,9.323e-05,0.604862,0.900926,1,57.3979,0.318483,0.331165,28.5279,0.957677,64.4645,1.0397,179.68,1.18829,259.912,0.441882,298.524,0.335856,0.208113,0.406692,0.220637,0.434233
0.0592833,0.761132,0.000265636,0.000265783,0.000480321,0.000919818,0.00131574,0.00165953,0.00325204,0.00684538,0.0139207,0.0446615,0.000124174,0.538616,0.932118,1,55.0896,0.301273,0.305612,28.1436,1.13287,63.5794,0.978999,179.64,1.64394,259.607,0.455077,300.551,1.29402,0.206501,0.408314,0.237192,0.474967
0.0535329,0.843239,0.000425225,0.000241043,0.000556849,0.0010362,0.00138445,0.00183355,0.00357469,0.00657636,0.015181,0.0454982,0.000104941,0.477417,0.924261,1,41.0687,0.390132,0.287487,28.1917,0.859389,65.2629,3.3061,181.174,1.42209,259.222,0.321538,297.798,0.515702,0.208648,0.419601,0.230119,0.444631
0.0495519,0.933558,0.000217031,0.000257914,0.000415713,0.00105754,0.00141246,0.00191236,0.00372215,0.00784093,0.0162334,0.0510514,9.19629e-05,0.61147,0.974647,1,44.0128,0.460969,0.304686,28.5274,1.6754,63.5278,0.558458,177.844,0.731738,264.017,0.668425,297.499,0.291317,0.210718,0.416022,0.226605,0.5001
0.0578786,0.676206,0.00052247,0.000633979,0.000822411,0.000862916,0.00121356,0.00159636,0.00283731,0.00655144,0.0139172,0.0435949,0.00012263,0.321516,0.98351,1,64.1549,0.295072,0.292134,29.3847,0.716388,60.2222,4.69115,181.475,0.867963,256.841,0.347536,296.75,3.2442,0.238592,0.442248,0.274268,0.458366
0.058959,0.665745,0.000562395,0.000489811,0.000792429,0.000826784,0.00115342,0.00159959,0.00274864,0.00612119,0.0134832,0.0429727,0.000170328,0.311493,0.993236,1,63.1903,0.248792,0.292725,29.0216,1.10389,61.439,2.46346,181.549,1.18697,260.027,0.264142,296.861,2.46692,0.226884,0.449329,0.235613,0.4932
0.049177,0.878822,0.000329944,0.000243997,0.000511061,0.000916619,0.00122209,0.0016065,0.0031178,0.0058645,0.0128267,0.0391881,8.41346e-05,0.501259,0.896496,1,41.219,0.523549,0.260562,28.0093,2.09105,67.1161,1.75022,179.164,2.2826,262.246,0.252891,298.537,0.477464,0.190767,0.394294,0.200309,0.466564
0.0586963,0.705859,0.000358206,0.000350202,0.000629776,0.00121792,0.00160273,0.00228234,0.00422076,0.0088833,0.0206099,0.0669204,0.000125796,0.515768,0.99936,1,55.1061,0.262602,0.320186,28.9751,0.74625,60.3316,0.300458,180.367,0.647412,260.342,0.393781,298.126,0.691193,0.233278,0.438471,0.235246,0.463863
0.0484845,0.827441,0.000391533,0.000284915,0.000581906,0.00103104,0.00148968,0.00206397,0.00384902,0.00831865,0.017973,0.0596636,9.21209e-05,0.549609,0.9986,1,57.7119,0.411481,0.288476,29.5059,0.614934,61.8672,0.571406,178.787,0.524968,259.797,0.811661,295.801,1.8438,0.233079,0.435866,0.254431,0.444264
0.0610798,0.713278,0.00030464,0.000375269,0.000620387,0.000803284,0.00110444,0.00147499,0.00268538,0.00507282,0.011239,0.0344586,0.000124563,0.340348,0.896894,1,58.8882,0.31703,0.281523,28.222,0.638066,64.0187,3.79946,178.665,2.34021,260.779,0.90321,298.743,0.872384,0.205747,0.405377,0.239606,0.489242
0.0634549,0.684481,0.000279954,0.000300529,0.000579198,0.000822087,0.00108224,0.00137002,0.00259258,0.00500991,0.011514,0.0342213,0.000129554,0.371266,0.946049,1,51.3243,0.283646,0.298368,28.218,0.640011,62.9755,4.53528,180.008,1.98369,258.86,0.852572,298.851,0.836637,0.205403,0.407984,0.254819,0.492584
0.0530386,0.751015,0.000358152,0.000440691,0.000527891,0.000876109,0.00121826,0.00166932,0.00308929,0.0060865,0.0139759,0.0433223,9.1953e-05,0.476236,0.933845,1,66.0193,0.365943,0.26241,27.9294,1.17538,64.277,0.711947,178.693,1.07047,260.626,0.513259,293.383,1.04337,0.184832,0.384378,0.189862,0.381585
0.0593407,0.789899,0.000495842,0.000381027,0.000539845,0.00109724,0.00150442,0.00211345,0.00384274,0.00820292,0.0178927,0.0583978,7.2458e-05,0.563007,0.972294,1,66.0917,0.347885,0.314707,27.4512,0.844528,64.5912,2.5011,179.971,1.84605,261.933,0.411438,296.919,2.0152,0.183845,0.367875,0.189792,0.403308
0.0535625,0.727292,0.000287982,0.000293803,0.000457775,0.000905349,0.00119523,0.00164518,0.00299403,0.00617795,0.0138586,0.0421002,9.40873e-05,0.501738,0.949774,1,56.2301,0.36376,0.259075,26.6446,0.379105,66.6236,1.52961,179.009,2.05693,258.784,0.304541,297.826,2.22473,0.175141,0.360238,0.187092,0.400328
0.0556947,0.674975,0.000320348,0.000263153,0.000471599,0.000882927,0.00117098,0.00152324,0.00288485,0.0059604,0.0126132,0.0403716,0.00011228,0.472731,0.917687,1,53.9123,0.304231,0.258935,28.3673,3.22148,63.4044,1.03694,179.827,0.57863,260.382,1.24881,297.012,0.793203,0.197591,0.386933,0.213474,0.39967
0.0564044,0.639389,0.000242833,0.000193131,0.000348662,0.000720483,0.00092201,0.00121652,0.00230696,0.0049258,0.0110853,0.0324758,0.000145452,0.543544,0.964136,1,109.325,0.286041,0.266445,27.1641,0.472128,63.2713,2.63536,178.249,0.385003,260.719,0.556424,297.797,1.86436,0.194514,0.387595,0.234629,0.432885
0.0443702,0.798976,0.000419291,0.00028116,0.000532053,0.000828763,0.00107037,0.00139376,0.00266804,0.00565367,0.0120017,0.0391485,0.000118815,0.454534,0.995321,1,31.3496,0.421873,0.243073,28.9384,3.94767,66.5375,0.877522,180.784,3.31033,260.337,1.18025,299.942,0.757768,0.216166,0.41173,0.241567,0.46418
0.0406542,0.71706,0.000239691,0.00029206,0.000458062,0.000665214,0.000974391,0.00126373,0.0023409,0.00523162,0.0118407,0.0369365,0.000146076,0.485497,0.993064,1,81.218,0.409667,0.213724,28.3073,0.632671,63.7767,2.9382,179.063,0.571494,260.248,0.280121,297.097,1.52427,0.214264,0.419265,0.226696,0.435552
0.0715436,0.798521,0.000729364,0.000600495,0.00095781,0.00130078,0.00181997,0.0024182,0.0046076,0.00840208,0.0173804,0.0568706,7.57829e-05,0.371491,0.845227,1,71.4407,0.334814,0.338896,27.9958,0.73845,62.8691,2.64567,179.97,0.590985,259.154,0.38212,298.934,0.593413,0.200063,0.39928,0.213361,0.43946
0.0707936,0.790592,0.000652622,0.000561719,0.000887013,0.00127416,0.00177574,0.00255474,0.00436406,0.00807924,0.0165131,0.0551919,8.30026e-05,0.370415,0.858079,1,79.227,0.319824,0.337006,27.9863,0.985822,62.5448,3.30397,179.773,0.807181,259.574,0.33966,298.22,0.544111,0.201442,0.398394,0.218034,0.42725
0.0695721,0.805475,0.000526221,0.000501623,0.00087293,0.00124086,0.00164243,0.00230399,0.00420724,0.00762852,0.0164458,0.0521728,8.68532e-05,0.381004,0.843923,1,80.9886,0.330721,0.332686,28.237,0.822537,63.6779,2.5012,178.166,0.631669,258.764,0.275755,298.06,1.27246,0.202985,0.404095,0.234066,0.408823
0.0423745,0.725173,0.000376667,0.00026151,0.000400381,0.000696095,0.000990089,0.0013231,0.00240835,0.00520549,0.0115747,0.0366023,0.000134972,0.462913,0.989445,1,69.7278,0.391043,0.22534,29.7841,2.86229,62.5037,2.15797,179.757,1.09144,259.245,0.307817,299.256,0.870051,0.221812,0.438749,0.248921,0.483762
0.0501533,0.802994,0.000311184,0.000350235,0.000545103,0.00103241,0.00139369,0.00196716,0.00344916,0.00725299,0.0164061,0.0516824,0.000107704,0.510157,0.966945,1,52.3026,0.420841,0.28077,27.6491,0.268044,61.8591,2.18033,178.214,3.98251,259.339,1.43735,298.207,0.46346,0.224147,0.422126,0.250483,0.462678
0.0536933,0.820126,0.000353231,0.000411243,0.00051218,0.000978673,0.00130903,0.00181724,0.00346941,0.00713498,0.0160591,0.0513271,0.000104383,0.526931,0.961667,1,55.6551,0.41278,0.302583,27.634,0.271298,61.9133,1.70453,178.921,1.76699,259.94,0.850003,298.799,0.544507,0.220943,0.423417,0.257815,0.472433
0.0558145,0.753695,0.000408739,0.000301513,0.000632184,0.00101993,0.00145168,0.00186629,0.00343904,0.00771946,0.016504,0.0529566,8.23334e-05,0.486576,0.989311,1,46.6588,0.400808,0.304551,27.7897,0.300142,61.2475,1.05154,180.156,0.982132,261.461,0.820675,298.251,0.482258,0.226898,0.407829,0.246807,0.457559
0.0526311,0.708234,0.000378908,0.00043769,0.000603739,0.000880349,0.00123689,0.00164564,0.00309721,0.00587098,0.0130564,0.0413281,0.00012709,0.404157,0.921984,1,55.6821,0.317488,0.253671,28.4952,0.732237,61.8502,1.80699,178.09,1.0165,261.571,0.849099,294.036,2.23855,0.20504,0.410684,0.201876,0.41521
0.058673,0.787742,0.000622531,0.000416238,0.000727862,0.00113647,0.00153091,0.00205366,0.00352673,0.00771918,0.0168938,0.0528822,9.07734e-05,0.429553,0.975292,1,50.3162,0.328394,0.307262,28.0775,0.613778,65.7688,3.22041,180.316,1.21634,257.311,0.277838,300.774,0.371701,0.194728,0.39776,0.21375,0.471725
0.0579274,0.784125,0.000371816,0.000399489,0.000609347,0.00105931,0.00150844,0.0020289,0.00349836,0.00761955,0.0169003,0.0543412,9.14402e-05,0.477844,0.9836,1,53.6443,0.337591,0.312438,28.2164,0.566995,63.4185,1.50098,182.07,1.71034,261.252,0.809472,296.609,0.535202,0.209057,0.405978,0.208935,0.456923
0.0578723,0.767687,0.000622911,0.000424168,0.000757193,0.00110279,0.00160898,0.00208042,0.00394156,0.00828686,0.0181502,0.0577591,0.000101898,0.44599,0.975675,1,50.8981,0.296051,0.306559,29.1008,1.16444,63.0446,1.62762,176.646,1.11982,258.89,0.372166,299.132,0.373935,0.202487,0.41235,0.217166,0.453867
0.0603469,0.751008,0.000352388,0.000381238,0.000566713,0.000912669,0.00118811,0.00155003,0.00315171,0.00603215,0.0129031,0.0397169,0.000125354,0.419798,0.92722,1,58.3516,0.304657,0.298372,28.2303,1.34629,63.3174,1.47158,178.736,1.69243,260.323,0.841203,299.171,0.310004,0.202385,0.40941,0.234979,0.475001
0.0641761,0.744879,0.000396363,0.000530435,0.000662195,0.00100087,0.00132005,0.0018025,0.00326558,0.0066287,0.0141656,0.0428109,0.00012165,0.390844,0.907435,1,63.063,0.291714,0.309792,28.0838,1.63837,62.7884,1.68896,179.492,1.29418,260.345,0.905801,298.357,0.336495,0.202264,0.410789,0.221154,0.474057
0.0536696,0.698993,0.000314546,0.000385488,0.000597532,0.000998659,0.00133798,0.00183355,0.00332975,0.00676283,0.014466,0.046471,9.46136e-05,0.435589,0.92581,1,51.6858,0.341044,0.252503,27.52,0.920192,62.7368,0.480934,177.843,1.59046,259.35,0.394631,295.432,1.31249,0.186634,0.378635,0.190966,0.376865
0.0575561,0.747268,0.000634157,0.000382731,0.000768406,0.00114474,0.00154018,0.00216118,0.00386433,0.00819251,0.018223,0.0574171,8.63697e-05,0.445272,0.95728,1,50.2184,0.32576,0.292769,28.1877,1.01869,64.4928,2.83907,180.486,2.13422,261.559,0.702914,297.873,1.99202,0.203804,0.388661,0.201752,0.413554
0.0586387,0.740627,0.000545432,0.000559344,0.000803959,0.0011689,0.00170724,0.00214188,0.00406889,0.00848276,0.0187024,0.06078,6.85748e-05,0.453116,0.966421,1,45.6157,0.326707,0.299619,29.0308,1.24551,62.1593,0.999737,178.835,1.43926,260.469,0.685537,296.823,2.85316,0.196255,0.387875,0.202061,0.399737
0.0475846,0.848186,0.000271725,0.000268607,0.000403843,0.000985249,0.00129564,0.00170488,0.00303903,0.0066002,0.0146322,0.0464495,0.000100787,0.620816,0.983946,1,59.2969,0.43498,0.276126,27.9493,0.511938,64.8524,2.67961,177.246,1.18022,260.455,1.07021,297.732,0.520424,0.201713,0.402941,0.223588,0.465052
0.0541679,0.776811,0.0005664,0.000439743,0.000580373,0.00102387,0.00147439,0.00192397,0.00356694,0.0076198,0.0165646,0.0532736,8.15156e-05,0.459896,0.9931,1,46.2831,0.381035,0.290618,27.5234,0.370504,62.9616,0.770502,182.873,0.743994,258.751,0.373268,300.334,0.358996,0.203161,0.399387,0.217178,0.448693
0.0559518,0.769535,0.000412078,0.000370859,0.000484143,0.00112771,0.00156222,0.00203004,0.00370037,0.00765303,0.0171629,0.0541004,0.000100471,0.529136,0.918263,1,54.7367,0.332659,0.28713,28.0575,1.08377,61.504,2.72706,176.431,1.43609,260.495,1.81966,296.79,1.03249,0.196498,0.395088,0.202303,0.42497
0.0559249,0.721151,0.000349451,0.000309591,0.000526636,0.000954899,0.00138984,0.00183477,0.00339037,0.00729417,0.0154868,0.049531,9.51521e-05,0.540164,0.968462,1,62.6712,0.308457,0.285968,28.6234,2.95284,64.4633,0.875276,178.478,2.2399,260.705,0.363447,295.416,4.09582,0.200225,0.388649,0.198213,0.409802
0.0607038,0.743335,0.000381167,0.000314124,0.00050787,0.00105965,0.00136894,0.00185298,0.00353621,0.0072847,0.0165278,0.0497435,0.000116172,0.508525,0.947156,1,73.2623,0.291146,0.308935,27.6606,1.26089,62.5641,2.69325,175.982,1.91333,260.509,0.535413,296.402,1.34107,0.196719,0.394634,0.211778,0.432628
0.0529172,0.656279,0.000275904,0.000254975,0.000459888,0.000999631,0.00142306,0.00188693,0.00352775,0.00703353,0.0147522,0.0487243,0.000121719,0.57414,0.880284,1,36.0547,0.288756,0.254922,29.7115,1.39115,61.3069,1.14134,180.227,1.14227,259.491,1.11358,298.91,1.65484,0.227127,0.423329,0.230618,0.433526
0.0515411,0.645775,0.000313904,0.000274426,0.000381206,0.000947033,0.00128196,0.00177681,0.00331511,0.00665901,0.0145551,0.0462938,0.000139244,0.580329,0.896012,1,47.3146,0.284843,0.249459,28.8203,0.799504,61.0855,1.31351,178.811,0.505599,259.294,0.475477,299.21,1.77376,0.225255,0.42246,0.228819,0.445682
0.0530906,0.648915,0.000257981,0.000207278,0.000361301,0.000891966,0.00123033,0.0017591,0.0032573,0.00624809,0.0138503,0.0432292,0.000138043,0.568819,0.887163,1,51.103,0.285288,0.254573,29.3528,0.834616,61.2967,3.56324,178.728,0.472485,258.601,0.642828,298.805,0.889973,0.222579,0.426368,0.232739,0.44477
0.0550868,0.604905,0.0002631,0.000267246,0.000398387,0.000846663,0.00118229,0.00151056,0.00283707,0.00634669,0.0133555,0.0435854,0.000145891,0.519626,0.970906,1,50.6891,0.243343,0.263852,29.0084,0.881317,61.8187,1.22865,177.736,0.659492,260.54,0.339578,296.99,1.77194,0.214321,0.408653,0.220419,0.433266
0.0471198,0.94822,0.000454914,0.000364153,0.000539978,0.00101083,0.00129756,0.00192589,0.00337003,0.00693135,0.0156215,0.0498832,7.11367e-05,0.459475,0.953521,1,50.4944,0.648023,0.276555,27.9344,0.580941,64.9535,1.20781,179.257,0.693284,260.729,1.59963,298.224,2.36526,0.206939,0.408195,0.240936,0.466744
0.0480249,0.815745,0.000308005,0.000324623,0.00046126,0.000818603,0.00108942,0.0015262,0.00274675,0.0059358,0.0127579,0.0393226,0.000102347,0.453071,0.993396,1,69.4394,0.4227,0.261664,28.2306,1.99337,64.5795,1.44166,178.717,0.765254,261.879,0.483711,296.701,0.943834,0.195385,0.401182,0.214016,0.46057
0.055767,0.733036,0.000592451,0.000471239,0.00071066,0.000877617,0.0012052,0.00159429,0.00292818,0.00627067,0.013365,0.0415618,0.000125041,0.376628,0.960749,1,46.5279,0.332856,0.283781,28.3454,0.644971,61.8033,1.2828,180.802,1.61996,257.699,0.666492,298.567,1.71384,0.220524,0.427697,0.253738,0.478282
0.0561007,0.925993,0.00043284,0.00038401,0.000664735,0.00122751,0.00164459,0.00237461,0.00423965,0.00908428,0.0209329,0.0652098,8.71764e-05,0.53828,0.976225,1,61.2427,0.399171,0.343913,29.042,3.15713,62.5811,0.776393,177.721,0.963986,264.856,1.42736,297.569,1.06199,0.224412,0.429317,0.233434,0.486759
0.0608378,0.880166,0.000530807,0.000559254,0.000672998,0.00131891,0.00170843,0.00229983,0.00443057,0.00909112,0.0211578,0.0659528,9.16533e-05,0.505003,0.975427,1,54.7877,0.34655,0.356355,28.6473,1.78738,63.0564,0.824397,179.035,0.624205,263.381,0.90349,297.276,0.426923,0.219532,0.422697,0.221124,0.484255
0.0633402,0.874078,0.000513156,0.000512241,0.000637353,0.0013468,0.00174701,0.00232449,0.00447278,0.00927697,0.0214277,0.0668822,8.73919e-05,0.49802,0.95821,1,53.3355,0.343142,0.364592,28.5559,2.33175,61.6285,1.32884,179.121,0.612423,263.765,0.805812,295.814,0.458905,0.217617,0.422207,0.215819,0.462131
0.0463491,0.782282,0.000209592,0.000164369,0.000357584,0.000818476,0.00106907,0.00146522,0.00272304,0.00589833,0.0127829,0.0408619,0.000126123,0.654203,0.990026,1,55.0064,0.391486,0.255903,26.938,0.552899,63.4836,1.35435,178.99,0.401045,256.861,0.510862,299.026,2.68206,0.186986,0.399214,0.230171,0.456749
0.0485922,0.809412,0.000404703,0.000314214,0.000607454,0.00110592,0.00149977,0.00207373,0.00398099,0.00832297,0.018186,0.056908,9.18316e-05,0.504979,0.939453,1,53.9979,0.399607,0.263086,28.8751,0.739215,64.6545,2.00417,183.635,0.430502,259.19,0.702398,298.671,0.480005,0.214234,0.425105,0.211066,0.447533
0.0497235,0.804969,0.000401983,0.000325615,0.000598654,0.000935127,0.00129166,0.00178947,0.00332459,0.00684498,0.0154048,0.0501739,0.000131609,0.474936,0.996067,1,62.0088,0.336701,0.276821,28.2803,1.30123,62.8369,1.34704,180.469,0.63455,259.574,0.393249,298.304,2.22517,0.209831,0.427976,0.221645,0.47223
0.0580704,0.793828,0.000635165,0.000541396,0.000828509,0.00115949,0.00157088,0.00219448,0.00387805,0.00792789,0.0173738,0.0555976,7.83292e-05,0.381073,0.954922,1,45.8362,0.361323,0.299344,28.0876,1.34106,64.014,0.684317,179.964,1.81273,256.829,1.30418,298.521,0.65632,0.198069,0.391177,0.228261,0.401761
0.0565313,0.937642,0.000422692,0.000425253,0.000656843,0.0012415,0.00155971,0.00227624,0.00405273,0.00783373,0.017199,0.0538361,7.14696e-05,0.474483,0.882936,1,55.9938,0.483082,0.311797,28.3928,1.0054,64.8424,2.56177,179.098,0.36319,261.48,0.96995,297.81,1.66083,0.20201,0.408998,0.221333,0.452002
0.0527272,0.806081,0.000280896,0.000258603,0.000403095,0.000901519,0.00119634,0.00183778,0.00326244,0.00617047,0.0133523,0.0415776,0.000130218,0.547012,0.886235,1,51.2441,0.364649,0.278281,28.7611,1.13292,61.8629,0.680715,179.84,4.05116,262.163,0.283496,295.015,0.408179,0.219476,0.44011,0.217017,0.468135
0.0535208,0.858933,0.000347754,0.000393593,0.00068963,0.000880246,0.00113484,0.001723,0.0031821,0.00651141,0.0144349,0.0442743,0.000109568,0.420241,0.97767,1,51.933,0.390698,0.295019,27.8192,1.30717,64.8188,3.04166,177.796,0.411874,263.945,0.657479,297.013,0.621658,0.193731,0.404851,0.213555,0.463012
0.0534748,0.719547,0.000342406,0.000251202,0.000594716,0.000844225,0.00117302,0.00153014,0.00279016,0.00599674,0.013031,0.0406097,9.98909e-05,0.398564,0.992814,1,56.4865,0.360385,0.276444,28.7221,0.592878,62.8197,1.341,179.321,1.23885,259.633,0.808913,297.582,0.758278,0.220147,0.409151,0.254402,0.465668
0.0542089,0.858041,0.000556233,0.000606249,0.000645285,0.00105294,0.00138678,0.00191815,0.00354566,0.00734167,0.0165882,0.0509838,0.00012244,0.4322,0.960703,1,44.7888,0.35354,0.299564,28.0048,1.24721,64.596,0.742842,178.329,0.583912,258.617,0.518094,298.989,0.629008,0.204652,0.416618,0.237796,0.464975
0.05187,0.669378,0.000467184,0.000414167,0.000494916,0.000875614,0.00118617,0.00159262,0.0029519,0.00661996,0.0140228,0.0452192,0.000123629,0.461118,0.993178,1,67.3438,0.294226,0.260089,28.6042,1.15525,62.4605,0.998374,181.201,3.49155,260.393,2.531,298.149,0.885653,0.213037,0.404599,0.223955,0.438963
0.051899,0.811364,0.000381014,0.000265603,0.000543403,0.000999475,0.00134485,0.00182639,0.00340457,0.00710101,0.0153639,0.0476497,0.000106588,0.475546,0.953352,1,44.2158,0.374036,0.281743,28.7094,0.704382,62.5114,2.35089,178.124,0.355507,258.356,0.322742,298.026,1.53837,0.210966,0.417075,0.239047,0.457667
0.0531047,0.765264,0.000482911,0.000555406,0.000690081,0.000718463,0.00103943,0.00138238,0.00252887,0.00529418,0.0116334,0.0352002,0.000121511,0.316623,0.973346,1,62.2208,0.366645,0.268697,27.9477,0.505686,63.4759,1.28382,177.798,1.99625,261.238,0.291435,295.783,2.75362,0.198538,0.407129,0.236079,0.460967
0.0513293,0.793575,0.000538037,0.000527392,0.000617648,0.000812231,0.00115684,0.00151662,0.00279485,0.0058623,0.0131714,0.039579,0.000121885,0.369298,0.983408,1,59.4611,0.392381,0.274223,27.8922,0.47158,64.5717,1.36205,179.326,4.0752,260.814,0.258903,296.289,2.13199,0.215423,0.418428,0.241353,0.471556
0.0525195,0.688554,0.000219466,0.000167593,0.000329848,0.000833059,0.0011917,0.00145466,0.00278594,0.00626613,0.0134705,0.0422639,0.000127433,0.634173,0.990192,1,57.6654,0.300005,0.28394,28.9922,0.618442,59.9621,1.33348,179.051,0.586652,263.673,0.250832,298.547,1.05913,0.226921,0.423831,0.241118,0.484652
0.0527329,0.841793,0.000603083,0.000531446,0.000864662,0.0010894,0.00147265,0.00198032,0.00357861,0.00775768,0.0170878,0.0541446,7.81766e-05,0.381761,0.998217,1,38.0194,0.404897,0.285173,27.819,5.40725,67.6655,1.77651,178.922,0.545244,260.288,0.448428,297.137,0.842437,0.183131,0.377468,0.196567,0.409139
0.058911,0.752331,0.0005406,0.000491599,0.000838814,0.00103927,0.00142854,0.00188647,0.00356923,0.00742592,0.0159157,0.0527169,7.33972e-05,0.385592,0.976989,1,56.0987,0.342393,0.287982,27.0454,0.946561,67.2294,1.1471,180.215,0.414715,259.806,0.64774,297.206,1.13936,0.173225,0.352815,0.180649,0.376803
0.0588127,0.717862,0.0006824,0.000628139,0.000956411,0.00103534,0.00142531,0.00192233,0.00349983,0.00731708,0.0162441,0.0506484,7.73529e-05,0.333752,0.982899,1,50.5234,0.329237,0.281108,27.0949,0.548597,65.1423,4.54044,179.275,0.425249,259.206,1.06968,296.765,1.87991,0.176669,0.358094,0.187364,0.369429
0.0561606,0.858776,0.000609583,0.000505798,0.000841022,0.0011198,0.00155337,0.00214485,0.00383699,0.00809775,0.0177555,0.0563347,8.18691e-05,0.406904,0.988542,1,53.2587,0.384979,0.312325,28.1633,0.934429,65.3961,1.28061,179.682,5.6604,261.462,0.465596,296.185,1.44396,0.197541,0.398662,0.209114,0.429301
0.0548417,0.697802,0.000448947,0.000354905,0.000611522,0.00088048,0.00123281,0.00171814,0.00307405,0.00632337,0.0140977,0.0443797,0.000108699,0.397353,0.98561,1,63.142,0.315126,0.274758,28.527,0.576552,62.5117,1.84799,177.208,0.279076,258.963,1.72518,297.999,0.774632,0.205898,0.401714,0.232772,0.450728
0.0491335,0.75278,0.000412624,0.000420852,0.000566547,0.000739019,0.00100926,0.00130995,0.00254197,0.0053243,0.0114288,0.0350284,0.00014117,0.396524,0.994413,1,43.1187,0.353294,0.255138,27.9388,0.889069,62.3213,4.07208,175.22,0.310997,261.427,0.496896,299.705,2.18755,0.195892,0.407214,0.230572,0.507732
0.0516534,0.661034,0.000310956,0.000224679,0.000419733,0.000724579,0.00102447,0.00135732,0.00245624,0.00551144,0.0120477,0.0372702,0.000140423,0.51939,0.993838,1,58.7165,0.294984,0.256692,27.9782,0.668691,61.4929,4.27802,173.046,0.432388,259.715,0.770146,300.673,1.88356,0.194908,0.3899,0.239507,0.462233
0.0637098,0.936804,0.000937681,0.000661931,0.00108168,0.00130495,0.00185777,0.0024521,0.00467068,0.00974121,0.0209414,0.0678913,8.6719e-05,0.369646,0.989244,1,52.5396,0.372027,0.369477,27.2828,0.493874,69.8898,0.474207,184.37,0.370495,259.889,0.26261,294.966,0.699169,0.202825,0.410516,0.209928,0.423418
0.0639706,0.934565,0.000931423,0.000700805,0.00105629,0.00129447,0.00183346,0.00242134,0.00465005,0.009663,0.0207893,0.0674538,8.42879e-05,0.364213,0.987236,1,53.4402,0.376423,0.369458,27.2832,0.473197,69.6012,0.490527,184.193,0.370214,260.021,0.263744,295.128,0.818132,0.201814,0.412348,0.208647,0.422746
0.0646082,0.84719,0.000593391,0.00060229,0.00103844,0.00132175,0.00177045,0.00237811,0.00445093,0.00915138,0.0197176,0.0631449,5.52073e-05,0.389913,0.983675,1,60.9318,0.385522,0.350498,27.7738,0.705706,62.8036,2.09976,180.066,0.269389,261.157,0.28154,296.762,1.01438,0.188702,0.375323,0.210861,0.412716
0.0623754,0.858215,0.000909782,0.000728213,0.00101453,0.00137013,0.00194753,0.00265484,0.0049052,0.0101977,0.0224042,0.0718726,7.69001e-05,0.398182,0.976389,1,69.2151,0.37247,0.348466,27.6164,0.331684,64.6993,0.51454,180.48,0.266632,260.876,0.363061,296.394,0.501489,0.210658,0.402418,0.216285,0.417038
0.0505478,0.801476,0.00050006,0.000418125,0.000618789,0.0009887,0.00132519,0.00178722,0.00319535,0.0070386,0.0153945,0.0492036,9.30461e-05,0.450438,0.985412,1,42.504,0.378169,0.272442,28.589,6.50491,64.6446,3.60767,181.508,0.410306,257.657,0.553393,299.521,2.97265,0.200472,0.404596,0.226907,0.438479
0.047313,0.847985,0.000422465,0.000422151,0.000605969,0.000872813,0.00123861,0.00162893,0.00314539,0.00649241,0.0143494,0.045779,0.000137815,0.422693,0.989927,1,46.063,0.382123,0.269856,28.9746,0.850604,67.0201,0.522074,181.566,0.269716,259.248,0.391121,299.373,0.333294,0.224958,0.445958,0.249083,0.486925
0.0598823,0.690543,0.000649705,0.000740289,0.000945224,0.000774657,0.00111545,0.00141319,0.00248829,0.0051241,0.0109338,0.0330603,0.000130997,0.238661,0.914235,1,64.0723,0.312815,0.269443,28.0122,0.539659,64.4713,4.60631,175.844,3.05908,261.873,1.17336,295.625,1.25202,0.20348,0.396153,0.230345,0.431772
0.0558335,0.712393,0.000462163,0.000304645,0.000681264,0.000772102,0.0010183,0.00144636,0.0027621,0.00533256,0.0115527,0.0346902,9.58406e-05,0.328884,0.896398,1,73.7078,0.397166,0.259505,27.9848,0.763793,60.4346,1.49417,178.705,1.05671,259.777,0.691228,300.267,1.98186,0.209452,0.400981,0.2494,0.458673
0.0530802,0.728749,0.000321598,0.000297379,0.0005173,0.000899255,0.00127961,0.00161588,0.00309068,0.00673285,0.0147025,0.0459576,0.00010395,0.48584,0.997162,1,41.5157,0.320071,0.274642,28.4046,2.57136,63.1986,0.784756,180.536,1.92907,260.855,0.548082,296.508,2.02609,0.196864,0.393462,0.203076,0.430825
0.0566983,0.817958,0.000478681,0.000363393,0.00066871,0.00098445,0.0013155,0.00174488,0.00323174,0.00616173,0.0135204,0.041195,9.43517e-05,0.414915,0.877142,1,62.1289,0.42874,0.287584,28.2431,1.21512,60.9566,0.834812,180.085,0.433575,260.555,1.49778,296.9,0.656271,0.217179,0.41765,0.249396,0.450627
0.0536881,0.9037,0.000424931,0.000418175,0.000605577,0.0010907,0.0015499,0.00210864,0.0038752,0.00771614,0.0169833,0.0501523,7.32291e-05,0.481707,0.900591,1,54.1679,0.465315,0.292798,28.6936,1.47185,67.4017,2.18805,179.936,0.687079,261.036,0.525125,297.703,0.580257,0.203326,0.398911,0.216505,0.433502
0.0546281,0.653593,0.000370188,0.000238404,0.000445974,0.0011021,0.00150736,0.0019361,0.00389534,0.00822654,0.0193801,0.0617987,9.20683e-05,0.653046,0.998631,1,56.3528,0.279584,0.283368,28.4719,0.744589,61.3069,1.47808,179.619,0.687533,259.071,0.888462,298.706,0.616589,0.206449,0.389294,0.210902,0.408051
0.0490246,0.768205,0.000265714,0.000287303,0.000403066,0.000948489,0.00132935,0.00186306,0.00332379,0.00765949,0.0163106,0.0535612,0.000103886,0.675344,0.989674,1,52.0306,0.369997,0.278684,27.8631,0.376063,63.2785,0.644587,181.889,0.657806,260.761,0.717816,299.143,0.947501,0.218143,0.407548,0.228671,0.451492
0.0550347,0.75377,0.000726672,0.000488944,0.00075606,0.000909233,0.00123893,0.00165355,0.00287928,0.00627861,0.0129011,0.0401721,0.000125231,0.317349,0.970625,1,57.0097,0.314369,0.277707,28.7819,2.06108,64.932,1.54121,178.009,2.20472,261.013,0.655537,298.609,1.33792,0.205969,0.41054,0.232216,0.467959
0.0554535,0.717249,0.000637909,0.000577801,0.000798123,0.000863598,0.00116743,0.00141786,0.00274842,0.00580455,0.011978,0.0379444,0.000132031,0.307319,0.933689,1,58.4157,0.309813,0.265853,28.6974,1.54164,63.4606,2.22398,178.296,2.6918,261.19,0.569294,298.433,1.04321,0.210689,0.414142,0.228474,0.468818
0.0574615,0.785927,0.000652896,0.000487765,0.000862347,0.000856147,0.00115797,0.00164753,0.00289973,0.00623789,0.013595,0.0415109,0.000101924,0.318054,0.990564,1,70.1873,0.340287,0.295393,28.0252,1.12391,65.4342,1.53417,180.155,1.56478,259.167,0.705627,296.932,0.413782,0.192477,0.400337,0.225911,0.451013
0.0631112,0.754852,0.000670204,0.000720461,0.000992245,0.000948144,0.00129916,0.00170789,0.00304108,0.00656422,0.0141655,0.0437733,9.95979e-05,0.285736,0.965767,1,70.1122,0.30613,0.305181,27.8235,2.6106,66.274,3.1476,180.704,1.339,260.999,0.355353,300.814,0.438488,0.184956,0.383554,0.20568,0.478669
0.0532246,0.689586,0.000332162,0.000330879,0.000622551,0.000836327,0.00113073,0.00152591,0.00273334,0.00589961,0.0123107,0.0394009,8.74001e-05,0.389626,0.979841,1,44.0684,0.375757,0.259886,27.7356,0.507907,60.7488,0.579455,178.661,1.01827,259.89,0.737728,292.798,2.26859,0.1977,0.388482,0.211901,0.40032
0.0583439,0.840553,0.000636227,0.00053558,0.000738949,0.00112657,0.00158197,0.00212464,0.0039831,0.00772392,0.0179145,0.0544758,8.36132e-05,0.400222,0.910596,1,50.8756,0.370766,0.297714,27.9041,0.751498,68.1475,4.4936,180.1,1.67535,263.252,0.286954,292.506,0.854482,0.189833,0.390795,0.151793,0.394689
0.0502904,0.808555,0.000378957,0.000376999,0.000504668,0.000845357,0.00113914,0.00162381,0.00300858,0.00639121,0.0134586,0.0436516,7.96492e-05,0.440783,0.981042,1,56.5917,0.462568,0.274332,28.381,0.698857,61.35,0.86316,179.39,0.471412,261.152,0.567475,294.138,1.4187,0.207775,0.406247,0.227101,0.438106
0.0450061,0.753111,0.000534347,0.00050165,0.000666397,0.000740479,0.00104741,0.00146793,0.00267856,0.00534532,0.0119731,0.0372326,0.000125958,0.342928,0.950001,1,57.8128,0.409292,0.22277,28.4839,1.7392,67.909,2.21375,179.092,1.13914,260.455,1.39191,300.762,0.662582,0.201133,0.402259,0.216154,0.459281
0.0554436,0.770051,0.00047045,0.000424054,0.000517012,0.00093246,0.0012223,0.0017233,0.00324578,0.00675278,0.0143501,0.045376,9.57247e-05,0.454805,0.971598,1,48.9839,0.344959,0.289879,28.2686,0.97686,61.9789,0.883496,179.055,1.03931,260.554,0.559809,294.336,2.16677,0.198908,0.401577,0.20967,0.428637
0.05049,0.731282,0.000354994,0.000260802,0.000643404,0.000791785,0.00113009,0.00152942,0.00272834,0.00584063,0.012667,0.0406246,8.73976e-05,0.417134,0.996327,1,59.2205,0.396932,0.257563,28.1931,0.579286,62.8681,1.55996,179.233,2.17065,261.232,0.992907,299.582,0.268525,0.195151,0.386134,0.216999,0.462833
0.05279,0.666524,0.000271199,0.000252529,0.000398136,0.000791153,0.0010428,0.00143645,0.00267381,0.0054992,0.012126,0.0366356,0.000126628,0.49792,0.976999,1,42.2013,0.320917,0.260909,27.6908,0.376468,61.7342,2.69179,178.967,1.49189,261.405,0.376759,297.846,0.253545,0.205724,0.403294,0.214058,0.461086
0.0504719,0.810026,0.000264228,0.000243718,0.000402048,0.000742185,0.00103394,0.00152543,0.00271648,0.00572858,0.0121992,0.0370888,0.000127606,0.509114,0.990195,1,60.9523,0.376452,0.279399,28.2111,0.959715,63.9831,1.38114,178.761,1.60898,263.605,0.88343,298.483,0.265456,0.207181,0.417342,0.225899,0.527694
0.0527541,0.755336,0.00049655,0.000390578,0.000739025,0.00107875,0.00143023,0.00195752,0.00338727,0.00792623,0.0173812,0.0563074,9.6409e-05,0.481175,0.987526,1,70.7324,0.336572,0.281035,28.6212,1.1744,63.6344,1.81458,179.369,0.912364,258.857,0.377663,295.806,2.27917,0.206638,0.404261,0.220737,0.401306
0.0505531,0.764053,0.000478202,0.000326026,0.000521964,0.000706642,0.00101299,0.00129598,0.0025361,0.00495383,0.011187,0.0340941,0.000128166,0.41056,0.937662,1,58.0573,0.396072,0.258671,28.4157,0.476103,62.8035,1.29203,177.059,0.258028,261.22,2.59097,297.764,1.58812,0.215848,0.418129,0.25862,0.478772
0.050523,0.786043,0.000471184,0.000317526,0.000477642,0.000858012,0.00117147,0.00155401,0.00287316,0.00564847,0.0125069,0.0381009,0.00012363,0.414365,0.930846,1,57.6431,0.407098,0.26141,27.9713,0.511183,62.6035,1.10115,177.112,0.25516,260.292,3.80188,299.06,2.04909,0.212729,0.416492,0.252723,0.486622
0.0519953,0.737789,0.000407804,0.000447438,0.000762768,0.000874002,0.0011741,0.00158162,0.00288922,0.00606273,0.0133588,0.0408237,0.000100102,0.369571,0.977105,1,37.7322,0.373887,0.266208,28.7352,0.656448,62.5559,3.63329,176.524,0.251118,260.874,0.953249,298.858,2.46491,0.208368,0.406493,0.233387,0.474807
0.0520854,0.76188,0.000598079,0.000426855,0.000690035,0.000993087,0.00132087,0.00178847,0.00333074,0.00667242,0.0142935,0.0459563,0.000100954,0.370344,0.932404,1,48.2434,0.375386,0.260555,28.4752,1.47651,63.4255,2.55181,180.658,0.25824,260.763,0.415739,297.378,0.728381,0.207566,0.407079,0.209831,0.44657
0.0551477,0.752573,0.000346905,0.000236154,0.000387868,0.000874175,0.00117683,0.00161225,0.00292224,0.00632145,0.014416,0.0422629,9.86934e-05,0.558366,0.975906,1,61.9699,0.347257,0.290305,27.9447,0.757026,63.6123,0.795314,178.803,0.25783,259.984,1.37011,298.027,0.95862,0.19841,0.391533,0.230012,0.4562
0.0542962,0.779806,0.000789414,0.000533008,0.000936226,0.00139087,0.00189065,0.00242033,0.00470932,0.00944202,0.0210656,0.0700007,7.66093e-05,0.421934,0.952235,1,51.9524,0.348257,0.281369,28.4855,0.85373,63.8564,1.71277,180.986,0.336727,258.968,0.405995,298.256,1.85434,0.199712,0.398376,0.197103,0.390513
0.0533131,0.77929,0.000331238,0.000244972,0.000415314,0.000943993,0.00124133,0.00180923,0.00321849,0.0067092,0.0147571,0.0445229,8.88659e-05,0.600245,0.933998,1,55.9987,0.380574,0.278413,27.7356,0.864648,64.4545,1.2225,178.214,2.80314,261.32,1.11617,297.838,1.10736,0.192133,0.379155,0.204809,0.436293
0.0584629,0.738354,0.00032268,0.000305995,0.000483417,0.000966961,0.00138084,0.00174127,0.00330934,0.00671135,0.014942,0.0461084,0.000102563,0.516488,0.949912,1,47.3421,0.318483,0.299075,28.0323,0.60377,61.857,3.6307,177.166,0.520931,260.475,0.732267,297.495,1.56222,0.200805,0.396764,0.220634,0.461533
0.046697,0.80779,0.000432699,0.000368064,0.000503273,0.000712099,0.00103415,0.00141362,0.00267622,0.00564006,0.0125157,0.0393008,0.000120591,0.438809,0.992241,1,63.3823,0.414067,0.255429,28.4833,1.83356,65.3757,0.922386,179.845,1.07241,259.826,0.640511,298.347,0.578379,0.209137,0.418542,0.246565,0.470018
0.0509603,0.730978,0.000313337,0.00027352,0.000555037,0.000884364,0.00116504,0.00154716,0.00282821,0.00606659,0.0130934,0.0412799,0.000121165,0.451904,0.954444,1,82.0198,0.343847,0.261207,28.8949,2.06848,61.2913,2.37038,179.611,2.19865,260.138,2.24351,299.257,1.38962,0.216653,0.419098,0.242723,0.460813
0.0534931,0.756996,0.000423756,0.00031269,0.00061674,0.000803702,0.00114283,0.00156831,0.0027986,0.00578516,0.0124237,0.0386875,9.96992e-05,0.371952,0.956223,1,52.5544,0.372555,0.269037,28.425,1.41243,64.1103,0.944032,180.514,2.22663,261.744,0.494986,298.001,2.01251,0.205244,0.400897,0.218047,0.471458
0.0461479,0.80643,0.000336745,0.000272511,0.0003781,0.000782704,0.00108108,0.00153702,0.00286876,0.00562367,0.0122994,0.0375823,0.000126684,0.510135,0.907728,1,57.4897,0.427453,0.243903,28.7387,0.984137,62.791,1.55835,179.848,0.453794,259.337,0.537585,297.306,1.01082,0.212994,0.433391,0.240902,0.456953
0.0472284,0.825061,0.000384739,0.000326774,0.000531409,0.000773646,0.00101287,0.00142191,0.00260609,0.00540927,0.0120824,0.0380021,0.000147185,0.442862,0.979385,1,45.6953,0.401547,0.264838,28.5446,2.00062,62.155,1.59919,178.696,1.27921,262.043,0.634476,297.18,0.964165,0.223028,0.44588,0.249487,0.515853
0.0498845,0.82848,0.000371412,0.000303456,0.00045353,0.00095589,0.00126742,0.00173817,0.00331542,0.00689908,0.0152407,0.0498691,0.000118381,0.555974,0.981016,1,64.4932,0.383101,0.285971,28.2042,0.519392,62.5952,1.63141,179.395,0.568115,259.173,0.554358,297.569,0.855512,0.213407,0.431186,0.234485,0.482699
0.0511671,0.764636,0.000296701,0.000241692,0.000530245,0.00100945,0.00142815,0.00189443,0.00359449,0.00754708,0.0163125,0.0510135,9.85606e-05,0.546762,0.934641,1,53.0636,0.353376,0.275608,29.8733,1.49252,60.017,1.17484,177.374,0.390983,257.238,0.423214,300.369,2.71718,0.218323,0.436843,0.247508,0.489499
0.0559783,0.763619,0.00043129,0.000374808,0.000541298,0.00122812,0.00173866,0.00240365,0.00442933,0.00945221,0.0206955,0.0669875,6.2515e-05,0.579472,0.973596,1,47.1686,0.357169,0.292324,27.2492,0.655993,64.5627,1.47758,182.284,0.37359,263.05,0.928793,296.266,0.872879,0.182409,0.357061,0.161768,0.375823
0.0608237,0.924698,0.000406602,0.000341,0.000579942,0.0014637,0.00190992,0.00257825,0.00481414,0.0100471,0.0222354,0.0735854,6.07786e-05,0.589228,0.973969,1,72.2162,0.41248,0.36518,27.9235,0.480515,64.8594,0.650719,179.928,0.332241,258.129,0.837884,295.779,0.678807,0.200579,0.395222,0.228518,0.41201
0.0595025,0.918584,0.000489508,0.000536594,0.00086301,0.00154935,0.00211328,0.00310865,0.00567105,0.0117678,0.0257614,0.0849806,6.49971e-05,0.554956,0.923209,1,63.4379,0.40838,0.342083,27.7663,0.540764,64.8188,1.04446,178.548,0.401747,258.715,1.07062,299.68,0.96853,0.201281,0.398039,0.218281,0.412222
0.0653253,0.83706,0.000428161,0.000348975,0.000619782,0.00149595,0.00208656,0.00262786,0.00498079,0.0104686,0.0234626,0.0769786,5.49311e-05,0.624895,0.937573,1,64.3372,0.349893,0.359561,27.9533,0.882918,63.7142,0.818532,179.624,0.433555,259.752,0.422287,297.247,0.745382,0.190805,0.374732,0.202367,0.39171
0.0586611,0.796463,0.000317672,0.000262151,0.000512076,0.00119222,0.00158538,0.00224815,0.00409758,0.00903053,0.0204519,0.0650722,8.21395e-05,0.629567,0.986105,1,48.0119,0.333334,0.331168,27.8515,0.620081,61.9394,2.95893,177.496,3.99869,260.425,0.887607,296.807,2.0005,0.200979,0.392708,0.21668,0.414204
0.0505044,0.682019,0.000188014,0.000189133,0.000352111,0.00074374,0.00101205,0.00143469,0.0025945,0.00541038,0.0115766,0.0367087,0.000100198,0.557319,0.952873,1,63.804,0.355737,0.242382,27.2446,0.6037,64.7635,0.500605,180.027,0.49335,258.604,1.12495,299.236,0.729478,0.185206,0.371494,0.212022,0.398656
0.0528395,0.843049,0.000528496,0.000594665,0.00088446,0.00116595,0.00153597,0.00213255,0.00395885,0.00840689,0.0184048,0.0590216,7.21053e-05,0.421521,0.991823,1,50.7599,0.42578,0.292022,27.8224,0.52124,63.9226,3.92682,179.656,1.73291,258.883,0.65514,297.113,1.29998,0.193575,0.387878,0.218066,0.397457
0.0659345,0.641434,0.000532038,0.000444466,0.000706601,0.000913164,0.00123507,0.00168472,0.00316849,0.00649136,0.0143581,0.0452625,0.000154649,0.36394,0.983475,1,79.0591,0.220922,0.312598,28.5222,1.48051,61.9376,0.468084,177.808,0.86205,260.381,1.89296,298.99,0.486625,0.202917,0.414283,0.226672,0.46295
0.0514536,0.793474,0.000311327,0.000333885,0.000539727,0.000838192,0.00126639,0.00161129,0.00302991,0.00632791,0.0140256,0.0434744,0.000105953,0.486407,0.950729,1,46.4517,0.384502,0.271626,28.0217,1.10518,62.5404,2.53451,178.604,2.27494,259.446,0.753825,298.616,0.472145,0.198987,0.405184,0.225672,0.46057
0.0549698,0.780053,0.000459361,0.000357309,0.000541761,0.00102496,0.00129174,0.00182934,0.00328347,0.00713977,0.0153227,0.0490729,9.30034e-05,0.502609,0.978546,1,41.1857,0.347678,0.294624,28.5661,3.38134,63.0828,1.19126,178.293,0.773981,260.808,1.04015,299.552,0.388319,0.200369,0.396563,0.227534,0.454175
0.0550884,0.754316,0.000506106,0.000364603,0.000586718,0.00101291,0.00134841,0.00177733,0.00330769,0.00730143,0.0157723,0.0496225,9.59359e-05,0.465544,0.964113,1,38.103,0.338027,0.285644,28.6283,6.16429,64.0092,1.12535,178.214,1.07365,261.193,1.06143,299.722,0.480565,0.205651,0.39501,0.221322,0.449644
0.0443137,0.796949,0.000340634,0.000272028,0.000432246,0.000693203,0.00104213,0.00133794,0.00257845,0.00544324,0.0119725,0.0380719,0.000127897,0.491671,0.984144,1,67.6841,0.466372,0.247335,28.1908,0.378921,62.7703,0.78332,178.309,1.40137,259.106,0.501793,299.005,0.332813,0.221282,0.432342,0.263084,0.502813
0.05665,0.781318,0.000334745,0.000265948,0.000424672,0.00103699,0.00150686,0.0020187,0.00374495,0.00827902,0.0177479,0.0571735,0.000116997,0.636305,0.965255,1,52.1699,0.292364,0.307793,27.7616,3.73511,63.3284,1.23833,178.934,0.849221,260.255,0.466072,295.217,1.24414,0.192312,0.397463,0.194447,0.409796
0.049146,0.805883,0.000358431,0.000327686,0.000561782,0.00117782,0.00155042,0.00207625,0.00398098,0.00888868,0.0187703,0.0615258,6.98039e-05,0.58021,0.998238,1,47.4358,0.438787,0.279609,27.984,0.330864,63.4154,2.11876,178.893,0.660171,259.469,2.03201,297.347,0.933322,0.204384,0.389793,0.222141,0.399121
0.0527235,0.797153,0.000365398,0.00026858,0.00036767,0.000929074,0.00131156,0.00185778,0.00345812,0.0069594,0.0160914,0.0506444,0.000104927,0.647358,0.958019,1,66.9531,0.366209,0.292262,27.411,0.662674,61.6278,1.44492,178.591,0.434067,261.772,1.02998,300.17,0.486592,0.201737,0.397167,0.220447,0.478875
0.0529997,0.781018,0.000381264,0.000240871,0.000392888,0.000989996,0.00134891,0.00181894,0.00354347,0.0072574,0.0166141,0.0521116,9.64881e-05,0.652068,0.963692,1,67.8512,0.355019,0.290737,27.5522,0.57314,62.0576,2.48098,179.356,0.460557,262.138,1.11347,300.015,0.504483,0.198593,0.391236,0.211796,0.461953
0.0523919,0.783407,0.000275131,0.000223,0.000423267,0.000986966,0.00135297,0.00188386,0.00338999,0.00765001,0.0168933,0.0541218,0.000104061,0.667601,0.990999,1,61.1867,0.332268,0.295023,28.1023,0.81015,64.4231,2.03465,178.176,0.334512,261.279,2.01251,296.461,0.294959,0.200155,0.395247,0.207173,0.430573
0.0518666,0.748662,0.000325036,0.000274153,0.000426474,0.00109072,0.00146008,0.00196901,0.00383072,0.0076121,0.0168388,0.0541983,0.000114595,0.642085,0.923308,1,70.7062,0.311396,0.27352,28.6938,1.92835,63.782,1.10563,179.806,0.317222,260.989,0.305071,299.282,0.399552,0.209165,0.411129,0.196398,0.4719
0.0469228,0.768765,0.00026211,0.000157604,0.000355353,0.000809403,0.00107984,0.00150652,0.00273944,0.00608008,0.013216,0.0422525,0.000129357,0.641687,0.982747,1,82.9211,0.363301,0.262713,28.8682,2.03667,63.7152,0.925228,179.89,0.277015,261.379,0.319607,296.078,0.37691,0.216126,0.424164,0.224082,0.468
0.0536801,0.834465,0.000363492,0.0003125,0.000569696,0.000998069,0.00131956,0.00183047,0.00331365,0.00704232,0.0155881,0.048365,0.000109172,0.515573,0.957464,1,76.0821,0.388011,0.308585,29.3037,0.529332,62.0449,2.43124,179.135,0.259257,261.814,0.823779,296.195,2.08108,0.238989,0.444939,0.264283,0.496234
0.0576991,0.775443,0.000364917,0.000350642,0.00059433,0.000884824,0.00123717,0.00167226,0.00302749,0.00641179,0.0139412,0.0420736,0.000106532,0.422639,0.969729,1,47.3618,0.33343,0.299308,28.2915,1.07063,65.6968,0.853765,179.604,3.74609,260.407,0.327287,296.953,0.511511,0.203229,0.404278,0.224593,0.452036
0.0561892,0.766084,0.000532979,0.000450563,0.000612046,0.000944851,0.0012351,0.00166913,0.00309727,0.00646978,0.0142173,0.0427983,0.00010079,0.422654,0.960345,1,53.2224,0.356888,0.288556,27.8358,1.72752,62.1771,1.30476,179.86,1.30057,260.765,0.303088,299.385,2.99163,0.202855,0.398973,0.230347,0.464024
0.0554424,0.835747,0.000293732,0.000270262,0.000516446,0.00111567,0.00157593,0.00214548,0.0038755,0.00771924,0.0171518,0.0527816,9.60672e-05,0.547736,0.890425,1,57.5833,0.368326,0.295337,28.8541,1.0669,66.3596,0.851123,177.483,1.04872,261.168,3.09548,297.794,1.06437,0.21193,0.407482,0.222181,0.4402
0.0530238,0.689687,0.000519185,0.000609894,0.000823656,0.000963913,0.00134141,0.00174303,0.00320156,0.00717398,0.0160484,0.0520114,0.000107254,0.366665,0.990161,1,49.4936,0.316265,0.26428,28.3169,0.528105,64.0471,1.65405,182.18,2.20088,259.745,0.46123,295.304,1.11465,0.212417,0.407822,0.204136,0.413356
0.0534651,0.699528,0.000658613,0.000438357,0.000917254,0.000968228,0.00131386,0.0017862,0.00331107,0.00669491,0.0149249,0.0500303,8.79663e-05,0.334981,0.992106,1,57.8065,0.342057,0.259184,27.7268,0.858965,63.9053,2.49731,182.905,1.28037,257.42,0.268771,295.765,1.00391,0.191777,0.386596,0.199545,0.388082
0.0574419,0.795871,0.000310374,0.000365257,0.000613584,0.000842358,0.00116098,0.00143085,0.00276752,0.00604635,0.0128584,0.0384648,0.000128256,0.391658,0.974522,1,44.227,0.325207,0.301141,28.013,2.58069,63.6193,1.77447,176.433,0.532425,263.863,2.16993,297.049,0.653162,0.199251,0.40461,0.223179,0.49165
0.0624577,0.791867,0.000344026,0.00043245,0.000606962,0.000828105,0.00115785,0.00162513,0.0028085,0.00600849,0.0130491,0.0395556,0.000134487,0.409803,0.988779,1,45.5747,0.293899,0.330979,28.4241,4.04525,64.6398,1.18074,175.371,0.570052,264.47,1.34973,296.655,0.823856,0.199025,0.409468,0.247789,0.497228
0.0576487,0.785994,0.000611917,0.000412274,0.000670202,0.00103617,0.00140005,0.00181108,0.00335381,0.00724533,0.0157212,0.0485435,0.000124572,0.426838,0.958736,1,56.2875,0.304965,0.301605,28.3847,1.53499,62.9702,2.48074,176.105,0.523707,264.024,0.573076,297.384,0.617456,0.197117,0.407572,0.199348,0.469689
0.0572821,0.882789,0.000417027,0.000340889,0.000623245,0.000923299,0.00126265,0.0017308,0.00317044,0.00640743,0.0147409,0.0445669,7.75452e-05,0.429979,0.960695,1,60.4852,0.447561,0.318856,28.1693,0.776486,63.2386,1.45276,176.629,0.991457,262.299,1.45488,298.163,0.490451,0.199842,0.398348,0.254624,0.471606
0.0516867,0.690375,0.000380842,0.000315026,0.000565648,0.000922781,0.00127325,0.00167581,0.00311252,0.00651335,0.0147757,0.0463466,0.000143804,0.46843,0.969601,1,64.822,0.277609,0.255578,28.0816,1.10044,63.3346,2.2461,180.955,1.75254,258.368,0.341548,296.21,3.456,0.197857,0.413741,0.203256,0.398304
0.0554932,0.640442,0.000372837,0.000349945,0.000535422,0.000960303,0.00132055,0.00182805,0.0033323,0.00705808,0.0148852,0.0480693,0.000113474,0.4816,0.933931,1,56.2348,0.265528,0.255544,28.4399,2.55542,63.0142,1.65002,177.71,1.55538,259.961,0.55009,299.14,0.665475,0.193376,0.384954,0.19652,0.405119
0.0701111,0.662757,0.000520104,0.00055967,0.000824837,0.00104129,0.00143489,0.00183896,0.00345824,0.00690708,0.0154661,0.0470639,8.10368e-05,0.355668,0.955745,1,47.7085,0.289942,0.314012,26.2249,0.31244,64.7326,0.560222,179.7,0.603863,259.195,0.351975,298.071,0.517994,0.179454,0.351701,0.199748,0.376998
0.0646318,0.651911,0.00043107,0.00050682,0.000643582,0.00101413,0.00133251,0.00182519,0.00336519,0.00680795,0.0151533,0.0463257,7.68966e-05,0.43342,0.94197,1,48.5399,0.319589,0.291703,26.2354,0.302323,62.4185,0.60944,179.45,0.790506,258.879,0.312089,296.713,0.576852,0.183488,0.354363,0.196151,0.380536
0.057543,0.821066,0.000571983,0.000470469,0.000654874,0.00124484,0.00163212,0.00221058,0.00408411,0.00788178,0.0173372,0.054048,8.04963e-05,0.449709,0.888768,1,56.4857,0.377394,0.291666,28.2775,1.10074,66.23,3.96042,178.42,3.55554,260.819,1.09398,296.158,0.400731,0.199303,0.393096,0.196384,0.397609
0.0580666,0.636666,0.000465235,0.000294971,0.000613646,0.00079901,0.00104237,0.00143441,0.00264097,0.0055275,0.0122899,0.0366528,9.0896e-05,0.39638,0.970929,1,49.0658,0.338988,0.264513,26.7605,0.325516,62.4995,0.561272,178.18,0.336736,261.411,0.538371,297.935,0.364055,0.188758,0.363165,0.211004,0.400217
0.0608149,0.645672,0.000226962,0.000224414,0.000442022,0.000799314,0.00103453,0.00141347,0.00261099,0.00556487,0.0120858,0.0385249,9.79741e-05,0.500206,0.991852,1,74.8485,0.285582,0.282679,26.9905,0.453793,64.5189,5.32721,178.566,6.0798,263.851,0.259584,295.96,0.692268,0.176421,0.354917,0.177136,0.417366
0.0512166,0.869284,0.000391055,0.000425799,0.00065712,0.00110969,0.00164564,0.0021734,0.00395177,0.00823786,0.0189612,0.0614398,0.000100254,0.508327,0.976054,1,63.5236,0.365931,0.297424,29.4627,2.53848,65.5728,4.17972,180.33,0.466925,258.625,0.624448,301.944,0.965528,0.213905,0.431956,0.238011,0.490015
0.0507346,0.605343,0.000213514,0.000229464,0.000383992,0.000567878,0.000846201,0.00110992,0.00205392,0.00430087,0.00949692,0.0281256,0.000143877,0.454206,0.973152,1,46.4806,0.343606,0.240978,27.9306,0.35421,61.1684,0.470158,178.116,0.513244,263.036,0.736617,294.456,2.0987,0.225401,0.408591,0.237979,0.484366
0.0589701,0.796151,0.000655283,0.000910663,0.000974587,0.000963984,0.00143567,0.00182689,0.00346221,0.00685572,0.0149038,0.0482441,0.000101338,0.295634,0.967685,1,59.7982,0.351868,0.307586,28.5719,4.39891,64.0212,3.73948,179.623,2.41889,261.08,0.313738,297.2,0.489758,0.216713,0.414017,0.232639,0.480678
0.0571834,0.711247,0.000214774,0.000289534,0.000576933,0.000778567,0.00112411,0.00149536,0.00266947,0.00541696,0.0118053,0.0369874,0.000111845,0.396124,0.940088,1,50.4009,0.336167,0.273189,27.4242,0.423265,62.5941,0.478817,180.216,0.554205,258.876,2.90365,298.411,1.08465,0.19508,0.396503,0.239761,0.420436
0.0587714,0.649472,0.00059766,0.000355767,0.000453807,0.000879431,0.00124604,0.00162909,0.00309507,0.00605693,0.013528,0.0423947,0.00010853,0.448297,0.932918,1,52.3822,0.289059,0.27773,28.5982,0.475212,60.0745,0.63247,180.947,0.434097,259.14,1.85446,295.714,0.505319,0.211743,0.412322,0.232757,0.399529
0.0591723,0.694949,0.000369095,0.000455432,0.000827122,0.000997379,0.00140987,0.00192689,0.00347959,0.00700131,0.0148056,0.0479705,9.84452e-05,0.367226,0.919773,1,73.7773,0.298523,0.279181,28.7097,0.496039,62.0527,7.34965,181.198,0.42726,261.18,0.417268,297.709,0.511364,0.204347,0.407014,0.205581,0.422377
0.05487,0.813698,0.000453907,0.000310109,0.00050129,0.00086572,0.00116405,0.00154829,0.00288429,0.00600215,0.01339,0.0402257,0.000121038,0.459067,0.968881,1,54.0187,0.349265,0.296348,28.4148,0.807459,63.4956,0.527451,177.61,1.45644,263.975,0.285778,293.653,0.541963,0.201914,0.417928,0.202423,0.471451
0.0546089,0.718626,0.000482489,0.000605213,0.000761809,0.000869901,0.00122411,0.00170979,0.00313879,0.0066773,0.0146416,0.0458702,8.76723e-05,0.367193,0.982099,1,55.8187,0.338143,0.270791,28.6904,3.64393,62.844,1.1237,177.508,1.19201,262.978,0.481072,295.774,1.99799,0.194563,0.383446,0.187473,0.425693
0.0497736,0.712301,0.000540602,0.000371194,0.000584491,0.000833242,0.00114852,0.00148655,0.00280449,0.00579156,0.0130162,0.0407599,0.000130154,0.35807,0.989142,1,48.1399,0.330633,0.249044,28.0954,0.557552,64.0068,2.862,178.045,2.98357,261.159,3.28936,296.354,2.00582,0.200935,0.403304,0.211001,0.435065
0.0481319,0.736619,0.000442993,0.000517902,0.000602858,0.000788918,0.00113582,0.00139995,0.00259241,0.00559609,0.0120549,0.0388584,7.69918e-05,0.327261,0.979445,1,54.7587,0.455278,0.237832,28.5783,2.7608,64.4326,0.987202,179.354,0.692067,262.229,0.423126,297.178,0.908333,0.193702,0.382672,0.202984,0.417999
0.0502236,0.848731,0.000532421,0.000414068,0.000620717,0.000894269,0.00117637,0.0017072,0.00299775,0.00631326,0.0140452,0.0438638,0.000126532,0.438787,0.965637,1,39.9367,0.390405,0.277112,28.1225,0.809679,65.4629,2.10954,180.673,0.422832,259.829,0.335371,296.689,0.562734,0.206369,0.429198,0.217873,0.482183
0.0537162,0.735572,0.000320536,0.000306403,0.000534658,0.000840385,0.00118522,0.00158325,0.00274578,0.00622059,0.0136058,0.0427443,9.3541e-05,0.458175,0.99667,1,61.894,0.354894,0.28224,28.5909,0.518245,61.8916,1.1266,178.019,1.28427,263.279,1.73446,296.868,1.23552,0.206649,0.399523,0.225528,0.454963
0.0539686,0.679073,0.000310511,0.000301309,0.000471978,0.000767096,0.00101419,0.00141086,0.00250755,0.00525311,0.011625,0.0357335,0.000136,0.442118,0.987106,1,56.3642,0.306474,0.26513,27.6528,0.454475,62.4603,1.61022,177.09,0.969092,260.821,0.519154,297.618,0.764964,0.197981,0.394489,0.235903,0.432401
0.0454669,0.807757,0.000446558,0.000439091,0.000609911,0.000781897,0.00107001,0.00140214,0.00275811,0.00528133,0.0121791,0.0367209,0.000132061,0.339817,0.96422,1,54.4198,0.461064,0.247114,29.1666,2.92993,63.8335,1.0968,182.296,0.715134,259.35,0.874509,298.982,2.91881,0.239382,0.455823,0.272748,0.510675
0.0474783,0.663427,0.000477536,0.000397841,0.00061838,0.000746132,0.00102411,0.00139271,0.00242263,0.00549187,0.0116328,0.038297,0.000139222,0.353277,0.99623,1,41.2852,0.343541,0.239021,29.1946,0.549066,62.7674,0.877929,181.571,0.278467,255.445,0.53279,298.863,0.463324,0.231944,0.439369,0.270324,0.455059
0.0673017,0.888364,0.000409169,0.000390922,0.000611093,0.000971723,0.00145,0.00212106,0.00362178,0.0074814,0.0156785,0.0483386,8.62809e-05,0.459882,0.933182,1,62.6658,0.36446,0.368234,27.8737,0.447557,65.4983,1.4384,177.141,1.56246,264.18,0.840679,294.916,0.935735,0.196669,0.399831,0.222534,0.465163
0.0653161,0.884986,0.000517718,0.000401326,0.000759228,0.00134633,0.00177009,0.00216984,0.00429921,0.00818283,0.0178915,0.0549852,6.86065e-05,0.448989,0.907523,1,41.1594,0.438656,0.353411,27.0441,0.362771,60.6265,0.801024,176.61,2.18667,265.107,0.449577,297.673,0.401111,0.20134,0.39104,0.223086,0.454159
0.0481679,0.812936,0.000611561,0.000446856,0.00078179,0.00111972,0.00156789,0.00198381,0.00378366,0.00845928,0.0184276,0.0603078,0.000100661,0.42498,0.992028,1,71.4105,0.361443,0.263255,28.6608,3.13049,65.747,2.77687,181.292,0.494596,259.288,0.496266,294.807,3.1741,0.19869,0.416407,0.189716,0.397665
0.0529069,0.879896,0.000440662,0.000356497,0.000539207,0.00111462,0.00158267,0.00199542,0.00379834,0.00816139,0.0175803,0.0543979,8.11839e-05,0.534449,0.964239,1,60.2066,0.459867,0.308994,27.9804,0.396579,62.2773,0.572677,180.644,0.37042,260.173,0.407807,301.544,0.430266,0.219974,0.415467,0.255829,0.485263
0.0555124,0.704632,0.000432083,0.000351564,0.00066713,0.000862658,0.00115819,0.0017327,0.00290985,0.00633128,0.0140549,0.043946,0.000108925,0.390588,0.970571,1,60.6069,0.297531,0.272963,29.0802,3.24536,63.5388,3.4191,176.745,2.56727,260.674,1.30917,294.254,2.03461,0.198179,0.398587,0.203366,0.409877
0.0517481,0.816201,0.000472698,0.000441608,0.000597536,0.001113,0.00147041,0.00183372,0.00377846,0.00784347,0.0169725,0.0537588,7.48949e-05,0.491566,0.951699,1,47.9321,0.45604,0.279987,27.6018,0.349155,63.2632,0.693696,180.68,0.795201,262.058,0.384465,299.875,0.578234,0.207373,0.393014,0.207882,0.463677
0.0513168,0.779882,0.000562308,0.000423858,0.000690346,0.00122118,0.00162849,0.00211054,0.00388814,0.00780154,0.0167439,0.0531831,0.000115891,0.419039,0.877344,1,54.3452,0.352992,0.253802,28.4945,5.23731,62.7867,2.68391,177.613,2.05958,260.169,0.380059,294.458,0.658348,0.20752,0.416859,0.19739,0.39683
0.0590265,0.783428,0.000475461,0.000482257,0.00067177,0.000958723,0.00133555,0.00184377,0.00338743,0.00662901,0.0138093,0.0452073,0.000118184,0.373055,0.904441,1,56.9617,0.316525,0.294428,29.1699,2.43173,63.0018,4.37616,178.099,0.967766,261.215,0.4158,295.292,0.799588,0.20822,0.420413,0.218634,0.451434
0.0501547,0.747594,0.000675166,0.000552841,0.000988863,0.000963949,0.00136249,0.00174837,0.00324329,0.0064394,0.0144234,0.0465403,0.000120562,0.314525,0.952161,1,49.3573,0.340896,0.252121,29.1543,1.8479,64.3589,1.95365,178.904,0.472863,263.683,1.25521,295.949,2.14448,0.212474,0.419209,0.19289,0.427057
0.0569566,0.788657,0.000298613,0.000294505,0.00050106,0.00110967,0.0014726,0.00203216,0.00398248,0.0085359,0.0191079,0.0594085,8.49827e-05,0.63823,0.99356,1,51.0697,0.369407,0.32308,26.902,0.304878,61.6705,2.7439,180.211,0.862925,257.702,0.250196,298.368,1.56025,0.206233,0.397227,0.227746,0.454376
0.0516399,0.769337,0.000528899,0.000618615,0.00076756,0.00106226,0.00144787,0.00192612,0.00355977,0.00759573,0.0163826,0.0519538,8.49516e-05,0.38789,0.994481,1,42.2227,0.357287,0.266146,28.2989,2.8583,66.0354,1.96745,176.973,2.79524,259.933,0.257015,294.926,0.863476,0.183203,0.379177,0.175778,0.393138
0.0474419,0.680638,0.000256672,0.00023151,0.00042714,0.000661782,0.000860083,0.00116326,0.00217174,0.00450863,0.00950985,0.0296286,0.000149665,0.428214,0.961198,1,81.9756,0.358642,0.234536,28.5914,0.440045,62.1516,0.99597,180.14,0.368742,261.995,1.43229,297.419,0.871833,0.218871,0.426965,0.24783,0.471967
0.0481845,0.782947,0.000345014,0.000293316,0.000449087,0.00073002,0.00106437,0.00143748,0.00253729,0.00529241,0.0113981,0.0344312,0.000123089,0.436586,0.930316,1,49.9966,0.406038,0.246397,28.5953,0.897835,62.986,1.86998,178.894,0.486631,258.928,1.57728,299.57,0.413582,0.201093,0.418357,0.245724,0.461064
0.0655561,0.747451,0.000552134,0.000484196,0.000674835,0.00114526,0.00159341,0.00213131,0.00395678,0.00774533,0.0165242,0.0529551,7.7095e-05,0.430232,0.900593,1,56.1377,0.310615,0.30974,27.8557,0.884603,64.8682,0.559075,178.969,2.91122,263.109,0.290472,294.913,0.827307,0.183405,0.36959,0.167723,0.373655
0.0515454,0.672643,0.000404821,0.000371375,0.000453708,0.000678382,0.000951368,0.00125312,0.00237407,0.00480014,0.0103388,0.0311385,0.000123304,0.381604,0.935609,1,54.3962,0.335742,0.235198,27.8979,0.65292,63.9402,3.86653,179.148,0.545039,257.62,1.05203,300.701,1.13236,0.190093,0.387656,0.232386,0.441957
0.0552457,0.865593,0.000378723,0.000475705,0.00066424,0.00102813,0.00139472,0.00188641,0.00335185,0.00727387,0.0157428,0.0495089,0.000119245,0.462369,0.993004,1,57.8832,0.352255,0.323109,29.1077,3.64793,62.3206,1.69161,177.532,0.57267,262.334,0.358783,297.233,1.40974,0.220428,0.437693,0.255694,0.499946
0.0548942,0.869846,0.000383534,0.000475293,0.000670556,0.00103911,0.001414,0.00189875,0.00339319,0.00731168,0.0157918,0.0497712,0.000120898,0.468508,0.991979,1,59.1925,0.355656,0.321949,29.1173,3.50376,62.28,1.63807,177.375,0.569809,262.309,0.346338,297.224,1.3215,0.221274,0.438684,0.255426,0.501341
0.0515815,0.713203,0.0004235,0.000447115,0.000605209,0.000771957,0.0010232,0.00134762,0.00260818,0.00527173,0.0112535,0.0354977,0.000129569,0.346489,0.971946,1,54.6769,0.346652,0.256027,28.1785,0.614917,61.9121,1.29611,180.71,0.927363,259.873,0.89159,297.379,0.342427,0.210791,0.417477,0.239275,0.465964
0.0470851,0.860275,0.000518656,0.000515133,0.000724562,0.000742193,0.00100523,0.00136341,0.00235548,0.00506045,0.0107368,0.0338151,0.000150316,0.291607,0.961712,1,51.2123,0.443204,0.258818,28.9688,2.53058,64.0739,2.12927,178.814,0.898681,263.335,0.877268,297.578,4.31652,0.227363,0.453651,0.260858,0.557538
0.0481734,0.76063,0.000341538,0.00018675,0.000366752,0.000724791,0.000980518,0.00128411,0.00258628,0.00519828,0.0114836,0.034711,0.000140242,0.533012,0.942146,1,56.6026,0.373793,0.253742,28.5728,0.664625,62.9767,0.323636,179.582,1.59556,260.482,0.290431,296.99,0.320176,0.21699,0.426742,0.239097,0.491465
0.0610611,0.87197,0.000806583,0.000576924,0.00100788,0.0011943,0.00169708,0.00216413,0.00437258,0.00836692,0.0186403,0.060179,8.63294e-05,0.358953,0.960594,1,55.7961,0.371405,0.335839,28.2031,0.884826,64.7234,5.46175,178.054,0.346051,261.114,2.64032,297.187,3.62402,0.204301,0.408722,0.224323,0.446329
0.054193,0.905973,0.000556917,0.000750445,0.00118784,0.00130912,0.00175442,0.00225273,0.0043195,0.00925092,0.0199792,0.0641292,7.72311e-05,0.343531,0.979712,1,55.5614,0.422628,0.310604,28.8693,2.65716,64.4301,0.408521,179.781,6.06585,261.598,0.46277,298.205,0.601593,0.210851,0.414977,0.22154,0.44534
0.0500005,0.817602,0.00049836,0.000389315,0.000819902,0.0012735,0.00180847,0.00241045,0.00456457,0.00869573,0.0194537,0.0653122,7.79544e-05,0.442863,0.896332,1,53.3395,0.413943,0.255429,28.2863,0.820116,64.4805,1.75331,180.273,0.374842,257.652,0.315499,296.609,2.35353,0.197692,0.40593,0.193734,0.38865
0.0598254,0.78382,0.000312357,0.000222821,0.000518593,0.000973761,0.00132263,0.00171571,0.00326586,0.00691933,0.0152803,0.046921,0.000130005,0.518744,0.98073,1,54.0692,0.29735,0.325234,28.0455,0.583009,63.2633,0.865744,176.471,0.741965,261.591,0.316432,297.262,1.20749,0.203629,0.416289,0.230646,0.469443
0.0504081,0.797438,0.000250471,0.000245123,0.000398541,0.000914671,0.00125385,0.00177298,0.00332151,0.00720327,0.01556,0.049532,9.50827e-05,0.636808,0.986913,1,46.9537,0.364817,0.2841,28.4849,0.963577,63.9594,0.685895,180.914,3.42055,259.829,5.48591,297.709,1.74077,0.20369,0.403365,0.225648,0.429737
0.0484096,0.848418,0.000383544,0.000263493,0.000467171,0.00119538,0.00153689,0.0020918,0.00405911,0.00853819,0.0188266,0.0599637,8.80583e-05,0.667374,0.931348,1,54.1349,0.415806,0.273609,27.9116,1.08735,65.9825,0.526805,181.995,4.16696,259.405,1.76359,298.016,2.59231,0.205254,0.397983,0.205969,0.427155
0.0598697,0.668868,0.000663115,0.000695243,0.00098654,0.000942176,0.00136516,0.00178473,0.0032809,0.00611376,0.0136501,0.0419301,0.000109545,0.300684,0.904819,1,51.3391,0.306223,0.268656,27.9084,0.504775,62.6713,0.495024,179.005,0.250541,263.204,0.364293,298.505,0.514486,0.206789,0.394184,0.198723,0.448731
0.0521412,0.759536,0.000248177,0.00026641,0.000495211,0.000885248,0.00121504,0.00165477,0.00301799,0.00658318,0.0149526,0.0454782,0.000102988,0.510265,0.993926,1,66.8198,0.349778,0.278188,28.3077,1.32085,65.1212,5.42006,180.546,10.8862,259.252,1.15338,297.63,2.73764,0.204832,0.397037,0.232681,0.435721
0.0533951,0.763536,0.000259051,0.000259006,0.000457528,0.000871188,0.00119426,0.00168528,0.00303441,0.0065712,0.0148094,0.0454689,9.89267e-05,0.526573,0.985784,1,60.8599,0.353015,0.285152,28.3057,1.1719,65.3597,4.50544,180.632,6.47884,259.353,0.94206,297.799,2.74799,0.206551,0.397282,0.235864,0.437051
0.0497209,0.850862,0.000346983,0.000266788,0.000392559,0.000977514,0.00126405,0.00165526,0.00319333,0.00700864,0.014534,0.0462702,0.000112443,0.552571,0.994316,1,57.567,0.39128,0.290116,28.4443,0.745993,63.5415,2.93349,179.032,1.49831,258.15,0.408432,297.375,1.88049,0.211199,0.425254,0.251287,0.458861
0.0506031,0.705047,0.000389482,0.000403274,0.00060766,0.000766315,0.00102475,0.001443,0.00252173,0.00554311,0.0116096,0.0369847,0.000114059,0.357524,0.996289,1,49.9047,0.357496,0.25406,28.4334,0.972256,61.1781,0.762091,178.396,0.527501,261.452,1.32639,297.723,0.637693,0.203934,0.404561,0.235046,0.449691
0.0505326,0.685734,0.000355285,0.000371217,0.000552548,0.000712933,0.000934898,0.00132722,0.00242646,0.00528985,0.0111504,0.0347459,0.000108257,0.395728,0.991727,1,49.3472,0.3721,0.251212,28.4405,0.684665,61.4924,0.897514,177.31,0.808968,261.278,0.723996,298.009,1.27055,0.207487,0.400439,0.240505,0.460629
0.0531182,0.689714,0.000428538,0.000335263,0.000478105,0.000685169,0.000968837,0.00135463,0.00245515,0.00454422,0.0103003,0.0306795,0.000143819,0.404269,0.906329,1,60.1211,0.32021,0.240166,27.7949,1.28051,65.8436,2.14185,179.348,2.32297,260.9,0.505793,296.223,1.46665,0.189264,0.392063,0.200385,0.422851
0.0574164,0.838463,0.000420746,0.000412713,0.000656457,0.00121069,0.00176882,0.00227485,0.00429831,0.00901957,0.0212528,0.0651069,9.23251e-05,0.540946,0.97963,1,49.3547,0.356512,0.333951,28.4558,0.45241,60.9986,1.33026,177.171,0.502239,260.058,0.873742,298.303,0.618935,0.219406,0.423935,0.239155,0.485883
0.0476459,0.810111,0.000328303,0.000351945,0.000564561,0.00098642,0.00133771,0.00177659,0.00335357,0.00718833,0.0150573,0.0499616,0.000112025,0.487844,0.955932,1,62.4133,0.395964,0.260869,28.7165,1.79452,64.7934,2.05897,180.859,3.26703,261.458,0.311704,297.163,0.505615,0.218776,0.423102,0.212373,0.438496
0.0520211,0.816136,0.000465771,0.000354592,0.000632444,0.000823331,0.00110014,0.00161295,0.00283238,0.00597006,0.0136395,0.0409762,9.62996e-05,0.412733,0.989455,1,59.9121,0.431157,0.283408,27.6593,0.5488,63.3435,0.724094,177.289,0.79515,261.38,2.60604,296.888,1.87392,0.206223,0.396891,0.253714,0.442919
0.0589843,0.681785,0.000358825,0.000410003,0.000591342,0.00100818,0.0013852,0.00172878,0.00328983,0.00674197,0.015337,0.0478878,0.000101641,0.423923,0.948999,1,59.796,0.27788,0.275481,28.0545,0.963596,64.7826,2.86516,181.017,0.670775,259.083,0.39206,296.272,0.581106,0.184153,0.389555,0.174114,0.403179
0.0443462,0.901894,0.000282709,0.000344722,0.000410791,0.000700063,0.000979677,0.00120398,0.00227742,0.00484309,0.0103372,0.0320312,0.000148221,0.407903,0.991067,1,46.6985,0.540034,0.266911,29.4302,0.864577,62.485,0.80999,177.197,2.33858,261.433,2.01899,299.083,0.768305,0.243378,0.482044,0.321734,0.615375
0.0443841,0.927339,0.000414231,0.00029749,0.00042263,0.000750451,0.000987054,0.00126086,0.00248506,0.00525,0.0111656,0.034316,0.000157924,0.466106,0.960921,1,41.2169,0.50588,0.268777,29.3399,0.985407,62.5149,0.956812,177.183,2.54543,260.491,2.05658,300.306,0.848996,0.241086,0.48626,0.316547,0.625072
0.0481041,0.656741,0.000257532,0.000198841,0.00033951,0.000661993,0.000885167,0.00124169,0.00224226,0.00494077,0.0112033,0.0349142,0.000126374,0.560861,0.993429,1,87.1319,0.321095,0.239537,28.8307,1.30456,63.5555,1.29287,182.132,0.590589,260.904,0.369926,295.194,1.36011,0.203715,0.403861,0.205187,0.432167
0.0445726,0.77754,0.000201601,0.000165565,0.000273254,0.00079308,0.00104626,0.00143882,0.00264724,0.00578455,0.0122821,0.0394114,0.000131634,0.652997,0.990586,1,46.2683,0.369347,0.249604,28.7376,2.21536,66.012,1.32162,178.569,1.00576,259.047,0.652723,295.776,1.25198,0.204734,0.412986,0.224534,0.443125
0.0499497,0.729986,0.000660253,0.000533944,0.000943427,0.000735464,0.00106233,0.00144378,0.00252207,0.00518119,0.0118165,0.0366453,8.93629e-05,0.275399,0.977525,1,68.7833,0.441139,0.247686,28.1764,0.556339,63.526,0.700992,181.238,0.457291,263.192,0.312045,297.32,0.305195,0.211278,0.399203,0.215184,0.469748
0.0437748,0.788055,0.000420265,0.000449682,0.000800902,0.000739416,0.000976367,0.00130012,0.0024503,0.0052796,0.0110126,0.0350506,0.000112114,0.312115,0.986637,1,37.7694,0.535222,0.236458,28.7648,0.392942,62.2952,0.489041,179.948,5.50852,264.275,0.463352,296.727,0.265326,0.22983,0.435766,0.234726,0.512131
0.0499026,0.790619,0.000494619,0.000380448,0.000778264,0.000785587,0.00111827,0.00150397,0.00284636,0.00572823,0.0130805,0.0401562,0.000128467,0.327986,0.976901,1,73.725,0.38364,0.262912,28.2909,1.11832,62.9395,5.32388,178.485,0.383559,265.133,0.27412,295.578,0.390356,0.211609,0.418504,0.195799,0.489232
0.0494135,0.678959,0.000684307,0.000617192,0.000710936,0.000763889,0.000973262,0.0013249,0.00239799,0.00513674,0.0113663,0.03479,0.000106221,0.288008,0.982805,1,67.4964,0.354401,0.234649,28.9671,0.951029,65.4786,2.97946,179.992,0.440432,262.931,0.299875,296.677,0.381552,0.202855,0.393618,0.203034,0.43781
0.0542202,0.706636,0.000432124,0.000460762,0.000539382,0.000758408,0.00113641,0.0014527,0.00263181,0.0055948,0.0120369,0.0380542,0.00011569,0.392272,0.985353,1,63.8435,0.315218,0.263539,27.9121,2.05211,64.2674,1.04089,178.39,3.12339,260.189,0.315059,297.423,2.88144,0.187217,0.383232,0.210165,0.428746
0.059076,0.740361,0.000421921,0.000381283,0.00075044,0.000850943,0.00125168,0.00160562,0.00302527,0.0057426,0.0130648,0.0391198,0.000111331,0.368985,0.922635,1,50.4089,0.337729,0.29017,28.428,0.710305,62.251,0.927366,179.974,0.505063,260.874,1.81942,296.809,0.475595,0.213021,0.419259,0.239558,0.455602
0.0538184,0.6772,0.00052068,0.000647358,0.000736299,0.00096106,0.00120141,0.00167184,0.0030013,0.00614305,0.0130812,0.0407637,9.70303e-05,0.321594,0.928844,1,43.1264,0.363724,0.252047,28.3457,0.420196,61.4978,0.941584,179.86,0.624556,260.488,1.60403,298.81,1.01221,0.215017,0.397993,0.234766,0.428233
0.0677216,0.802824,0.000399039,0.000430308,0.000686048,0.00125834,0.00156562,0.00222442,0.0042166,0.00885458,0.0186831,0.058297,9.9757e-05,0.474865,0.968832,1,67.48,0.27999,0.36467,28.704,2.46316,64.2725,0.909065,175.53,2.49325,262.26,0.413739,296.375,0.821382,0.197848,0.40467,0.210001,0.442141
0.064857,0.825788,0.000475965,0.000412838,0.000630825,0.00120288,0.00162237,0.00215472,0.00394429,0.00863946,0.018609,0.0576467,0.000121539,0.540074,0.960482,1,54.8514,0.285385,0.357845,28.0014,2.33242,64.1001,1.12829,176.856,0.822406,261.975,0.684751,294.758,0.642214,0.201165,0.408622,0.214338,0.437139
0.0655082,0.82692,0.000393636,0.000335105,0.000625799,0.00120218,0.001648,0.00231499,0.00411322,0.00884279,0.0184288,0.0583595,8.30575e-05,0.521621,0.93405,1,53.164,0.324525,0.353975,28.7919,3.00071,63.6796,4.85104,177.391,2.63863,260.96,0.347462,298.137,0.576905,0.203921,0.402678,0.223839,0.455199
0.0538226,0.801541,0.000464008,0.000381933,0.000634625,0.000902982,0.00124308,0.00160132,0.00302112,0.00623545,0.01391,0.0430232,9.54025e-05,0.415041,0.977692,1,62.7763,0.388015,0.284423,27.7523,0.635221,63.5126,0.595768,178.67,0.941679,261.968,1.0106,297.087,0.450602,0.192692,0.397047,0.209274,0.465416
0.0517818,0.777943,0.00038607,0.000387686,0.000616513,0.000811072,0.00121192,0.00155905,0.00304512,0.00615446,0.0135456,0.0424743,0.00010719,0.408421,0.960027,1,69.1257,0.390842,0.267734,27.6959,0.731604,64.2383,0.945539,179.553,1.0178,261.035,0.708526,296.88,0.621444,0.20431,0.400131,0.224434,0.420733
0.0551109,0.743463,0.000601113,0.000538691,0.00074568,0.00107392,0.0013578,0.00189916,0.0033317,0.0071597,0.0163859,0.0505857,0.000110543,0.388611,0.984871,1,65.0872,0.309473,0.287646,29.094,1.5705,63.0288,1.43672,176.019,3.53002,260.934,0.398804,298.175,2.78465,0.212621,0.40903,0.234071,0.434101
0.0571947,0.825135,0.000480682,0.000378195,0.00080893,0.00113802,0.0013835,0.0019608,0.00362191,0.00720526,0.0151933,0.0483533,8.16573e-05,0.399586,0.948612,1,45.4802,0.399705,0.301953,28.0616,0.490726,65.5918,1.64656,183.202,0.34879,259.359,0.521161,297.596,0.706922,0.205102,0.407015,0.226771,0.437032
0.0580408,0.818559,0.00049311,0.000533212,0.000638128,0.00107292,0.00151651,0.00196603,0.00361369,0.00728597,0.0154151,0.0495314,7.50262e-05,0.439509,0.946022,1,49.226,0.409716,0.304725,27.637,0.519995,64.3244,0.970983,181.406,0.37105,258.671,0.276006,298.156,1.21225,0.197864,0.392005,0.229308,0.423725
0.0581835,0.765688,0.000434127,0.000401775,0.000778993,0.00103648,0.00150458,0.00187026,0.00348253,0.00736215,0.0162167,0.0513931,0.000117267,0.403124,0.951001,1,64.8998,0.307448,0.299479,28.6405,2.22426,63.7023,2.10525,177.76,2.0631,262.556,1.99324,296.376,0.386698,0.207952,0.412651,0.204775,0.449743
0.0561412,0.776486,0.000946406,0.000882478,0.0010512,0.00101123,0.00133478,0.00192026,0.00352471,0.00746142,0.0165933,0.0532927,9.73141e-05,0.290638,0.998533,1,41.6087,0.341781,0.298062,28.9893,1.56373,62.2817,1.2427,178.668,1.593,263.722,0.655879,296.406,0.342698,0.215675,0.413548,0.206135,0.463033
0.0575689,0.84307,0.000649291,0.000709326,0.000984471,0.00105079,0.00152345,0.00193585,0.00360249,0.00705075,0.0150145,0.0477254,0.000111092,0.295152,0.924224,1,55.2202,0.362454,0.300917,28.6135,0.982078,64.7437,3.55951,177.554,2.00025,262.025,1.9388,293.912,2.05335,0.215443,0.423131,0.219269,0.447705
0.0482344,0.646546,0.000195451,0.000170744,0.000286307,0.000724445,0.00102246,0.00138495,0.00255901,0.0056784,0.0128499,0.0398262,0.000121875,0.654192,0.994887,1,57.6519,0.308292,0.242675,28.1471,1.29711,62.9373,0.672127,181.481,0.253355,258.771,0.360646,301.305,0.461924,0.198091,0.390367,0.218474,0.458596
0.0479921,0.71755,0.000287158,0.000196012,0.000329199,0.000899746,0.00114136,0.00154822,0.00301414,0.00663438,0.0141458,0.045437,0.000101851,0.644389,0.998112,1,54.8447,0.344871,0.249661,27.2781,0.710958,64.9426,2.18963,178.899,0.256116,260.635,0.468302,297.863,0.480587,0.180642,0.369709,0.179249,0.410112
0.0582102,0.77357,0.000623599,0.000750629,0.00108324,0.000945922,0.00145728,0.00178748,0.00338073,0.00646097,0.0138565,0.0439542,0.000114801,0.307499,0.895956,1,58.038,0.345758,0.287132,28.928,1.1264,62.8258,2.82564,181.658,0.909363,260.31,2.51468,296.878,0.34081,0.225787,0.436088,0.239242,0.442387
0.0696256,0.964007,0.00101156,0.000736575,0.00117588,0.00150119,0.00191586,0.00250015,0.00472083,0.0092231,0.0203146,0.0621207,8.85172e-05,0.30143,0.892186,1,48.3041,0.380649,0.389586,29.3782,1.62731,63.5986,0.599821,178.757,1.37005,258.801,0.562801,300.476,1.16691,0.229684,0.452111,0.279581,0.536681
0.0693203,0.850344,0.000530755,0.000463145,0.000794686,0.00127883,0.00180872,0.00236939,0.0044738,0.00829229,0.0176268,0.0553787,0.000106746,0.472278,0.843355,1,49.4271,0.315985,0.35981,28.9901,0.911498,62.1608,0.482402,179.719,1.20754,259.183,1.77652,298.399,0.460039,0.227981,0.441397,0.257172,0.470854
0.0721254,0.802817,0.000445461,0.000493742,0.000789312,0.00129732,0.00188736,0.00246927,0.00448246,0.00862456,0.0182992,0.0572523,0.000106358,0.392073,0.844873,1,47.697,0.301036,0.357556,29.0952,0.645924,64.0934,0.48554,180.329,0.709183,259.209,1.07128,297.847,0.523977,0.234888,0.437578,0.250771,0.464567
0.0501703,0.727804,0.000326755,0.000626395,0.00076396,0.00088657,0.00129022,0.00176675,0.00327505,0.00690487,0.0153131,0.0486891,7.8853e-05,0.419452,0.964024,1,61.8505,0.37548,0.244028,27.7591,0.958471,64.9911,5.19463,178.316,2.36859,260.524,0.359125,298.091,1.59529,0.177997,0.364282,0.18436,0.370441
0.0542386,0.710349,0.000706264,0.000372653,0.000690887,0.000900588,0.00122057,0.0016011,0.00296032,0.00650635,0.0138171,0.0459614,9.08981e-05,0.376424,0.997458,1,54.6077,0.324603,0.261541,27.5792,1.29697,64.0979,2.14079,177.036,0.582613,259.796,0.360572,298.454,1.17581,0.166645,0.36557,0.184637,0.3993
0.0502222,0.735908,0.00038857,0.000309766,0.000535551,0.00115452,0.00167177,0.002168,0.00431415,0.00861838,0.019798,0.0640711,7.53304e-05,0.603652,0.935944,1,48.4844,0.362605,0.257957,28.0677,0.439785,64.238,1.09482,180.608,2.12699,259.455,1.6007,296.918,1.16071,0.198959,0.377087,0.200344,0.348026
0.0541878,0.744225,0.000393045,0.000281136,0.000499679,0.00106537,0.00135617,0.00195611,0.00340711,0.00731306,0.0159472,0.0544946,8.56206e-05,0.563294,0.961112,1,47.9243,0.351809,0.280833,27.4713,0.603281,62.1881,1.29005,181.361,2.18946,260.312,1.32958,298.216,0.422939,0.194775,0.383265,0.19841,0.427745
0.0562073,0.650419,0.000314023,0.000319994,0.000440826,0.000939195,0.00140777,0.00177669,0.00351823,0.00763972,0.016713,0.0540639,0.00010963,0.589551,0.993114,1,47.8262,0.268879,0.280033,27.796,0.467101,65.1391,0.65653,179.777,2.19099,258.82,0.358053,298.174,1.96472,0.19932,0.381403,0.20532,0.391815
0.0524083,0.83988,0.000450773,0.000339495,0.000560561,0.000959388,0.00126441,0.00174436,0.00334557,0.00615003,0.0132698,0.041451,0.000101415,0.431206,0.891248,1,48.1796,0.434744,0.271547,28.5791,0.829195,64.722,3.2242,180.209,0.259802,261.865,0.448815,296.601,1.58881,0.210006,0.420352,0.221502,0.45474
0.0543342,0.775844,0.000433167,0.000376892,0.000638179,0.000917147,0.00127294,0.00165888,0.00318729,0.00607727,0.013192,0.0408452,0.000107951,0.409831,0.892252,1,56.1536,0.375272,0.267147,28.4261,3.55264,63.761,0.862236,179.276,0.402132,260.52,0.304097,296.841,1.20538,0.207169,0.408935,0.224906,0.430232
0.0488721,0.805206,0.000343818,0.000314936,0.000441464,0.000779844,0.00105752,0.0014121,0.00264957,0.00529623,0.0114007,0.0345981,0.000143007,0.463008,0.913357,1,63.5802,0.381554,0.249663,28.0252,1.21656,67.3961,1.2081,180.036,1.00031,258.499,0.35471,299.962,1.82619,0.205603,0.413232,0.240005,0.468796
0.0530908,0.740985,0.000537402,0.000404784,0.000726308,0.000919589,0.0012163,0.0016251,0.0030493,0.00589564,0.0128461,0.0385978,0.000135996,0.35648,0.90743,1,42.1601,0.34494,0.266626,29.442,0.94266,60.0856,0.633356,180.599,0.471001,258.47,2.19301,300.202,0.766199,0.235853,0.459099,0.259463,0.517113
0.0514169,0.740155,0.000357644,0.000345515,0.000660327,0.000808769,0.00105219,0.0014294,0.00271135,0.00615882,0.0128525,0.040631,0.000145487,0.406255,0.982073,1,61.2634,0.327965,0.267261,28.0517,0.552554,63.5957,3.51159,177.596,2.63477,261.151,0.297971,296.843,1.96206,0.213721,0.417663,0.233197,0.447056
0.0591849,0.692327,0.000395961,0.000308147,0.00061134,0.000967481,0.00133519,0.00177902,0.00317473,0.00683477,0.0157299,0.0484877,8.06765e-05,0.472471,0.999818,1,60.5861,0.308712,0.291893,27.6564,0.922021,63.314,1.00339,180.938,0.890376,262.012,0.256854,296.788,0.468875,0.188643,0.365752,0.188079,0.391797
0.0581621,0.84979,0.000657025,0.000591301,0.000747997,0.00100007,0.00143869,0.00183108,0.00361158,0.0069294,0.0147041,0.0472825,0.000113561,0.37802,0.940599,1,51.0752,0.355137,0.315281,28.9488,0.941808,63.7305,2.12193,177.111,1.05369,261.882,1.32913,298.348,0.262179,0.215204,0.429173,0.240767,0.5244
0.0525501,0.648047,0.000297631,0.000236394,0.000425357,0.000732892,0.00101213,0.00140372,0.00248772,0.00526432,0.0112666,0.0350078,0.000139497,0.461885,0.931811,1,61.7889,0.290958,0.23853,27.839,0.746156,64.4144,1.22267,180.216,0.995644,258.298,0.52848,297.388,7.18391,0.18963,0.390157,0.205312,0.428427
0.0494542,0.828391,0.000548897,0.000551601,0.000760713,0.000851872,0.00116083,0.00156687,0.0029119,0.00601539,0.0137429,0.0424346,0.000126341,0.326328,0.990611,1,51.8664,0.392892,0.274944,29.1885,1.23301,62.8486,1.69536,178.723,1.58364,261.311,1.40705,299.578,0.263902,0.224906,0.442443,0.255102,0.549322
0.0539669,0.748985,0.000216112,0.000169267,0.000342345,0.000934851,0.00124323,0.00178622,0.00334362,0.00672881,0.0146587,0.0462146,0.000100702,0.669522,0.915027,1,67.4899,0.336868,0.280487,28.1309,0.895729,63.0804,1.43991,179.829,1.27692,259.717,0.367866,295.618,3.74882,0.199424,0.398543,0.210059,0.418079
0.0583599,0.751088,0.000418704,0.000254745,0.00054862,0.000978795,0.00139896,0.00187316,0.00346619,0.007289,0.0162867,0.0521551,0.000106527,0.527178,0.975014,1,42.2094,0.293452,0.313135,29.3381,2.28684,62.8689,1.89169,179.526,0.38049,259.768,0.48889,298.493,0.439651,0.217978,0.413877,0.238105,0.466792
0.0592561,0.741419,0.00039272,0.00023762,0.00054104,0.00100318,0.00140492,0.00186299,0.00337267,0.00710186,0.0162124,0.0513836,0.000102863,0.514556,0.977748,1,45.918,0.292698,0.314334,29.2657,4.12838,62.9774,1.72616,179.449,0.386086,260.129,0.443977,298.156,0.476093,0.21363,0.412905,0.235029,0.441561
0.0525996,0.825411,0.000638551,0.000461707,0.000692391,0.00142129,0.00192737,0.00259434,0.00485762,0.0105346,0.0232782,0.0788072,4.68312e-05,0.56128,0.999519,1,63.1464,0.453852,0.294124,27.1714,0.495467,63.2209,1.28655,180.168,2.01166,258.912,0.369328,296.104,2.19112,0.183683,0.359943,0.18991,0.357877
0.0629671,0.805108,0.000261686,0.000173337,0.000352599,0.00132602,0.00183602,0.00239894,0.00466815,0.00874647,0.0193565,0.062582,7.71276e-05,0.800053,0.859582,1,49.4957,0.315673,0.330374,27.0891,0.995798,65.3721,1.57481,178.716,0.458749,261.645,0.34885,297.208,0.51087,0.182647,0.361327,0.175047,0.405144
0.0639161,0.892174,0.000297555,0.00024152,0.000408664,0.00148508,0.00185656,0.00279103,0.00498425,0.00956983,0.0211955,0.0685579,8.77684e-05,0.782085,0.87745,1,36.4196,0.331011,0.361673,26.5604,0.639686,64.5634,1.87189,180.096,0.497696,260.718,0.384358,297.034,0.915215,0.185394,0.38085,0.188938,0.420154
0.0467206,0.718998,0.000334737,0.000345544,0.000493007,0.000886675,0.00113193,0.00166386,0.00316339,0.00672125,0.0155978,0.0487149,0.000120972,0.507045,0.985213,1,79.7912,0.34333,0.251952,29.3492,1.294,60.0609,0.944245,179.509,1.67656,257.313,0.252055,299.892,1.1204,0.22642,0.439009,0.247676,0.460067
0.0477456,0.742138,0.000378483,0.000245364,0.000436934,0.000908978,0.00130827,0.00169554,0.00314563,0.00699878,0.0151397,0.0499003,0.000124805,0.546687,0.996929,1,75.823,0.339884,0.265935,29.2521,0.71286,60.7506,1.5452,179.117,3.34354,260.166,0.254048,298.512,1.88697,0.227057,0.43552,0.239048,0.467142
0.0522213,0.843683,0.000333016,0.000323901,0.000499443,0.000980549,0.00143722,0.00190778,0.00346039,0.00720565,0.0156796,0.0501021,9.26814e-05,0.551934,0.985094,1,39.5318,0.380055,0.289934,27.6556,1.13506,66.9444,1.77122,180.204,0.418083,260.158,1.02644,297.762,1.67276,0.183678,0.384351,0.208554,0.409744
0.0582767,0.66584,0.000708718,0.000395006,0.000861121,0.000842689,0.00114712,0.00151391,0.00284424,0.00612733,0.0135583,0.0423636,0.000119852,0.309236,0.988583,1,79.0273,0.290997,0.280383,28.2127,0.65254,61.7307,1.22424,178.703,0.764959,262.751,0.32677,297.506,1.38113,0.208008,0.404026,0.214962,0.455534
0.059714,0.716917,0.000375247,0.000522179,0.000800357,0.00087061,0.00121041,0.00165451,0.00302245,0.00611832,0.0131401,0.0411303,9.64163e-05,0.315647,0.954985,1,64.4712,0.334098,0.28771,27.97,0.487444,63.4943,0.739902,180.202,3.27708,262.159,0.302605,295.474,1.14793,0.204398,0.395434,0.213221,0.430834
0.0521279,0.825423,0.000376848,0.000577181,0.000617223,0.000837333,0.00112785,0.00159594,0.00290931,0.005661,0.0129515,0.0396096,0.000111348,0.328672,0.965616,1,45.2426,0.390461,0.273646,28.4566,3.23441,65.7411,2.73813,178.908,0.431458,257.644,3.21658,301.099,1.3684,0.196354,0.411958,0.25302,0.473207
0.0505427,0.817759,0.000525865,0.000376605,0.000675414,0.000867526,0.00121748,0.00158332,0.00288102,0.0059869,0.0131735,0.0412883,0.000109303,0.327839,0.967598,1,46.0989,0.405701,0.265125,28.1544,1.70037,65.0211,2.38656,180.275,0.388013,259.097,1.18597,299.845,1.28958,0.198288,0.413201,0.230155,0.48282
0.0544072,0.680807,0.000340782,0.000328808,0.000610117,0.000761376,0.000994569,0.00139891,0.00256545,0.00530654,0.0115704,0.0356745,0.000151664,0.404139,0.989443,1,65.9778,0.293199,0.27048,28.2585,0.527972,62.5019,1.07395,177.502,3.612,261.899,0.372419,296.312,2.84274,0.209561,0.415543,0.228864,0.470414
0.0512776,0.787931,0.000491331,0.000394379,0.000696485,0.000957971,0.00128582,0.0017016,0.00309111,0.00674504,0.0152069,0.0472544,9.16895e-05,0.403519,0.994691,1,50.679,0.365109,0.269325,28.183,1.54068,65.6686,2.64042,180.782,0.457705,260.03,0.579052,297.919,0.559972,0.189867,0.390769,0.197302,0.437517
0.0519235,0.777586,0.000580885,0.000426695,0.000646213,0.00101999,0.00140421,0.001815,0.00341114,0.00731054,0.0155642,0.0504733,9.43317e-05,0.436622,0.998468,1,43.2832,0.350067,0.270393,27.9142,6.20245,66.8149,1.48511,179.475,2.24231,259.559,0.591303,297.736,0.394754,0.17975,0.379504,0.197342,0.385268
0.0468622,0.675507,0.000258149,0.000177518,0.000325135,0.000748821,0.000964693,0.00141734,0.00265863,0.005733,0.0127637,0.0395372,0.000143085,0.594029,0.988988,1,72.0654,0.35439,0.252133,28.277,0.390929,59.4913,1.47247,179.641,0.288081,260.707,0.349382,297.832,2.48826,0.236325,0.431275,0.262914,0.47447
0.0443641,0.761361,0.00021751,0.000203811,0.000347886,0.00072742,0.00105856,0.00134682,0.00248893,0.00535264,0.0117933,0.0367309,0.000145499,0.551955,0.993602,1,47.8566,0.386503,0.251285,29.4922,0.994597,62.0297,0.936119,179.649,0.710789,262.56,0.272742,297.58,0.820834,0.239595,0.447767,0.262026,0.515483
0.0504332,0.844738,0.000341212,0.000328141,0.000502716,0.000937776,0.00115683,0.001685,0.00317857,0.00702264,0.0149511,0.0461694,0.000126936,0.518447,0.981611,1,58.4425,0.382436,0.293992,28.8521,0.818812,62.0009,2.53018,178.609,1.09433,262.991,0.256645,295.362,0.379989,0.228121,0.441957,0.239932,0.494929
0.0466429,0.822042,0.000341995,0.000297876,0.000505874,0.000960061,0.00116599,0.00172481,0.00319064,0.0067243,0.01477,0.0490309,9.82002e-05,0.5076,0.994026,1,53.3696,0.406786,0.259007,28.5268,1.67774,66.3093,0.580194,179.409,1.49681,260.329,2.75583,297.816,1.34159,0.193784,0.402575,0.208042,0.423085
0.0455972,0.810003,0.000316657,0.000309776,0.000444227,0.000880314,0.00130144,0.00163839,0.00302147,0.00676717,0.0141391,0.0474884,0.000110638,0.528295,0.964384,1,55.149,0.416771,0.250113,28.2988,2.07153,64.0565,0.739144,177.975,0.880914,258.95,0.689007,297.227,1.01638,0.202395,0.411343,0.221268,0.420851
0.0444208,0.782712,0.000331801,0.000313408,0.000522585,0.000944723,0.00133078,0.00174874,0.00330135,0.00724628,0.0154328,0.050728,0.000110754,0.512749,0.993458,1,49.0358,0.384516,0.242612,28.4918,1.47083,65.0029,0.702031,178.785,0.918145,259.069,0.714664,298.069,0.836249,0.200437,0.403412,0.209029,0.42774
0.0529845,0.73554,0.000501034,0.000428038,0.000525494,0.0010589,0.00163084,0.00205954,0.00402236,0.00833002,0.0180491,0.0579539,8.70069e-05,0.541067,0.942888,1,85.2881,0.332867,0.271154,28.5368,1.13554,63.5429,2.72482,179.258,1.55976,260.508,0.296007,297.456,1.8102,0.202667,0.389571,0.194279,0.413935
0.0547533,0.848728,0.000260434,0.000225615,0.000489761,0.00104288,0.00128291,0.00171568,0.00333803,0.00673526,0.0148615,0.0472348,9.70967e-05,0.526629,0.951555,1,85.0458,0.383608,0.299498,27.647,0.75891,66.0039,0.80657,179.437,2.50395,260.962,0.984236,296.042,1.59953,0.194957,0.394835,0.220486,0.4329
0.0537204,0.730346,0.000448833,0.000443334,0.000523023,0.00114145,0.00146273,0.00194119,0.00348939,0.00737303,0.0169502,0.054634,9.69607e-05,0.475237,0.993395,1,42.1915,0.324092,0.283068,28.528,0.699365,61.9563,1.65969,178.178,0.42262,258.782,0.271866,296.896,0.765384,0.207088,0.404127,0.221689,0.412783
0.0530039,0.708591,0.000633711,0.000527837,0.00104261,0.000989653,0.00147957,0.00203808,0.00381721,0.0082962,0.0179279,0.05845,7.84464e-05,0.369287,0.985283,1,55.8699,0.34223,0.26166,27.8877,0.748654,62.3946,0.488399,177.985,0.440197,260.11,0.707823,299.32,0.964159,0.191744,0.375137,0.19571,0.394756
0.0500643,0.753171,0.000382911,0.00032851,0.000567672,0.000978266,0.00123296,0.0016234,0.00303308,0.00614822,0.0135156,0.0451105,0.000101065,0.451136,0.997622,1,44.5461,0.362149,0.257893,27.3664,0.553001,65.5364,1.6296,180.178,0.337789,259.383,0.369403,295.854,0.759445,0.186722,0.381957,0.195027,0.393609
0.0571238,0.545873,0.000374679,0.00033915,0.000500721,0.000752114,0.00110963,0.00152492,0.00298742,0.00633899,0.0134148,0.0420778,0.000123924,0.456533,0.970335,1,40.4967,0.240765,0.245696,27.6118,0.602492,61.4707,3.47962,180.949,0.530749,256.586,0.40316,300.154,1.24265,0.190717,0.375498,0.206663,0.394925
0.0590983,0.482561,0.0003273,0.000252228,0.000398176,0.000760544,0.00102651,0.00145256,0.00262508,0.00584664,0.0128793,0.0393953,0.000115572,0.50829,0.979668,1,40.5556,0.225369,0.24591,27.7566,0.592588,59.6661,4.54317,180.911,0.872645,257.61,0.463344,299.382,1.4722,0.194375,0.373255,0.201619,0.397798
0.0594126,0.480951,0.000371299,0.0002652,0.000399489,0.00080362,0.0010757,0.00153616,0.00281086,0.00609751,0.0134919,0.0412884,0.0001189,0.4933,0.978706,1,41.8363,0.226273,0.24769,27.6088,0.611872,59.2519,5.55867,180.499,1.06658,257.81,0.424357,299.263,1.62114,0.197353,0.373205,0.207664,0.396499
0.0491372,0.800522,0.000209942,0.000205377,0.000309546,0.00069029,0.000965067,0.00130804,0.00238714,0.00496156,0.0107287,0.0331292,0.000171158,0.543854,0.962157,1,70.6062,0.331553,0.261647,27.9895,1.0188,67.5772,0.413895,179.602,1.54264,261.085,0.306688,294.902,0.925062,0.193646,0.419734,0.21696,0.457689
0.0514446,0.835413,0.000391817,0.000399993,0.000557087,0.00105326,0.00151303,0.00196717,0.00391778,0.00731223,0.0159823,0.0498595,9.59573e-05,0.509347,0.887005,1,39.807,0.435681,0.279861,29.3199,1.44045,59.4401,3.27648,177.487,0.783049,262.072,2.59131,298.554,1.52081,0.228055,0.437238,0.25093,0.461606
0.0510583,0.842053,0.000405377,0.000376452,0.000537528,0.000785979,0.00110734,0.00147136,0.00285611,0.00597725,0.0127784,0.040359,0.000161061,0.417487,0.975437,1,61.3831,0.339143,0.282961,28.7687,0.887046,65.2611,0.596548,179.904,1.79359,259.882,0.363716,296.558,0.991026,0.209502,0.44846,0.245973,0.476042
0.0553394,0.780888,0.000629036,0.0005955,0.00075149,0.000956516,0.00123114,0.00163599,0.00317922,0.00640015,0.0141277,0.0428855,0.000104273,0.326461,0.965015,1,45.6463,0.381002,0.291664,28.5615,1.12433,60.9121,5.96919,178.967,0.269648,260.024,0.818396,298.45,1.80693,0.225792,0.426967,0.256222,0.510347
0.0638955,0.826281,0.00038456,0.000291553,0.000593864,0.00113278,0.00148177,0.00198715,0.00349774,0.00710848,0.0152074,0.0470621,0.000100272,0.485284,0.921523,1,56.8508,0.325794,0.33948,28.5888,0.889816,62.9292,0.355598,181.718,0.269013,259.394,0.390823,298.183,0.586133,0.207696,0.425073,0.244906,0.475141
0.046204,0.711773,0.000370658,0.00033114,0.000427428,0.000727472,0.000974972,0.00132363,0.00251626,0.00516512,0.0114602,0.0362848,0.000108679,0.421922,0.974602,1,49.8588,0.387545,0.225332,28.045,1.55623,63.6084,6.44478,177.871,0.83923,262.687,0.954505,297.733,0.982861,0.181983,0.38064,0.184111,0.441472
0.0531251,0.710579,0.000427858,0.000372234,0.000490229,0.000662678,0.000995503,0.00130098,0.00247239,0.00507958,0.0108725,0.033432,0.000167714,0.36494,0.973426,1,56.2992,0.307421,0.266119,28.6697,0.796528,63.8741,0.441383,179.089,1.63636,260.773,1.13797,295.531,1.68172,0.218252,0.431505,0.245065,0.486768
0.0516285,0.625413,0.000423382,0.000359485,0.000516238,0.000774365,0.00112548,0.00146915,0.00275084,0.00595626,0.0136539,0.0418642,9.50567e-05,0.427339,0.999134,1,67.8668,0.318629,0.243037,28.0669,0.725076,62.8517,4.42843,178.035,0.988299,260.142,0.719386,299.037,0.744774,0.196246,0.370855,0.211481,0.40934
0.0496852,0.624994,0.000376061,0.000386767,0.000526329,0.000693409,0.000918585,0.00125381,0.00231478,0.00488824,0.0104483,0.0332958,0.000186297,0.396076,0.988958,1,45.6261,0.264125,0.228545,27.6765,1.1413,65.4625,0.788977,180.885,0.726667,258.859,3.6338,296.489,3.82816,0.194996,0.39771,0.205271,0.41475
0.0543543,0.793602,0.000477972,0.000437456,0.000725042,0.000999234,0.00133633,0.00182304,0.00335758,0.00697489,0.0153855,0.0471758,7.36586e-05,0.409356,0.977555,1,85.6717,0.418733,0.286325,27.8123,0.542526,62.1369,2.23614,177.913,1.49699,262.791,0.265161,297.823,0.401979,0.195222,0.384983,0.209181,0.428698
0.0563703,0.77404,0.00041522,0.000399719,0.000531485,0.000942009,0.00131564,0.00175729,0.00341593,0.00702242,0.0150057,0.0489967,0.000121949,0.471899,0.986984,1,59.2809,0.309041,0.302382,28.4799,0.891892,64.4076,2.01631,179.309,1.70803,263.566,0.284065,294.53,0.337664,0.207079,0.412798,0.193134,0.451875
0.0556805,0.797878,0.000397189,0.000404503,0.000572158,0.00111088,0.00140284,0.00183688,0.00362755,0.00713577,0.0149503,0.0482641,9.34292e-05,0.472064,0.93336,1,45.8323,0.361851,0.285291,27.6541,0.616938,66.3219,2.07254,177.891,1.15897,258.475,1.10533,298.936,1.50833,0.188845,0.385133,0.211833,0.420203
0.0589329,0.780901,0.00049552,0.00036828,0.000634885,0.0008853,0.00134334,0.001845,0.00316699,0.00677745,0.0152239,0.0448679,0.000101136,0.413556,0.977144,1,50.3677,0.329255,0.307076,28.0284,1.12239,64.4982,2.02054,180.174,2.77011,261.716,3.19906,295.472,3.17515,0.200447,0.394628,0.216741,0.434613
0.0585669,0.751296,0.00040324,0.000457511,0.000555923,0.000790623,0.00111392,0.00154752,0.00285194,0.00570213,0.012733,0.0385688,0.000105029,0.407034,0.949437,1,57.7033,0.338657,0.292489,27.9727,0.942678,62.3978,2.67671,180.391,1.77042,261.173,2.34791,297.224,0.960708,0.200974,0.40243,0.231498,0.452537
0.0639228,0.759695,0.000712372,0.000739093,0.000957406,0.00121022,0.00158656,0.00228644,0.00425701,0.00878032,0.0187221,0.0606951,7.84024e-05,0.369732,0.96179,1,53.4142,0.31101,0.316763,27.4222,0.527421,64.583,0.664889,176.888,1.05214,259.334,0.377445,299.28,0.739553,0.180981,0.369016,0.197636,0.405092
0.0581687,0.797941,0.000509164,0.000395704,0.000738239,0.000991935,0.00141875,0.00178657,0.00328301,0.0068567,0.015239,0.0478819,9.01137e-05,0.406339,0.979096,1,47.1893,0.356964,0.305026,27.5183,0.503196,64.5971,0.585315,176.539,1.26408,260.428,1.31162,297.042,0.873404,0.190496,0.383205,0.22076,0.428146
0.0559151,0.818169,0.000368471,0.000324558,0.00048656,0.00106867,0.00153587,0.00188164,0.00358229,0.00765887,0.0168509,0.0551273,8.32999e-05,0.538971,0.979851,1,80.2928,0.359003,0.306966,28.1341,0.99277,65.2403,3.67203,181.429,0.257386,260.714,0.281546,295.729,1.56013,0.193589,0.396183,0.198519,0.425291
0.0508672,0.803684,0.000273992,0.000303102,0.000522259,0.000934193,0.00129693,0.00182138,0.00337035,0.00703831,0.0160692,0.0498363,8.76885e-05,0.518529,0.984503,1,89.9658,0.399776,0.276488,27.6987,0.920173,63.9872,1.92051,180.836,0.263311,260.027,0.476816,295.755,3.82454,0.19214,0.392626,0.20948,0.398477
0.0526027,0.756582,0.000438178,0.000306356,0.000452216,0.00104887,0.00140246,0.00187651,0.00359544,0.00761775,0.0164395,0.0533644,9.63038e-05,0.597159,0.970967,1,44.5016,0.340966,0.286006,28.6623,0.706248,63.5369,2.0031,179.755,0.34128,258.684,0.351012,300.291,0.338145,0.211905,0.40765,0.230627,0.440256
0.0520771,0.853013,0.000462649,0.000390296,0.000616302,0.000956811,0.00130093,0.00190814,0.00322472,0.0073109,0.0155111,0.0482115,0.000129206,0.437873,0.983578,1,68.0552,0.361928,0.298599,29.0269,1.45903,64.4475,1.53566,178.196,0.67011,260.763,1.65347,298.13,0.396929,0.223246,0.440565,0.254146,0.493486
0.0504708,0.787712,0.000299127,0.000290698,0.000428965,0.00088792,0.00122493,0.00154749,0.00310527,0.00645896,0.0143897,0.0457421,0.000112675,0.518881,0.988837,1,44.6795,0.387095,0.282949,28.6934,0.585071,62.97,0.710681,181.005,3.86304,261.597,0.431564,297.498,2.5856,0.227039,0.42763,0.24634,0.481873
0.049992,0.852541,0.000429503,0.000436339,0.000587931,0.00095514,0.00128085,0.00168263,0.00314216,0.00634363,0.0140076,0.0443645,8.694e-05,0.406923,0.932567,1,67.4905,0.486974,0.269434,28.7297,1.05285,63.4043,3.22733,177.533,0.329327,258.716,1.57827,299.114,0.703,0.207308,0.414271,0.251578,0.466153
0.0489398,0.813223,0.000539285,0.000430467,0.000938908,0.000906635,0.00128593,0.00177473,0.00316784,0.00699606,0.0151075,0.0469078,9.60205e-05,0.363644,0.984472,1,65.7008,0.422947,0.264459,28.3227,1.0959,63.4622,1.08555,179.643,0.826438,262.246,0.78291,296.805,3.73703,0.207971,0.407874,0.217446,0.446235
0.0497552,0.815705,0.000559592,0.000532812,0.000797767,0.00110418,0.00155827,0.00208105,0.00387359,0.0082113,0.0177098,0.0589682,9.31895e-05,0.451387,0.951176,1,45.9598,0.394976,0.268995,28.2977,0.818626,63.3975,1.29312,178.716,2.02227,257.781,0.699766,299.219,0.374613,0.210032,0.410628,0.221168,0.436747
0.0534597,0.718511,0.000314851,0.000247367,0.000411531,0.000659861,0.000972343,0.0012805,0.00243499,0.00500593,0.010857,0.033492,0.000150298,0.511162,0.970673,1,61.773,0.306193,0.270424,27.9673,1.31301,64.7918,1.13997,179.031,0.86981,262.357,0.481866,296.654,0.591725,0.204889,0.405649,0.221838,0.469716
