"epsilon","zeta","nu_short[1]","nu_short[2]","nu_short[3]","nu_short[4]","nu_short[5]","nu_short[6]","nu_short[7]","nu_short[8]","nu_short[9]","nu_short[10]","inoculum","beta_short[1]","beta_short[2]","beta_short[3]","r","alpha","gamma","x0","k0","x1","k1","x2","k2","x3","k3","x4","k4","u1","u2","u3","u4"
0.0586457,0.729351,0.000712242,0.000501132,0.00080403,0.000980057,0.00129246,0.00178203,0.00336016,0.00696488,0.0150069,0.0471532,8.51146e-05,0.325897,0.948193,1,89.6344,0.362081,0.289833,28.4206,0.675116,61.4726,2.07978,181.538,0.70977,260.867,0.72346,296.846,1.27399,0.214492,0.407935,0.227813,0.434098
0.0546831,0.780335,0.000507717,0.000573569,0.000828109,0.000969209,0.00137781,0.00178975,0.00322815,0.0065138,0.0147892,0.0451811,0.000109768,0.335856,0.91696,1,74.0549,0.35657,0.267883,28.0679,0.873143,66.3979,2.07519,180.165,1.30469,258.909,1.77249,299.028,1.26364,0.199604,0.398879,0.222359,0.427408
0.0565812,0.639325,0.000626915,0.000640171,0.00101342,0.00101934,0.00150089,0.00197862,0.00362715,0.00759676,0.017656,0.0552649,9.91634e-05,0.321496,0.987318,1,46.2379,0.272781,0.265198,28.2252,0.722454,61.25,0.814052,178.222,1.48161,261.577,0.286427,295.738,1.42134,0.197672,0.385409,0.189498,0.377152
0.05331,0.682738,0.000523731,0.000406019,0.000757708,0.000939804,0.00129734,0.001781,0.00322151,0.00676648,0.0146094,0.0487737,0.000104917,0.370662,0.988436,1,52.3365,0.30967,0.255358,27.745,0.824353,65.0602,1.55912,179.342,1.11495,259.536,0.618397,298.633,0.457382,0.187421,0.380432,0.194307,0.38939
0.0599387,0.861333,0.000626702,0.0006354,0.000894803,0.00154557,0.00208534,0.00294522,0.00557175,0.0115582,0.0270479,0.0863969,6.88798e-05,0.504354,0.983126,1,92.2025,0.341298,0.343579,28.4707,1.30072,63.7383,1.30204,180.219,0.400098,260.151,1.35546,296.156,4.06491,0.203621,0.399573,0.20045,0.396256
0.0546912,0.796292,0.000565645,0.00050329,0.00070848,0.00119907,0.00166135,0.00226203,0.00404676,0.00773472,0.0168176,0.0545255,9.15844e-05,0.431335,0.888159,1,40.5064,0.354404,0.270028,28.2781,1.55912,65.1244,1.93182,180.196,0.885027,258.309,0.274616,298.889,0.317477,0.193564,0.399328,0.194102,0.422173
0.0592712,0.807401,0.000685846,0.000646442,0.0010883,0.00113323,0.00159858,0.00207484,0.00378066,0.00784535,0.0170544,0.0523141,7.91149e-05,0.316622,0.9462,1,56.1044,0.360132,0.302442,28.6042,1.47303,64.301,0.857008,178.093,0.902353,261.842,4.82849,297.732,0.663814,0.194863,0.390994,0.205514,0.431727
0.0617599,0.755893,0.00063556,0.000654292,0.000873891,0.00121858,0.00163418,0.00220483,0.00407495,0.00833083,0.0184535,0.0593089,8.77929e-05,0.397972,0.978221,1,46.8874,0.339938,0.322253,27.3432,0.32519,62.013,1.5056,177.58,3.33443,259.264,0.340915,298.677,0.70956,0.207617,0.394813,0.228915,0.442829
0.0450298,0.829626,0.000346532,0.000321811,0.000555547,0.000753511,0.00110293,0.00147372,0.00268697,0.00564595,0.0121634,0.0385046,0.000146759,0.426731,0.981363,1,66.7887,0.415466,0.251735,28.6318,2.01446,64.8834,1.79849,180.639,0.471866,261.578,0.26797,296.858,0.396172,0.220488,0.445474,0.225119,0.518873
0.0600242,0.703859,0.000632127,0.0006058,0.000908954,0.00130994,0.00170944,0.00232141,0.00442837,0.00871216,0.0189655,0.0630874,6.35844e-05,0.391674,0.934325,1,58.2474,0.322753,0.283143,28.0268,0.596931,61.3202,1.19589,178.176,4.10996,259.089,0.802905,299.091,2.0478,0.185993,0.369963,0.196201,0.367649
0.0586847,0.79198,0.000581663,0.000502998,0.000722427,0.00132899,0.00189273,0.00252677,0.00480934,0.0094479,0.0208917,0.0657966,9.0789e-05,0.480173,0.898433,1,44.5687,0.337481,0.307917,28.9795,0.827093,62.5688,3.19232,178.745,0.385715,259.843,0.355515,296.637,0.929022,0.22715,0.424404,0.224358,0.432957
0.0580629,0.823262,0.000547278,0.000442202,0.000853048,0.00137905,0.00179031,0.00238414,0.00453479,0.00803768,0.017267,0.0532677,7.76196e-05,0.401076,0.828376,1,59.8384,0.400092,0.277981,28.3896,1.07041,66.1048,0.811711,178.611,2.67151,258.902,0.931853,299.23,1.12888,0.202913,0.392909,0.210712,0.400204
0.062162,0.786239,0.000496995,0.000395519,0.000760952,0.00137236,0.00191149,0.00253041,0.00473116,0.00945564,0.0207509,0.0659996,5.57436e-05,0.495906,0.944473,1,42.4052,0.382016,0.324184,27.373,0.338437,61.5193,1.9352,178.758,0.581433,261.67,0.821837,297.517,1.70907,0.193961,0.370939,0.200253,0.391508
0.0620579,0.859195,0.000519752,0.000517182,0.000643317,0.00138075,0.0019361,0.00246048,0.00463541,0.00979107,0.0213598,0.0678745,4.91054e-05,0.543586,0.944263,1,49.4764,0.429925,0.332983,26.1976,0.379677,65.7574,2.84238,177.284,2.90266,259.531,0.875428,296.777,0.939783,0.170141,0.343273,0.184737,0.37284
0.0628503,0.804044,0.000494806,0.000380598,0.000638993,0.00130864,0.00185535,0.00234806,0.00442236,0.00909837,0.0205178,0.0641627,4.71095e-05,0.538903,0.960513,1,49.3794,0.391802,0.327112,26.7488,0.356435,66.2184,3.69283,178.036,1.63694,260.763,1.23672,298.466,0.87574,0.172412,0.336081,0.189072,0.359965
0.0499368,0.767701,0.000356999,0.000360586,0.000647311,0.0015919,0.00202387,0.00292278,0.00546247,0.0113149,0.0261353,0.0875903,7.60789e-05,0.635583,0.921772,1,62.8916,0.34244,0.267931,28.8042,0.867173,64.3015,0.31076,179.579,1.24808,259.599,0.281683,297.236,2.30792,0.212145,0.402537,0.186757,0.392677
0.0488018,0.825314,0.000289555,0.000213193,0.000356251,0.000975317,0.00144483,0.0018833,0.00355355,0.00798885,0.0172221,0.0566253,9.05363e-05,0.744969,0.994764,1,54.6446,0.374601,0.289594,28.1473,2.56838,63.3495,0.266808,181.237,1.49782,260.064,2.0305,296.004,0.977596,0.203154,0.399479,0.215779,0.421779
0.0453064,0.861644,0.000229049,0.000246223,0.000483542,0.00121324,0.00152025,0.00214088,0.00395092,0.00843956,0.0192569,0.0600081,0.000106863,0.649227,0.936704,1,63.9543,0.392597,0.260002,28.6969,2.3042,67.3106,0.364765,177.146,2.28064,259.489,0.617282,296.714,1.2086,0.203956,0.409351,0.206077,0.396719
0.0496019,0.785564,0.000361069,0.00036787,0.000666953,0.00121168,0.00153939,0.00208845,0.00402976,0.00889582,0.0191369,0.0644401,6.22448e-05,0.536084,0.99469,1,46.1445,0.440922,0.277479,28.6401,0.569897,62.2474,0.405034,182.801,0.32863,258.589,0.4415,296.79,0.86998,0.214799,0.404748,0.222446,0.404709
0.0593248,0.786994,0.000585752,0.000360005,0.000748362,0.00126384,0.00162034,0.00225193,0.00421352,0.00868331,0.0189772,0.0622365,7.71486e-05,0.47757,0.958862,1,58.8503,0.397917,0.323755,27.9277,0.275604,62.3493,2.22659,177.967,1.20643,259.489,0.754472,298.807,1.28216,0.224329,0.410265,0.249109,0.444088
0.0470929,0.765543,0.000412657,0.000399795,0.000614758,0.000936199,0.00138906,0.00185306,0.003409,0.00690524,0.0149001,0.0511237,0.000108217,0.457451,0.960405,1,40.9956,0.350803,0.242525,28.7349,3.36842,66.1907,2.06777,179.925,0.699796,259.06,0.35756,297.82,0.34618,0.196011,0.398706,0.194968,0.420074
0.0481411,0.708567,0.000526841,0.00036617,0.000656253,0.00104999,0.00136692,0.0018325,0.00358013,0.00764656,0.0169081,0.0542878,0.000119814,0.472879,0.984597,1,45.3321,0.294207,0.244009,28.7024,3.18017,65.2403,1.07531,178.998,1.14734,257.616,0.643929,300.765,0.784832,0.197496,0.395676,0.207442,0.418632
0.056697,0.811439,0.000404273,0.000415155,0.000624279,0.00110779,0.00154444,0.00205653,0.00400536,0.00781193,0.0172189,0.0549678,6.98255e-05,0.486865,0.943694,1,60.84,0.39134,0.29622,27.6838,1.79441,63.9978,0.897314,180.221,2.31894,258.167,0.90719,298.55,1.54095,0.187471,0.378123,0.212504,0.395767
0.0541907,0.789697,0.000461438,0.00036713,0.000591503,0.00116173,0.00167775,0.00229937,0.00424488,0.00790155,0.0167733,0.0545811,8.22796e-05,0.517741,0.861389,1,42.7056,0.370582,0.263454,27.9932,0.852169,66.9681,1.94148,178.673,0.48082,260.597,0.344927,297.648,0.480184,0.188192,0.378549,0.171701,0.393212
0.0676974,0.778107,0.0011187,0.000918678,0.00126735,0.00131179,0.00193406,0.002601,0.00468103,0.00872854,0.0184264,0.0580517,7.18724e-05,0.278402,0.840771,1,69.9537,0.339649,0.311134,28.6364,1.47848,62.1924,1.27794,177.871,3.66211,260.356,1.3381,297.42,0.688876,0.203238,0.396462,0.20737,0.402283
0.0660273,0.754002,0.00102242,0.000968964,0.00153619,0.00133687,0.00196324,0.00250888,0.00487309,0.00863352,0.0186182,0.0593005,7.26439e-05,0.274386,0.851662,1,64.9846,0.333624,0.301765,28.507,1.42885,62.4111,0.953192,178.006,3.87017,259.791,0.513122,297.741,0.815192,0.20677,0.394659,0.212511,0.392731
0.0463209,0.792627,0.000340343,0.000216488,0.000424352,0.000864838,0.0013362,0.00178112,0.00310469,0.00692982,0.0154551,0.0489023,9.25773e-05,0.57254,0.978702,1,83.5896,0.413035,0.257889,28.8254,0.822675,63.508,1.33923,180.129,1.17548,260.666,0.367777,297.594,0.435918,0.209202,0.410561,0.216448,0.446291
0.0568078,0.673278,0.000458313,0.000421196,0.000721876,0.00108959,0.001431,0.00189937,0.00350774,0.00734953,0.0163738,0.0504598,9.01868e-05,0.398661,0.950255,1,47.719,0.302116,0.268564,28.4841,2.09195,62.9923,1.3055,178.599,1.97663,259.603,1.35381,297.76,0.798023,0.19963,0.3839,0.199229,0.411842
0.0651531,0.681586,0.000508842,0.000559734,0.000730768,0.00115091,0.00168721,0.00232535,0.00416623,0.00846337,0.0184899,0.0604972,9.61406e-05,0.407652,0.919832,1,65.6031,0.265598,0.305111,28.2305,2.5369,62.11,1.99285,176.938,1.97135,261.911,0.893098,297.864,1.35862,0.201856,0.385176,0.193152,0.406906
0.0628677,0.821007,0.000518681,0.000337843,0.000729518,0.00138815,0.00192225,0.0026116,0.00474025,0.00922279,0.0207656,0.0651147,7.7288e-05,0.502227,0.894562,1,59.995,0.325636,0.321752,28.2703,1.19424,64.8689,1.0072,178.613,1.01984,258.615,1.02451,296.58,1.47245,0.190631,0.3852,0.20735,0.362488
0.0617703,0.702305,0.000798045,0.000813358,0.00157781,0.00104841,0.00146063,0.00196597,0.00360902,0.00730057,0.016206,0.0506345,8.37474e-05,0.228679,0.978319,1,50.5144,0.306167,0.28888,27.6685,0.619689,64.2753,2.00721,179.926,1.05584,260.312,0.278133,294.922,0.7965,0.183274,0.377819,0.177564,0.387012
0.0552747,0.684928,0.000470146,0.000378304,0.000580815,0.000848857,0.00127602,0.00167606,0.00316924,0.00652895,0.0142003,0.0457716,7.57135e-05,0.448006,0.979426,1,87.2659,0.360915,0.268287,27.3879,0.363995,63.0828,1.13611,178.879,2.2548,262.214,0.269044,296.68,0.683282,0.191664,0.36665,0.192697,0.406429
0.0528651,0.797308,0.000433453,0.000444335,0.000623403,0.00111202,0.00148912,0.00205425,0.00393043,0.00816791,0.0185782,0.0604374,8.88688e-05,0.500271,0.994898,1,71.4227,0.338785,0.290528,28.8208,1.00402,64.1704,3.3939,178.055,0.976562,259.604,2.77604,296.821,2.0443,0.197867,0.397722,0.211626,0.417463
0.0545013,0.821382,0.00047539,0.000482634,0.000773476,0.00116734,0.00165438,0.00221382,0.00400889,0.00868668,0.0189328,0.0609219,7.66872e-05,0.44809,0.99362,1,38.4028,0.368279,0.300232,28.3263,1.00412,62.7409,1.2568,178.756,1.67433,260.835,0.622136,298.375,0.485664,0.192697,0.39557,0.196743,0.427924
0.0547356,0.82303,0.000410422,0.000550371,0.000794106,0.0012892,0.00171704,0.0023575,0.00443258,0.00909467,0.0198996,0.0658974,8.99996e-05,0.473173,0.989828,1,38.5941,0.344769,0.302418,28.0346,2.17437,63.8746,1.51995,178.619,0.751362,260.522,0.343846,298.656,0.407532,0.193674,0.400743,0.188337,0.439359
0.0503892,0.678033,0.000513111,0.000474583,0.000694274,0.000818734,0.00102513,0.00146524,0.00271289,0.00544615,0.0118238,0.0372474,0.000135993,0.301639,0.972213,1,81.4164,0.330601,0.240299,27.8836,0.58492,62.6346,1.54174,179.887,0.736276,259.552,1.01248,297.964,1.31997,0.205988,0.405518,0.230648,0.429454
0.0503173,0.721351,0.000415218,0.000340387,0.000562691,0.000796107,0.00118334,0.00147568,0.00282425,0.00544095,0.0120211,0.0374502,0.000104648,0.374173,0.91363,1,88.2483,0.388542,0.243725,28.955,0.543198,62.5474,0.989103,178.588,0.624792,258.911,2.32,297.786,1.42214,0.213561,0.417103,0.237225,0.451114
0.0572801,0.806969,0.000590344,0.000381184,0.000734159,0.00123573,0.00184325,0.00245956,0.00448153,0.00971887,0.0218325,0.0684962,0.000102032,0.532066,0.99493,1,40.9689,0.305496,0.322468,28.3733,3.43296,64.3257,1.54604,180.055,2.64312,260.752,0.326859,296.516,0.889646,0.211047,0.405611,0.20976,0.401923
0.0480479,0.856088,0.000417983,0.000309464,0.000578608,0.000994973,0.00147632,0.00189933,0.003619,0.00730747,0.0161899,0.0526135,7.36955e-05,0.496222,0.906103,1,75.3778,0.52115,0.261391,29.0724,0.532173,63.8802,0.956437,179.444,0.555483,259.027,0.678518,298.541,1.76427,0.214053,0.414174,0.234287,0.453134
0.0509925,0.842138,0.000683124,0.000612294,0.000963758,0.000992977,0.00139986,0.00188918,0.00343515,0.00720696,0.0159364,0.0499919,7.80029e-05,0.340477,0.992975,1,44.0898,0.444553,0.277263,28.0867,0.660262,65.334,1.03352,179.942,2.32183,261.943,0.441992,297.612,0.654085,0.195915,0.393241,0.213263,0.4122
0.0550573,0.798604,0.000729614,0.000711625,0.00112245,0.00110004,0.00154348,0.00207191,0.00371068,0.00779674,0.0170337,0.0558968,0.000106378,0.309523,0.98646,1,45.9387,0.326986,0.286331,27.8602,0.84315,67.3543,0.493913,180.243,0.785996,258.812,0.90893,299.587,0.340758,0.194702,0.396647,0.212997,0.409529
0.0568709,0.724656,0.000524051,0.000462628,0.000704657,0.000981764,0.00141463,0.00190105,0.00350113,0.00708852,0.0150145,0.0461136,7.92603e-05,0.355342,0.906924,1,61.1318,0.357681,0.265936,28.2886,2.00868,63.1748,2.66217,178.37,1.12955,261.826,0.343119,296.31,3.73176,0.19468,0.381659,0.187974,0.39881
0.0529105,0.809148,0.000689201,0.00070004,0.00108659,0.00115631,0.00165922,0.00220062,0.00402852,0.00848677,0.0195621,0.0650894,9.49184e-05,0.311815,0.993985,1,45.2077,0.350312,0.286322,29.0185,1.0153,65.0343,1.02269,180.964,1.07996,258.551,0.256038,298.304,0.436903,0.21141,0.421696,0.219026,0.425321
0.0583837,0.765352,0.000281669,0.000230948,0.000389706,0.00116028,0.00157414,0.00215923,0.004104,0.0071898,0.0155809,0.0484605,7.69385e-05,0.579078,0.8204,1,54.2247,0.368493,0.276307,27.8154,0.679036,64.0713,2.28785,175.344,1.09203,260.03,0.421393,297.213,0.835274,0.191758,0.373596,0.201944,0.379421
0.0519608,0.720776,0.000369395,0.000392186,0.000553292,0.000835554,0.00113677,0.00160176,0.00284111,0.00589577,0.0136348,0.0421445,8.38223e-05,0.414211,0.968506,1,45.0912,0.400574,0.261453,28.4192,0.502815,63.288,1.20186,181.057,1.60119,260.383,0.85433,297.792,2.048,0.211403,0.391196,0.231611,0.441947
0.0503036,0.739276,0.000717031,0.000574951,0.000805114,0.00106314,0.0014755,0.0019683,0.00356079,0.00753827,0.0158998,0.053046,8.87047e-05,0.383666,0.952354,1,59.0531,0.352702,0.247333,28.1932,0.876877,63.8651,3.49693,179.921,0.601099,259.592,0.269178,295.785,1.00136,0.188433,0.387654,0.178319,0.391485
0.0608094,0.785682,0.000396019,0.000287354,0.000507416,0.0010707,0.00137509,0.00187779,0.00354938,0.00724574,0.0152751,0.049311,9.3227e-05,0.552032,0.924222,1,46.7503,0.335238,0.312172,27.3234,0.472579,65.4814,0.316363,179.949,0.295815,259.255,0.59525,297.69,0.44725,0.190645,0.387641,0.206698,0.433586
0.0563442,0.762718,0.000437323,0.000317121,0.000613359,0.00100002,0.00144127,0.00191492,0.00345722,0.00681129,0.0150966,0.0443438,9.27143e-05,0.458241,0.898601,1,48.7476,0.347457,0.274517,28.0037,0.961733,63.2658,0.49721,177.523,0.253131,260.145,0.861566,298.043,2.24908,0.190675,0.385047,0.208141,0.412975
0.055368,0.743641,0.000450417,0.000474688,0.000645804,0.000930732,0.0012154,0.00168826,0.00292701,0.00635127,0.0132154,0.0426361,0.000119906,0.389874,0.947882,1,58.5949,0.32121,0.276268,28.5684,1.01768,63.5539,2.54915,180.304,0.251203,259.959,0.341635,295.28,1.4945,0.202347,0.416883,0.210295,0.433495
0.0522752,0.708887,0.000520568,0.00045091,0.000670616,0.000924636,0.00133323,0.0017791,0.0032386,0.00690691,0.0153009,0.0491831,9.45951e-05,0.421674,0.973398,1,56.0728,0.353906,0.265181,28.4711,0.571146,60.7264,1.15961,177.78,0.921633,262.328,0.472511,298.105,0.635802,0.209885,0.397473,0.215268,0.434024
0.052977,0.706648,0.000498767,0.00040414,0.000657231,0.000877425,0.00127199,0.00169823,0.00303386,0.00658412,0.0146624,0.0466966,9.36163e-05,0.420346,0.965551,1,57.6863,0.353357,0.266027,28.3841,0.559007,60.8281,1.11098,177.835,0.944313,262.299,0.551161,297.763,0.663155,0.209236,0.398249,0.216896,0.442708
0.0519127,0.892657,0.000498002,0.000379545,0.000706742,0.00112335,0.00160182,0.00212822,0.00409908,0.00834407,0.0182335,0.0569101,9.09423e-05,0.457036,0.957246,1,50.931,0.414141,0.29403,28.291,3.45128,66.0464,0.762562,180.979,0.707739,260.156,0.3196,294.89,0.984642,0.205901,0.413293,0.206124,0.42249
0.0618145,0.831041,0.000546548,0.000625416,0.000798985,0.00148821,0.00195813,0.00263,0.0048483,0.0101952,0.0230214,0.0731481,5.82009e-05,0.487226,0.974018,1,53.801,0.356987,0.338498,28.2433,0.868561,64.7663,0.458489,183.581,0.446149,261.424,0.686985,295.774,0.657509,0.199535,0.38247,0.188828,0.394374
0.0584522,0.784124,0.000454735,0.000444661,0.000707561,0.00119837,0.00167097,0.00216411,0.00425024,0.00936081,0.0194864,0.0642213,7.18488e-05,0.501246,0.961865,1,57.8523,0.350093,0.307576,27.7243,0.55394,64.3976,0.565199,183.933,1.19292,260.082,0.345929,295.92,0.540613,0.198198,0.38606,0.193014,0.375655
0.0570661,0.764161,0.000641192,0.000520117,0.000729509,0.0013276,0.00173122,0.00237873,0.00427324,0.00931163,0.0214986,0.0669337,7.51032e-05,0.487518,0.981265,1,52.1862,0.332681,0.301142,27.8773,0.487531,63.4112,0.985808,182.421,1.23643,261.696,0.295557,294.696,0.531694,0.197765,0.389482,0.16944,0.392441
0.0610291,0.832594,0.000771064,0.000496757,0.000858808,0.00133368,0.00192848,0.00260803,0.00489571,0.0103981,0.0225478,0.0754437,8.3809e-05,0.474189,0.972914,1,57.0561,0.328471,0.337012,27.7597,0.811903,64.3408,1.93187,181.114,2.3491,262.449,0.255372,292.29,0.351171,0.203429,0.402046,0.16681,0.386263
0.0541368,0.787743,0.000853691,0.00102237,0.0013641,0.00141271,0.00191921,0.00263126,0.00461582,0.00964598,0.0222981,0.073965,8.29195e-05,0.311248,0.943753,1,57.3221,0.339773,0.281018,29.5411,2.47821,63.8946,2.68433,179.469,0.521804,263.348,0.309326,296.932,0.427077,0.220237,0.415659,0.191782,0.408568
0.0611423,0.813827,0.00076356,0.000649112,0.00107171,0.00118898,0.00168363,0.0021983,0.00420576,0.00886385,0.0192248,0.063239,7.61335e-05,0.358182,0.982287,1,45.2816,0.332107,0.322863,28.1776,1.18463,64.0165,2.67057,179.502,0.449031,260.078,0.412793,294.756,1.52866,0.187933,0.39034,0.188762,0.406821
0.0538489,0.841887,0.000341907,0.000285363,0.000473719,0.000861837,0.00113393,0.00155058,0.00302551,0.0061426,0.0129293,0.0393671,0.000105402,0.508597,0.919511,1,64.4014,0.412107,0.292014,28.3758,0.790779,62.7292,1.13594,178.885,0.627447,259.732,2.45202,295.87,0.812278,0.21311,0.422352,0.261453,0.463052
0.0617994,0.712049,0.000933549,0.00069037,0.00130218,0.00109657,0.00152695,0.00197424,0.00363083,0.00722106,0.0158338,0.0497968,7.14484e-05,0.282666,0.950259,1,51.52,0.332136,0.289023,27.777,1.4546,62.9039,1.91354,180.409,0.424201,259.702,0.383651,293.182,1.25965,0.1895,0.373175,0.197728,0.349418
0.0604507,0.727264,0.000519454,0.000444365,0.000773735,0.000959556,0.00134634,0.00173559,0.00318184,0.00623181,0.0140687,0.0446734,9.70488e-05,0.359693,0.935275,1,52.4664,0.326542,0.290966,27.8832,0.402391,63.585,1.52404,178.702,3.36946,262.536,0.367502,296.38,0.979474,0.199384,0.388724,0.205045,0.431941
0.046544,0.828708,0.000329339,0.000285031,0.000506444,0.000982072,0.00139202,0.00193871,0.00350408,0.00722376,0.0163898,0.0526304,0.000102999,0.545684,0.938853,1,56.3049,0.413658,0.251987,27.9352,1.0224,65.7008,0.833091,179.621,0.453753,258.459,0.282892,298.391,2.53855,0.193528,0.408325,0.193422,0.437846
0.0590146,0.799296,0.000389351,0.000398157,0.000555883,0.00116934,0.0015886,0.00211473,0.0038399,0.0079366,0.0178695,0.0554597,8.36033e-05,0.516899,0.941795,1,51.2577,0.341565,0.31511,28.569,0.8764,62.2668,1.64842,178.377,3.9109,259.824,1.47696,293.582,0.618728,0.20447,0.400611,0.221225,0.396267
0.0642501,0.814679,0.000736427,0.000467863,0.00097357,0.00160396,0.00223438,0.00306079,0.00580788,0.0122296,0.0264037,0.0864874,6.76917e-05,0.474817,0.948527,1,58.4631,0.316237,0.344597,28.3765,0.929695,63.5033,1.08823,179.275,1.26716,259.196,1.06253,300.685,0.332744,0.200583,0.394178,0.202802,0.416403
0.0673654,0.842204,0.000474325,0.000559706,0.000811967,0.00139485,0.0019383,0.00258474,0.00494779,0.00970066,0.0218651,0.0691178,8.66356e-05,0.489537,0.927324,1,67.4967,0.327211,0.362147,27.2251,0.489725,63.1295,1.54605,176.784,1.5157,260.698,0.403234,297.261,2.39713,0.199366,0.392396,0.210604,0.42409
0.06775,0.839162,0.000520519,0.000451849,0.000765343,0.00143611,0.00189966,0.00270446,0.00475431,0.00991271,0.0219816,0.0680258,6.81114e-05,0.502742,0.943854,1,49.6033,0.340759,0.369543,27.7246,0.407001,62.3037,2.66399,176.199,1.61848,261.774,1.8048,297.709,1.08841,0.198691,0.3854,0.215389,0.416618
0.0642032,0.73622,0.000454728,0.000396454,0.000677413,0.00116645,0.00157334,0.00217595,0.00379515,0.00802614,0.0176662,0.0564663,8.68653e-05,0.462386,0.950262,1,60.7316,0.30276,0.314973,26.9666,0.537873,63.8981,0.971774,178.951,1.04248,259.414,0.605048,297.849,1.5755,0.182794,0.368025,0.200632,0.395983
0.0567202,0.649365,0.000451243,0.000372458,0.000569708,0.00103013,0.00141803,0.00186835,0.00365592,0.00733714,0.016112,0.0506517,7.13117e-05,0.470517,0.927544,1,38.9341,0.346824,0.261578,27.5189,0.411639,60.4438,1.53027,177.876,2.09951,259.893,1.02425,299.9,1.74628,0.196182,0.361099,0.209638,0.387751
0.0543383,0.658098,0.000415422,0.000405556,0.000577477,0.000985206,0.00140261,0.00182999,0.00331075,0.00697814,0.0153026,0.0481229,8.08709e-05,0.472304,0.948161,1,45.3014,0.339454,0.254847,27.2823,0.409621,60.6657,1.77983,178.554,2.52647,258.993,1.2427,299.671,1.54427,0.190058,0.367831,0.203818,0.402893
0.0565356,0.832293,0.000527199,0.000476739,0.000889992,0.00123382,0.00178218,0.00245515,0.00439128,0.00917865,0.0199001,0.0651376,9.20975e-05,0.461239,0.928508,1,79.3637,0.343125,0.308475,29.3882,4.66062,64.3632,1.38876,180.204,1.65417,261.62,1.8009,296.024,1.47221,0.223567,0.425774,0.216491,0.440521
0.0554373,0.846839,0.000602437,0.00054994,0.000739414,0.00135266,0.00181243,0.00244107,0.00457288,0.00969468,0.0207251,0.0673081,9.10296e-05,0.426813,0.945074,1,67.2599,0.352293,0.309807,29.8593,3.13625,65.5034,1.42535,179.916,1.15961,260.781,0.905522,297.148,1.36314,0.232882,0.434882,0.233074,0.434239
0.0587503,0.819845,0.0004643,0.000524941,0.000824629,0.00140508,0.00182988,0.00243497,0.00457133,0.00931195,0.0208616,0.0688931,9.41366e-05,0.430811,0.936355,1,62.0023,0.320332,0.317006,29.3124,2.27656,63.9881,1.11444,180.996,0.921206,259.486,3.30559,295.404,1.40719,0.220936,0.427759,0.21631,0.426475
0.06239,0.765807,0.000462194,0.000471073,0.000651429,0.00104449,0.00151325,0.0020438,0.00393573,0.00831901,0.018386,0.0573697,9.02883e-05,0.46997,0.983285,1,64.7513,0.317102,0.334774,28.1086,0.503453,62.8172,5.36949,182.113,3.85288,257.996,0.265476,297.865,1.2888,0.215682,0.413945,0.235617,0.445196
0.0533889,0.751183,0.000410975,0.000396354,0.000589522,0.00125926,0.00173692,0.00248518,0.00444251,0.00898831,0.0199989,0.0667542,7.75506e-05,0.5541,0.899614,1,52.9562,0.346582,0.266287,28.4168,1.63211,64.3452,0.462563,176.914,0.301881,261.408,0.777252,295.105,0.464529,0.193453,0.380047,0.17354,0.361974
0.0528223,0.74666,0.000484757,0.000349465,0.000634006,0.00139208,0.00184134,0.00259011,0.00471986,0.00954067,0.0210256,0.0710885,7.44722e-05,0.533244,0.902802,1,54.9577,0.335655,0.260679,28.2364,1.34462,63.8184,0.50916,176.413,0.284894,261.832,1.60971,296.758,1.34093,0.187868,0.376301,0.168134,0.364139
0.054313,0.855463,0.000564704,0.000551353,0.000956722,0.00149597,0.00226148,0.00278235,0.00511768,0.0102627,0.0226957,0.0743788,6.19732e-05,0.465256,0.894369,1,43.1827,0.426154,0.287979,28.7598,2.37866,62.5735,0.709391,175.676,5.42443,260.846,0.289092,296.637,0.498372,0.199483,0.394094,0.200612,0.382457
0.0584071,0.887151,0.000538129,0.000530178,0.000774132,0.00132725,0.00177467,0.0024973,0.00436767,0.00883768,0.019667,0.0641429,7.81848e-05,0.453293,0.926505,1,41.9388,0.393856,0.320223,28.0857,2.78766,63.0353,0.845339,175.597,1.4513,261.865,0.315272,298.086,1.65989,0.192806,0.395822,0.206123,0.435649
0.0454741,0.743287,0.000442861,0.000409848,0.00063392,0.000907165,0.00126381,0.0017289,0.0031154,0.00663456,0.0144258,0.045758,9.55993e-05,0.431354,0.962219,1,63.672,0.415746,0.235658,29.1064,0.808031,64.0243,1.55011,176.856,1.15033,264.357,0.31396,292.941,1.34823,0.213309,0.40474,0.175864,0.401475
0.0536561,0.789162,0.000552694,0.000487049,0.000770026,0.00110282,0.00147602,0.00200586,0.00352461,0.00735733,0.01611,0.0511735,9.40494e-05,0.378297,0.937831,1,52.3282,0.369379,0.269996,27.6577,0.86177,62.7885,0.852468,177.667,0.613975,262.977,0.378457,294.477,0.639377,0.183513,0.392101,0.164876,0.401928
0.0498084,0.709465,0.000415502,0.000369326,0.000605775,0.00098213,0.00136626,0.00191938,0.00349802,0.00709363,0.015575,0.0490132,0.000111048,0.474703,0.923807,1,52.4633,0.308239,0.23996,28.7002,3.3343,65.7176,1.28608,177.681,3.47205,260.712,0.452393,296.211,0.514453,0.193825,0.391467,0.175912,0.382509
0.0580725,0.825324,0.00047678,0.000395774,0.000688853,0.00136717,0.00176449,0.00242703,0.00447086,0.00860392,0.0186439,0.0604231,7.45559e-05,0.466716,0.876562,1,55.606,0.379978,0.296099,28.4398,1.27778,62.3234,0.727728,177.052,0.559292,260.694,0.670164,298.52,3.62714,0.200587,0.39347,0.210363,0.412395
0.0560667,0.781881,0.000459192,0.000429002,0.000631185,0.00127643,0.00182551,0.00242883,0.00458281,0.00904308,0.0199787,0.0634169,7.01867e-05,0.502238,0.893128,1,51.7426,0.381182,0.285716,28.5478,0.603478,62.3592,4.21396,179.307,0.492486,256.682,0.828742,298.985,1.12162,0.206313,0.400224,0.227085,0.392706
0.0535992,0.798572,0.000496886,0.000391943,0.000643178,0.00126853,0.00170869,0.00235504,0.0042531,0.00865433,0.0189651,0.0626551,6.57708e-05,0.485299,0.927241,1,75.8377,0.412244,0.277719,27.8516,0.733129,62.5863,3.90468,180.728,1.16732,257.893,1.13909,299.399,3.11835,0.195624,0.383796,0.213945,0.378773
0.0539292,0.751701,0.000384471,0.000308095,0.000496001,0.000925015,0.00134719,0.00180084,0.00320799,0.00698198,0.0152217,0.0489066,0.000123519,0.500271,0.978484,1,48.0509,0.301943,0.280855,27.9754,1.38363,64.0677,0.673072,176.681,1.32116,263.639,0.366703,297.223,0.533126,0.192557,0.392064,0.188994,0.431978
0.0540649,0.806505,0.000777931,0.00071156,0.000943022,0.00149562,0.00201723,0.00253855,0.00476904,0.00937706,0.0206915,0.068595,5.61117e-05,0.387854,0.911695,1,65.687,0.433678,0.277497,29.0728,0.77961,63.5184,1.45868,180.67,0.661623,257.928,0.317706,299.106,1.66151,0.212057,0.400638,0.213496,0.413263
0.0601935,0.865416,0.000946383,0.000651873,0.00129423,0.00141446,0.00188459,0.00276183,0.00499848,0.00951248,0.0213106,0.0675333,5.85536e-05,0.344386,0.931711,1,68.0496,0.427349,0.321326,28.036,0.518254,62.1692,1.10543,179.971,0.557849,262.581,0.849362,298.389,0.392844,0.203464,0.391187,0.209979,0.414204
0.0587024,0.900262,0.000688982,0.000738389,0.000842488,0.00152318,0.00193962,0.00257583,0.00473806,0.00930536,0.0193522,0.0660089,6.33369e-05,0.410297,0.909989,1,50.7806,0.44653,0.320952,28.4302,0.605378,64.1102,0.689524,180.53,0.723779,260.604,0.279424,298.171,0.339584,0.210686,0.408202,0.21064,0.457604
0.0561182,0.817212,0.000625546,0.000452367,0.000993693,0.00113453,0.00172543,0.00223541,0.00403294,0.00773419,0.0177765,0.0556135,8.00262e-05,0.374049,0.890993,1,51.9098,0.387409,0.2887,29.9308,3.75127,63.3443,2.35228,178.042,2.31363,260.076,0.863397,296.283,2.12112,0.223827,0.419601,0.233688,0.423683
0.0531872,0.875097,0.00067926,0.000505184,0.00103859,0.00126019,0.0017554,0.00237958,0.00436736,0.00854,0.0184553,0.0592994,9.85569e-05,0.350859,0.893784,1,56.2971,0.405369,0.284098,29.1072,5.73382,64.532,5.57542,178.504,1.5611,260.38,0.960387,296.283,3.40285,0.22405,0.435987,0.223106,0.418318
0.0629037,0.603675,0.000490376,0.000416168,0.000612373,0.000906855,0.00120787,0.00156859,0.00295221,0.00596231,0.0128526,0.0405616,9.0401e-05,0.378817,0.932194,1,61.371,0.30779,0.27427,26.8551,0.269057,62.6872,0.304645,178.816,1.51887,259.597,0.580724,299.68,0.435565,0.202889,0.36338,0.226897,0.396015
0.0659587,0.756715,0.000674033,0.000681456,0.000907259,0.00134765,0.00189053,0.00251621,0.00464948,0.00896449,0.0203174,0.0635526,5.77332e-05,0.388423,0.894885,1,48.2863,0.349363,0.317342,28.1375,0.667311,61.1658,1.11028,178.507,1.25046,260.755,0.630304,296.404,2.73758,0.199362,0.373457,0.204764,0.381687
0.0677058,0.759274,0.000588969,0.00048871,0.000762338,0.00133154,0.00185037,0.00236288,0.0044751,0.00868348,0.0184017,0.0595823,0.000101773,0.444372,0.886228,1,59.7578,0.293932,0.343793,29.1504,0.609175,60.5408,0.784023,175.929,1.50565,260.527,0.452788,296.698,0.782438,0.229073,0.429928,0.245804,0.446868
0.0631623,0.776557,0.00054956,0.000504291,0.000857114,0.00138622,0.00190038,0.00257696,0.00488544,0.00882491,0.0198782,0.06317,8.15208e-05,0.419604,0.842808,1,63.9075,0.327299,0.305582,29.1814,1.57521,62.4618,3.28226,178.834,1.4573,259.237,2.63881,300.016,2.38625,0.219198,0.414786,0.222899,0.445208
0.0580774,0.672953,0.00037204,0.000291384,0.000500496,0.000792213,0.00101691,0.00140585,0.00265107,0.00556095,0.0119238,0.0361593,0.000163486,0.411645,0.967936,1,43.1693,0.261813,0.28224,28.4046,0.827918,62.8809,0.370897,177.899,1.04265,260.351,0.333317,295.923,0.509415,0.209631,0.417197,0.235393,0.45107
0.0562206,0.822452,0.000689533,0.00045997,0.000878362,0.00129573,0.0016707,0.00245938,0.00434977,0.0083596,0.0183045,0.0599268,7.00797e-05,0.426778,0.864058,1,62.5709,0.405385,0.279964,28.6999,1.93179,64.1141,4.44233,180.039,1.2192,258.159,2.86088,297.754,1.46982,0.201432,0.398694,0.216461,0.374364
0.0548153,0.725457,0.000491893,0.000476113,0.000723032,0.00133805,0.00187781,0.00233169,0.00447876,0.0086354,0.0184709,0.0609716,6.1777e-05,0.476953,0.889654,1,60.4903,0.37649,0.258971,28.0424,0.61252,62.9818,0.760166,181.063,0.731793,257.831,0.699542,298.694,3.27721,0.191364,0.375502,0.187853,0.385212
0.0540733,0.782745,0.000361484,0.00027181,0.00052437,0.000952412,0.0012522,0.0018055,0.00328038,0.00633289,0.0139134,0.0428492,8.46285e-05,0.5105,0.89194,1,41.1988,0.407412,0.267004,27.6024,0.560812,66.2797,2.39905,182.377,1.29471,257.876,0.703897,297.715,0.877025,0.193245,0.382111,0.212436,0.401781
0.06447,0.734214,0.000433003,0.000468813,0.000644506,0.0011832,0.00159781,0.00219269,0.00413206,0.00786787,0.016887,0.0530751,7.80732e-05,0.44879,0.87723,1,63.3466,0.32455,0.304432,27.9526,0.621875,62.4682,1.11645,179.084,0.664064,261.285,1.82835,297.517,0.805803,0.200501,0.383649,0.201917,0.40655
0.0620182,0.743729,0.000452503,0.000457489,0.000718911,0.00122317,0.00169245,0.00227518,0.00431703,0.00834834,0.0178196,0.0561034,7.4097e-05,0.434367,0.873442,1,58.5029,0.332562,0.293501,28.3965,0.569786,63.1814,1.0522,179.307,0.849856,260.785,1.21334,296.875,0.822693,0.201477,0.383104,0.197478,0.404943
0.0600408,0.821391,0.000494452,0.000403597,0.00055701,0.00131091,0.0017961,0.00239061,0.00432402,0.0083908,0.0186912,0.0591208,8.2376e-05,0.538566,0.882936,1,78.5267,0.345576,0.305746,27.6962,0.835221,65.0399,0.763687,177.391,1.89633,259.363,0.355063,296.469,1.06833,0.182307,0.387441,0.186759,0.395189
0.0506681,0.715589,0.000753198,0.000586314,0.00116345,0.000709274,0.00103188,0.00139017,0.00241918,0.00503688,0.0109702,0.0335609,0.000124461,0.201032,0.973519,1,38.5713,0.356791,0.245661,28.9943,1.52951,63.1632,1.04754,179.766,1.3615,258.951,0.741039,296.894,1.63577,0.209213,0.423331,0.235848,0.461819
0.062774,0.788816,0.000745895,0.000634507,0.00142784,0.00136014,0.00200494,0.00260287,0.00508017,0.00888566,0.0191571,0.060367,8.29293e-05,0.324056,0.836578,1,80.7742,0.331315,0.291895,28.669,0.958779,65.5045,1.70765,179.294,1.12911,260.418,0.391765,298.721,0.977202,0.205112,0.398608,0.203217,0.400766
0.0604327,0.770243,0.000605343,0.000545834,0.00100692,0.00126473,0.00189403,0.00243322,0.00423797,0.00773976,0.0164911,0.0503682,5.7695e-05,0.358842,0.821253,1,35.7188,0.399314,0.268668,28.3001,0.619869,65.3308,1.31628,178.226,0.895587,259.668,0.564854,296.668,1.56413,0.182934,0.369626,0.183281,0.365953
0.0689214,0.818782,0.000655521,0.00041705,0.000899899,0.00126729,0.00177812,0.00224487,0.00438605,0.00731759,0.0165635,0.0500271,9.38104e-05,0.375564,0.811645,1,72.0757,0.324627,0.323356,28.8171,2.01623,65.4507,1.76659,180.222,0.749032,260.905,0.422161,298.434,1.03724,0.207546,0.410775,0.211776,0.448474
0.0576482,0.789799,0.000483321,0.000589243,0.00079039,0.00125027,0.00160047,0.00213139,0.00417781,0.00728771,0.0147474,0.0459363,9.20065e-05,0.370951,0.809622,1,33.3926,0.38176,0.26677,28.8985,1.21072,64.9759,1.98436,181.081,0.854412,256.039,1.73423,299.56,1.11326,0.211336,0.42059,0.22915,0.413964
0.065077,0.814079,0.000601685,0.000327414,0.0005983,0.00138341,0.00178123,0.00235155,0.00480242,0.00730682,0.0164351,0.0485464,7.82044e-05,0.462729,0.749566,1,64.1218,0.412906,0.30208,28.1554,0.41924,61.8024,1.67359,179.373,0.751996,262,0.3901,297.79,1.6168,0.227658,0.410425,0.226759,0.445072
0.060441,0.778681,0.000351857,0.000293064,0.000553137,0.00120476,0.00173648,0.00238958,0.00407388,0.00745044,0.0151651,0.0466518,9.07416e-05,0.491685,0.773561,1,63.9012,0.386249,0.287734,29.2775,0.393153,62.3478,2.26558,178.578,0.42241,259.049,0.554842,296.829,2.14988,0.239448,0.433671,0.246733,0.454411
0.0525152,0.832876,0.000313089,0.000340756,0.000573745,0.00106816,0.00145735,0.00197314,0.00353899,0.00626361,0.0137905,0.0409979,9.48837e-05,0.457916,0.808388,1,45.3651,0.458033,0.256499,28.6625,1.69878,63.8696,1.31025,180.472,3.4634,258.86,0.714634,299.866,0.485223,0.216863,0.419747,0.237741,0.441799
0.0615216,0.820525,0.00043085,0.000461291,0.000747764,0.00175662,0.00223072,0.00303159,0.00565389,0.011029,0.0248752,0.080268,7.023e-05,0.552518,0.888077,1,62.5391,0.334301,0.322319,28.085,0.701311,63.4862,1.09864,178.13,0.572376,261.617,0.697113,296.949,1.33361,0.203265,0.386924,0.196395,0.384169
0.0432194,0.783662,0.000320324,0.000308739,0.000584676,0.00103188,0.00128894,0.0018343,0.0034202,0.00711612,0.0165612,0.0516477,7.31627e-05,0.525098,0.974773,1,44.5577,0.489039,0.229011,27.8242,0.66343,66.1675,1.81783,179.354,2.00757,261.265,0.402224,298.645,1.17809,0.185638,0.377157,0.178077,0.40339
0.0590335,0.78326,0.000408616,0.000433646,0.000680803,0.0012632,0.0017268,0.00217852,0.00437306,0.00872194,0.0198538,0.061412,8.72126e-05,0.450172,0.927601,1,62.7996,0.344112,0.314591,29.4618,1.23859,60.2041,1.20248,178.963,0.657089,260.015,2.04636,297.906,0.669678,0.2274,0.431654,0.240596,0.452945
0.057203,0.785397,0.000420382,0.000470261,0.000712313,0.00127728,0.00173858,0.00217302,0.00447136,0.00875619,0.0198873,0.0619022,8.99521e-05,0.456775,0.925991,1,63.2996,0.346224,0.305532,29.3277,1.27469,59.9268,1.22761,179.083,0.657985,259.769,1.53146,297.817,0.526758,0.228714,0.429525,0.240536,0.451034
0.0467643,0.815257,0.000507592,0.000378958,0.000515809,0.000952484,0.00130968,0.00166168,0.00327157,0.00690438,0.0146026,0.0462437,0.0001112,0.455371,0.954174,1,44.5353,0.419285,0.253667,28.5044,0.611388,65.9209,1.19058,178.699,1.14153,259.251,0.480757,299.844,2.90401,0.21348,0.419192,0.229988,0.467568
0.0449364,0.793136,0.000289904,0.00027881,0.000504946,0.000813201,0.00110318,0.00158874,0.00270794,0.0056234,0.0127956,0.0401702,0.000111795,0.439261,0.964093,1,52.6681,0.450527,0.241803,28.823,2.11891,63.4148,1.01862,179.97,0.677451,259.532,1.48292,297.262,0.582912,0.215043,0.427251,0.233569,0.469312
0.0444755,0.818897,0.000295932,0.000241313,0.000342812,0.000707014,0.000981442,0.00123071,0.00249462,0.00525183,0.0109124,0.034226,0.000145271,0.512037,0.974715,1,53.2292,0.431185,0.248201,28.5082,1.04438,64.387,1.4615,179.806,0.760392,261.82,0.814369,299.084,1.9438,0.21686,0.432795,0.253257,0.517703
0.0377825,0.844505,0.000327864,0.000297666,0.000488428,0.000808752,0.00111257,0.0013806,0.00271054,0.00573446,0.0131148,0.0409379,0.0001233,0.504577,0.990144,1,71.3577,0.59666,0.22636,29.5623,0.899259,62.5691,1.24161,178.711,2.26626,262.661,0.686839,294.81,0.291306,0.246748,0.459358,0.250898,0.487971
0.0393184,0.84745,0.000276046,0.000295852,0.000468984,0.000833407,0.00115482,0.00146592,0.00275455,0.00587185,0.0135719,0.0422652,0.000114197,0.422675,0.98342,1,59.8414,0.583957,0.230897,29.858,0.871079,62.1854,0.88348,178.881,1.25052,262.952,1.26477,294.977,0.342678,0.245348,0.462688,0.245814,0.483759
0.0356872,0.79398,0.000335965,0.000320626,0.000432862,0.00079419,0.00105027,0.00144963,0.0027076,0.00573062,0.0126055,0.0418627,0.000119001,0.500092,0.974907,1,54.4134,0.668587,0.206402,29.5164,0.687825,61.7977,1.09968,180.598,1.1651,260.741,0.983717,296.958,0.29712,0.253127,0.462368,0.251004,0.502549
0.0502521,0.903683,0.000548441,0.000478201,0.000743002,0.00103124,0.00144214,0.00201576,0.00365856,0.00795125,0.0177956,0.0543783,0.000102374,0.42224,0.994254,1,64.2821,0.422151,0.298761,28.9579,0.700433,63.6465,0.529527,178.084,1.79603,262.129,0.458273,300.218,0.297742,0.215459,0.437402,0.238422,0.520935
0.0608406,0.700307,0.000533584,0.00047795,0.000682986,0.00124142,0.00169281,0.00235942,0.00436236,0.00877195,0.0188915,0.0590413,9.29587e-05,0.414042,0.934078,1,45.0675,0.273888,0.293686,28.7905,1.39014,61.7763,1.12241,178.669,0.994023,259.584,1.54753,296.36,5.59585,0.201105,0.39481,0.197502,0.392988
0.0407409,0.884446,0.000344467,0.000275073,0.000529694,0.00117141,0.00159373,0.0020861,0.0039205,0.00874419,0.0200149,0.0667608,8.34558e-05,0.637199,0.996798,1,47.2249,0.536277,0.254973,28.9868,1.54605,62.2121,0.275613,180.608,1.35818,260.832,0.466126,295.418,0.299528,0.231719,0.429445,0.215603,0.444086
0.0420171,0.776032,0.000353882,0.000314062,0.000527895,0.00108967,0.00149582,0.00207032,0.00399195,0.00851245,0.0191673,0.0641551,7.58637e-05,0.624438,0.994021,1,48.3426,0.467018,0.239722,28.793,0.644935,63.6454,0.359561,180.646,0.443803,262.881,0.287973,297.132,0.400944,0.218736,0.403055,0.192601,0.420079
0.0489914,0.768473,0.00038339,0.000288873,0.000575341,0.000922687,0.00121738,0.00167925,0.0031236,0.0065413,0.0146577,0.0459722,7.84154e-05,0.456154,0.998928,1,66.6478,0.417751,0.252631,27.1167,0.529158,67.1182,0.339251,180.68,1.43719,259.518,0.447255,296.416,0.463847,0.179145,0.366538,0.18659,0.370169
0.0481219,1.01015,0.000598579,0.000519873,0.000712977,0.0020116,0.00277826,0.00375396,0.00690244,0.0146348,0.0339272,0.120267,6.53852e-05,0.644887,0.937617,1,48.1896,0.493109,0.31315,29.2801,1.12842,62.4371,3.40135,178.079,1.10473,260.249,0.459035,295.518,0.923916,0.22624,0.444691,0.20851,0.428449
0.0568215,0.775692,0.000255264,0.00025128,0.000340442,0.000987948,0.00133735,0.00179979,0.00349986,0.00762456,0.0170457,0.0538206,8.40167e-05,0.70959,0.997763,1,62.9683,0.339741,0.318727,27.3599,0.561552,62.6139,0.667446,179.753,0.713094,260.145,0.443629,298.61,1.66786,0.194075,0.380754,0.222211,0.435173
0.0503314,0.785539,0.000376077,0.000304731,0.0004377,0.00113895,0.00160739,0.00206692,0.003979,0.00834972,0.0190974,0.0640185,7.73238e-05,0.652544,0.981024,1,47.7596,0.41405,0.291159,28.3704,0.347797,61.4315,1.52098,179.386,2.17083,259.065,0.723261,296.999,0.976903,0.226426,0.408082,0.244118,0.421913
0.0450432,0.722852,0.000375503,0.000350837,0.000509111,0.00103061,0.00146288,0.00192697,0.0036988,0.00806689,0.0181886,0.0624967,7.79041e-05,0.559851,0.996098,1,50.4625,0.401939,0.242964,28.8615,0.696467,62.2148,1.39571,178.046,0.791987,261.654,0.455007,297.898,1.63075,0.212579,0.392724,0.204775,0.403024
0.0622678,0.838791,0.000377918,0.000305523,0.000571475,0.00119327,0.00168718,0.00228498,0.0042447,0.00863474,0.0189031,0.0574545,0.00011005,0.5682,0.905447,1,59.8472,0.31254,0.338934,28.3247,2.12756,62.4722,1.97952,180.106,0.770629,260.617,3.84147,300.055,2.05177,0.211003,0.420914,0.22988,0.47946
0.0541895,0.683175,0.000550145,0.00046162,0.000675372,0.00126778,0.00166662,0.00222201,0.00424734,0.00924543,0.0203162,0.0681397,0.000103688,0.509333,0.982018,1,59.5392,0.263364,0.276276,29.1471,1.46087,63.4963,0.771192,177.896,0.895423,260.016,0.322292,294.345,0.776742,0.205895,0.405439,0.188274,0.368723
0.0580369,0.723622,0.000429151,0.000360259,0.000644812,0.00120054,0.00174275,0.0024025,0.00455884,0.00917579,0.0206215,0.06895,8.00496e-05,0.547072,0.975016,1,47.9003,0.301876,0.298406,27.6358,0.663763,62.8108,1.13802,179.447,1.31856,262.44,0.345129,295.938,0.623716,0.192966,0.376069,0.170951,0.38212
0.0552879,0.746223,0.000649835,0.000456263,0.000659999,0.00132038,0.00175693,0.00236293,0.00442229,0.00972461,0.0207672,0.0690831,9.7972e-05,0.531459,0.983928,1,45.2206,0.288345,0.297902,28.9363,0.869848,63.8057,2.37832,178.825,1.12119,262.44,0.273352,294.819,0.345275,0.210852,0.407149,0.179455,0.404396
0.0594467,0.780088,0.000490643,0.00040635,0.000831277,0.00116433,0.00156984,0.00220232,0.00406554,0.00848967,0.0193112,0.0608489,0.000113273,0.445273,0.976274,1,49.4058,0.289969,0.323867,29.1584,1.49138,62.7566,1.45719,177.707,1.61441,264.572,0.254988,293.317,0.425242,0.220567,0.426839,0.180514,0.450834
0.0559186,0.841053,0.000593652,0.000568773,0.000741483,0.00109356,0.0014984,0.00199329,0.00366763,0.00801815,0.0172303,0.0553406,9.29131e-05,0.397462,0.989909,1,61.3159,0.36569,0.311384,28.5674,0.969656,63.5397,0.892393,180.261,1.27028,263.126,0.294244,292.15,0.282366,0.207453,0.418636,0.177374,0.434762
0.0612922,0.688224,0.000508275,0.000352846,0.000805117,0.00100201,0.00136057,0.001912,0.00342873,0.00668786,0.0145101,0.0466928,7.28994e-05,0.434838,0.915168,1,58.0816,0.317045,0.272517,27.0991,0.84083,64.4585,1.76508,176.898,3.06226,257.448,1.6088,299.186,4.98602,0.164707,0.344272,0.18626,0.360084
0.0624539,0.716025,0.000501465,0.000530249,0.000665149,0.00130153,0.00180789,0.00232413,0.00423385,0.00871724,0.0191779,0.0600738,8.57585e-05,0.497292,0.926112,1,56.0572,0.284761,0.29811,27.3091,0.491991,65.9709,1.39875,177.654,0.512953,259.083,0.488627,298.931,0.47499,0.17975,0.364433,0.184294,0.386479
0.0487611,0.736732,0.000615861,0.000489216,0.000818,0.000949076,0.0013074,0.00176358,0.0030986,0.00693348,0.0155467,0.0487126,0.000101854,0.390348,0.985379,1,48.6381,0.355785,0.246174,28.0578,4.81364,63.6437,2.63139,177.445,3.45496,260.775,1.9996,297.235,3.15616,0.189793,0.388279,0.187992,0.397347
0.061442,0.755148,0.00056771,0.000495489,0.00080694,0.00113144,0.00149874,0.00193299,0.00378772,0.00781258,0.0165756,0.0529847,7.41196e-05,0.413869,0.924266,1,60.1789,0.369126,0.307219,27.7302,0.357278,61.2603,1.50703,181.632,1.84795,259.814,0.714072,298.308,1.81217,0.211289,0.392117,0.22888,0.433839
0.0577895,0.834426,0.000349172,0.000383295,0.000548943,0.00139218,0.00173301,0.0024826,0.00438033,0.00892224,0.0189242,0.0634911,9.17251e-05,0.549769,0.868558,1,45.9548,0.328392,0.295729,28.4012,4.29037,66.7918,1.29819,177.528,0.478873,260.526,0.498682,296.237,0.617025,0.189679,0.389059,0.185133,0.392177
0.058475,0.790982,0.00046335,0.000297897,0.000679422,0.00137147,0.00183813,0.00243269,0.00452354,0.00915732,0.0201415,0.0663102,9.46549e-05,0.549952,0.890418,1,47.9646,0.306296,0.297016,28.2512,2.24036,66.0343,2.5064,179.282,0.34886,258.55,1.31472,297.615,0.52484,0.194288,0.396437,0.194096,0.395553
0.0514611,0.739958,0.000376055,0.000385698,0.000577495,0.00112368,0.00157879,0.00203262,0.00380936,0.00847176,0.0187966,0.0622991,5.98518e-05,0.565908,0.97274,1,57.931,0.391645,0.261363,27.0992,0.524921,63.3117,1.05443,180.255,0.334729,260.663,0.270984,297.485,0.759287,0.173175,0.353785,0.165388,0.361524
0.0500726,0.752753,0.000368442,0.000312971,0.000531877,0.00123485,0.00166863,0.00223941,0.00412384,0.00881902,0.019682,0.0653815,6.7731e-05,0.602121,0.966808,1,64.6043,0.382007,0.261935,27.4698,0.457806,66.0229,5.61896,180.848,0.287589,259.767,0.329407,296.376,2.96768,0.18867,0.365665,0.175237,0.360414
0.0469567,0.878605,0.000385321,0.000339508,0.00051621,0.00120765,0.00164031,0.00227383,0.00430076,0.00855883,0.0190046,0.063993,7.17414e-05,0.595309,0.927109,1,65.4286,0.493391,0.262532,27.5588,0.597143,65.6607,2.06481,179.996,0.264677,259.315,0.284327,294.834,0.736738,0.19098,0.388104,0.187365,0.366911
0.0722983,0.876257,0.000680798,0.00065647,0.000923784,0.00171298,0.00235176,0.00330864,0.00588313,0.0123238,0.0266579,0.0871061,6.48368e-05,0.489056,0.941815,1,46.6457,0.32148,0.403279,28.2426,1.4628,62.3958,0.606174,178.038,5.00093,259.736,1.91079,298.937,1.3958,0.197474,0.398207,0.214112,0.434687
0.0669654,0.792504,0.000723262,0.000596114,0.00101113,0.00183021,0.00227708,0.00305477,0.00589864,0.0121504,0.0270283,0.0879386,5.7254e-05,0.497393,0.93244,1,39.3994,0.329038,0.357176,28.7919,0.527234,62.8586,1.34246,177.872,0.480539,260.556,1.52676,300.073,1.7693,0.215725,0.391675,0.221079,0.419536
0.0632424,0.872361,0.000720553,0.000665937,0.00100227,0.00184622,0.0022988,0.00344126,0.00619151,0.0127041,0.028504,0.0925814,5.94978e-05,0.45801,0.927345,1,37.5368,0.357612,0.349485,28.712,0.931708,61.8488,2.11135,177.851,1.01836,259.983,2.76994,298.503,2.07119,0.205815,0.402425,0.205534,0.412336
0.0633036,0.81154,0.000512671,0.000558268,0.000823144,0.00123374,0.00185521,0.00228056,0.00416066,0.00889167,0.01979,0.0649169,8.8105e-05,0.411615,0.969826,1,49.2432,0.316657,0.341104,28.4444,0.773541,63.903,0.63902,178.169,1.12128,260.992,0.486661,296.187,1.68774,0.207274,0.402776,0.222472,0.415882
0.0591985,0.810747,0.000604917,0.000464937,0.000693519,0.00118961,0.00152654,0.00224686,0.00405677,0.00872124,0.019053,0.0594258,9.35712e-05,0.439724,0.937781,1,44.714,0.321451,0.311091,28.676,1.89684,64.1866,1.85067,178.948,0.452384,259.667,0.89423,298.472,1.00309,0.200741,0.407468,0.205364,0.466609
0.0637572,0.779906,0.000438886,0.0004806,0.00073047,0.00107439,0.0015995,0.00192782,0.00357998,0.0074949,0.0169231,0.0518855,0.000112422,0.391813,0.973686,1,51.1707,0.289467,0.332815,28.3009,2.55905,63.6931,1.35855,177.103,0.303806,258.248,0.414355,297.178,4.34843,0.199551,0.405671,0.246358,0.424556
0.0583588,0.865678,0.00057186,0.000688088,0.000980172,0.00153169,0.00198379,0.00295432,0.00533472,0.0090411,0.020266,0.0635749,6.58528e-05,0.371565,0.805709,1,53.5025,0.469769,0.280083,27.4521,0.548461,64.0596,1.47234,180.915,0.46043,260.328,0.316877,293.428,0.27226,0.197748,0.400893,0.171958,0.365396
0.057395,0.716112,0.000223714,0.000251146,0.000336271,0.00097887,0.00141339,0.00173033,0.00325898,0.00699508,0.0154982,0.0474394,0.000103238,0.618189,0.950721,1,51.8736,0.299965,0.294495,28.2795,3.03781,62.6347,1.69277,175.786,0.90606,257.809,0.423337,301.921,0.36488,0.198059,0.386996,0.23392,0.43977
0.0526031,0.757636,0.000469363,0.00055249,0.000784447,0.00115137,0.0015983,0.00239426,0.00427356,0.00921586,0.020419,0.064362,6.94345e-05,0.437233,0.964605,1,57.6621,0.379687,0.26753,27.3988,0.445188,63.381,1.43379,181.621,1.04925,261.199,0.417561,295.105,1.11374,0.191207,0.373843,0.176317,0.349918
0.0564229,0.746473,0.000434118,0.000539101,0.000661279,0.00119052,0.00164522,0.00205388,0.00390447,0.00858236,0.0192667,0.0620678,6.15354e-05,0.515285,0.989171,1,52.3885,0.354294,0.296199,28.4461,0.776405,63.5864,1.55513,180.123,0.449144,259.156,0.36039,295.512,2.21896,0.196238,0.376418,0.197402,0.381544
0.0453313,0.792563,0.000324413,0.000354742,0.000685178,0.00104239,0.00147931,0.00213492,0.00385772,0.00796278,0.0174029,0.0552901,9.19716e-05,0.502387,0.935782,1,51.3498,0.439179,0.239162,27.8642,0.842035,63.0479,1.43747,178.553,2.82241,258.845,0.416309,297.913,1.69427,0.200261,0.401169,0.203058,0.394399
0.0548474,0.905582,0.000559044,0.000366103,0.000780332,0.00108077,0.001521,0.00221323,0.00394465,0.00758828,0.0164287,0.0504708,0.000109114,0.415784,0.900175,1,49.8127,0.404913,0.304342,29.0113,1.2286,63.246,1.76415,180.084,0.53236,262.154,0.250534,296.434,0.472043,0.224486,0.451664,0.215593,0.488583
0.0580924,0.781281,0.000560502,0.000435737,0.000672661,0.00140056,0.00210939,0.00255514,0.00489797,0.0083505,0.0185504,0.0590133,6.48315e-05,0.455902,0.799546,1,53.4451,0.422323,0.270423,28.1687,0.605749,62.5928,1.29217,177.166,0.889587,259.972,7.02643,299.185,1.36909,0.209501,0.387185,0.211344,0.38655
0.0509116,0.781516,0.000264767,0.000247002,0.000449744,0.00101607,0.00133072,0.00172557,0.00331068,0.00638466,0.0133251,0.0415496,0.000124736,0.553485,0.859785,1,43.8654,0.35638,0.252533,28.2816,1.45931,64.2975,1.35288,179.407,1.06646,259.695,0.253831,297.674,0.584401,0.20012,0.412237,0.206449,0.420535
0.0601869,0.835455,0.00122007,0.00102407,0.00167478,0.00129794,0.00186204,0.00240838,0.00434993,0.00957607,0.0204715,0.0653131,7.99617e-05,0.275173,0.974182,1,67.6981,0.3603,0.326608,28.5533,0.535725,62.6604,0.425574,178.725,0.673792,260.754,0.271581,296.456,0.532411,0.213,0.42054,0.217566,0.437278
0.0664292,0.726595,0.000821266,0.000910726,0.00131721,0.0011828,0.00159233,0.00209557,0.00379991,0.00802383,0.0177245,0.0544496,9.17478e-05,0.271336,0.961713,1,92.9958,0.282359,0.316989,27.4627,0.510869,65.3423,0.327879,179.264,2.45758,260.644,3.70629,298.792,0.490649,0.190968,0.378939,0.197132,0.43008
0.0601049,0.789669,0.00117305,0.00130887,0.0018029,0.0012418,0.00176156,0.00234157,0.00417882,0.00845097,0.0182264,0.0585011,6.63185e-05,0.225253,0.929157,1,67.5085,0.372937,0.291053,28.0471,0.885786,64.0559,0.973324,180.669,0.473824,260.68,0.290099,295.688,0.486417,0.188758,0.383977,0.177584,0.388247
0.0613602,0.740292,0.000914219,0.000824694,0.00116494,0.00120389,0.00162621,0.00207875,0.00396905,0.00767454,0.0170267,0.05458,6.58732e-05,0.300147,0.927086,1,58.7885,0.320701,0.278617,27.6749,1.21083,68.6829,1.95471,178.312,1.07581,260.901,0.90111,296.895,0.285164,0.16378,0.345302,0.149009,0.370965
0.0577943,0.770925,0.000974382,0.000785985,0.00147234,0.00119135,0.00168568,0.00239867,0.00414927,0.0086088,0.0186726,0.059433,7.1685e-05,0.287767,0.950722,1,59.9069,0.350054,0.278148,27.1514,1.33605,65.2682,2.25935,178.467,0.591515,258.656,1.63866,299.627,0.284911,0.172109,0.359079,0.185478,0.373093
0.0598076,0.739589,0.00035217,0.00053557,0.000786558,0.00110329,0.00157211,0.00218535,0.00398515,0.00799861,0.0173708,0.0566878,7.3829e-05,0.401328,0.937953,1,46.0357,0.3403,0.294819,28.2972,0.725879,62.9749,0.63517,178.342,2.20048,261.882,0.291403,295.966,0.506123,0.198589,0.383808,0.183498,0.423131
0.0539113,0.709446,0.000686883,0.000404825,0.000651235,0.00115775,0.00153487,0.00197325,0.00383508,0.00754394,0.0169483,0.0548027,9.44185e-05,0.462378,0.925893,1,45.0879,0.306649,0.259723,28.508,0.916233,63.3749,6.85642,177.793,1.11558,259.346,1.05302,296.067,2.13999,0.19177,0.389087,0.18499,0.402082
0.0509343,0.751289,0.000894327,0.00064533,0.00116611,0.000795693,0.001089,0.00155806,0.00272054,0.00563293,0.0124953,0.0383405,8.78869e-05,0.230759,0.994643,1,64.5834,0.422292,0.248501,27.1814,0.771614,66.9764,0.276189,179.916,0.535465,260.221,0.30938,296.621,0.557759,0.185097,0.372315,0.199787,0.39312
0.0516252,0.760679,0.000723795,0.00084863,0.00120097,0.000848629,0.00110699,0.00161782,0.00287907,0.00605018,0.0134481,0.0407825,7.49767e-05,0.240873,0.995039,1,65.6405,0.427832,0.25289,27.2674,0.645458,66.4904,0.293576,180.256,0.708867,260.492,0.393219,296.846,0.615255,0.175733,0.368905,0.193175,0.39764
0.0517499,0.687727,0.000637378,0.000541919,0.000820388,0.00080328,0.00120341,0.00149967,0.00277263,0.00587507,0.0126504,0.0406796,8.16449e-05,0.310211,0.992501,1,59.1558,0.386219,0.241085,26.7722,0.423931,65.5036,0.357353,178.203,1.04073,262.021,1.18757,296.899,1.86164,0.174841,0.351418,0.17965,0.378844
0.0591154,0.689598,0.000526649,0.000622057,0.000928315,0.000976149,0.00126828,0.00178275,0.00333599,0.00702988,0.0157874,0.0485182,7.59515e-05,0.33948,0.978371,1,73.1301,0.344529,0.283424,27.3819,0.436204,62.1087,0.533752,177.403,2.12789,259.763,1.14549,297.651,0.890196,0.193748,0.370862,0.213901,0.392677
0.0603598,0.667719,0.000739668,0.000528331,0.000852632,0.00104769,0.00148137,0.00188848,0.0034257,0.0070646,0.0155618,0.050653,8.7555e-05,0.368741,0.957483,1,58.6432,0.303285,0.281948,27.6319,0.448549,62.16,0.941471,178.09,1.03889,261.074,0.89305,299.964,1.46726,0.1937,0.374475,0.200397,0.422254
0.0559999,0.658845,0.000349844,0.000389944,0.000513539,0.000805282,0.00122044,0.00152562,0.00277234,0.00582353,0.0128445,0.0378032,0.000134256,0.454535,0.935605,1,43.089,0.278743,0.261384,28.1169,0.831646,63.6897,2.3584,179.909,1.546,259.971,0.848615,294.59,0.385768,0.202956,0.397417,0.201787,0.402843
0.0591845,0.674856,0.00044843,0.000386436,0.000706531,0.000966542,0.00119905,0.00172701,0.00315845,0.00620602,0.0136106,0.0432395,0.000108782,0.362744,0.910403,1,51.3809,0.289079,0.262863,27.6443,1.23738,64.6314,0.694766,179.418,0.808194,260.109,0.959017,300.791,0.756963,0.187264,0.37394,0.195257,0.421844
0.0636159,0.763213,0.000502528,0.000385978,0.000747033,0.00116165,0.00167262,0.0022476,0.00414442,0.00832316,0.0183548,0.0550224,0.000109305,0.438,0.894572,1,51.6108,0.284513,0.31074,28.0024,0.778849,63.9743,0.562113,178.625,1.64252,260.963,0.320936,294.571,1.85534,0.1976,0.400339,0.193852,0.39342
0.0616044,0.73395,0.000485628,0.000485845,0.000752885,0.00102604,0.00135054,0.00184028,0.00348476,0.00665899,0.01423,0.0457456,0.000117188,0.383388,0.905842,1,57.0509,0.285998,0.295948,28.8194,1.18389,64.2307,0.741719,178.516,1.84305,260.628,4.85373,300.279,0.836839,0.208789,0.405947,0.2291,0.467122
0.0636169,0.897808,0.000755792,0.000653094,0.00087371,0.00139229,0.00191798,0.00267296,0.00501922,0.00965814,0.0212895,0.0649297,6.93967e-05,0.436346,0.887405,1,46.7515,0.400412,0.342548,28.5305,1.22234,63.7848,2.72383,177.972,1.04173,260.464,0.265027,296.643,0.339965,0.206337,0.405389,0.213133,0.434079
0.0603319,0.730029,0.000699625,0.000662293,0.000806299,0.00149037,0.00208389,0.00279889,0.00522711,0.0110059,0.023512,0.0821631,7.39363e-05,0.464333,0.930143,1,58.7575,0.286261,0.298104,28.5156,1.19209,65.0913,0.779268,180.526,1.65451,261.245,0.683772,295.565,2.89294,0.202202,0.384939,0.173331,0.371331
0.0482653,0.790366,0.000410163,0.000377225,0.000710747,0.000799108,0.00110108,0.00148829,0.00280888,0.00593984,0.0128704,0.0397548,9.66931e-05,0.35572,0.991108,1,54.0584,0.43994,0.256379,28.2231,0.71089,63.5604,2.04406,177.994,0.481804,261.913,0.857179,299.543,1.37977,0.205165,0.40325,0.233461,0.475758
0.0464543,0.793063,0.000426861,0.00039679,0.000575859,0.000950916,0.00120786,0.00162784,0.00308049,0.00620943,0.0136539,0.0444294,0.000111514,0.416136,0.919264,1,54.0325,0.429589,0.241318,28.976,0.950347,63.8173,0.723571,180.612,3.56229,259.669,0.257766,296.545,0.29527,0.218232,0.431754,0.219622,0.43746
0.0520323,0.770175,0.000468153,0.000421936,0.000644476,0.000971225,0.00145756,0.00196534,0.00354735,0.00762159,0.0169604,0.0532236,8.23765e-05,0.468131,0.98218,1,54.908,0.404868,0.282907,28.3511,0.462933,61.2121,0.770308,178.768,0.580385,261.027,3.35697,301.526,0.296009,0.220721,0.402729,0.240754,0.471659
0.0516427,0.785074,0.000446013,0.000373904,0.000648035,0.001046,0.00133348,0.0017803,0.00334446,0.00718176,0.0153059,0.048304,0.000100218,0.459582,0.978483,1,53.5778,0.392779,0.280703,28.114,0.579997,61.0568,1.40786,177.827,1.91456,261.654,0.375997,296.346,0.407846,0.213507,0.409771,0.232116,0.431039
0.0452017,0.786101,0.000593276,0.000545417,0.000751293,0.000939433,0.00120222,0.00160703,0.00298248,0.0060886,0.0132226,0.0434613,9.22359e-05,0.330527,0.98029,1,54.1425,0.464181,0.232425,28.2037,1.35992,66.7352,0.700915,180.111,1.07151,260.076,1.30008,298.152,3.30495,0.194062,0.392,0.199627,0.444433
0.0454366,0.781418,0.000576853,0.000475221,0.000851652,0.000945766,0.00127041,0.00162227,0.0031436,0.00636169,0.0133405,0.0451532,8.1894e-05,0.341202,0.915139,1,47.2987,0.496327,0.222536,28.4651,0.821531,66.5846,0.540254,180.324,0.814427,260.562,2.09096,297.661,1.49906,0.196432,0.391087,0.200335,0.387151
0.043575,0.787565,0.000623919,0.000532328,0.0009316,0.0010268,0.00137424,0.00187819,0.00333828,0.00671614,0.0144749,0.0479861,7.68921e-05,0.323699,0.958305,1,52.6946,0.510895,0.221599,28.4345,1.14797,66.0561,0.377252,179.905,0.880879,259.983,3.47594,297.112,2.41515,0.198029,0.388693,0.199797,0.385873
0.0607377,0.722688,0.0003348,0.000376825,0.000593189,0.00114472,0.00158725,0.00216445,0.00409581,0.00885088,0.0193772,0.0618956,9.85813e-05,0.556208,0.99758,1,49.1535,0.268363,0.317611,27.6636,0.532156,62.4598,3.02331,177.322,1.98592,260.285,0.294147,298.721,0.423384,0.187697,0.386354,0.188671,0.415532
0.0548201,0.687077,0.000512524,0.000336208,0.00063268,0.00113438,0.0015319,0.00215186,0.00413987,0.0084615,0.0192152,0.0620799,0.000100695,0.501937,0.980708,1,72.4009,0.276922,0.274227,28.2501,0.882967,63.5295,1.63087,178.452,0.928149,260.766,4.01619,296.217,3.95978,0.19744,0.382526,0.183453,0.385299
0.0458113,0.756467,0.000328668,0.00026196,0.000441967,0.000776933,0.00106401,0.00141912,0.00260532,0.00551525,0.0123861,0.0378131,0.000114511,0.48105,0.970391,1,44.9546,0.417444,0.241526,28.5373,1.11132,62.6473,1.0371,179.506,2.14487,259.291,0.279776,299.764,0.386018,0.208331,0.418222,0.23021,0.477177
0.0423611,0.78419,0.000308637,0.000331956,0.000479202,0.000776035,0.00108504,0.00142601,0.0026864,0.00564228,0.0132219,0.0386852,0.000137546,0.480194,0.989313,1,51.1985,0.413942,0.23549,29.1897,1.28914,63.3266,0.707545,178.316,1.38995,259.97,0.301262,297.827,0.319037,0.222988,0.434711,0.241017,0.487907
0.0640451,0.86625,0.000625146,0.000765911,0.00119593,0.00154785,0.00220688,0.00268214,0.00517154,0.0105205,0.0228353,0.0734952,6.59444e-05,0.367559,0.910323,1,72.6971,0.354671,0.337938,29.0059,1.55562,63.4592,2.79268,178.998,2.1493,258.816,0.729229,296.222,0.574939,0.201413,0.402822,0.221148,0.384721
0.0460778,0.728905,0.000273268,0.000259083,0.000417478,0.000989553,0.00135281,0.00182817,0.00344921,0.00771987,0.0169354,0.0547317,8.92201e-05,0.650324,0.999951,1,58.7591,0.368644,0.247936,27.6469,0.886607,63.2449,0.412655,180.11,2.44497,260.158,1.85588,294.585,1.33938,0.193304,0.381678,0.181722,0.374143
0.0544904,0.73878,0.000281399,0.000232338,0.000399354,0.00108786,0.00146262,0.00202802,0.00373409,0.00838727,0.0183477,0.0602925,7.75333e-05,0.65647,0.999762,1,62.5101,0.344822,0.296914,27.6655,0.604633,62.9589,0.737153,178.401,0.497955,260.483,0.764394,295.331,1.12333,0.198185,0.375064,0.201378,0.397179
0.05664,0.821725,0.000666758,0.000574692,0.000951012,0.0015573,0.00217643,0.00278997,0.00505448,0.00951939,0.0208555,0.0707548,7.14401e-05,0.380059,0.835617,1,51.6556,0.382439,0.272272,28.5769,1.34185,65.3797,3.15069,179.842,3.58166,258.317,0.759492,297.851,1.84603,0.202799,0.403286,0.190361,0.392111
0.0543801,0.800085,0.000393642,0.00033451,0.00054266,0.000884388,0.00140582,0.00186941,0.00324542,0.00714698,0.0157471,0.0510349,9.80212e-05,0.465263,0.999382,1,55.046,0.354093,0.298975,28.367,0.584953,63.9602,0.583479,177.08,0.549696,261.501,0.295504,296.931,0.650561,0.201625,0.404358,0.215351,0.445223
0.0527838,0.795095,0.000375126,0.000423816,0.00057368,0.0012794,0.0014894,0.0020774,0.00402805,0.00886981,0.0194021,0.0617831,8.43589e-05,0.518787,0.996766,1,48.8566,0.351139,0.289292,27.9198,1.19694,62.7514,1.55131,180.129,1.6112,259.15,0.748318,297.938,2.65768,0.191719,0.393122,0.206662,0.399382
0.0497507,0.75199,0.000484413,0.000312098,0.000715902,0.0011681,0.00169561,0.00226767,0.00433616,0.00902429,0.0201276,0.0662796,0.000109419,0.527802,0.927352,1,50.9181,0.314853,0.261882,29.2901,1.45064,62.6546,1.43791,180.793,1.36518,259.016,0.314106,296.773,0.603883,0.220932,0.433575,0.204677,0.403245
0.0495212,0.681549,0.000405975,0.000344282,0.00043919,0.000999856,0.00134924,0.00191895,0.00337522,0.00724712,0.01635,0.0551267,9.61872e-05,0.526784,0.969655,1,51.0482,0.327606,0.254193,29.444,2.14127,62.3652,1.31071,180.709,4.17369,260.043,0.282462,297.126,0.666025,0.222481,0.409209,0.212829,0.425496
0.0619471,0.874259,0.000478466,0.000374977,0.000702563,0.00147106,0.00196464,0.00273987,0.00492327,0.0104218,0.022848,0.0723661,5.03639e-05,0.538375,0.96144,1,54.3228,0.422371,0.338504,25.9323,0.369013,65.3657,1.90864,177.977,0.879246,261.27,1.57235,298.667,0.713996,0.16435,0.340454,0.177008,0.383193
0.0430384,0.675698,0.000292522,0.000279035,0.000455679,0.000771121,0.00106614,0.00140164,0.00265735,0.00528167,0.0117692,0.0387474,0.000128316,0.479843,0.916435,1,60.1463,0.374314,0.20593,29.1459,1.40789,64.2769,0.821585,181.121,2.14731,259.645,0.356027,296.56,2.28655,0.213498,0.414354,0.204619,0.417964
0.0492435,0.671488,0.000471294,0.000367356,0.000585413,0.00113198,0.00156853,0.00213748,0.00389646,0.00733624,0.0163371,0.0515415,9.87832e-05,0.466467,0.839826,1,55.891,0.335023,0.218961,28.9624,0.901312,64.2455,0.604606,179.977,2.32436,259.194,0.270416,296.589,1.53318,0.206794,0.401054,0.188949,0.374963
0.0496247,0.694339,0.000374895,0.000326095,0.000576548,0.000984378,0.00140217,0.00192011,0.00352391,0.00643159,0.0143754,0.0453946,0.000106996,0.438481,0.843387,1,58.8676,0.343828,0.221365,28.6757,0.637292,65.2397,0.719265,179.734,1.27658,261.027,0.322706,296.799,1.33694,0.201124,0.396478,0.170622,0.413887
0.0498015,0.815812,0.000372998,0.000333283,0.00048209,0.00083839,0.0010952,0.00147096,0.00268515,0.00545844,0.0115401,0.0350682,0.000110932,0.42511,0.907433,1,56.7893,0.440293,0.254993,28.3193,2.87667,65.1409,0.416746,180.127,1.87544,261.877,0.280283,294.592,1.90752,0.206693,0.417006,0.220827,0.437752
0.0553991,0.730996,0.000851027,0.000706365,0.000912754,0.00106421,0.00152633,0.00205842,0.00371686,0.00803609,0.0175452,0.058075,9.94034e-05,0.346494,0.981958,1,62.6362,0.312212,0.281698,28.1334,0.692624,61.195,2.37856,179.828,0.399984,257.714,2.76024,299.449,0.45639,0.204701,0.408876,0.221655,0.425991
0.0536896,0.950238,0.000635207,0.000623251,0.000817472,0.00137913,0.00204567,0.00267761,0.00508887,0.0103274,0.0234639,0.0762315,7.71018e-05,0.498788,0.946519,1,45.6667,0.450815,0.323646,28.6899,0.609722,62.8536,1.30442,177.592,4.02592,262.741,0.271627,295.229,3.36328,0.218418,0.42934,0.209078,0.444884
0.0560264,0.828578,0.000575024,0.000479006,0.000753521,0.00153324,0.00190234,0.0027445,0.00517155,0.00973885,0.0209606,0.0693227,7.31177e-05,0.454934,0.865321,1,57.0822,0.383531,0.283812,28.8321,3.45026,63.2906,0.534866,177.764,0.476908,257.55,5.33371,300.243,0.502972,0.199593,0.404709,0.21048,0.427691
0.0557637,0.816089,0.000313552,0.000268843,0.0005036,0.000991494,0.00144067,0.00181386,0.00349108,0.00688612,0.0154861,0.0472044,0.000118087,0.551257,0.915134,1,65.2661,0.335628,0.305354,29.3632,1.29039,62.7423,2.51541,181.045,2.83946,261.878,0.255653,295.508,1.57452,0.228207,0.445457,0.228376,0.474058
0.0528526,0.792288,0.000630438,0.000517544,0.000834527,0.00136779,0.0018561,0.00245775,0.00460644,0.010012,0.0230568,0.074149,5.49224e-05,0.482417,0.993847,1,53.539,0.408519,0.280751,27.1633,0.592675,65.8038,1.84007,178.238,1.17633,260.772,0.294898,297.711,4.91766,0.181785,0.354667,0.174938,0.359865
0.0586235,0.80887,0.000584052,0.000496665,0.000819956,0.0013165,0.00183045,0.00249305,0.00452248,0.00988865,0.0214927,0.0724429,5.59622e-05,0.475471,0.995019,1,69.5209,0.389957,0.31509,27.106,0.576174,64.4138,1.46894,180.271,2.55548,257.678,0.268447,297.433,0.70132,0.181969,0.365194,0.190779,0.388333
0.0581661,0.775251,0.000562358,0.000534853,0.00088006,0.0012094,0.0017328,0.00230152,0.00423979,0.00825261,0.0190565,0.0622656,9.09347e-05,0.399467,0.91474,1,54.5233,0.320378,0.297348,29.621,3.7061,63.7115,1.13273,177.667,0.638407,261.826,2.68004,297.88,2.78594,0.218685,0.416741,0.218638,0.432429
0.0596106,0.769043,0.000610072,0.000441737,0.000867918,0.00128828,0.00187744,0.0024623,0.00456702,0.00941543,0.0222468,0.070338,5.98777e-05,0.416248,0.994996,1,56.8553,0.363329,0.317488,28.152,0.41465,63.2446,2.06719,181.744,1.04734,258.315,0.322703,299.598,0.748689,0.208544,0.386805,0.219398,0.412347
0.0484659,0.822978,0.00056258,0.0004473,0.000853633,0.00106869,0.00151884,0.00200814,0.00358166,0.00733748,0.0167623,0.0543101,6.94495e-05,0.37747,0.954592,1,57.3525,0.501339,0.259327,28.7373,0.747339,63.7023,0.967618,176.606,1.5496,262.053,0.850173,295.644,1.05489,0.207617,0.394884,0.212738,0.414102
0.0572885,0.812029,0.000439171,0.000308837,0.000681848,0.00121024,0.00175238,0.00225705,0.00413696,0.00862287,0.0195911,0.0614813,7.87554e-05,0.528256,0.976461,1,45.6327,0.349112,0.309922,27.5955,3.77304,65.3152,2.01219,181.245,0.662111,258.797,0.575067,299.44,0.981961,0.191187,0.378628,0.204519,0.41863
0.0530607,0.74444,0.000398236,0.000402319,0.000517681,0.00129931,0.00170605,0.00241329,0.00443085,0.0085415,0.0180864,0.0588169,9.11026e-05,0.527354,0.863974,1,46.9997,0.340852,0.259585,28.72,0.503609,63.2489,0.905177,179.079,2.40883,259.653,0.657983,296.172,2.06528,0.207932,0.404181,0.205901,0.374275
0.0504135,0.73142,0.000431646,0.000411326,0.000520822,0.00092075,0.00124849,0.00173664,0.00318866,0.00700506,0.0151327,0.0467361,0.000109409,0.46084,0.94994,1,51.9602,0.33127,0.254391,28.8267,2.05877,62.8495,3.14529,177.81,0.413333,261.726,0.322947,297.334,0.745962,0.200563,0.402107,0.196224,0.4163
0.0462991,0.865842,0.000519865,0.000374663,0.000515826,0.00104274,0.00139413,0.00196287,0.00368977,0.00794177,0.0176723,0.057903,0.000102939,0.536646,0.976371,1,57.427,0.418425,0.273019,29.4028,0.942858,63.9241,0.772843,180.099,3.56319,258.073,2.16904,298.532,2.04713,0.224168,0.434858,0.246768,0.454747
0.046027,0.858492,0.000217206,0.000251017,0.000487,0.00079828,0.00114136,0.0014803,0.00274796,0.00577571,0.0128258,0.0394662,0.000153063,0.482683,0.989619,1,61.3061,0.383456,0.262396,28.6189,2.03068,66.4305,2.28998,179.261,0.870621,258.829,1.07992,300.119,1.88872,0.204286,0.435546,0.255755,0.502614
0.0456272,0.834307,0.00017682,0.000220327,0.000443279,0.000753508,0.00108308,0.00138267,0.00268998,0.00568575,0.0121329,0.0374535,0.000146573,0.520912,0.992921,1,59.9244,0.395937,0.260453,28.5911,3.5746,66.139,2.26751,179.374,0.887966,259.009,2.25732,299.011,1.27557,0.216855,0.432247,0.251966,0.522207
0.0486838,0.905206,0.000482422,0.000352858,0.000470442,0.00095695,0.0013412,0.00190929,0.00350275,0.00722809,0.0160827,0.0501452,0.000117068,0.580902,0.976014,1,43.4981,0.428456,0.295849,28.6544,0.671375,64.8904,0.415897,178.424,1.95913,263.359,0.3943,295.636,1.30944,0.222277,0.436127,0.22503,0.500018
0.0483273,0.906924,0.000393829,0.000280934,0.00058193,0.00113427,0.00152919,0.00197984,0.00378533,0.00744121,0.0176363,0.0533431,0.000118226,0.497589,0.904686,1,40.9732,0.459379,0.276443,28.828,0.630013,64.5587,0.39205,179.037,1.98943,262.933,0.364396,296.248,0.726612,0.231129,0.444597,0.230439,0.464221
0.0557736,0.696814,0.000565369,0.000570431,0.000756226,0.00111368,0.00154975,0.00208516,0.00391509,0.00881658,0.0188214,0.0623696,9.60646e-05,0.46401,0.999457,1,54.626,0.294203,0.281983,27.5367,0.366425,64.0941,5.05378,179.026,1.96066,257.888,0.846216,299.404,3.23035,0.194951,0.384213,0.204365,0.4006
0.0588278,0.677322,0.000397051,0.000387282,0.000539916,0.000890782,0.00117554,0.00163983,0.0029809,0.00635976,0.0137773,0.0450916,0.000104243,0.426426,0.998754,1,60.2221,0.287501,0.283484,27.4303,0.798141,64.1331,3.18843,180.369,0.793375,259.754,4.58685,297.895,2.35504,0.187339,0.372938,0.209866,0.409555
0.0576706,0.830369,0.000635691,0.000802965,0.00103024,0.0015216,0.00204447,0.00276338,0.004955,0.0106722,0.0236139,0.0813761,5.25307e-05,0.449505,0.962345,1,51.6845,0.400762,0.308163,27.6054,0.828121,63.1049,0.599323,179.011,1.75768,262.28,0.250306,297.281,0.839427,0.184321,0.36938,0.17254,0.37178
0.0560339,0.820369,0.000325961,0.000327491,0.000468018,0.00113714,0.0014787,0.00192768,0.00370414,0.00747668,0.0157039,0.051656,9.76852e-05,0.543838,0.924504,1,58.1794,0.346617,0.295662,28.0764,1.19178,65.1501,3.44407,177.786,0.664361,261.831,1.90376,295.374,1.52044,0.189078,0.391466,0.189761,0.426132
0.05705,0.802699,0.00032203,0.000281372,0.000474324,0.0011508,0.00147432,0.00195481,0.00361649,0.0076833,0.0158606,0.0517685,9.21864e-05,0.535584,0.926179,1,54.7683,0.341424,0.297698,28.1855,0.899108,64.4239,2.90658,177.428,0.623909,262.253,1.67541,295.73,1.69004,0.190308,0.388693,0.195042,0.406661
0.0598336,0.793219,0.000386147,0.000318127,0.000719937,0.00120676,0.00161182,0.00207114,0.00400045,0.00807139,0.0172058,0.0559103,7.2049e-05,0.497577,0.93453,1,61.5476,0.369361,0.311866,27.9971,0.514186,64.1699,2.60804,177.623,0.492591,262.424,1.13514,296.518,0.703365,0.200738,0.381426,0.199235,0.426809
0.0527687,0.765248,0.000462902,0.000506751,0.000817207,0.00102041,0.00136705,0.00191106,0.00365398,0.00660588,0.013852,0.0439766,0.00010121,0.358725,0.851441,1,47.5637,0.398238,0.249602,28.7652,0.771083,64.7766,1.02464,181.203,2.93862,259.832,0.553365,298.453,0.576563,0.219562,0.416577,0.220516,0.437297
0.0550242,0.770183,0.000629388,0.000440058,0.000786943,0.00127131,0.00170838,0.00250207,0.00452842,0.00899077,0.0209461,0.0702362,7.71767e-05,0.453363,0.975517,1,59.7359,0.330136,0.28832,28.4618,0.919739,63.2417,2.58291,178.152,5.01834,258.786,2.77784,299.194,1.43552,0.191781,0.389254,0.195396,0.417358
0.0503943,0.667011,0.00031609,0.00038634,0.000612542,0.000698967,0.000891987,0.00128803,0.00246521,0.00492783,0.0111327,0.0343188,0.000151416,0.35146,0.996589,1,45.7979,0.303795,0.243689,28.1137,1.274,61.388,1.03733,180.298,0.303378,260.245,0.286355,296.433,0.936488,0.200983,0.413917,0.220563,0.435119
0.0570574,0.700292,0.000680432,0.000413762,0.000669964,0.000951636,0.00140536,0.00171295,0.00319306,0.00704815,0.0152124,0.0475963,0.000135085,0.409918,0.997225,1,43.4689,0.271239,0.295339,29.0484,0.628812,63.1891,1.17085,179.586,0.326933,259.82,0.779972,303.216,0.329165,0.223396,0.424719,0.250538,0.514541
0.0480947,0.731238,0.000362194,0.00042989,0.00062903,0.000701498,0.00093521,0.00136849,0.00246183,0.00534329,0.0118702,0.035969,0.000135957,0.368488,0.998423,1,48.9975,0.352802,0.247969,28.5647,0.834934,63.6286,1.41764,180.963,0.291121,257.554,2.98647,298.591,0.293018,0.210678,0.426252,0.246104,0.480603
0.0593152,0.892029,0.000555681,0.000511779,0.000914011,0.00135871,0.00185309,0.00256049,0.00466666,0.00920632,0.0201227,0.0693658,7.44857e-05,0.440545,0.924965,1,57.7615,0.394337,0.333314,29.0863,1.00254,62.4755,2.00545,179.651,0.829778,262.346,0.283377,297.718,0.420564,0.218074,0.425895,0.214559,0.456091
0.058789,0.907941,0.00068048,0.000644904,0.00109848,0.00167686,0.0022047,0.00283843,0.00534385,0.0106613,0.0231572,0.0810911,7.22337e-05,0.403024,0.942721,1,57.6998,0.40368,0.337728,29.0214,0.852064,62.9023,2.08098,179.549,0.567746,262.366,0.32311,296.878,0.661683,0.224988,0.429046,0.21566,0.452648
0.0438798,0.845434,0.000404216,0.000338796,0.000497723,0.000865926,0.00122231,0.00165019,0.00313081,0.00688127,0.0154673,0.0465257,0.000112464,0.514327,0.973538,1,50.8128,0.442827,0.250995,29.1104,1.74828,64.4684,0.606478,178.136,3.70795,260.285,2.56371,296.628,2.22954,0.214678,0.42545,0.235574,0.452174
0.0547655,0.871236,0.000558832,0.000572694,0.000764986,0.00127703,0.0018002,0.00238948,0.00439244,0.00920533,0.019789,0.0629044,7.23817e-05,0.473701,0.937307,1,50.1608,0.416902,0.302252,28.2758,0.516662,64.524,2.67813,180.637,0.334107,259.334,0.462554,300.305,0.49408,0.202452,0.399821,0.227194,0.42703
0.0636649,0.770856,0.00110276,0.00134098,0.00157913,0.00140117,0.00191856,0.00256273,0.00466886,0.0101784,0.022682,0.0752873,7.39274e-05,0.276442,0.994075,1,54.0434,0.318254,0.338842,28.9597,0.420923,60.2155,1.09528,177.837,1.09191,260.272,0.526397,296.962,2.12338,0.218179,0.411596,0.233757,0.423332
0.0571431,0.755137,0.000682543,0.000699045,0.000930325,0.00106881,0.00147326,0.00193624,0.00358799,0.00771136,0.0171194,0.0548451,0.000104965,0.362533,0.999025,1,51.7691,0.302881,0.300061,28.7029,0.889344,62.7744,2.43881,178.876,0.633973,259.588,1.20306,298.986,0.509269,0.204021,0.41519,0.222117,0.433616
0.059358,0.833655,0.000465468,0.000416167,0.000623719,0.00123542,0.00177754,0.00234913,0.00434883,0.00782942,0.0171486,0.0520419,7.20225e-05,0.528,0.825736,1,48.2582,0.383972,0.289777,28.2072,1.26493,65.8062,1.45974,180.411,0.592815,259.635,0.262786,298.717,0.691774,0.188069,0.382958,0.190984,0.402664
0.0578452,0.784047,0.000447961,0.000385018,0.000623227,0.00131028,0.00172433,0.00234297,0.00433167,0.00757533,0.0163278,0.0535551,7.75938e-05,0.435136,0.808179,1,60.8727,0.39665,0.273166,28.9399,0.900279,62.9174,2.66575,180.16,3.20231,259.212,0.67103,295.948,1.62176,0.216608,0.415534,0.216395,0.399763
0.0490588,0.790406,0.000384283,0.000368516,0.000556715,0.000883795,0.00112595,0.00158269,0.00291005,0.00624176,0.0140524,0.0432664,0.000107361,0.410826,0.984897,1,44.955,0.388085,0.26138,28.6581,1.54304,64.1269,1.06065,177.965,0.5248,259.727,0.34195,298.689,0.488279,0.200477,0.406809,0.23043,0.464798
0.0628173,0.817548,0.000465408,0.000326346,0.00066603,0.00118849,0.00159076,0.00214965,0.00401365,0.00795792,0.0168287,0.0543502,9.57861e-05,0.461924,0.934001,1,53.7022,0.339678,0.340538,29.0037,0.701212,63.9731,1.08088,179.869,1.97963,260.442,1.0617,297.063,3.21789,0.227948,0.424835,0.254955,0.460102
0.0632068,0.828487,0.00047926,0.000298921,0.000625436,0.00112208,0.00162461,0.00210903,0.00394403,0.0078986,0.0166628,0.0524282,8.62897e-05,0.47099,0.882961,1,45.083,0.353684,0.330776,29.3154,0.848615,63.6605,1.42542,179.195,1.78335,260.057,0.372287,296.191,3.38313,0.222383,0.424512,0.239236,0.450299
0.058989,0.801304,0.000500749,0.000350689,0.000697498,0.00134642,0.00184523,0.00249136,0.00437322,0.00925433,0.0211389,0.067567,6.43791e-05,0.505234,0.981787,1,58.5391,0.344602,0.313196,27.8323,1.51523,67.32,0.550996,179.589,0.322954,259.257,1.0893,297.902,0.332419,0.18299,0.363099,0.195963,0.369367
0.0495087,0.741258,0.000358961,0.000247248,0.00053776,0.000926226,0.0012618,0.00165235,0.00321205,0.00640458,0.0147144,0.0465639,9.00946e-05,0.482124,0.956423,1,57.9082,0.384224,0.254954,28.6968,0.576749,63.5725,4.26304,177.534,3.55041,261.139,0.278385,295.072,2.79425,0.206777,0.394527,0.206635,0.413688
0.0461509,0.746104,0.000350151,0.000350957,0.000441322,0.000813067,0.00112823,0.001513,0.0029091,0.00610555,0.0129637,0.0414541,0.000124847,0.509912,0.95582,1,76.6837,0.380004,0.245373,29.0282,1.68062,61.0428,1.18832,179.454,0.568168,261.163,0.299335,295.146,1.13557,0.219811,0.434414,0.21697,0.448462
0.07069,0.844075,0.000551141,0.000651979,0.000973428,0.00141336,0.0020761,0.00270776,0.00509304,0.00943392,0.0196553,0.0636729,6.26908e-05,0.435664,0.860203,1,39.3839,0.348595,0.346195,27.5465,0.687341,66.6325,1.34312,178.1,3.05431,258.564,0.416495,299.022,1.10485,0.18157,0.364011,0.200682,0.393862
0.0711547,0.794854,0.000622603,0.000532883,0.000886415,0.0018452,0.00233005,0.0031687,0.00600665,0.0106254,0.023727,0.0744239,6.34408e-05,0.474538,0.820803,1,46.5746,0.301915,0.329604,27.9212,2.83081,66.0593,5.3148,180.474,1.21334,258.271,0.427097,299.735,0.474845,0.183593,0.373213,0.176617,0.386136
0.0583077,0.791131,0.0004094,0.000353251,0.0005883,0.00130392,0.00178223,0.00249428,0.00474499,0.00915712,0.0192054,0.0622363,6.28985e-05,0.532395,0.861003,1,69.1027,0.369865,0.287712,28.4369,1.10513,63.4228,0.471482,177.634,0.461291,261.328,0.636058,294.649,2.26757,0.191761,0.377121,0.182393,0.365398
0.0607909,0.759871,0.000723903,0.000584651,0.000876375,0.00137686,0.00189055,0.00275663,0.00486811,0.00988246,0.0210251,0.0697968,7.17843e-05,0.448482,0.916412,1,41.125,0.306824,0.300724,28.7145,1.20254,64.5626,2.97832,178.929,0.960148,258.42,0.445127,300.946,0.581181,0.192991,0.38636,0.19682,0.414256
0.0533154,0.755655,0.000487199,0.000586645,0.00101302,0.0014095,0.00204367,0.00249586,0.00474701,0.00898041,0.0210391,0.0699883,7.19281e-05,0.407045,0.893424,1,55.2476,0.364839,0.255524,28.2143,0.743035,64.9178,2.10564,180.255,0.600674,257.014,0.255915,300.941,0.409829,0.19297,0.388817,0.19002,0.383791
0.0553033,0.762932,0.000494754,0.000377226,0.000561333,0.00130121,0.00167756,0.00251864,0.00436892,0.00898735,0.0188081,0.0634855,9.40846e-05,0.553669,0.900841,1,42.4848,0.307197,0.279572,28.5415,2.49004,64.1786,1.82351,180.146,2.63925,258.743,0.33131,295.554,0.703615,0.199096,0.398792,0.191989,0.366938
0.0476199,0.753068,0.000341212,0.000317422,0.000598354,0.00109639,0.0015398,0.00209276,0.00365268,0.00763229,0.0177336,0.0554168,6.9271e-05,0.526392,0.94622,1,52.974,0.417058,0.240769,27.9151,1.38325,63.8161,2.87541,179.509,0.836254,260.632,0.666988,299.5,1.36432,0.185022,0.365505,0.184082,0.381738
0.0530152,0.780592,0.000514928,0.000359789,0.000548114,0.00109706,0.00145397,0.00198305,0.00383416,0.00794581,0.0175725,0.0566885,7.16177e-05,0.546425,0.963688,1,54.4681,0.371831,0.278969,28.119,0.748985,65.5652,0.920117,180.712,0.77755,257.305,0.372678,299.409,3.37665,0.188021,0.381094,0.201974,0.403903
0.0584436,0.770279,0.000539358,0.000331541,0.000682397,0.00101634,0.00147538,0.00195274,0.00367557,0.00692578,0.0154754,0.0465396,0.000107809,0.436383,0.889867,1,51.4,0.326073,0.290194,28.7526,1.09468,63.4314,1.34141,176.706,1.97439,262.13,0.289298,294.866,0.295596,0.209515,0.410761,0.191237,0.446903
0.0546423,0.764779,0.000497151,0.000398747,0.000802821,0.00123864,0.00152436,0.00214821,0.00386222,0.0077036,0.0174752,0.0540675,0.000102669,0.443855,0.912092,1,53.1549,0.32366,0.274477,28.9024,0.985474,64.0304,1.64581,178.148,1.31875,261.455,0.28494,295.528,0.478878,0.202014,0.410082,0.189891,0.389084
0.0515668,0.73366,0.000370293,0.000346828,0.000630986,0.00115101,0.00143913,0.00199112,0.00379011,0.00798989,0.0184296,0.0602603,6.98476e-05,0.485495,0.999082,1,55.4846,0.358143,0.260731,27.5064,0.534387,65.596,1.30865,179.555,1.06174,258.962,2.44446,299.921,0.469435,0.174695,0.354538,0.184309,0.376199
0.0503491,0.750067,0.000341364,0.000362427,0.000538605,0.00100618,0.00123829,0.00176795,0.00320794,0.00702437,0.0149727,0.0491548,7.87781e-05,0.501002,0.963718,1,54.4066,0.414214,0.253491,26.9823,0.626842,63.6943,1.00943,179.259,0.708125,260.774,0.294739,296.385,2.81762,0.177285,0.367003,0.185742,0.363286
0.0520159,0.774397,0.000323205,0.000292319,0.000453367,0.00110723,0.00134504,0.00193897,0.00364085,0.00780999,0.0177518,0.0577597,9.57134e-05,0.61947,0.965103,1,54.5609,0.328168,0.283742,28.829,1.38615,62.5625,1.80871,179.626,1.6273,258.899,2.03259,298.757,0.536033,0.200038,0.40254,0.209653,0.437645
0.0553331,0.804493,0.000805268,0.000676307,0.00118105,0.00110365,0.00162554,0.00220982,0.0039938,0.00784104,0.0166407,0.0536703,7.87549e-05,0.307897,0.898278,1,52.5551,0.416869,0.276452,28.3075,1.03678,63.3115,1.08612,178.938,1.28182,262.916,0.48826,297.638,0.894304,0.216957,0.400936,0.205573,0.430111
0.0605086,0.72918,0.000376223,0.000458057,0.000735285,0.001085,0.0013665,0.00189239,0.00351097,0.00677063,0.0150998,0.0470782,0.000122052,0.423901,0.90541,1,76.385,0.28153,0.289236,28.4062,1.3473,63.7281,1.87699,180.023,1.40767,257.197,0.44939,296.79,1.94228,0.195717,0.411703,0.22024,0.39928
0.059823,0.817378,0.000559208,0.000527201,0.000761188,0.00112434,0.00172838,0.00223244,0.00424422,0.00858485,0.018536,0.0586876,8.38499e-05,0.455992,0.92671,1,78.9175,0.328022,0.312342,28.7218,1.65957,65.4593,0.494539,179.284,0.653958,262.099,0.380141,299.869,2.06444,0.200735,0.393221,0.203701,0.451261
0.0620414,0.730504,0.000615828,0.000499066,0.000896546,0.00158924,0.00192854,0.00250847,0.00472959,0.00985923,0.0223159,0.0730211,8.18895e-05,0.429601,0.940916,1,61.2837,0.283535,0.309192,28.4856,0.996961,62.0995,0.296876,178.819,0.707054,258.258,0.492508,294.098,0.657396,0.197901,0.400782,0.198875,0.365787
0.0624738,0.700759,0.000839232,0.00054038,0.000714018,0.00132783,0.00186624,0.00238576,0.00463082,0.00954233,0.0216697,0.0700189,8.4171e-05,0.490767,0.951831,1,63.0589,0.274464,0.313927,28.6854,0.831175,62.8317,0.279684,177.531,0.763877,258.818,0.569771,295.284,1.03646,0.209061,0.393293,0.214385,0.379906
0.0548463,0.822895,0.000307701,0.000393531,0.000596913,0.00108988,0.00150051,0.00195718,0.00363089,0.00781029,0.0171023,0.0554208,6.82282e-05,0.531425,0.981881,1,44.6393,0.412892,0.301379,27.6218,0.463692,64.3355,6.77781,180.756,2.17615,262.502,0.299148,297.832,1.50023,0.193398,0.376586,0.201853,0.426605
0.0590277,0.868483,0.000661088,0.000355704,0.000773493,0.00150499,0.00217095,0.00270379,0.00518054,0.0108207,0.0239697,0.0766037,7.59636e-05,0.499065,0.939988,1,49.8876,0.400836,0.338639,28.2345,0.352392,62.2339,0.693453,179.212,0.66378,258.143,0.33894,296.857,1.24165,0.226583,0.427851,0.235528,0.436123
0.0572683,0.860595,0.000757637,0.000425684,0.000667362,0.00128498,0.00186708,0.00242738,0.00457349,0.0096524,0.021198,0.0678769,8.17538e-05,0.528509,0.955303,1,56.8362,0.381564,0.3305,28.5556,0.378898,62.9022,0.861694,178.508,0.536936,258.922,0.534936,297.89,2.27206,0.21977,0.422214,0.248088,0.422164
0.0600192,0.779821,0.000323753,0.00033487,0.000666887,0.00114238,0.00145692,0.00206467,0.00369317,0.00731292,0.016714,0.0519514,9.89243e-05,0.478963,0.907113,1,55.8676,0.307463,0.30272,28.6254,1.02771,62.5291,3.37991,177.99,1.45159,259.551,0.605903,297.215,2.11322,0.19379,0.40352,0.214979,0.411917
0.0507573,0.775651,0.000304084,0.000264398,0.000583451,0.00093163,0.00117282,0.00160734,0.00310049,0.00638896,0.0147084,0.0456851,0.000126972,0.474028,0.995282,1,51.4816,0.347746,0.275023,27.956,0.782531,62.5955,0.66242,178.725,1.13713,262.979,0.466664,296.646,0.522007,0.205708,0.411901,0.206977,0.465281
0.0522632,0.812786,0.000294537,0.000410083,0.000486379,0.000917661,0.00139083,0.00180285,0.00339632,0.00748097,0.0155101,0.0494648,8.79083e-05,0.531191,0.997572,1,50.6792,0.378613,0.292176,28.6965,1.20831,64.7531,3.12875,178.809,3.40106,261.928,0.265307,296.77,0.338654,0.202761,0.397889,0.207643,0.443946
0.0489638,0.832293,0.000287807,0.000356703,0.000464601,0.000977488,0.00133777,0.00183006,0.00343036,0.00725869,0.015283,0.0491118,0.000106289,0.561954,0.992888,1,54.003,0.381926,0.282234,28.927,1.52031,65.7949,2.64124,179.18,4.78289,262.389,0.293245,296.717,0.337386,0.213979,0.416197,0.212967,0.465001
0.0488724,0.809382,0.0004773,0.000307668,0.000521418,0.00104083,0.00138751,0.00195643,0.00354593,0.00750327,0.0168213,0.0537578,9.55151e-05,0.507813,0.978938,1,57.4098,0.400774,0.273746,28.7465,0.688936,61.6889,1.01606,177.974,0.374493,265.086,0.291463,295.171,0.294776,0.211479,0.414444,0.184252,0.447096
0.0540575,0.852775,0.00030739,0.000371474,0.000546567,0.00112984,0.0015921,0.00210191,0.00384695,0.00817044,0.0179476,0.0564464,7.79757e-05,0.56516,0.983314,1,55.4652,0.394189,0.311041,28.4515,2.00363,65.2199,0.539775,178.729,0.844242,261.1,0.497314,294.6,0.293593,0.206074,0.396757,0.213265,0.417219
0.0532386,0.833206,0.00036535,0.000330293,0.000612385,0.00110396,0.00148529,0.00201386,0.00378454,0.00811961,0.0176892,0.0550115,8.95764e-05,0.546829,0.93346,1,64.3629,0.394032,0.294788,28.3856,3.51275,60.9137,0.767971,179.492,2.40981,258.849,0.752592,293.846,0.268086,0.211158,0.420247,0.213892,0.428007
0.0518795,0.836749,0.000379316,0.000361096,0.000600652,0.00110667,0.00151786,0.00210148,0.00381575,0.00818751,0.0174699,0.0553884,9.11959e-05,0.554261,0.949467,1,64.9866,0.396817,0.293511,28.6669,3.12774,60.2155,0.684334,179.275,1.79714,259.202,1.16461,293.719,0.26805,0.21547,0.42398,0.219679,0.440914
0.0550424,0.839249,0.000484265,0.000464819,0.000763505,0.0011547,0.00155807,0.0020959,0.00383769,0.00809353,0.0181767,0.0572648,8.54441e-05,0.46642,0.976572,1,65.5035,0.383136,0.312673,29.152,2.1386,62.8798,0.686766,178.179,2.35634,263.431,0.439595,294.717,0.296719,0.22215,0.418658,0.213054,0.451247
0.0593388,0.807544,0.000702589,0.000558684,0.000977083,0.00146979,0.00184228,0.00258649,0.00469935,0.00941164,0.0212968,0.0698795,7.37373e-05,0.451297,0.932557,1,63.515,0.33518,0.3093,28.6359,1.43899,65.6171,1.83436,179.227,0.353217,263.124,0.25611,293.828,0.482114,0.199277,0.391997,0.158085,0.391762
0.0589404,0.805665,0.000714258,0.000543941,0.000990256,0.00147122,0.00182573,0.00256152,0.00469054,0.00935466,0.0212346,0.0697438,7.32425e-05,0.431883,0.94196,1,62.3044,0.333882,0.306979,28.6391,1.34027,65.3159,1.93216,179.316,0.366277,263.162,0.256503,293.22,0.538109,0.196854,0.388422,0.155971,0.389141
0.0572596,0.829899,0.000770738,0.000526572,0.000937402,0.00141756,0.00207121,0.00274553,0.00508588,0.0102103,0.0220653,0.07286,7.96967e-05,0.47034,0.918111,1,59.7879,0.365504,0.307713,28.3998,0.689905,64.6506,1.37531,182.069,0.870488,263.002,0.272841,293.123,0.32144,0.221147,0.412734,0.167724,0.408436
0.051071,0.804374,0.000505879,0.000475905,0.000807933,0.00123206,0.00164253,0.00207798,0.00385999,0.00771423,0.0171898,0.0543697,8.39141e-05,0.393995,0.912429,1,49.4208,0.429102,0.259361,28.0672,2.17595,65.4238,0.92424,178.998,0.4709,259.644,0.366251,301.125,1.21238,0.205755,0.393713,0.216434,0.421715
0.0618258,0.679328,0.000895831,0.000803497,0.00130303,0.00112133,0.00148131,0.0018956,0.00360924,0.00748854,0.0168994,0.0530455,9.3754e-05,0.271012,0.992886,1,56.4356,0.278782,0.296628,28.322,0.584443,64.0737,1.41976,179.775,2.42954,260.793,1.09893,294.661,1.28139,0.202246,0.390312,0.191584,0.417274
0.0563613,0.827713,0.000361726,0.00040063,0.000586294,0.00131056,0.00180282,0.0023641,0.00431954,0.0076067,0.0160439,0.05054,7.91195e-05,0.471179,0.787072,1,56.8224,0.420335,0.269683,28.8509,2.04908,63.9403,0.553177,178.763,0.911382,261.335,1.00731,294.335,2.03575,0.211678,0.408185,0.202139,0.37982
0.0600421,0.832589,0.000375848,0.000398796,0.00066933,0.00146929,0.0019386,0.00269863,0.00508105,0.00914386,0.0195853,0.0630413,8.03008e-05,0.495449,0.842755,1,48.3707,0.358024,0.301389,28.2754,0.702724,63.919,2.16164,179.102,0.344672,257.723,0.301768,300.576,0.766225,0.202454,0.404765,0.208466,0.428067
0.0614382,0.823861,0.000361028,0.000376705,0.000587468,0.00143902,0.00193277,0.00253638,0.00501482,0.00884764,0.019105,0.0613009,7.70528e-05,0.493318,0.820881,1,47.2435,0.374297,0.301257,28.2077,0.652551,63.8571,2.20597,179.062,0.391913,258.053,0.279214,299.94,0.784054,0.202581,0.403997,0.21503,0.429143
0.0540009,0.914774,0.000497883,0.000362131,0.000552594,0.0012833,0.00173528,0.00229469,0.00454533,0.00833544,0.0184216,0.0578586,6.45554e-05,0.573489,0.870501,1,57.8034,0.490014,0.298401,28.4259,1.02563,63.9086,1.82961,179.398,4.65266,261.248,0.260861,297.046,0.411336,0.203984,0.401605,0.197052,0.431448
0.0590223,0.819584,0.000399569,0.000450742,0.000632399,0.00125656,0.00177901,0.00242237,0.00467942,0.00815754,0.0176164,0.056895,7.09034e-05,0.458983,0.838611,1,53.5711,0.380169,0.288662,28.6709,0.732489,64.0293,1.95994,178.207,0.444862,257.629,0.54335,299.522,2.29125,0.198098,0.396723,0.212966,0.404944
0.0556962,0.686597,0.000424357,0.000458448,0.00058575,0.000908085,0.00131007,0.00180652,0.00316695,0.00704537,0.0150977,0.0489645,9.17901e-05,0.479002,0.983406,1,52.2711,0.303166,0.277786,28.6272,0.88906,63.2083,0.975449,179.073,2.41088,263.669,0.564466,295.935,0.469899,0.20353,0.381494,0.189918,0.404458
0.065357,0.741958,0.000550127,0.000485691,0.000829145,0.00127895,0.00170011,0.00225891,0.00411436,0.0083216,0.0191612,0.0592747,9.54915e-05,0.402654,0.935291,1,48.9642,0.276006,0.319668,27.914,0.624358,63.272,1.07041,176.54,1.18752,260.465,0.361978,296.274,0.899322,0.189279,0.386779,0.186558,0.405794
0.0645446,0.710299,0.000474541,0.000563392,0.000725912,0.00120514,0.00161811,0.00219181,0.00407334,0.00841927,0.0183053,0.0572291,9.1055e-05,0.492091,0.925867,1,51.1246,0.274375,0.312905,28.1434,0.938535,62.7386,2.37997,175.657,3.3753,260.517,0.255765,297.988,1.3926,0.192499,0.379852,0.195215,0.395799
0.0513957,0.776207,0.0005306,0.000361285,0.000551498,0.00131085,0.00173213,0.00237386,0.00455641,0.00983693,0.021619,0.0729167,7.29477e-05,0.622096,0.967263,1,70.6646,0.369315,0.285849,28.3656,0.52706,62.2683,1.13172,179.77,0.357826,261.738,0.553061,294.539,0.693118,0.214042,0.395449,0.19079,0.388843
0.05439,0.765101,0.000615837,0.000337027,0.000653389,0.00127146,0.00177743,0.00240439,0.0044742,0.0101712,0.0216252,0.0724101,8.2368e-05,0.513169,0.970306,1,58.2902,0.319421,0.290773,28.6975,0.75757,63.5258,2.08562,178.874,0.471455,261.757,0.346205,295.771,0.702509,0.205037,0.398386,0.182214,0.393809
0.0436657,0.774876,0.000361773,0.000310427,0.000511721,0.000831117,0.00114756,0.00156049,0.00288981,0.00657685,0.0137129,0.0450017,9.46644e-05,0.510985,0.98426,1,64.3272,0.457276,0.238443,28.8707,1.54026,64.2124,1.16106,178.061,3.56245,259.891,0.887937,299.574,2.70358,0.213921,0.405871,0.230154,0.454922
0.0711028,0.822592,0.000534584,0.000549899,0.00087766,0.0018813,0.00252583,0.00336734,0.00627834,0.010972,0.0256283,0.0819411,5.83989e-05,0.547031,0.841464,1,44.0753,0.311826,0.348807,27.6411,0.809686,63.8351,2.5451,180.905,0.262065,260.048,0.295329,300.498,1.04427,0.180689,0.370776,0.176027,0.379067
0.0724599,0.82918,0.000566565,0.000618976,0.000855163,0.00200108,0.00261116,0.00354168,0.00662412,0.0114864,0.0268841,0.085828,5.68769e-05,0.538523,0.838235,1,41.6344,0.315732,0.356213,27.648,0.842524,64.1702,2.46599,180.864,0.267748,259.505,0.287047,299.847,1.13187,0.180715,0.374653,0.178779,0.383364
0.0444758,0.74153,0.000354144,0.000325506,0.000555981,0.000753035,0.00095281,0.00130467,0.00245162,0.00548635,0.0113334,0.0363907,0.000132983,0.402936,0.999005,1,54.2796,0.392151,0.235517,29.1466,1.25354,64.4768,1.38211,177.386,3.63101,260.73,1.66029,297.832,2.98313,0.218827,0.422707,0.235113,0.48436
0.0413391,0.796597,0.000520866,0.00034571,0.00053043,0.000720209,0.00108537,0.00144447,0.00261687,0.0055463,0.0126143,0.0382225,0.000121795,0.425841,0.998878,1,46.5216,0.464666,0.224133,28.2971,1.61309,65.995,2.93942,177.986,0.322274,259.795,0.544236,299.532,0.527827,0.199321,0.410453,0.22261,0.45677
0.0476786,0.74038,0.000266276,0.000339312,0.00056228,0.000773306,0.00099777,0.0014405,0.00260698,0.00557839,0.0118752,0.0380507,9.37968e-05,0.409556,0.997747,1,54.277,0.428017,0.246551,27.9767,0.50007,63.9016,0.727353,180.94,1.40751,261.469,0.729246,296.678,0.67012,0.207194,0.390867,0.228553,0.424355
0.0535411,0.746115,0.000395445,0.000304399,0.000617886,0.00111028,0.00151292,0.00215262,0.00384187,0.00765494,0.0169727,0.0559983,7.13189e-05,0.515132,0.945296,1,60.1393,0.378928,0.274297,28.506,1.19458,62.7101,2.4231,178.142,1.20727,259.451,0.253156,297.694,2.09641,0.199438,0.387131,0.199414,0.406091
0.0556078,0.833673,0.000487463,0.000382672,0.00057615,0.00105426,0.00154118,0.00194285,0.0037158,0.00819501,0.0180672,0.0573723,8.08535e-05,0.543788,0.999297,1,47.126,0.36803,0.312576,27.7647,0.976131,65.0441,0.773386,180.45,1.17269,261.742,3.63867,295.054,0.826156,0.190382,0.389043,0.190331,0.4197
0.050905,0.777117,0.000364328,0.00041208,0.000650634,0.00090582,0.00121066,0.00153859,0.0029489,0.00622998,0.0138943,0.0429479,9.67234e-05,0.394855,0.983033,1,61.3859,0.404111,0.268478,28.2426,0.537043,64.2733,0.931314,178.17,0.960309,260.06,0.289024,299.319,1.94938,0.205966,0.404439,0.234591,0.457683
0.0533924,0.80513,0.000378682,0.000396912,0.000676152,0.000912822,0.00138726,0.00175604,0.00325623,0.00706092,0.0149728,0.0474168,9.27231e-05,0.42821,0.993066,1,60.6668,0.39378,0.291367,28.0857,0.519229,64.2082,1.2092,178.891,2.76353,260.101,0.500156,299.085,1.32168,0.207175,0.405337,0.234902,0.452445
0.0523248,0.704271,0.000449816,0.000388895,0.000684601,0.000850782,0.00124484,0.00156831,0.00290616,0.00619636,0.0135355,0.0430373,0.000132199,0.371961,0.972656,1,52.107,0.292152,0.259598,29.1942,5.03479,64.1032,0.557088,178.887,0.573841,260.004,0.66906,298.017,1.21756,0.209201,0.413214,0.219503,0.458008
0.0592496,0.688142,0.000548876,0.000600525,0.00077866,0.000991225,0.0012865,0.00180491,0.00340474,0.00682265,0.015216,0.0477108,0.000134884,0.344164,0.94833,1,57.6461,0.261172,0.284985,28.7734,1.74092,62.9011,0.627566,179.294,0.745701,260.24,0.303525,298.304,1.18075,0.208972,0.42192,0.209485,0.451452
0.0530502,0.880298,0.000580689,0.00046569,0.000852798,0.0012979,0.00175478,0.00229482,0.00412655,0.00892062,0.0199181,0.0637285,7.66417e-05,0.43707,0.966871,1,49.0355,0.453537,0.305771,28.3533,0.824233,62.6944,2.65959,179.49,1.89857,260.472,2.67513,299.585,1.79229,0.224237,0.415045,0.243396,0.468803
0.0536111,0.872325,0.000531739,0.000430907,0.000826825,0.00123905,0.00162672,0.0021249,0.00396024,0.00833383,0.0187436,0.0595844,7.69192e-05,0.421886,0.964935,1,49.1575,0.459823,0.305547,28.3043,0.886067,62.689,2.35857,179.188,1.78493,260.526,2.65299,299.481,1.65443,0.224975,0.416153,0.2449,0.466562
0.0550783,0.888312,0.000539457,0.000530582,0.000774877,0.00124883,0.00163365,0.00214193,0.00407135,0.00822996,0.0185169,0.0597708,8.01042e-05,0.43021,0.947262,1,47.0612,0.43232,0.313298,28.9375,0.617611,62.251,1.47,178.347,2.26459,259.738,2.8607,298.168,3.15452,0.214971,0.429548,0.240878,0.469454
0.0485426,0.773483,0.000410267,0.000333946,0.000528992,0.00103832,0.00139492,0.00192629,0.00361564,0.0077551,0.017369,0.0553964,0.000100505,0.514193,0.988312,1,53.2662,0.36286,0.265,28.6725,2.42481,64.1379,1.23735,179.938,2.08728,261.19,1.91189,296.023,0.475935,0.210058,0.40672,0.207305,0.399602
0.0575679,0.760134,0.000420183,0.000358108,0.000531545,0.00114703,0.00157999,0.00211514,0.00404276,0.00858158,0.0188311,0.0597646,6.18302e-05,0.545026,0.953425,1,54.5193,0.378,0.290834,26.511,0.330523,64.2865,1.68026,177.975,0.759124,259.772,0.310437,298.869,1.21548,0.172998,0.349025,0.182083,0.384225
0.0630238,0.832624,0.000482463,0.000445845,0.000738103,0.00149786,0.00210109,0.00285645,0.00524533,0.0105515,0.0233165,0.0770358,6.15941e-05,0.50242,0.937422,1,52.4635,0.343448,0.339382,28.4313,0.709111,62.6169,1.33464,176.755,1.14252,259.884,0.485179,297.094,1.21897,0.191856,0.384267,0.201033,0.395436
0.0628689,0.823438,0.000699869,0.000552711,0.000816899,0.00167085,0.00224834,0.0030439,0.00580737,0.0115118,0.0252135,0.0846302,5.17131e-05,0.485633,0.90492,1,57.139,0.383619,0.325754,27.6589,0.421466,63.2143,1.97254,181.288,1.97909,258.166,0.546384,299.825,0.693994,0.194174,0.38248,0.202602,0.381537
0.055674,0.718973,0.000557498,0.000435563,0.000664246,0.000981021,0.00133154,0.00177386,0.00318072,0.00712571,0.0156125,0.0474643,9.16845e-05,0.441228,0.986639,1,48.5087,0.320906,0.274877,27.3511,0.860232,63.2863,0.797792,176.986,0.892877,262.324,0.496967,296.768,0.73097,0.179559,0.360428,0.189187,0.373742
0.064551,0.664477,0.000386674,0.000399206,0.000702908,0.00089125,0.00124686,0.00162943,0.00323138,0.00621034,0.0136007,0.0434444,0.000114152,0.40676,0.984732,1,58.9898,0.252912,0.297763,27.1132,0.528502,66.0346,0.912385,178.816,1.4633,260.289,2.35702,298.039,0.833633,0.173108,0.366862,0.191917,0.412207
0.0547473,0.730226,0.000700193,0.000567184,0.000754498,0.00118258,0.00159272,0.00216145,0.0040547,0.00850441,0.0184375,0.0589519,8.3302e-05,0.40754,0.977202,1,42.6313,0.328437,0.274051,27.7629,0.59473,63.7015,1.83095,180.24,0.857457,258.467,0.326128,299.04,2.52858,0.189496,0.383914,0.202848,0.367948
0.0548375,0.857554,0.000756643,0.000546125,0.000841009,0.00127024,0.00178575,0.00241016,0.00436984,0.00949445,0.0211134,0.0695481,7.20664e-05,0.434417,0.987354,1,87.9231,0.410661,0.309047,27.767,0.616348,63.7982,0.899717,177.982,2.02348,262.877,0.936562,296.882,0.497773,0.199953,0.391141,0.203799,0.405048
0.0578624,0.940813,0.0007029,0.000897829,0.00130954,0.00149583,0.00210618,0.00281027,0.00523054,0.0109949,0.0245977,0.0820458,4.69974e-05,0.35817,0.99207,1,53.7438,0.484386,0.334724,27.5903,0.529282,66.5598,1.25708,180.06,1.6804,260.2,0.892343,299.611,0.877777,0.188227,0.374297,0.202972,0.403331
0.0558048,0.933497,0.000779304,0.000742737,0.00141326,0.00135869,0.00193494,0.00262929,0.00492563,0.0103337,0.022792,0.0769406,4.389e-05,0.357128,0.988996,1,54.2495,0.528232,0.319757,27.5353,0.710936,66.1245,1.7016,179.178,5.78022,260.408,0.531498,300.268,0.573348,0.187331,0.366736,0.2075,0.395556
0.0539088,0.931119,0.000801428,0.000805342,0.000983576,0.00164967,0.0022161,0.00300337,0.00529779,0.0119209,0.0271554,0.0897811,5.12097e-05,0.479701,0.995577,1,69.3102,0.452076,0.317941,27.9042,0.745257,65.9412,1.66718,179.719,0.604262,259.45,0.289614,296.942,2.95315,0.180543,0.380717,0.180136,0.395922
0.0601425,0.618238,0.000382691,0.000413531,0.000526371,0.00133996,0.00177162,0.00220293,0.00450567,0.00938948,0.0205429,0.0690099,9.4036e-05,0.623495,0.922474,1,52.1675,0.238795,0.275712,27.4921,0.739002,62.4016,0.923106,178.015,2.14245,259.211,1.17377,298.105,0.597074,0.184187,0.364943,0.169133,0.359839
0.05215,0.941954,0.000467314,0.000419602,0.000794825,0.00111166,0.00155856,0.00208934,0.00400852,0.0081642,0.0175735,0.0587597,6.25712e-05,0.442335,0.980638,1,46.519,0.518494,0.307614,28.5591,0.981424,66.9112,1.99128,181.763,0.737737,260.364,0.350725,295.789,0.721154,0.200185,0.406986,0.221244,0.421936
0.0582271,0.820968,0.000757742,0.000582725,0.00090807,0.00124406,0.00172372,0.00242798,0.00474712,0.00948795,0.0215233,0.0678837,8.07937e-05,0.397405,0.970305,1,65.4621,0.344184,0.317194,28.8185,1.29784,63.7137,1.16587,177.996,1.42036,260.556,0.475801,297.477,1.2481,0.210163,0.405593,0.213829,0.438317
0.0586717,0.841613,0.000509648,0.000343531,0.000652149,0.00143962,0.00203384,0.00267028,0.00467769,0.00959648,0.0216412,0.0672199,7.67211e-05,0.563202,0.911963,1,49.8005,0.359908,0.320463,28.4513,0.49872,63.3948,2.00798,179.129,0.670419,258.412,2.81946,298.033,1.21217,0.207844,0.402468,0.22926,0.4021
0.0734725,0.849329,0.000467439,0.000460603,0.000716334,0.00147486,0.00194537,0.00277268,0.00482397,0.0110114,0.0232512,0.0745149,7.51874e-05,0.542176,0.983902,1,48.7018,0.291668,0.408121,27.2056,0.900155,66.4724,2.11218,181.257,0.723135,257.744,0.305238,300.97,1.33894,0.182563,0.382756,0.210861,0.43741
0.0610348,0.817112,0.000753352,0.000751514,0.00110563,0.00183193,0.00251426,0.00325414,0.00633737,0.0118735,0.0261041,0.0914804,4.8988e-05,0.419408,0.888973,1,62.3305,0.385665,0.311934,28.7216,0.792046,60.6693,0.969877,176.219,3.6614,260.637,0.295259,293.217,1.09088,0.204742,0.389879,0.184991,0.360462
0.0631304,0.901743,0.00103243,0.000908055,0.00145449,0.0019451,0.00273376,0.00380332,0.00657252,0.0128381,0.0289778,0.097887,5.39768e-05,0.385348,0.88283,1,44.2199,0.383537,0.331065,28.3166,2.03287,64.043,0.921038,177.053,0.783159,261.684,0.289385,294.618,1.29525,0.187142,0.389567,0.166982,0.357014
0.065525,0.790264,0.000702533,0.000647409,0.00100304,0.00183841,0.0024983,0.00329523,0.00614136,0.0116754,0.0256478,0.0863195,5.32505e-05,0.475468,0.836889,1,60.3699,0.322386,0.304481,28.1752,1.7662,67.608,1.69271,180.022,1.31481,260.146,0.373841,294.286,1.20313,0.176331,0.362141,0.152593,0.322622
0.0604145,0.874162,0.000635261,0.000507298,0.00084555,0.00152287,0.00213109,0.00274774,0.00507081,0.0107009,0.0238853,0.0787484,6.12537e-05,0.4879,0.957075,1,46.1599,0.383149,0.336366,27.7012,0.620054,63.1456,1.54344,175.165,1.51233,265.573,0.28035,295.992,0.652922,0.18754,0.370568,0.168728,0.398323
0.0560336,0.835428,0.000434141,0.00048268,0.000724285,0.00126192,0.0018331,0.00226894,0.00442987,0.00891051,0.0202686,0.0649704,8.052e-05,0.467552,0.934021,1,57.5318,0.369598,0.300102,28.1649,1.10603,64.7365,0.972599,182.023,1.27856,259.751,0.390225,295.079,0.363018,0.204241,0.401425,0.199753,0.38444
0.0474551,0.783979,0.000495744,0.000308424,0.000561387,0.00111063,0.00153472,0.00189559,0.00372824,0.00785256,0.0168636,0.0568579,8.11921e-05,0.528569,0.947362,1,45.2115,0.438896,0.25678,28.5778,0.533214,62.1618,2.37986,177.447,1.08274,262.994,0.30707,296.376,0.421238,0.21432,0.403071,0.203188,0.411744
0.0435758,0.907045,0.000336872,0.000429225,0.000597397,0.00100347,0.0013963,0.00184784,0.00358572,0.00720874,0.0163551,0.0507071,7.01559e-05,0.477155,0.944104,1,48.3249,0.656793,0.249047,28.3065,0.875016,64.5655,0.933713,179.074,2.09438,260.738,0.536048,297.797,0.947838,0.205913,0.407799,0.218897,0.4386
0.0561817,0.762527,0.000870695,0.00091619,0.00135168,0.00104523,0.00141281,0.00189895,0.00355478,0.00759058,0.0165547,0.0540527,0.00012614,0.257561,0.994386,1,64.2907,0.298591,0.293498,28.6831,1.27774,63.2262,2.3417,179.397,0.751428,259.73,0.710431,297.426,0.540854,0.215672,0.429703,0.226504,0.460435
0.0647959,0.841695,0.000426304,0.000403248,0.000674369,0.0014442,0.00192127,0.00253524,0.00463526,0.00932642,0.0204857,0.065694,7.15159e-05,0.518442,0.908947,1,45.3916,0.357861,0.342734,27.4363,0.494357,63.8481,0.972966,178.586,2.3333,259.132,1.86373,296.746,1.72278,0.194572,0.385301,0.212298,0.383633
0.0636115,0.840327,0.00053767,0.000372202,0.000648871,0.00179647,0.00244053,0.00339172,0.00647329,0.0126976,0.0281712,0.0898328,4.82609e-05,0.643337,0.889877,1,47.3548,0.393579,0.34379,26.902,0.317078,61.6225,2.65905,177.838,1.47431,261.04,0.265002,299.537,1.1334,0.195828,0.364204,0.194535,0.386668
0.0645198,0.817437,0.000529317,0.000387889,0.000661105,0.0016983,0.00235568,0.00336703,0.00616383,0.0125882,0.0276019,0.0882153,4.43592e-05,0.62574,0.88254,1,44.9651,0.402591,0.340288,26.8726,0.31817,61.3785,2.11324,177.892,1.80045,260.626,0.258987,299.379,0.757295,0.1981,0.362852,0.194899,0.378516
0.0494427,0.735005,0.000303075,0.000224856,0.00038463,0.00109863,0.00159877,0.00223759,0.00412865,0.00824998,0.0181138,0.0594297,9.41579e-05,0.672708,0.868698,1,60.0762,0.36162,0.249225,27.7621,0.400595,63.0984,1.22047,179.13,0.81349,260.712,1.02939,294.716,0.559998,0.204943,0.391692,0.183992,0.391956
0.0492454,0.795039,0.000302039,0.00034473,0.000559753,0.00125208,0.00157316,0.00216161,0.00402301,0.00861771,0.0188463,0.0612877,6.70417e-05,0.580278,0.973074,1,44.1291,0.406918,0.265538,27.7915,0.884648,64.3573,0.957153,179.204,1.26006,260.903,0.271685,295.422,1.45289,0.186191,0.368124,0.167744,0.386801
0.0583684,0.80748,0.000591965,0.000524786,0.000886756,0.00131702,0.00184032,0.00246292,0.00440002,0.0100439,0.0220094,0.07179,7.848e-05,0.475302,0.986067,1,69.2477,0.311424,0.311515,27.9002,1.26347,66.7622,2.33705,179.791,0.82977,259.45,0.492365,298.196,0.857036,0.182028,0.376335,0.181667,0.399391
0.0653599,0.72496,0.000709336,0.00065674,0.000964749,0.00156742,0.00206967,0.00274782,0.00546033,0.00998534,0.0239964,0.0789395,6.39217e-05,0.457138,0.928239,1,47.2418,0.28593,0.318018,28.2903,0.873302,64.9385,0.673538,180.741,1.39475,259.861,2.27703,298.654,2.51692,0.198681,0.373655,0.186648,0.384771
0.0512022,0.853589,0.000496255,0.000425748,0.000719895,0.000938908,0.00128758,0.00170306,0.00309578,0.00666263,0.0154988,0.0459332,9.13941e-05,0.407787,0.992639,1,49.5015,0.4247,0.287995,28.3915,0.669573,64.1532,3.31601,179.798,0.51385,262.125,2.02991,297.206,2.76078,0.206785,0.413513,0.223687,0.474614
0.0521378,0.776791,0.000387895,0.000304639,0.000565662,0.00123095,0.00169065,0.00220455,0.00416682,0.00768074,0.0167083,0.0535677,8.95672e-05,0.492088,0.8101,1,62.6642,0.396075,0.249427,29.1136,1.35013,64.3401,0.489241,180.138,1.40993,259.749,0.634161,299.531,0.808765,0.220723,0.41725,0.215895,0.410713
0.0679776,0.911253,0.000771161,0.000732936,0.0010157,0.00158982,0.00221308,0.00287626,0.00522067,0.0108357,0.0230734,0.0729689,6.04205e-05,0.44333,0.911233,1,51.4268,0.373363,0.369593,27.9913,0.74498,65.0991,4.19819,177.129,1.4952,260.985,0.422465,297.753,0.77757,0.186456,0.385123,0.198234,0.420198
0.0557075,0.774795,0.000395738,0.000383818,0.000650573,0.00133143,0.00180112,0.00250455,0.00453176,0.00848596,0.0189773,0.0622088,6.28651e-05,0.505779,0.886575,1,49.3785,0.383137,0.272664,27.95,0.700793,64.9845,0.38712,179.583,1.25442,258.6,1.71855,299.937,0.403098,0.188505,0.369135,0.189056,0.394021
0.0587054,0.852511,0.000578099,0.00060498,0.000879504,0.00117767,0.001596,0.00226649,0.00423639,0.00898158,0.0200052,0.0629885,9.63975e-05,0.405262,0.988353,1,56.5311,0.347859,0.334967,28.7597,1.36103,62.9418,3.15578,180.48,1.92302,260.977,0.703243,295.283,2.64513,0.222874,0.42758,0.229864,0.450099
0.0617569,0.75658,0.000590225,0.000431376,0.000836729,0.00126406,0.00172653,0.00229384,0.00428632,0.00899206,0.0199068,0.0638101,0.000117777,0.436691,0.946835,1,63.3107,0.281617,0.327284,29.2187,1.28515,61.6811,0.742799,177.078,0.936742,261.259,0.343998,296.69,0.303567,0.228367,0.433685,0.224594,0.468935
0.0524266,0.734137,0.000421846,0.000446492,0.000559327,0.000942894,0.00129589,0.00177275,0.00329262,0.00701372,0.0154909,0.0491041,0.000136038,0.464479,0.967201,1,56.8447,0.309867,0.276727,29.1188,1.83303,63.1734,3.74217,181.226,2.30697,260.27,0.344289,296.239,0.932118,0.226883,0.43772,0.227094,0.456209
0.0519178,0.799382,0.000521134,0.000357328,0.000715478,0.00109774,0.00153284,0.00205202,0.00380188,0.00811934,0.0181342,0.057528,0.000122158,0.474637,0.974881,1,59.4278,0.314214,0.288925,29.7052,3.13893,64.8495,5.01315,181.241,2.09399,258.537,0.452165,296.461,2.68044,0.226709,0.443201,0.228935,0.438345
0.0530058,0.769954,0.000445094,0.000404827,0.000556848,0.000960137,0.00131454,0.001763,0.00324448,0.00656444,0.0142926,0.0451043,9.10554e-05,0.434578,0.90743,1,55.6647,0.40026,0.264894,28.2387,0.567582,62.6551,0.647674,178.88,0.677895,259.09,0.71154,299.554,0.36684,0.203567,0.403605,0.22785,0.452071
0.0542784,0.787386,0.000439291,0.0004267,0.00057452,0.00101921,0.00138033,0.00186816,0.00346198,0.00695525,0.0152205,0.0479022,8.91902e-05,0.436423,0.916875,1,55.7761,0.395277,0.277385,28.0889,0.570622,62.9762,0.635762,178.677,0.606508,259.198,0.625132,299.328,0.371213,0.207667,0.403748,0.223845,0.446748
0.0506742,0.770337,0.000431872,0.00037096,0.000653651,0.0008996,0.00126519,0.00170976,0.00303112,0.00656319,0.0146162,0.0458227,0.000103509,0.393839,0.971683,1,60.0775,0.36246,0.260538,28.197,1.28993,65.8168,0.912424,181.469,0.781724,258.305,1.87991,299.947,1.68802,0.201641,0.398495,0.220982,0.4419
0.0499945,0.758833,0.000495105,0.000418275,0.000830472,0.000926062,0.00130137,0.00172333,0.00324571,0.00677579,0.0148819,0.0478603,0.000107327,0.397768,0.983982,1,52.6282,0.341834,0.258506,28.7691,1.04628,66.6756,0.826008,180.367,0.367202,258.743,0.647472,299.223,4.75949,0.201564,0.40096,0.216749,0.429268
0.0566748,0.693395,0.000938915,0.000826472,0.0013884,0.000938845,0.00129241,0.00175642,0.0030458,0.00626024,0.0140564,0.0422674,8.85982e-05,0.20241,0.925347,1,57.5857,0.35068,0.259216,28.5932,1.02841,61.6789,2.59482,178.198,1.35515,262.597,0.409077,296.31,0.476242,0.20549,0.39279,0.20626,0.419591
0.0591033,0.710104,0.000964852,0.00096974,0.00119948,0.00110285,0.0015093,0.00203836,0.00377021,0.00718444,0.0157621,0.0493104,9.20176e-05,0.265896,0.890722,1,57.5878,0.327048,0.267776,28.2609,0.534137,62.9534,2.92581,179.2,1.15806,260.187,0.324385,296.474,0.78625,0.200047,0.3954,0.197039,0.404484
0.058861,0.692189,0.000693212,0.00060867,0.0011205,0.00101181,0.00142109,0.00188332,0.00334412,0.00685738,0.0148161,0.0474224,9.18172e-05,0.280443,0.937418,1,46.067,0.309614,0.273006,28.6167,1.85701,63.3548,1.17485,179.576,1.68963,259.401,0.512819,297.255,2.45826,0.199845,0.39386,0.208793,0.398506
0.0570777,0.723293,0.00084294,0.000949208,0.00110116,0.00128426,0.00161604,0.00223581,0.00418947,0.00798878,0.0176813,0.0570637,9.18296e-05,0.301437,0.894522,1,52.5093,0.319659,0.265539,28.6337,1.59947,61.6385,1.48328,177.976,1.21763,259.786,0.307448,298.191,0.525485,0.198752,0.403197,0.196967,0.39161
0.0479098,0.832113,0.000246423,0.000228672,0.000397447,0.000903729,0.00111679,0.00166108,0.00306984,0.00645798,0.0142539,0.0445236,0.000101224,0.653483,0.988185,1,56.6835,0.418121,0.275828,27.7339,0.645058,65.3379,1.20617,179.87,0.70784,260.578,0.789212,296.918,2.63529,0.200119,0.399121,0.221546,0.450953
0.0507053,0.77279,0.000296421,0.000169594,0.000353585,0.000910519,0.00127138,0.00160825,0.00308375,0.00683389,0.0148176,0.0460549,0.000135163,0.698297,0.988141,1,51.9899,0.318683,0.285317,27.9005,0.737222,64.4715,1.4153,178.406,3.02793,261.238,0.452197,295.784,1.53866,0.203338,0.405535,0.216662,0.437349
0.0539849,0.830957,0.00030824,0.000386067,0.000606315,0.00112556,0.0014921,0.00217124,0.00388262,0.00854646,0.0190636,0.0586718,0.000100468,0.571301,0.993758,1,57.2311,0.342877,0.312183,28.3381,1.10369,63.6223,0.676586,180.623,0.912582,261.386,0.618157,295.588,0.694073,0.212911,0.412669,0.217839,0.425182
0.0560505,0.73175,0.000900337,0.000614005,0.00123435,0.00129129,0.00182107,0.00246261,0.00445966,0.00877207,0.0200787,0.0639496,6.48832e-05,0.324838,0.910418,1,62.4743,0.368713,0.260583,27.8089,0.644356,65.3044,0.475534,180.815,1.67798,257.936,0.493048,299.002,0.993067,0.190424,0.373532,0.188227,0.365436
0.0554258,0.747708,0.000930228,0.000607083,0.00124175,0.00122861,0.00188343,0.00243087,0.00445928,0.00877557,0.0203616,0.0633522,5.8082e-05,0.295024,0.942383,1,67.0825,0.379693,0.265309,28.0742,0.470736,66.3747,0.446246,179.302,2.07721,257.776,0.4447,298.656,0.775953,0.186222,0.369908,0.191101,0.356606
0.0612405,0.782457,0.000980929,0.000835915,0.00104129,0.00123926,0.00164903,0.00227695,0.00422476,0.0086563,0.0194858,0.0610814,6.93036e-05,0.325563,0.962617,1,73.6471,0.355462,0.303881,26.9796,1.01464,63.6094,1.15832,178.199,1.17462,258.953,0.293735,298.864,1.58689,0.173681,0.365399,0.190265,0.403206
0.0634452,0.8007,0.00066231,0.000434412,0.000717442,0.0017196,0.00214223,0.00299007,0.00574506,0.0103026,0.022439,0.0748042,8.28769e-05,0.519263,0.831611,1,39.9904,0.322081,0.317499,28.5234,1.34326,61.8929,1.90518,179.784,1.3951,262.402,0.776965,293.958,0.460315,0.223616,0.407997,0.178841,0.408317
0.0630578,0.820778,0.000527109,0.000385132,0.000751358,0.00145547,0.0020052,0.00282235,0.0049825,0.00966471,0.021104,0.0695984,7.08119e-05,0.509987,0.884827,1,46.1272,0.333072,0.328733,29.091,1.33288,62.1925,2.04129,179.583,0.619919,262.428,0.375732,295.144,0.549728,0.209505,0.403207,0.190575,0.391338
0.0494843,0.768464,0.00038539,0.000388737,0.000608175,0.00101352,0.00136386,0.00196244,0.00363966,0.00744688,0.0167659,0.0551986,6.44018e-05,0.481856,0.992604,1,51.8975,0.441667,0.258049,27.3759,0.478238,64.5212,0.949031,179.198,0.617992,258.702,0.50475,301.336,0.728177,0.178454,0.366119,0.2055,0.390104
0.0560227,0.755139,0.00040597,0.000445456,0.000693498,0.00115053,0.00156958,0.00204979,0.00389352,0.00866086,0.018779,0.0594888,9.98046e-05,0.474756,0.991032,1,54.0967,0.346347,0.305055,27.4883,0.385431,60.47,2.66048,178.343,1.24173,262.2,0.396315,295.23,0.492351,0.21941,0.410568,0.213877,0.434187
0.0562403,0.729812,0.000386206,0.000384601,0.00058577,0.00112136,0.00148998,0.0020572,0.00388644,0.00830304,0.0182449,0.0570482,9.07409e-05,0.528949,0.992555,1,57.8394,0.335473,0.30453,28.1556,0.326643,59.9664,2.73713,178.551,1.41647,264.014,0.539414,295.516,0.411036,0.218369,0.403951,0.206449,0.426126
0.0583873,0.732719,0.000328014,0.000370478,0.000611273,0.000924405,0.00129983,0.00172369,0.00316415,0.00709648,0.0156835,0.0495644,8.53246e-05,0.478412,0.997869,1,54.4959,0.371083,0.309307,27.3383,0.414316,61.3015,1.51964,179.838,0.462718,264.934,0.375487,294.545,0.500752,0.216921,0.391493,0.207229,0.449983
0.045042,0.836198,0.00041863,0.000471823,0.000585728,0.000941689,0.00132505,0.00188198,0.00352074,0.00698105,0.0153707,0.0488287,0.000104679,0.450803,0.963709,1,50.0371,0.440603,0.248369,28.7798,5.23198,65.8609,1.42594,178.391,2.15273,257.517,0.876361,299.657,2.49722,0.207,0.417528,0.234525,0.444454
0.0547881,0.732393,0.000452634,0.000391054,0.000621558,0.00100242,0.00131921,0.00175357,0.00327619,0.00707835,0.0155584,0.0496033,0.000114933,0.466111,0.993445,1,48.0205,0.305599,0.288708,28.5286,0.660718,62.1378,1.7483,180.057,0.741643,260.622,0.99738,298.933,0.4738,0.210066,0.413422,0.225637,0.465912
0.0557211,0.737179,0.000444958,0.000412163,0.000572472,0.0010894,0.0013691,0.00185359,0.00342375,0.0073481,0.0161431,0.0514413,0.000108736,0.44458,0.991988,1,52.2139,0.313589,0.293634,28.382,0.7028,62.1502,1.94395,180.122,0.608895,260.629,0.68491,299.448,0.433517,0.211998,0.411514,0.229363,0.451405
0.0558157,0.736776,0.000438831,0.000413181,0.000568506,0.00108915,0.00136601,0.00185574,0.0034199,0.00733886,0.0161273,0.0514176,0.000107927,0.443979,0.992062,1,52.093,0.311512,0.293977,28.4042,0.702478,62.1302,1.99685,180.081,0.607788,260.682,0.698167,299.422,0.432392,0.212416,0.410442,0.229041,0.451877
0.0548834,0.821017,0.000549317,0.000396878,0.000566536,0.00133615,0.00190977,0.00253041,0.0046496,0.00950457,0.020743,0.0674571,6.20554e-05,0.530872,0.922139,1,63.9859,0.39875,0.291499,28.3365,1.41472,65.0021,0.771561,179.66,0.655922,259.523,0.490422,295.798,1.79579,0.199752,0.384744,0.197813,0.367215
0.0610005,0.846011,0.000535057,0.000514833,0.000947388,0.00146631,0.0020622,0.00276057,0.00495276,0.0100171,0.0221245,0.0721301,6.51885e-05,0.463228,0.944593,1,42.7875,0.348607,0.321236,27.3591,0.672456,66.1413,1.52579,178.053,1.85204,261.677,0.342698,299.653,0.55933,0.174725,0.361796,0.177612,0.394313
0.0680062,0.681724,0.000674853,0.000517016,0.000829134,0.00136821,0.00188979,0.00254607,0.00467577,0.00944322,0.0208399,0.0677808,7.69718e-05,0.430644,0.927595,1,68.5545,0.26037,0.320859,28.5889,1.21163,62.0678,0.748782,178.45,1.16479,258.269,2.33426,296.538,1.68593,0.197686,0.384443,0.210264,0.369921
0.0466114,0.855968,0.000549085,0.000577274,0.000749591,0.000888613,0.00114688,0.00164543,0.00283253,0.00609018,0.0137004,0.042805,8.04266e-05,0.343304,0.995888,1,47.0374,0.559158,0.260775,28.3607,0.792242,63.2055,1.16364,179.292,1.05529,261.226,0.703389,297.96,0.407411,0.210031,0.410945,0.238405,0.45948
0.042544,0.853809,0.000716634,0.000740656,0.000911022,0.00086825,0.00120978,0.00170775,0.00301444,0.00668006,0.014425,0.0475337,0.000102092,0.326252,0.996437,1,45.2745,0.484928,0.235389,28.6334,3.26153,67.4704,2.17085,178.705,1.78937,261.99,1.06178,296.267,1.3043,0.200703,0.41195,0.198668,0.427074
0.0471166,0.77728,0.000562661,0.000562825,0.00101678,0.00104197,0.00135537,0.0018397,0.0033684,0.00719903,0.016236,0.0521616,9.18035e-05,0.340821,0.988555,1,50.5506,0.408261,0.25028,28.9922,3.04775,63.5624,0.872526,179.645,1.67425,262.981,0.271642,295.856,0.93461,0.211664,0.414061,0.189207,0.431426
0.0558459,0.709157,0.000298473,0.000319371,0.0004487,0.000799473,0.00101607,0.00148354,0.00269625,0.0053047,0.0118841,0.0364945,9.40112e-05,0.447706,0.940366,1,68.4884,0.387125,0.267135,26.6354,0.339051,63.3529,2.29731,177.51,0.948328,257.918,3.99334,299.345,2.33771,0.1911,0.372401,0.236543,0.429178
0.0533455,0.732824,0.000394904,0.000289579,0.000514594,0.000830914,0.0010686,0.00147936,0.00264011,0.00556358,0.0123354,0.037481,0.00011168,0.461732,0.971382,1,56.7497,0.371348,0.267348,26.6147,0.379818,62.2348,2.59831,178.739,1.84608,260.125,0.704313,298.357,0.60628,0.188292,0.387,0.220775,0.442573
0.0584311,0.780886,0.000708538,0.000629657,0.00108869,0.00126352,0.00172539,0.00227269,0.00435634,0.00933252,0.0206822,0.0660394,8.92335e-05,0.416402,0.992305,1,58.283,0.307765,0.311722,28.2528,0.701353,64.6515,0.432987,179.135,0.868061,260.445,0.321338,297.924,1.90311,0.201049,0.395725,0.200441,0.421553
0.0579508,0.782085,0.000550702,0.000564855,0.000998501,0.00133596,0.00180895,0.00241384,0.00460696,0.00971195,0.0217898,0.0720359,8.56493e-05,0.400318,0.972792,1,53.279,0.318407,0.308265,28.6758,1.83707,62.8938,1.05258,180.135,0.632583,259.133,0.987587,295.584,0.907383,0.21025,0.410391,0.205826,0.402188
0.0599208,0.723983,0.000637261,0.000451543,0.000701869,0.00136895,0.00168759,0.00235728,0.00424578,0.0089429,0.0202874,0.0675542,9.84291e-05,0.472134,0.968122,1,56.1838,0.267671,0.305195,28.6437,0.938272,63.5002,0.897342,178.231,0.80593,260.108,2.45758,296.377,3.37807,0.198468,0.395664,0.199479,0.385825
0.0542673,0.761435,0.000473274,0.000522728,0.000792321,0.00116251,0.00176629,0.0022589,0.00436093,0.00895853,0.0193296,0.065002,6.74379e-05,0.464767,0.966326,1,40.1836,0.360957,0.282958,28.668,2.76808,60.91,2.54758,179.128,3.36017,259.566,0.423129,298.962,0.603998,0.196367,0.388931,0.203357,0.402108
0.062192,0.758257,0.000707768,0.000612812,0.000902972,0.00119334,0.00161924,0.00212759,0.0040083,0.00830752,0.0189388,0.0598043,9.82061e-05,0.389062,0.983822,1,75.2802,0.278338,0.316518,28.1916,0.93633,67.7719,0.626307,178.336,0.375043,260.798,0.547442,296.295,1.43657,0.190959,0.385889,0.187462,0.407225
0.0562924,0.807664,0.000656543,0.000604218,0.0010692,0.00133008,0.00187517,0.0026047,0.00466811,0.0101587,0.0224309,0.0741743,7.17959e-05,0.392293,0.980414,1,74.3323,0.353066,0.302099,28.3263,2.18304,62.4971,1.51523,180.932,0.503866,259.208,1.46849,297.214,1.2196,0.199988,0.396307,0.199297,0.408025
0.069042,0.852142,0.000886001,0.000801911,0.00114504,0.00159697,0.00215672,0.00298219,0.00534966,0.0108909,0.0244544,0.0795369,7.60442e-05,0.396743,0.948937,1,62.2534,0.310286,0.372086,28.2571,0.524844,67.1942,2.36782,181.32,0.387117,258.107,0.260391,299.471,1.14518,0.202984,0.405552,0.20896,0.439699
0.046671,0.894743,0.000334231,0.00023218,0.00041173,0.00139492,0.00182825,0.0025169,0.00493861,0.00975481,0.0215614,0.0700626,7.51046e-05,0.741328,0.895084,1,46.8756,0.460317,0.274966,28.5376,1.22481,63.0645,0.767366,176.224,2.00003,260.198,0.402226,295.198,1.40341,0.206979,0.404705,0.204918,0.398951
0.0495927,0.840795,0.000235812,0.000234611,0.000394078,0.00137932,0.00175511,0.00253713,0.00468746,0.00968826,0.0210855,0.0682751,7.61363e-05,0.758439,0.895876,1,60.3037,0.388696,0.280467,28.5023,1.58765,63.7916,1.35403,177.737,1.00727,260.559,0.317285,296.503,2.10473,0.201783,0.393299,0.19444,0.403632
0.0508458,0.825619,0.000273819,0.000258098,0.000393109,0.0013996,0.00194446,0.00260507,0.00510634,0.0100797,0.0217312,0.0733583,6.94986e-05,0.763728,0.887976,1,52.5362,0.405209,0.287891,28.4517,1.10745,60.8872,1.28903,178.028,0.667597,261.343,0.292216,296.574,1.65968,0.212132,0.398191,0.202054,0.404396
0.0477377,0.797054,0.000274162,0.000188652,0.000384083,0.00106819,0.00139857,0.00188943,0.00368852,0.0074728,0.0168504,0.0526989,0.00011483,0.664913,0.940983,1,48.0516,0.365007,0.268918,28.8588,2.33408,63.3565,1.39251,176.08,2.94568,260.541,3.13662,296.303,0.765294,0.218276,0.415392,0.220894,0.440808
0.0496696,0.807267,0.000262522,0.000228585,0.000370402,0.000988432,0.00131867,0.00187575,0.00343674,0.00746084,0.0161888,0.0508721,0.000106398,0.68284,0.972847,1,76.3384,0.350296,0.283737,28.4262,9.18792,63.2042,1.01757,178.984,0.977236,261.572,0.832531,296.071,4.05517,0.205758,0.403075,0.213922,0.439085
0.0613643,0.722045,0.00130289,0.0010235,0.00166818,0.00136471,0.00194514,0.00239066,0.00445235,0.00941466,0.0207617,0.0694477,5.48373e-05,0.25488,0.947305,1,52.0689,0.359449,0.285535,27.2899,0.484738,64.0707,4.12055,177.681,0.928555,259.582,0.908442,297.424,0.429242,0.183058,0.350265,0.183267,0.353653
0.059165,0.735673,0.00122855,0.000949537,0.0018405,0.00141333,0.00188799,0.00240496,0.00461134,0.00948369,0.0209377,0.0705585,5.33224e-05,0.261966,0.972043,1,56.6371,0.377645,0.28347,26.8722,0.387942,62.6473,1.84692,177.268,0.945469,259.586,2.01646,298.721,0.499799,0.176576,0.352023,0.181035,0.358952
0.0587133,0.804284,0.00111298,0.0012472,0.00142178,0.00121335,0.00177185,0.00246309,0.00440224,0.00883059,0.0193044,0.063811,4.85341e-05,0.275732,0.968937,1,46.7972,0.438046,0.294003,26.9628,0.421685,65.112,3.37638,178.958,0.926297,259.92,0.477816,299.412,2.82935,0.175621,0.349092,0.193707,0.374082
0.0642704,0.671492,0.000533165,0.000423668,0.000787297,0.00117266,0.00162959,0.0020938,0.00412274,0.00854373,0.0185534,0.0581564,8.77757e-05,0.41461,0.925965,1,58.5694,0.266591,0.291517,27.5221,0.811464,64.0635,0.558566,179.356,1.10774,260.848,1.26414,294.103,0.728615,0.183586,0.365675,0.16814,0.357426
0.0546552,0.885029,0.000838797,0.000731218,0.00119911,0.00128313,0.00177209,0.00242395,0.00430409,0.00866696,0.019059,0.0618846,5.18578e-05,0.308416,0.941166,1,50.0683,0.52929,0.295683,28.6122,1.13586,64.3883,0.978813,178.637,0.958227,259.654,0.50825,301.327,0.408054,0.204442,0.39339,0.228319,0.451083
0.0593189,0.714756,0.000652749,0.000496989,0.000851231,0.00105615,0.00136343,0.00196477,0.00366798,0.00727876,0.0162511,0.0527457,0.000104662,0.350578,0.967267,1,58.1639,0.28214,0.291168,28.6948,0.90833,64.4577,2.53754,179.11,1.22676,263.25,0.343016,292.552,0.98757,0.199268,0.400188,0.176375,0.387677
0.0598097,0.707837,0.000628321,0.000519488,0.000930552,0.00109536,0.00157276,0.00206788,0.00382785,0.00809419,0.0174165,0.0585483,9.56142e-05,0.382857,0.956511,1,58.7673,0.2909,0.294696,28.5987,1.61949,62.7369,2.55768,178.638,1.56598,263.348,0.60151,293.084,0.587456,0.209084,0.395472,0.173271,0.40337
0.0600196,0.690185,0.000654994,0.000487936,0.000871425,0.00111847,0.00153037,0.00201658,0.00374309,0.00793992,0.0172411,0.0582645,8.96676e-05,0.371753,0.960053,1,64.3846,0.285769,0.290392,28.8318,1.42445,63.5322,2.47562,178.878,1.42188,264.076,0.596179,293.131,0.832173,0.205856,0.389996,0.174068,0.396139
0.0541513,0.775796,0.000649023,0.000822604,0.00103892,0.00128092,0.00166653,0.00231462,0.00435861,0.00890554,0.0195284,0.0622948,8.43746e-05,0.349582,0.954367,1,58.5731,0.340694,0.273009,28.2971,0.708329,65.6884,1.18941,179.285,0.703797,262.684,0.277234,293.256,1.0974,0.191138,0.387779,0.159647,0.361876
0.0493201,0.851923,0.000571783,0.000406856,0.000628349,0.000994315,0.00145489,0.00183073,0.00353418,0.00713431,0.0158913,0.0510902,8.36436e-05,0.467817,0.982666,1,41.7704,0.431504,0.274803,28.3808,7.67586,64.6618,0.437394,179.363,0.904686,263.936,0.321686,294.722,0.361921,0.194015,0.395724,0.183285,0.411526
0.05024,0.849113,0.000515008,0.000321496,0.000611004,0.00120037,0.00147453,0.00208264,0.00367013,0.00835148,0.0175724,0.0572232,9.46443e-05,0.501484,0.970094,1,44.8168,0.3851,0.280469,28.3064,1.40953,66.3233,0.428396,177.109,1.49509,263.734,0.564372,296.127,0.748606,0.198503,0.394353,0.174546,0.43996
0.0544827,0.890374,0.000514259,0.000596925,0.000843632,0.00110406,0.00172374,0.0022617,0.00437089,0.00911451,0.0197501,0.0642967,8.41283e-05,0.453911,0.988679,1,44.0027,0.374215,0.312854,28.5034,1.54365,66.3475,0.425191,179.059,3.5483,262.274,0.36957,293.985,0.793889,0.19492,0.40198,0.183906,0.397657
0.0536505,0.809417,0.000535259,0.00039419,0.000696771,0.00123551,0.00158915,0.00217902,0.00385569,0.00798157,0.0180632,0.0575287,8.25763e-05,0.466639,0.934182,1,67.117,0.383537,0.283948,28.4261,0.71754,64.4863,0.673498,178.239,0.654855,262.098,0.606763,294.766,0.370064,0.207102,0.395813,0.191294,0.4079
0.0488482,0.833516,0.000482433,0.000431268,0.000727654,0.00114288,0.00169208,0.00216139,0.00384424,0.00887572,0.0189821,0.0634341,7.36739e-05,0.476744,0.981718,1,51.2531,0.416377,0.270568,28.603,1.94026,64.226,0.889482,178.724,2.12532,259.817,0.360693,300.898,3.87373,0.194972,0.392702,0.203311,0.438241
0.0462581,0.824241,0.000365309,0.00029193,0.000493352,0.00107651,0.00134471,0.00187928,0.00371011,0.00762358,0.0170836,0.0571056,9.17417e-05,0.58663,0.99647,1,45.6074,0.435866,0.265795,27.6606,0.48401,63.5806,4.03879,176.554,0.608065,260.64,0.519458,296.625,0.546663,0.201022,0.39374,0.216692,0.412493
0.0521366,0.869658,0.000587414,0.000424108,0.00075282,0.00104748,0.00143124,0.00189411,0.00372639,0.00766504,0.0174805,0.0546776,6.59674e-05,0.412727,0.995995,1,70.317,0.457652,0.294921,28.662,1.98629,64.1571,0.557032,180.734,2.78833,261.017,0.290613,297.587,2.12214,0.199172,0.39803,0.217258,0.441836
0.0472018,0.707301,0.000345603,0.000341486,0.000481579,0.000779354,0.00103557,0.00140213,0.00277095,0.00563362,0.0119196,0.0386796,0.000156334,0.420883,0.96304,1,81.5561,0.327054,0.239348,28.9203,0.678384,64.7177,0.774982,178.037,0.561028,259.229,1.31463,296.5,0.674107,0.221517,0.427153,0.23626,0.451854
0.0493707,0.724039,0.000527446,0.0004204,0.000782576,0.000933951,0.00132229,0.0017216,0.00323493,0.00641027,0.0144442,0.044206,0.000109364,0.38534,0.928391,1,49.8637,0.374965,0.247987,28.9428,2.36228,58.9781,0.493118,176.247,1.11005,262.045,0.569626,296.833,3.34183,0.222999,0.417743,0.227217,0.449783
0.0592221,0.868701,0.000599059,0.000541994,0.000951073,0.0013744,0.00190431,0.00253959,0.00452885,0.0103817,0.0217972,0.069705,7.38807e-05,0.396604,0.972849,1,52.3107,0.354702,0.326697,28.4711,3.04572,64.1727,0.692171,177.513,0.296418,259.704,0.357729,297.026,2.62611,0.187628,0.395494,0.198784,0.412234
0.0638826,0.810385,0.000561665,0.000506564,0.00065871,0.00128096,0.0017923,0.00230158,0.00451799,0.00914802,0.020338,0.0617473,8.89443e-05,0.495771,0.950366,1,52.541,0.302207,0.342628,28.6502,1.11837,66.4492,0.917288,179.412,0.46188,260.859,0.369829,295.112,0.813256,0.206779,0.399642,0.206174,0.398126
0.0471017,0.747566,0.000383028,0.000296189,0.000556283,0.00122182,0.00170527,0.00232231,0.00413775,0.00905367,0.0203943,0.0674673,7.44914e-05,0.583623,0.936963,1,56.4042,0.381351,0.249712,29.4037,0.892638,62.5241,1.98774,178.013,2.82964,261.33,1.16277,297.207,0.94168,0.213345,0.397039,0.199086,0.398062
0.052833,0.700641,0.000259468,0.000220498,0.000368001,0.000870504,0.00120624,0.00169041,0.00297869,0.00649301,0.0142987,0.0460853,0.000117183,0.618596,0.993009,1,52.678,0.303942,0.272687,27.4303,0.841011,62.7797,1.15595,176.909,0.579724,258.631,0.575197,298.891,1.63452,0.1888,0.382272,0.215351,0.433361
0.050757,0.756209,0.00051302,0.000360059,0.000618388,0.00101361,0.00138418,0.00195833,0.00347884,0.00707681,0.015706,0.0499126,7.39216e-05,0.46828,0.938396,1,53.4403,0.412309,0.256788,28.2123,0.69206,63.3975,1.98573,181.469,2.03233,259.703,0.976076,297.538,0.693445,0.200632,0.389131,0.209908,0.392839
0.0559316,0.827,0.000539037,0.000566621,0.000866755,0.00117487,0.00164058,0.00215299,0.00405731,0.00822246,0.0177217,0.0551947,8.93065e-05,0.407118,0.917135,1,63.5398,0.358861,0.292782,29.0266,2.57925,63.8444,1.7154,178.478,1.02543,257.783,0.548292,295.72,1.99299,0.203461,0.420198,0.219276,0.411562
0.0506284,0.695478,0.00035852,0.000318677,0.000448758,0.0010091,0.00135828,0.00180336,0.00343369,0.00657228,0.0144851,0.0457237,0.00010835,0.493747,0.888165,1,67.9778,0.341935,0.239491,28.3287,0.627049,63.303,1.75652,180.013,0.851977,260.267,0.907309,301.178,0.505071,0.205471,0.400513,0.197621,0.470762
0.0515661,0.696058,0.000339324,0.000309932,0.0004731,0.0010005,0.00138932,0.00181432,0.00355333,0.00657124,0.0144718,0.0459267,0.000105736,0.537767,0.855134,1,67.5513,0.340539,0.239294,28.4552,0.967989,63.2607,1.0571,180.334,1.72141,259.472,1.97053,300.139,0.463377,0.204206,0.397207,0.200467,0.427806
0.0487263,0.817779,0.00051365,0.000434571,0.000696096,0.000984629,0.00126584,0.00169001,0.00321514,0.00678515,0.0144472,0.0452147,9.93566e-05,0.426335,0.968087,1,47.2592,0.418243,0.264307,28.2861,0.816891,62.8956,1.89343,177.474,1.02842,260.301,0.411592,297.947,0.655372,0.20535,0.409709,0.226982,0.451082
0.0577016,0.633781,0.000359226,0.000405581,0.00055565,0.000910495,0.00134071,0.00173095,0.00323456,0.00654524,0.0148305,0.0464874,0.000118013,0.425867,0.953034,1,56.8619,0.282809,0.271776,28.1925,0.416944,61.7363,1.57868,179.998,2.07976,261.153,0.539544,297.712,1.49103,0.21208,0.399358,0.21443,0.421917
0.0547777,0.638808,0.000678575,0.000505121,0.000705875,0.000937358,0.0013246,0.00182747,0.00336271,0.00704863,0.0151722,0.0484084,0.000111231,0.393246,0.943505,1,63.2912,0.286399,0.253035,28.5399,0.829887,61.9892,1.10289,177.902,0.46175,259.396,0.313186,297.418,0.809102,0.20207,0.39404,0.204634,0.398266
0.0551039,0.695609,0.0003825,0.000451353,0.00054715,0.000866868,0.00122266,0.00165547,0.00304796,0.00601375,0.0134989,0.0421565,0.000116087,0.412482,0.942357,1,53.5655,0.30999,0.265357,28.0884,0.735526,63.4473,1.45595,179.731,0.300171,261.522,1.21931,297.742,0.785942,0.204614,0.399123,0.210966,0.433621
0.0527571,0.760081,0.000292785,0.000271289,0.000443829,0.000961104,0.00127125,0.0017407,0.00321885,0.00633132,0.0133901,0.0411738,0.00010765,0.525298,0.88707,1,46.5213,0.349168,0.263254,28.7684,1.47417,62.9198,2.35609,179.352,0.375501,257.5,0.39307,297.194,1.33113,0.206821,0.411427,0.235397,0.414359
0.0653374,0.751114,0.000784152,0.000576919,0.0010841,0.00135357,0.00181436,0.00249391,0.0046414,0.00942443,0.0217494,0.0713929,6.83997e-05,0.375566,0.992359,1,51.4774,0.319938,0.338781,27.9894,0.609897,62.7787,2.84253,180.355,0.442454,261.256,0.576754,297.549,1.97921,0.203583,0.385087,0.203109,0.406908
0.0605444,0.759064,0.000785635,0.000638733,0.000908977,0.001332,0.00189774,0.00249569,0.00457414,0.0104936,0.0226601,0.075624,8.29839e-05,0.430599,0.995379,1,55.8069,0.295746,0.319567,28.2711,1.28043,63.5326,3.27663,180.425,1.22739,258.295,0.287947,297.777,0.431426,0.197848,0.399527,0.194682,0.403225
0.063645,0.705127,0.00062736,0.000677187,0.0011436,0.00133863,0.00175674,0.00245935,0.0046435,0.00998172,0.0221441,0.0735977,8.63402e-05,0.388613,0.998517,1,61.8598,0.251401,0.316029,28.2203,0.604959,65.4399,1.78852,179.651,3.11505,258.338,0.518016,300.68,1.13433,0.192331,0.381102,0.199025,0.405785
0.0610776,0.686769,0.000771184,0.000567296,0.00101485,0.00133047,0.00169092,0.00226013,0.00431859,0.00961948,0.0216837,0.0699441,8.99944e-05,0.38492,0.998714,1,56.543,0.261646,0.300447,28.0282,0.817872,64.1004,1.56304,180.143,4.33285,258.049,0.381105,299.623,2.01865,0.195828,0.381453,0.201716,0.393721
0.0585173,0.703367,0.000434271,0.000495908,0.000670157,0.000994207,0.00155495,0.00206617,0.00360553,0.00769281,0.0175139,0.057165,7.12349e-05,0.445935,0.998816,1,41.7347,0.333501,0.292745,27.3887,0.391034,62.2283,5.01889,178.158,0.91925,258.55,0.550756,297.439,1.45708,0.190124,0.363537,0.208638,0.38177
0.0556559,0.806647,0.000585349,0.000590946,0.000948725,0.00123097,0.00170247,0.00215939,0.00424211,0.00751151,0.0165517,0.0514914,8.98026e-05,0.330793,0.85728,1,74.782,0.36934,0.266569,28.7884,2.68347,65.3325,0.449854,177.93,1.59051,260.467,1.84187,296.168,0.899577,0.200699,0.403812,0.192812,0.401796
0.0675977,0.720285,0.000545051,0.000432664,0.000761765,0.00118292,0.00160337,0.00214521,0.00411609,0.00724209,0.015503,0.0480489,8.26036e-05,0.403644,0.816603,1,76.6938,0.306176,0.291622,27.6226,0.615758,64.9677,2.05126,180.622,1.11887,259.781,0.253999,300.006,0.454731,0.19232,0.376088,0.190254,0.406153
0.0675776,0.703289,0.0005759,0.0004314,0.000775954,0.00122374,0.001634,0.00219647,0.00419808,0.00744941,0.0159903,0.0492681,8.24764e-05,0.404085,0.827276,1,74.3021,0.307402,0.290644,27.6157,0.593869,65.3555,1.78023,180.566,1.17026,259.819,0.255714,300.357,0.452016,0.190823,0.374199,0.19235,0.406308
0.0563439,0.63868,0.000503733,0.000376359,0.000678467,0.00104487,0.00138531,0.00191995,0.00338136,0.00634588,0.0141645,0.0434222,9.52354e-05,0.374344,0.854884,1,40.7698,0.315998,0.240132,28.844,0.831185,62.3545,0.651875,177.103,0.605149,259.781,0.335734,296.662,2.62565,0.198169,0.388848,0.194275,0.389649
0.0581502,0.809025,0.000711007,0.000610634,0.000826651,0.00120939,0.00164719,0.00220619,0.00419519,0.00911156,0.020472,0.0638584,7.35595e-05,0.421489,0.99672,1,74.8604,0.349728,0.310734,27.4935,0.627159,65.8855,2.40864,179.136,1.73388,259.067,1.02007,298.546,1.09438,0.185694,0.376734,0.195335,0.407895
0.0531209,0.660806,0.000471421,0.000448196,0.000771013,0.000856327,0.00121767,0.00159585,0.00294573,0.00582663,0.0131623,0.0415258,0.000106993,0.337185,0.929136,1,53.5659,0.320278,0.241319,28.4722,0.836047,63.2849,1.96127,177.916,1.60598,262.496,0.34216,296.266,0.525638,0.197294,0.389287,0.181386,0.404361
0.0478265,0.800985,0.000249367,0.000259007,0.0003763,0.000902947,0.00125688,0.00172489,0.0031794,0.00667895,0.0149052,0.0448033,9.81036e-05,0.616342,0.930058,1,49.387,0.414201,0.257194,27.9892,0.770273,64.1328,1.02338,179.8,1.21784,256.619,1.58216,298.991,1.18038,0.199002,0.398991,0.22425,0.43572
0.0581411,0.744287,0.000677691,0.000858554,0.000978517,0.00113417,0.00162275,0.00211074,0.0039314,0.00790249,0.0165362,0.051915,0.000106289,0.315175,0.888822,1,55.1309,0.326374,0.280604,29.0172,1.22062,61.8703,1.87086,177.663,0.992793,261.802,0.377779,296.514,1.01043,0.220695,0.421395,0.211674,0.428727
0.0615257,0.839773,0.000597412,0.000680263,0.000827585,0.00138645,0.00192118,0.00256835,0.00476651,0.00981964,0.0207095,0.0670268,7.3986e-05,0.451507,0.908122,1,53.3781,0.350936,0.319771,27.8054,0.790202,64.8415,1.11182,180.959,1.53496,258.14,1.66824,299.683,0.908072,0.194518,0.39409,0.200694,0.438491
0.0565857,0.724175,0.000530743,0.00044505,0.000605822,0.00102773,0.0014045,0.0018451,0.0035367,0.00720147,0.0159767,0.0484273,0.000132734,0.457981,0.943395,1,52.8367,0.269116,0.281831,28.6878,1.93101,63.2106,0.561439,177.786,0.979625,259.046,0.559487,298.982,1.3424,0.197308,0.411818,0.211783,0.441709
0.0547367,0.889598,0.000501162,0.000332554,0.000714813,0.00128241,0.00179594,0.00241825,0.00439887,0.00782112,0.0172163,0.054561,6.50408e-05,0.485795,0.86161,1,51.7833,0.507551,0.294027,28.9014,0.542587,65.0096,4.64246,181.223,0.270615,261.752,0.259743,297.356,0.998922,0.225294,0.414256,0.225618,0.436877
0.05441,0.799547,0.000378096,0.000315375,0.000627319,0.00109676,0.00143393,0.00199831,0.00359295,0.00720598,0.0156708,0.0493701,6.69865e-05,0.505154,0.902603,1,57.9899,0.442448,0.28021,28.3702,0.663064,64.0944,0.437424,177.18,5.93732,259.221,1.21795,296.99,1.18348,0.204858,0.38641,0.230511,0.398681
0.0533696,0.786363,0.000538842,0.000382268,0.000836475,0.00136625,0.00185706,0.00259961,0.00489036,0.0101431,0.0227498,0.077042,6.16458e-05,0.560186,0.988704,1,66.798,0.362438,0.292908,28.5004,1.03074,62.3142,0.764195,177.37,0.373748,260.852,0.539376,295.069,1.37851,0.192217,0.377805,0.187753,0.358996
0.0572763,0.893914,0.000477234,0.000460827,0.000752967,0.00136393,0.00184476,0.00254882,0.00458398,0.00976181,0.0216759,0.0707136,8.68427e-05,0.526196,0.963008,1,45.6868,0.36486,0.335769,28.9491,1.10792,65.7154,2.27014,180.896,0.850495,261.474,0.334334,296.377,0.962688,0.217889,0.421709,0.215685,0.440372
0.0495021,0.773513,0.000352944,0.000346161,0.000493326,0.000833195,0.0012015,0.00166259,0.00300428,0.00626537,0.013788,0.0434744,0.000119567,0.436952,0.967412,1,62.5423,0.368514,0.262057,28.7518,3.30016,63.5473,1.55303,178.93,1.38144,259.656,0.41127,297.814,1.42678,0.212657,0.41844,0.236718,0.450587
0.0546124,0.792035,0.000392536,0.000345502,0.000616664,0.00105575,0.00137075,0.00180549,0.0033932,0.00709767,0.0153609,0.0469225,0.000112002,0.465906,0.94036,1,43.9372,0.345147,0.290481,28.7666,1.12025,62.6576,1.91768,180.175,0.841266,260.63,0.491932,298.262,0.364192,0.217067,0.425907,0.225823,0.476883
0.0579449,0.825067,0.00070423,0.00059735,0.00104098,0.001361,0.00193412,0.00245721,0.0043659,0.00874447,0.0189621,0.0597569,6.65177e-05,0.366559,0.897324,1,44.1282,0.394749,0.286408,27.908,1.88015,66.5032,1.2537,180.663,0.835305,260.02,0.463223,297.744,0.735814,0.186378,0.376716,0.17911,0.386104
0.061369,0.728813,0.000616827,0.000569759,0.000860519,0.00142125,0.00187441,0.00263832,0.00465008,0.00888631,0.0194627,0.0622729,9.09318e-05,0.425976,0.863039,1,53.2315,0.293602,0.283662,28.2921,1.0133,64.3349,0.433184,178.493,0.621228,259.514,0.384989,297.364,2.26342,0.195681,0.390787,0.184053,0.38165
0.0479709,0.753799,0.000401783,0.000422341,0.000601867,0.000868496,0.00114437,0.00159997,0.00291655,0.00612827,0.0130121,0.0415412,9.12292e-05,0.412441,0.95819,1,52.0887,0.40681,0.23695,27.4661,0.605877,64.4077,4.50337,179.81,0.609387,261.724,0.431562,292.434,0.489736,0.178431,0.377307,0.168027,0.354322
0.0668449,0.716242,0.000740043,0.000588394,0.000937348,0.0012785,0.0018382,0.00244467,0.004371,0.00873024,0.0197518,0.0623166,6.5781e-05,0.384524,0.925814,1,48.0468,0.331108,0.321662,27.5224,0.40299,62.8455,0.324359,178.396,2.91366,263.679,0.294002,292.299,2.72958,0.206522,0.377455,0.179774,0.375647
0.0584417,0.779562,0.000555311,0.000584982,0.000821246,0.00100736,0.00132394,0.00182627,0.00337286,0.00696842,0.0147495,0.046709,8.21337e-05,0.347534,0.93767,1,65.6781,0.397374,0.297021,27.9556,0.415627,62.3419,1.44584,178.277,0.710648,261.854,0.506246,297.322,0.575286,0.211998,0.399635,0.22896,0.438034
0.0572667,0.753792,0.000517453,0.000666723,0.000735254,0.00095561,0.00129251,0.00179043,0.00330161,0.00664062,0.0143111,0.0452908,6.82034e-05,0.366237,0.939724,1,74.1497,0.415407,0.286558,28.462,0.40191,62.6442,1.99542,179.456,0.904626,261.446,0.905615,299.439,0.423094,0.208044,0.393397,0.237386,0.44858
0.0581408,0.71968,0.000342391,0.000320163,0.000428549,0.000941329,0.00121388,0.00177298,0.0029764,0.0054943,0.0118649,0.0355628,0.000118649,0.470921,0.834025,1,36.6979,0.326042,0.263674,28.3039,0.631591,63.6317,0.55871,179.128,2.0534,259.622,0.866673,295.975,2.26052,0.201124,0.399369,0.22205,0.41619
0.0579865,0.721227,0.000328128,0.000263713,0.000421334,0.000896837,0.00112988,0.00162747,0.0029565,0.00516109,0.011211,0.0332306,0.000110018,0.469421,0.815051,1,42.3244,0.350842,0.256948,28.0357,0.526419,64.1976,0.639866,179.31,2.87138,259.932,0.525749,296.708,2.58588,0.19717,0.398188,0.211894,0.417307
0.0538511,0.831994,0.000417613,0.000490981,0.000730387,0.00148793,0.00207274,0.00291905,0.00529118,0.0103346,0.022448,0.0779817,5.83556e-05,0.527763,0.889951,1,70.9781,0.426979,0.283065,28.3069,1.08719,62.2503,3.16087,177.477,0.531164,259.66,0.935831,298.719,0.54826,0.199009,0.385073,0.204141,0.374728
0.0631658,0.740725,0.000684811,0.000464522,0.000797548,0.000939068,0.00126136,0.00168973,0.00315565,0.00601047,0.012461,0.0382675,0.000104104,0.317893,0.865198,1,72.0537,0.319433,0.288399,28.6299,1.04662,63.6894,1.54139,176.942,0.643872,260.19,1.68553,296.55,0.747083,0.200695,0.401033,0.222673,0.437338
0.0610479,0.71899,0.000542284,0.000585703,0.000839182,0.00102899,0.00151364,0.00200398,0.00358061,0.00675017,0.0146032,0.0447107,9.99895e-05,0.33597,0.86363,1,49.6555,0.318639,0.274868,28.1902,0.907163,63.6549,0.761184,180.176,1.3793,262.665,0.353869,296.493,0.599961,0.201482,0.3973,0.183306,0.419524
0.0567501,0.810207,0.000521443,0.000374467,0.000688058,0.000983468,0.00125203,0.00176166,0.00314681,0.00577412,0.0119188,0.0365592,9.27139e-05,0.358825,0.827062,1,52.9045,0.422326,0.263413,28.2528,0.762584,66.8703,1.28802,180.533,1.9121,258.531,0.521317,296.927,2.26408,0.197496,0.402834,0.219337,0.42911
0.0538314,0.724058,0.000336087,0.000369599,0.000531993,0.00084584,0.00125581,0.00161904,0.00296123,0.00531958,0.0114017,0.0345354,0.000133173,0.389163,0.828412,1,57.7542,0.347434,0.241331,28.246,0.910285,63.0091,3.1396,178.337,0.389694,259.726,0.826921,298.896,0.523535,0.20641,0.412572,0.218405,0.444357
0.0533,0.741801,0.000510357,0.00031764,0.000568878,0.000863252,0.00112574,0.00156056,0.00289693,0.00524568,0.0112349,0.0338044,9.96159e-05,0.367525,0.844611,1,62.6294,0.387926,0.239577,28.685,2.74838,65.2014,2.02451,179.256,3.2663,260.066,0.641085,297.607,3.5413,0.196358,0.394358,0.207613,0.418636
0.0535698,0.785176,0.000511765,0.00040095,0.000705072,0.000982092,0.00140353,0.00178621,0.00328507,0.00610009,0.0130086,0.0391451,0.000101631,0.38709,0.8478,1,45.8907,0.398751,0.251024,28.1482,2.03743,64.5363,1.2462,179.248,1.32831,259.202,1.20718,298.36,1.02876,0.19546,0.397838,0.205005,0.425203
0.076316,0.814674,0.000724702,0.000601546,0.000934248,0.00191497,0.00244426,0.00346295,0.00639728,0.00997971,0.0210614,0.0640629,5.94399e-05,0.376502,0.718843,1,52.9661,0.3545,0.332656,29.0048,0.712595,62.3482,0.622645,178.207,1.2382,259.983,0.315884,297.33,1.16664,0.212763,0.40228,0.212594,0.383789
0.075232,0.901447,0.000583706,0.000540299,0.000891026,0.00183636,0.00262987,0.00339923,0.00631556,0.00926546,0.0192346,0.0592422,6.52551e-05,0.461123,0.67012,1,73.52,0.401214,0.333547,27.8266,0.793988,64.6659,1.49521,178.516,2.30375,262.699,2.93353,296.91,1.9415,0.200007,0.393194,0.182827,0.396768
0.0726528,0.784884,0.000870944,0.000759764,0.00102804,0.00207728,0.0027322,0.00352637,0.00668091,0.00997992,0.0211224,0.0626924,6.32824e-05,0.35786,0.686174,1,42.6647,0.334819,0.290478,28.3388,1.322,65.3265,3.15159,179.982,0.933981,257.042,0.262673,298.214,0.990009,0.191474,0.392859,0.180012,0.35432
0.0756612,0.673685,0.00060407,0.000514706,0.000666928,0.00146922,0.00193547,0.00252853,0.00481171,0.00762104,0.0158123,0.0485477,8.5002e-05,0.393027,0.732038,1,61.9712,0.282884,0.290114,26.8557,0.465463,63.133,0.570552,180.476,0.529887,261.162,0.848287,297.145,0.539289,0.186732,0.369882,0.164602,0.377921
0.0736232,0.657151,0.000488865,0.00052305,0.000807748,0.00112146,0.00149556,0.00211445,0.00375803,0.00624288,0.0130349,0.0406333,7.58492e-05,0.312349,0.765827,1,45.0807,0.290582,0.275578,27.6035,0.655131,67.0805,0.733061,182.291,4.0962,258.325,3.13576,299.652,0.444572,0.180299,0.358285,0.187166,0.36659
0.0669557,0.777377,0.0004475,0.00041331,0.000726476,0.00140572,0.00173979,0.00251679,0.0046577,0.0079833,0.0171831,0.0542125,5.1246e-05,0.477851,0.812276,1,58.2376,0.391727,0.308904,28.0025,0.620947,61.474,3.30971,176.379,0.397723,261.903,0.277561,296.539,3.67875,0.189727,0.367897,0.19206,0.383356
0.0627034,0.875024,0.000650148,0.000593489,0.00102251,0.00158963,0.00219317,0.00287329,0.00523668,0.00957128,0.0212054,0.0659462,6.12727e-05,0.400811,0.856524,1,69.573,0.402228,0.312872,27.5547,2.11224,65.2679,1.43331,180.123,1.74467,260.435,0.308072,296.826,0.502017,0.184771,0.38092,0.174922,0.383517
0.0660098,0.829859,0.000628909,0.000539864,0.00097292,0.00146085,0.00205103,0.00266908,0.0048165,0.0092898,0.0199661,0.0637094,6.24676e-05,0.40398,0.869658,1,63.1339,0.357439,0.322856,28.0511,2.61094,64.0269,1.31514,180.129,1.9268,259.688,0.35537,296.431,0.638394,0.182655,0.381296,0.183736,0.370743
0.0612667,0.734789,0.000474476,0.000365543,0.000701205,0.00122886,0.00171214,0.00224817,0.0042374,0.00713933,0.0154186,0.0469763,9.14143e-05,0.407341,0.792597,1,57.2739,0.350321,0.272467,28.4075,0.491042,63.3645,2.68282,176.577,2.07781,262.055,0.364704,296.962,0.589524,0.214834,0.399914,0.200853,0.421372
0.0587369,0.784908,0.00056656,0.000627735,0.001116,0.00138993,0.00190504,0.00260652,0.00460142,0.010193,0.0225181,0.0746985,6.61042e-05,0.380931,0.984955,1,61.5667,0.335889,0.305902,28.248,3.84701,65.5319,4.49233,179.697,2.44358,262.51,0.369905,298.232,0.582294,0.192746,0.374564,0.172627,0.400615
0.0600351,0.79067,0.000752219,0.000561255,0.000834974,0.00113732,0.00157136,0.0021073,0.00395979,0.00826607,0.0184339,0.0586326,8.72276e-05,0.42199,0.980348,1,81.8458,0.318522,0.312961,27.8896,1.27595,65.9784,0.684727,177.859,0.602004,261.642,0.278247,295.598,2.95712,0.184957,0.38118,0.181071,0.396009
0.0606272,0.799641,0.000678449,0.000527806,0.000785914,0.00118357,0.00159189,0.00213483,0.00393949,0.00825015,0.0184216,0.0589223,8.44394e-05,0.381868,0.9861,1,75.9878,0.323761,0.315862,27.8549,1.25533,66.8607,0.684211,177.035,0.443056,261.403,0.311006,296.604,6.58027,0.182508,0.377561,0.184127,0.409467
0.0584314,0.75607,0.000622381,0.000663369,0.000922936,0.0010521,0.00157134,0.00201533,0.00376026,0.00771814,0.0168645,0.0536406,7.77351e-05,0.31845,0.97131,1,55.1119,0.34368,0.297777,28.7291,0.761734,61.5029,3.57022,181.144,3.74099,259.602,1.52986,297.13,0.316786,0.206392,0.405967,0.218628,0.41793
0.058935,0.767428,0.000956284,0.000709049,0.00113747,0.00117212,0.00173628,0.00234374,0.00414752,0.00839864,0.0193368,0.0603592,7.55171e-05,0.311806,0.892507,1,54.1334,0.355669,0.283749,28.552,0.704757,62.8831,1.54507,179.676,1.05819,260.557,0.804085,298.126,0.349176,0.207648,0.397801,0.199302,0.409924
0.0550831,0.875058,0.000904344,0.000909026,0.00123934,0.00122077,0.00168789,0.00232224,0.00410639,0.0085818,0.0181689,0.0608609,9.11247e-05,0.298733,0.973874,1,46.5149,0.388177,0.303687,28.2694,1.43278,63.7814,1.43578,177.923,1.66515,257.955,0.613213,301.299,0.676278,0.200305,0.415988,0.236582,0.481728
0.0499744,0.794161,0.000448723,0.00041267,0.000626996,0.00109901,0.00155512,0.00215855,0.00397565,0.00777178,0.0178696,0.0577467,8.6402e-05,0.509721,0.938464,1,57.3859,0.412324,0.269748,28.5387,0.644635,61.4522,1.71531,180.797,0.296131,260.244,0.975391,296.553,0.617495,0.217729,0.413951,0.220955,0.421005
0.0526488,0.947881,0.000439247,0.000368121,0.000619682,0.00127256,0.00171577,0.00226117,0.0041214,0.00938149,0.0199918,0.0638258,8.37512e-05,0.522395,0.989254,1,48.2346,0.43914,0.328084,29.0243,1.04594,64.8785,1.63046,178.246,0.477518,260.558,0.284199,298.125,2.7738,0.223868,0.429952,0.248543,0.478656
0.0524208,0.939828,0.000570444,0.000425565,0.000716459,0.00137258,0.0018226,0.00241505,0.00449383,0.0095602,0.0208366,0.0672795,6.71429e-05,0.532202,0.970429,1,41.2871,0.493121,0.31883,28.4765,0.595015,62.8282,0.894307,179.153,1.37026,262.553,1.26428,297.244,2.53331,0.212265,0.412876,0.218544,0.453557
0.0590617,0.620984,0.00042376,0.000319421,0.000581377,0.00107539,0.00142628,0.00205016,0.00371659,0.00796125,0.0176905,0.0590247,8.35343e-05,0.525828,0.980589,1,70.4134,0.259272,0.272027,27.8584,1.61583,64.3756,0.649271,180.162,1.06176,258.809,0.527861,297.854,1.82591,0.178974,0.358631,0.173126,0.371916
0.049243,0.539387,0.000320037,0.000380629,0.000554428,0.00094858,0.00137664,0.00173771,0.00331705,0.0071373,0.0164107,0.0544397,0.000117859,0.487242,0.969899,1,51.4068,0.248627,0.213157,28.1215,0.688541,64.0587,0.643462,178.812,0.828665,256.609,1.29887,298.01,0.56804,0.19088,0.370989,0.188834,0.350693
0.0621469,0.691091,0.000517126,0.000398214,0.000664711,0.00133316,0.00165647,0.00227474,0.00429422,0.00972117,0.0211992,0.0698343,8.15488e-05,0.532034,0.977091,1,73.5879,0.276653,0.315146,28.2889,0.951188,61.3864,4.73456,179.195,1.15349,259.984,0.318087,299.984,2.77183,0.200077,0.387815,0.202581,0.40032
0.0517712,0.748714,0.000284082,0.000251294,0.000500581,0.000911903,0.00133782,0.00186907,0.00342834,0.00707812,0.0161542,0.0517302,0.000107594,0.560584,0.959419,1,60.1503,0.336256,0.273311,28.1016,0.78069,64.5822,0.896269,178.625,1.82349,260.199,0.698091,295.059,0.638909,0.20887,0.402,0.207409,0.400244
0.0508845,0.636988,0.000455631,0.000349638,0.000515837,0.0011677,0.00151854,0.00205836,0.0037397,0.00776281,0.0166689,0.0564494,7.4186e-05,0.489723,0.91596,1,45.6766,0.361653,0.239118,28.6287,0.587013,59.6218,3.2818,178.562,1.12651,261.389,0.271802,295.212,1.73975,0.213039,0.390379,0.190488,0.373429
0.053329,0.70447,0.000375219,0.000358022,0.000715276,0.00105647,0.0013269,0.00200338,0.00372512,0.00707152,0.0157568,0.0514902,7.86779e-05,0.456794,0.913304,1,41.9961,0.365216,0.254554,27.9635,0.942359,59.1706,1.52443,179.4,1.45152,260.549,0.259392,294.495,2.00055,0.19435,0.387401,0.185382,0.370137
0.0546222,0.818285,0.000421524,0.000362659,0.000788409,0.00135006,0.0017899,0.00262219,0.00493359,0.00905682,0.0201163,0.0659483,7.64888e-05,0.455432,0.878263,1,65.7583,0.358588,0.270428,28.3736,1.03705,69.1629,0.574009,178.9,0.702623,261.067,0.416879,298.146,0.434592,0.188061,0.380244,0.163459,0.396736
0.0514052,0.801989,0.000412626,0.000371803,0.000589138,0.0011337,0.00155217,0.00213539,0.00394985,0.00785205,0.0173374,0.0568794,9.18836e-05,0.534474,0.917317,1,65.8847,0.357027,0.262984,27.817,1.10707,67.7605,0.838689,179.735,0.515979,261.281,0.684564,296.727,0.840155,0.181783,0.381933,0.162454,0.397804
0.0543463,0.802023,0.000438516,0.000457352,0.000704073,0.00119791,0.00162309,0.00213788,0.00395236,0.00833512,0.0185876,0.0595105,7.13031e-05,0.493509,0.961854,1,59.4299,0.371396,0.286664,28.2507,3.61401,65.1608,0.822355,178.881,0.779419,260.833,0.25854,295.405,0.379108,0.187058,0.376842,0.183093,0.370845
0.0521442,0.844151,0.000640044,0.000578261,0.00100051,0.0010023,0.00143928,0.00192747,0.00344233,0.00728195,0.0163624,0.0519686,8.21364e-05,0.353279,0.967539,1,49.4473,0.411579,0.277465,28.2437,3.78041,64.7371,0.693291,179.233,1.01712,261.902,0.31034,298.416,2.49277,0.187342,0.392994,0.193626,0.440067
0.0583517,0.865082,0.000813642,0.000967468,0.00114283,0.0015495,0.00214576,0.00279973,0.0052678,0.0110614,0.0229334,0.0769774,6.18165e-05,0.388768,0.976737,1,43.1128,0.378713,0.318898,28.1244,1.3881,67.0302,2.49296,179.44,1.47591,260.217,0.350087,297.635,1.36382,0.187091,0.380375,0.184845,0.376045
0.0578557,0.789778,0.000607465,0.000396011,0.000624813,0.000993919,0.00131059,0.0017048,0.00316515,0.00670068,0.0154827,0.047705,9.81859e-05,0.437442,0.970049,1,62.3394,0.334446,0.301874,27.9534,1.94655,64.7168,1.07582,178.826,0.84966,261.566,0.782561,295.586,0.758603,0.194369,0.389949,0.210353,0.422093
0.0575884,0.710114,0.000399764,0.000521564,0.000798505,0.000940521,0.00134257,0.00184058,0.00322472,0.00740239,0.0154476,0.0498364,9.9818e-05,0.353325,0.991395,1,54.7757,0.291362,0.286157,28.8883,2.74056,63.0187,0.636287,178.868,0.364389,259.517,1.44436,299.418,0.751274,0.195844,0.396327,0.21253,0.454196
0.0491588,0.885459,0.000511822,0.000267291,0.000580998,0.00122912,0.00163648,0.00210368,0.00419086,0.00836739,0.0178928,0.0596671,7.00813e-05,0.514208,0.928104,1,58.0631,0.504817,0.278069,28.5192,0.977265,62.793,1.37327,180.292,0.329941,261.441,0.654217,298.635,0.898331,0.213392,0.409127,0.224102,0.420445
0.0566293,0.936475,0.0004124,0.000501754,0.000819709,0.00156955,0.00210664,0.00274482,0.00545682,0.00978056,0.0220927,0.069335,9.68752e-05,0.499749,0.834615,1,57.1356,0.406325,0.315168,29.4371,1.53682,63.2126,0.952797,177.884,5.75697,257.275,1.10274,299.24,1.66491,0.239913,0.455673,0.260919,0.459398
0.055903,0.941514,0.00041135,0.000549932,0.000782176,0.00159132,0.00216301,0.00279259,0.00549246,0.00995869,0.0224595,0.0707071,9.06791e-05,0.501259,0.870161,1,56.1761,0.415974,0.320831,29.4428,1.65158,63.2312,1.14995,178.004,3.545,258.143,1.04579,299.45,1.53354,0.236424,0.455526,0.257482,0.463661
0.0655414,0.854157,0.000637007,0.000795469,0.000955557,0.00130988,0.00179249,0.00246143,0.00429227,0.00925172,0.0200511,0.0646629,6.63923e-05,0.389481,0.985411,1,47.7502,0.358437,0.357601,27.569,0.441142,66.3443,1.62243,178.809,0.362223,261.659,0.369717,296.65,1.46466,0.188552,0.383355,0.195275,0.418433
0.0637514,0.842566,0.00127379,0.000905131,0.00124069,0.00159289,0.00217794,0.00299593,0.00515766,0.0107036,0.0239852,0.0781713,4.08508e-05,0.339653,0.949895,1,56.2656,0.414662,0.328331,27.4045,0.577313,64.3902,1.45806,180.205,4.88308,256.809,2.00686,299.149,1.20876,0.177206,0.356106,0.196444,0.378659
0.0603029,0.850787,0.00100958,0.00106908,0.00178525,0.00159714,0.00221317,0.00284657,0.0055936,0.0106279,0.023953,0.0773102,4.84627e-05,0.270898,0.919484,1,52.6374,0.442802,0.304036,27.3484,0.459208,66.165,2.13867,180.485,0.932471,260.523,0.734226,296.821,0.739512,0.188763,0.363954,0.186013,0.358506
0.0598321,0.904553,0.00108156,0.00103116,0.00124128,0.00138365,0.00191534,0.00258989,0.00440691,0.00937739,0.0200403,0.0660903,5.93779e-05,0.290968,0.947825,1,62.5031,0.455953,0.323746,27.6431,0.440754,66.7741,1.30706,180.823,1.11898,260.21,3.36731,296.044,0.699538,0.192061,0.391974,0.20123,0.3998
0.0614637,0.693964,0.000846395,0.000917981,0.00102681,0.00114509,0.00158333,0.00215755,0.00374566,0.00784582,0.0175108,0.0529201,0.000100736,0.28246,0.94472,1,46.0688,0.274461,0.288033,28.6496,2.71832,63.5026,1.69961,177.587,0.546275,260.293,0.291306,297.904,1.76941,0.19642,0.398179,0.191654,0.417196
0.065734,0.708639,0.000836422,0.000675469,0.00123273,0.00101877,0.00147856,0.00199173,0.00358148,0.0073208,0.0159726,0.049282,0.000104898,0.299673,0.940413,1,49.4466,0.26928,0.308933,28.3962,5.22099,63.1305,0.856696,177.099,0.701771,260.407,0.333311,298.114,2.31123,0.191579,0.39653,0.20047,0.434451
0.0600544,0.788027,0.000558736,0.000397482,0.000846182,0.0010389,0.00133209,0.00188363,0.00338695,0.00689168,0.0147153,0.0460747,0.000110835,0.370137,0.914035,1,60.74,0.338649,0.304363,28.4731,0.486593,64.544,2.64227,181.952,0.801722,259.304,1.35409,297.79,0.564836,0.218023,0.430903,0.234289,0.472294
0.0550719,0.832481,0.000633093,0.000546804,0.000953925,0.00102587,0.00143668,0.00198699,0.0035058,0.00720106,0.0159806,0.0489856,0.000104086,0.331729,0.949379,1,51.0969,0.373689,0.297153,29.1147,1.33313,61.5116,1.65807,178.678,1.72656,258.04,0.385884,299.389,2.82907,0.219453,0.437076,0.254696,0.504019
0.0617332,0.789925,0.000983468,0.000800573,0.00111311,0.0012054,0.00170699,0.00224432,0.00422488,0.00875303,0.0191795,0.061386,0.000117692,0.311086,0.966278,1,62.1584,0.289543,0.327071,29.0351,2.17606,64.2469,3.53713,179.776,0.539844,258.702,1.1637,297.814,1.36166,0.226495,0.430279,0.248389,0.440767
0.0566212,0.778171,0.000425305,0.000448274,0.000580615,0.000935308,0.00121531,0.00166486,0.00310794,0.00624183,0.0138067,0.0415259,0.000103543,0.400934,0.929717,1,47.494,0.375221,0.286569,27.8307,0.486333,62.7558,0.766894,179.66,2.26905,259.763,0.463942,301.061,0.72128,0.206127,0.404322,0.248813,0.471505
0.0581259,0.722341,0.000570594,0.000536782,0.000700297,0.00106904,0.00155098,0.00201267,0.00372692,0.00741157,0.0159066,0.0508297,0.000123735,0.388186,0.877715,1,76.1227,0.287083,0.278431,29.4935,2.84576,62.8923,5.35181,178.128,0.505825,260.92,0.420324,295.294,0.494185,0.22317,0.427841,0.215401,0.431588
0.0569212,0.865478,0.000309741,0.000451971,0.000585032,0.0012431,0.00170947,0.0022494,0.00415809,0.00812004,0.0181401,0.0549955,7.56586e-05,0.497366,0.890496,1,43.2039,0.419471,0.304138,28.5471,0.725014,64.207,0.477274,179.275,3.26562,261.627,0.366117,295.969,2.23611,0.205322,0.404576,0.209123,0.419639
0.0554721,0.872085,0.000362549,0.000376907,0.000661747,0.00144903,0.0020349,0.00271818,0.00507455,0.00977535,0.0217026,0.0669721,8.52593e-05,0.533865,0.853587,1,58.3266,0.396894,0.298109,28.7367,0.700585,63.7413,0.345066,178.672,0.770071,260.002,0.303114,294.987,1.77693,0.222544,0.425128,0.207894,0.413316
0.0533643,0.805031,0.000400858,0.000396554,0.000709048,0.00122891,0.00173165,0.00234094,0.00426425,0.00866819,0.0188947,0.0595709,9.63763e-05,0.447811,0.914703,1,54.3473,0.348533,0.278407,28.8915,1.93788,63.9886,3.15886,177.703,0.776838,259.603,1.46395,299.213,0.636907,0.208223,0.414582,0.204899,0.45792
0.0517025,0.767991,0.000442111,0.000473831,0.000553072,0.00109592,0.0014968,0.0020144,0.00380199,0.00729986,0.0166518,0.0510924,9.63439e-05,0.471927,0.902946,1,56.7583,0.360326,0.262654,29.4242,1.80667,65.5039,1.33467,179.113,0.810155,259.734,1.45739,298.389,1.56257,0.219244,0.408254,0.228352,0.418758
0.0526707,0.831401,0.000387862,0.000286746,0.000651427,0.00104683,0.00149382,0.00199472,0.00365469,0.00717751,0.0152185,0.0501513,0.000115541,0.453114,0.889019,1,73.7882,0.371056,0.274565,28.3479,2.90435,62.9453,5.01341,179.791,2.79569,259.735,0.462819,297.937,0.617994,0.211401,0.428808,0.211836,0.461206
0.0452337,0.873379,0.000448211,0.000423055,0.000626861,0.000939597,0.00122258,0.00176698,0.00326737,0.00686086,0.0154707,0.046676,9.85139e-05,0.421491,0.968138,1,53.8272,0.489523,0.25662,28.8342,0.89924,65.7971,0.427419,180.509,0.670226,260.687,0.379785,297.584,2.33953,0.217462,0.427861,0.230421,0.46559
0.0516849,0.703761,0.000356574,0.000328864,0.000409327,0.000822717,0.00117287,0.00148495,0.00289864,0.00614209,0.0131183,0.0432467,0.000146134,0.510177,0.985938,1,47.6932,0.301476,0.271934,28.9605,1.7958,60.6728,3.31242,177.358,0.711387,258.97,1.4086,297.57,0.728974,0.219736,0.426096,0.250297,0.468423
0.0483223,0.939559,0.000524668,0.000405304,0.000907917,0.00107839,0.00155986,0.00210619,0.00367643,0.0077704,0.0165797,0.0541827,7.91367e-05,0.361038,0.971836,1,65.6076,0.557738,0.281545,28.4777,1.46127,64.1108,0.483245,178.705,1.35621,259.861,0.364202,297.627,0.985299,0.205134,0.419487,0.24144,0.448007
0.0501221,0.933614,0.000581366,0.000455853,0.000862125,0.00106892,0.00153706,0.00208093,0.00366979,0.00761122,0.01633,0.052158,7.32531e-05,0.398858,0.957379,1,54.3345,0.535329,0.289234,28.5123,1.14706,63.8772,0.490764,178.162,1.50289,260.415,0.489831,298.147,0.760987,0.205064,0.413323,0.234909,0.457079
0.0603453,0.639983,0.000399183,0.000374604,0.000656964,0.00123885,0.00165986,0.00217379,0.00408564,0.00825999,0.0186566,0.0596106,9.86203e-05,0.473989,0.933292,1,52.111,0.251705,0.276326,28.2253,0.97112,64.1029,0.501862,178.441,0.615095,258.46,0.304141,296.618,0.387795,0.191944,0.381176,0.180863,0.376115
0.0631286,0.883377,0.000765235,0.000523446,0.00094897,0.00149105,0.00210432,0.00291351,0.00542754,0.0111485,0.0242667,0.0820421,5.99966e-05,0.489008,0.925869,1,51.0781,0.369064,0.347481,28.3671,1.93037,64.9992,1.94466,181.035,0.952244,258.715,2.72776,300.947,2.52473,0.200497,0.390918,0.213663,0.438267
0.058611,0.878968,0.000523258,0.000619881,0.000698762,0.00152058,0.0020221,0.00260968,0.00483708,0.00996577,0.021997,0.0695648,6.37679e-05,0.461443,0.949745,1,51.1183,0.395123,0.323384,27.9506,1.07713,65.7148,0.528434,178.652,1.49001,258.675,0.33151,298.027,0.569736,0.193108,0.384686,0.210258,0.396457
0.0550176,0.746678,0.000449073,0.000293508,0.000587341,0.00114915,0.0016076,0.0021579,0.00395048,0.00791548,0.0170489,0.0548614,7.78897e-05,0.547394,0.921404,1,52.8589,0.353673,0.273646,27.4943,0.579228,64.3324,3.52413,179.505,1.3595,261.515,0.633835,294.212,2.58757,0.19,0.366857,0.177364,0.360225
0.0534526,0.883565,0.000455949,0.000492165,0.000804668,0.0013956,0.00185313,0.00245835,0.00458127,0.0100891,0.0225692,0.0722648,6.58113e-05,0.519303,0.988249,1,51.9368,0.420563,0.30937,27.7992,0.884753,64.1765,0.736533,178.244,1.02424,260.444,0.749921,298.65,0.598239,0.19283,0.382615,0.20677,0.401207
0.0551763,0.786129,0.000451899,0.000305323,0.000562945,0.00107621,0.00161029,0.00207472,0.00383946,0.00837982,0.017658,0.0586116,8.76631e-05,0.565125,0.964548,1,53.8713,0.33823,0.298134,28.2279,1.12359,61.9481,0.840174,178.215,1.23717,259.031,0.7988,298.859,0.448052,0.194576,0.396965,0.212085,0.435647
0.0569203,0.828043,0.000338958,0.00033401,0.000551183,0.00132147,0.00161929,0.00228572,0.00447701,0.00853502,0.019413,0.0609688,8.79865e-05,0.603669,0.896549,1,62.8987,0.366474,0.311424,28.4578,0.437113,63.2055,0.909388,179.594,3.30368,260.503,1.31469,298.268,0.321384,0.221099,0.411511,0.229083,0.446414
0.0516066,0.889398,0.000443529,0.000440874,0.000716773,0.0011737,0.00175155,0.00230692,0.00407771,0.00862887,0.0190746,0.0605832,7.42368e-05,0.501136,0.939538,1,49.6578,0.470137,0.296117,28.6656,0.526227,63.6204,1.51732,181.315,0.461991,259.342,0.453096,297.195,0.417925,0.221581,0.420388,0.23464,0.43741
0.0504179,0.829445,0.000449429,0.000370603,0.000529147,0.00109078,0.00154687,0.00206676,0.00371045,0.00763429,0.0166625,0.0545909,8.62391e-05,0.50672,0.926643,1,52.0548,0.444819,0.276798,28.4698,0.698997,61.5887,2.59525,181.882,0.331212,260.302,0.918925,297.103,0.553335,0.224146,0.421363,0.231846,0.445278
0.0504548,0.809468,0.000512576,0.000351725,0.000640023,0.00108925,0.00160281,0.00207714,0.00407124,0.0079489,0.0174972,0.0556632,8.26809e-05,0.492979,0.90848,1,54.3106,0.450912,0.270211,28.7509,0.36451,63.0191,2.1358,180.489,0.309713,260.837,0.338737,296.892,0.487052,0.226022,0.42276,0.220703,0.437408
0.0494972,0.814569,0.000340909,0.000345958,0.00056348,0.00105508,0.00136918,0.00187555,0.0035289,0.00729588,0.0161125,0.0513223,6.03513e-05,0.530582,0.962032,1,61.4468,0.551044,0.27376,27.6921,0.390159,61.5473,2.1243,182.197,1.29441,259.044,0.539582,298.151,0.705751,0.212969,0.396963,0.242652,0.421757
0.0511987,0.853148,0.000433479,0.000393249,0.000540399,0.00111718,0.00149399,0.0020754,0.00381799,0.00800909,0.0173849,0.0560136,5.84962e-05,0.529672,0.955975,1,67.6001,0.558553,0.290076,27.6945,0.384065,61.4485,2.19248,181.788,0.814064,259.886,0.398303,298.465,0.573762,0.213295,0.399815,0.24421,0.41754
0.0523146,0.984391,0.000421942,0.000331742,0.000711793,0.00119316,0.00165779,0.00218106,0.00412,0.00836554,0.0187744,0.0584906,7.40017e-05,0.492146,0.959354,1,51.4378,0.511611,0.313965,27.7414,0.48819,67.6033,2.23991,179.044,0.404431,259.912,0.353206,299.938,0.707809,0.194905,0.40257,0.231797,0.4475
0.0469811,0.664063,0.000359651,0.000298696,0.000615237,0.000742491,0.000990491,0.00134236,0.00247142,0.00524861,0.0110523,0.0357457,0.000109761,0.343872,0.968327,1,50.5997,0.391765,0.226481,28.7545,1.03708,61.4688,1.17634,181.044,2.02076,258.105,1.29661,297.246,0.690169,0.217783,0.411737,0.238526,0.434162
0.0473707,0.774669,0.000677378,0.00062141,0.000699026,0.000874455,0.00120865,0.00165537,0.00299894,0.0063383,0.0141509,0.0422657,0.000129723,0.329788,0.966168,1,79.4794,0.381812,0.248673,28.8367,1.4831,63.9443,1.45286,181.079,0.709622,258.57,0.491087,295.708,1.04874,0.222258,0.438424,0.238854,0.439248
0.051447,0.672316,0.000438442,0.000470158,0.000690575,0.000869174,0.00116999,0.00160633,0.00286292,0.00547926,0.011643,0.0372099,0.000142451,0.319107,0.88442,1,56.5336,0.329613,0.235358,28.9827,0.92718,61.6377,1.43316,179.267,0.748248,260.25,0.484401,298.879,0.956101,0.222286,0.430384,0.233347,0.451392
0.0505939,0.651456,0.000558127,0.000458145,0.000668594,0.000763754,0.00107413,0.00139759,0.00263953,0.00489569,0.0107758,0.0331202,0.00012562,0.273648,0.867394,1,51.638,0.350462,0.219174,29.2777,2.77811,62.5507,1.20562,179.888,1.4414,259.546,0.465015,300.089,1.42449,0.216228,0.419361,0.226039,0.474247
0.0626409,0.892784,0.000615304,0.000696595,0.00107979,0.00128583,0.00178761,0.00232728,0.0045084,0.008665,0.0190556,0.0585025,6.60448e-05,0.388073,0.912536,1,55.4417,0.415047,0.336362,28.224,0.840237,63.2236,2.0411,178.583,1.92381,262.377,1.03821,296.972,3.39596,0.198857,0.396813,0.213587,0.438892
0.0541089,0.871484,0.000833722,0.000447972,0.000934026,0.0012951,0.00169197,0.00225971,0.00437383,0.00892122,0.0193489,0.0646082,9.11253e-05,0.425473,0.974537,1,50.3497,0.380716,0.308693,28.8471,1.54164,64.3106,0.549512,179.395,0.660438,259.696,0.452684,297.564,0.304123,0.213662,0.423528,0.21654,0.471042
0.0483791,0.834845,0.000558289,0.000624148,0.000827916,0.00105108,0.0014881,0.00197167,0.00349637,0.00777906,0.0174607,0.0559292,0.000102416,0.422818,0.987523,1,49.4063,0.398229,0.271812,28.7709,1.22391,65.8558,1.96301,182.037,0.676778,259.895,0.691377,299.563,0.467625,0.22048,0.422749,0.224195,0.456598
0.0534103,0.830936,0.000578628,0.000488073,0.000888644,0.00125798,0.00170721,0.00236502,0.00413783,0.00944151,0.0206604,0.068859,7.76895e-05,0.481554,0.979562,1,76.8424,0.389159,0.300592,28.2852,1.07722,61.7291,0.384841,177.496,2.2735,259.283,0.387039,296.877,2.95802,0.208296,0.405328,0.223118,0.405202
0.0584546,0.833983,0.000391841,0.000327526,0.000463564,0.00136027,0.00181021,0.00252532,0.00448689,0.00932556,0.020034,0.0647398,6.85152e-05,0.624184,0.918856,1,63.4329,0.356447,0.315403,28.1076,3.03047,65.0443,1.17582,177.242,1.8949,259.642,0.25917,297.263,2.05578,0.18682,0.373941,0.195056,0.383423
0.0596463,0.813881,0.000447799,0.000417205,0.000709052,0.00154553,0.00192934,0.00280549,0.00548716,0.0102416,0.0224175,0.0723616,5.81598e-05,0.562642,0.880028,1,55.7837,0.370794,0.304437,27.8407,1.20955,62.614,2.91147,178.466,2.36258,258.712,0.31161,296.52,1.2365,0.187897,0.373105,0.191841,0.357147
0.0568268,0.762396,0.000444143,0.000346566,0.00056135,0.0013098,0.00189342,0.0022932,0.00452357,0.00878125,0.0193845,0.0630537,8.76174e-05,0.547645,0.888086,1,44.8893,0.320182,0.283567,28.2478,0.658401,65.3968,1.29534,178.775,0.822399,261.996,0.809263,297.474,1.41191,0.200302,0.38578,0.183902,0.391649
0.0594936,0.779007,0.000454844,0.000346467,0.000629822,0.00119444,0.00180107,0.00237659,0.00420622,0.00823501,0.0180891,0.0587868,7.21881e-05,0.507389,0.879751,1,52.6739,0.352319,0.293871,28.2825,0.999631,63.9113,1.83002,178.432,0.633507,261.353,0.516309,295.026,0.76348,0.195326,0.382068,0.181324,0.382362
0.0554781,0.816429,0.00048239,0.000447849,0.000671963,0.00183629,0.00225144,0.00319447,0.00592407,0.010669,0.0239414,0.0799216,6.91062e-05,0.556371,0.80246,1,52.8083,0.361104,0.267231,28.3507,1.32706,65.9846,2.35028,178.182,0.627214,260.258,0.326985,294.948,1.59366,0.191314,0.386196,0.160523,0.350961
0.0557301,0.81573,0.000454218,0.000440543,0.000653803,0.00180536,0.00221361,0.0031705,0.00581809,0.0105381,0.0234577,0.0787047,6.76092e-05,0.555497,0.80904,1,52.3106,0.365041,0.2692,28.3553,1.44327,65.8849,2.23572,178.406,0.600322,259.954,0.343938,295.09,1.59692,0.188602,0.387266,0.160735,0.351808
0.05607,0.785024,0.000467521,0.000450614,0.000664779,0.00100044,0.00141634,0.00182356,0.00330647,0.0071275,0.0158999,0.0504339,0.000106862,0.416916,0.991862,1,43.6041,0.355919,0.307565,28.2536,0.403816,62.2037,0.715633,177.469,0.586059,258.685,1.47751,298.388,1.2758,0.219233,0.424463,0.258876,0.466497
0.0552736,0.788227,0.000855539,0.000770786,0.00108811,0.00125641,0.00168101,0.00236934,0.00430107,0.00888289,0.0192024,0.0621962,9.42127e-05,0.349191,0.934116,1,55.7954,0.346015,0.288777,29.316,1.86946,62.3133,0.730445,180.63,0.57487,258.791,0.549017,300.754,1.29411,0.224611,0.43433,0.226513,0.489894
0.0550435,0.771226,0.000756262,0.000766924,0.0010455,0.00100225,0.00143053,0.00187991,0.00338477,0.00707972,0.0159662,0.052368,0.000101969,0.284322,0.976567,1,67.336,0.344696,0.289459,29.2954,0.99692,62.3139,1.26091,178.129,4.11128,257.697,0.580145,296.72,0.618496,0.223192,0.42888,0.252154,0.451545
0.0475752,0.805006,0.000943032,0.000743356,0.00117719,0.00112534,0.00151288,0.00203408,0.00401056,0.00833685,0.0183173,0.0602872,8.8305e-05,0.314735,0.985194,1,53.0302,0.413328,0.257459,28.8086,1.071,62.3842,1.23102,180.01,0.448636,258.83,0.530931,299.361,3.48007,0.21525,0.422133,0.227979,0.43616
0.0548887,0.777533,0.000368683,0.0002989,0.000462093,0.000893105,0.00128963,0.00170669,0.0033176,0.00670221,0.0147393,0.0457113,0.000111194,0.517134,0.99838,1,58.7778,0.331351,0.29918,28.1706,0.725538,63.4635,0.608161,179.635,4.71786,261.728,0.322998,297.515,0.71683,0.205122,0.402796,0.226831,0.459433
0.0494718,0.742042,0.000557313,0.000471765,0.000763762,0.00105501,0.00142481,0.00190307,0.00367425,0.00758061,0.0167223,0.0542966,0.00010442,0.416347,0.984555,1,44.8428,0.350624,0.264322,29.2131,0.753492,62.0236,3.5504,177.358,0.381512,260.54,0.714204,295.414,2.04564,0.222803,0.424674,0.220375,0.423421
0.0401669,0.769787,0.000331967,0.000267825,0.000409405,0.000741146,0.00101598,0.00141458,0.00253446,0.00562911,0.0123186,0.0402004,0.000112053,0.488814,0.970422,1,57.0741,0.510665,0.217583,28.681,0.716507,61.9837,1.58399,179.776,0.790385,261.438,0.275816,295.891,1.7556,0.218212,0.423452,0.224851,0.439318
0.0423909,0.743673,0.000344489,0.000275253,0.000431515,0.000802399,0.00107645,0.00146565,0.00282512,0.00591156,0.0131113,0.0425317,0.000100571,0.510906,0.967742,1,57.9111,0.489966,0.2278,28.7499,0.514118,62.3815,1.36882,180.852,0.650639,261.434,0.263959,296.109,1.87529,0.225987,0.425426,0.215031,0.453242
0.045321,0.780678,0.000370678,0.00035948,0.00058794,0.000886341,0.00121254,0.00164886,0.00311903,0.00661789,0.0147588,0.0468858,8.03463e-05,0.450604,0.989828,1,83.5493,0.480529,0.241537,28.065,0.705256,64.5772,3.29424,177.837,2.91167,258.984,3.12506,298.071,1.01392,0.194988,0.390296,0.213312,0.421133
0.0472328,0.75934,0.000380383,0.000382126,0.00058258,0.000964859,0.00128857,0.00176842,0.00318696,0.00707747,0.0156294,0.0508508,8.77703e-05,0.479281,0.989741,1,108.613,0.422731,0.254809,28.3988,0.804428,62.1775,2.70117,177.424,2.03749,260.712,0.457552,298.582,1.05692,0.210498,0.402696,0.220061,0.434949
0.0482508,0.755902,0.000386516,0.000273052,0.000515828,0.000827175,0.0011064,0.00155366,0.00282028,0.00631728,0.013992,0.0446952,0.000105164,0.467028,0.989948,1,96.9036,0.375555,0.257001,28.767,0.787457,63.1118,2.0701,178.286,2.39763,262.056,0.772918,298.43,2.62368,0.206143,0.407951,0.216267,0.46079
0.0481704,0.761573,0.000436522,0.000304377,0.000528248,0.000877313,0.00118108,0.00163688,0.00314329,0.00666076,0.0148218,0.047502,0.00010426,0.466282,0.990089,1,94.0796,0.370061,0.258454,28.7639,0.931254,63.2128,2.51108,178.477,1.74945,261.303,0.531095,298.174,1.87206,0.210164,0.406761,0.215742,0.461947
0.0451042,0.702075,0.000368625,0.000435113,0.000631493,0.000835309,0.00106194,0.00155402,0.00276623,0.00612547,0.0135189,0.0435311,0.00011685,0.390212,0.991991,1,93.5465,0.374972,0.228783,28.6648,0.782221,63.1362,1.81567,177.607,1.72179,262.386,0.507878,299.319,0.884026,0.206444,0.406801,0.212267,0.448974
0.0559786,0.790096,0.00119547,0.000891007,0.00132535,0.00129964,0.00193022,0.00259407,0.00455996,0.0095658,0.0215203,0.0708912,6.35359e-05,0.307003,0.960151,1,51.5388,0.389626,0.287921,28.0413,0.651889,62.3143,1.0649,179.412,0.893717,257.709,0.712186,297.325,1.41845,0.202599,0.387766,0.217135,0.366468
0.0590509,0.748346,0.000842314,0.00117851,0.0012737,0.00133,0.0017103,0.00221395,0.00435429,0.00872823,0.0194504,0.0657537,6.69105e-05,0.306373,0.978597,1,58.3626,0.34391,0.294584,27.96,0.520381,63.8098,1.11503,178.748,1.51149,258.416,0.561721,298.862,2.70609,0.190871,0.378725,0.207412,0.395245
0.060118,0.780126,0.00115047,0.00069825,0.00125198,0.00106827,0.00160368,0.00199821,0.00393039,0.00782941,0.0172928,0.0547719,8.11032e-05,0.300627,0.967667,1,43.2856,0.325338,0.302618,28.2846,0.811104,65.4764,1.30121,180.784,0.698182,259.944,1.20221,298.95,0.422763,0.193488,0.386931,0.200293,0.435286
0.0612149,0.787695,0.0011706,0.000665676,0.00114416,0.00111363,0.00162351,0.00214809,0.00400481,0.00798031,0.0177412,0.0557228,7.57357e-05,0.319709,0.945816,1,39.4518,0.340862,0.307506,28.3146,0.841487,65.5206,1.28839,181.132,0.502295,260.352,1.14444,299.015,0.410844,0.200181,0.389843,0.195395,0.455726
0.046251,0.801459,0.000508247,0.000471287,0.000750523,0.000910334,0.00126252,0.00168775,0.00318938,0.00656678,0.0141251,0.0471209,0.000106727,0.366322,0.98867,1,75.0515,0.416096,0.247397,28.3865,0.939081,63.4901,1.62663,176.943,0.647786,260.546,0.310029,295.41,0.622895,0.194863,0.407896,0.211237,0.416092
0.0493418,0.783266,0.000445691,0.000486529,0.000746518,0.000954658,0.00132383,0.00170027,0.00325637,0.00674425,0.0145914,0.0484731,8.39963e-05,0.373416,0.981826,1,73.5774,0.426314,0.258863,28.4397,1.0121,63.3302,2.0279,176.763,1.15511,260.091,0.320078,295.211,0.576867,0.195744,0.397078,0.209325,0.414146
0.0476358,0.748307,0.000614973,0.000471311,0.00071402,0.000978373,0.00134799,0.00184959,0.00343597,0.00711528,0.0159125,0.0493544,9.46975e-05,0.403985,0.954011,1,59.1383,0.388051,0.240223,28.4309,0.915102,65.4382,1.17164,181.131,0.544671,261.051,0.396053,298.723,3.79891,0.204088,0.396801,0.194934,0.433421
0.0488808,0.728893,0.00046064,0.000257942,0.000542305,0.000815142,0.00106733,0.00158443,0.00284927,0.00595599,0.0131443,0.0403351,0.000100079,0.435211,0.959166,1,53.7433,0.371804,0.244584,28.7216,0.942204,63.8352,1.0923,180.304,1.19113,260.65,0.313396,298.074,2.05757,0.199065,0.399044,0.208416,0.436332
0.0442506,0.809981,0.000255848,0.000313905,0.00047339,0.000763972,0.00108747,0.00142984,0.00262733,0.00557849,0.0122117,0.0385572,0.000128034,0.461501,0.995081,1,63.0254,0.419757,0.242832,28.323,1.23698,65.1822,0.768054,177.588,1.90233,261.824,2.50754,295.523,0.782895,0.199632,0.411871,0.217043,0.449853
0.0443821,0.814555,0.000246108,0.000294721,0.000448298,0.000765498,0.00110035,0.00143048,0.00274247,0.00559946,0.0123136,0.0384789,0.000122489,0.462633,0.996229,1,56.7992,0.429621,0.244497,28.3001,1.21471,66.1911,0.895723,176.869,1.48129,262.128,1.0113,295.786,1.25743,0.19894,0.408772,0.214108,0.448715
0.0616822,0.75514,0.000930835,0.0010579,0.0014207,0.00127122,0.00179813,0.00236813,0.00445878,0.00878594,0.0196245,0.0645592,0.000105274,0.280509,0.965994,1,57.472,0.289753,0.319584,29.0532,0.494534,62.3295,3.1504,180.405,1.31429,257.53,0.315317,299.027,2.06165,0.224563,0.438106,0.242295,0.451039
0.0493005,0.895172,0.000339754,0.000359347,0.000554607,0.00100649,0.00140246,0.00188543,0.00336487,0.00734339,0.0164517,0.0513921,0.000104388,0.496587,0.982365,1,56.8347,0.430706,0.291918,28.7105,3.04312,62.7525,0.695849,177.94,1.40183,261.817,0.627772,297.478,0.733113,0.214217,0.426679,0.238476,0.475446
0.0452159,0.831225,0.000476489,0.000396035,0.000589192,0.00103295,0.00147261,0.00204914,0.00367572,0.00762618,0.0165089,0.0543008,7.71158e-05,0.463065,0.940394,1,50.2803,0.544172,0.254812,29.5772,0.535214,62.9428,0.454412,177.724,1.36275,261.016,0.903564,297.854,2.06587,0.24118,0.431679,0.252226,0.450519
0.0450112,0.798564,0.000400349,0.000296415,0.000629823,0.000984343,0.00142336,0.00180122,0.00335229,0.0071982,0.0157189,0.0512982,7.3972e-05,0.465999,0.943327,1,55.3295,0.569196,0.249607,29.3165,0.345256,61.3301,0.362201,177.926,1.95456,261.759,2.3296,296.398,4.79899,0.240159,0.429559,0.24887,0.444897
0.06103,0.750296,0.000402017,0.000339749,0.00059568,0.001228,0.00176553,0.0022752,0.00430194,0.00931648,0.0202858,0.0641535,0.000104699,0.545753,0.980367,1,54.7467,0.260487,0.321552,28.5285,2.40025,66.5872,1.89747,179.828,1.16492,259.042,0.404621,299.689,0.326767,0.196752,0.395598,0.198846,0.426079
0.0781938,0.724639,0.000691392,0.000603506,0.000888881,0.00143999,0.00186303,0.00258911,0.00487239,0.0102036,0.0228536,0.0722182,8.38044e-05,0.43606,0.971913,1,64.2224,0.244587,0.388355,27.711,2.81054,63.4942,0.764009,179.265,0.435527,262.43,0.380291,296.979,3.08838,0.190618,0.375204,0.190202,0.395093
0.0573574,0.793802,0.000437462,0.000640224,0.000843467,0.00106452,0.0015533,0.00197139,0.00369807,0.00804839,0.0174524,0.0566589,8.06563e-05,0.382238,0.991101,1,42.343,0.349159,0.302936,28.2327,0.926252,66.0045,0.974855,178.935,3.37685,260.777,0.489952,296.569,0.37172,0.197584,0.3844,0.205246,0.405141
0.0599862,0.799608,0.00101852,0.000608758,0.00106354,0.00155928,0.00195395,0.00283809,0.00508624,0.0107921,0.0236557,0.0790432,6.12325e-05,0.399741,0.965087,1,42.2864,0.34296,0.310419,27.6463,0.972253,64.0154,1.21373,178.962,0.540635,261.871,0.40351,298.461,0.332406,0.184248,0.370409,0.158041,0.411255
0.0561534,0.843641,0.000473044,0.000418673,0.000666858,0.00117864,0.00152579,0.00215206,0.00402574,0.00792171,0.0163733,0.0530898,8.6759e-05,0.426806,0.906233,1,65.7183,0.382847,0.289479,28.0332,0.839144,64.1845,1.2835,179.503,2.82609,258.613,1.33648,297.946,0.3868,0.18792,0.399115,0.205153,0.432173
0.0493287,0.87817,0.000593286,0.000487102,0.000734792,0.00137203,0.00177915,0.00248981,0.00469098,0.00899564,0.0203147,0.0629778,7.54806e-05,0.444323,0.878806,1,38.8387,0.460101,0.260187,28.8046,1.22508,65.935,0.872309,179.418,0.555144,259.654,0.438738,298.079,1.77936,0.20286,0.40888,0.194412,0.423417
0.0521044,0.918598,0.000333761,0.000335039,0.000504533,0.00092737,0.0013373,0.00164956,0.00311105,0.00610357,0.012735,0.0404107,9.11128e-05,0.488108,0.885904,1,54.9411,0.523536,0.287882,28.5103,1.22025,64.9451,1.8134,180.757,2.67872,259.354,0.893496,299.113,0.791436,0.220185,0.42543,0.266414,0.512756
0.0474576,0.713426,0.000383113,0.000314516,0.000585012,0.00092647,0.00134838,0.00172805,0.00319382,0.00700083,0.0151956,0.0509362,0.00012049,0.440979,0.980421,1,57.425,0.33143,0.24309,28.4481,1.0476,61.3302,1.34189,178.862,0.985628,260.912,1.71502,295.875,2.82578,0.205979,0.40713,0.205895,0.408385
0.0740763,0.680789,0.000848342,0.000828455,0.00139241,0.00133455,0.00199863,0.00259218,0.00460917,0.00941945,0.0204545,0.0617691,8.26694e-05,0.284538,0.910832,1,51.5099,0.243757,0.324817,27.6877,0.678258,64.844,1.35052,178.189,1.77975,260.611,0.312299,296.428,0.561231,0.181252,0.367054,0.16848,0.376745
0.0443616,0.879097,0.000387274,0.000358089,0.000622564,0.000975919,0.0012607,0.00175215,0.00312761,0.00694833,0.0152094,0.0480318,0.000100481,0.432945,0.981167,1,40.8623,0.497705,0.255235,28.7197,2.19411,64.3313,1.47067,179.25,1.0724,258.705,1.5383,298.058,0.887342,0.209635,0.428567,0.238332,0.450627
0.0486218,0.776876,0.000382752,0.00032535,0.000465444,0.000916188,0.0012774,0.00169804,0.0032433,0.00659089,0.0146847,0.0467663,0.000103412,0.508416,0.978694,1,51.2059,0.387257,0.263721,28.5509,0.671966,63.8573,1.51584,179.705,0.581261,259.042,0.67077,299.735,0.577685,0.209159,0.413328,0.235085,0.456636
0.0472152,0.782134,0.000351034,0.000304379,0.000590566,0.000863606,0.00116211,0.00159399,0.00304351,0.00653905,0.0140504,0.043759,0.000110133,0.438756,0.994732,1,62.6963,0.374425,0.250766,28.1938,2.23287,65.0069,3.28186,182.177,0.326203,259.218,0.406086,298.426,0.675115,0.196239,0.40424,0.206168,0.431767
0.0578715,0.760971,0.000660378,0.000613932,0.000766721,0.00130289,0.0017215,0.00237872,0.00429724,0.00884904,0.0196961,0.0632063,8.42583e-05,0.431284,0.952195,1,69.2134,0.334291,0.29785,28.1673,0.442725,64.3672,1.43541,179.796,0.402322,259.122,0.479241,296.292,0.957388,0.204919,0.398543,0.215362,0.392365
0.0473889,0.791612,0.000415156,0.000427696,0.000564456,0.00109681,0.00146993,0.00197353,0.00365526,0.0080923,0.0178388,0.0561538,9.01127e-05,0.510979,0.975625,1,42.9288,0.391966,0.262332,29.2311,1.54763,63.3094,1.5797,176.779,1.94567,260.932,0.601525,299.68,1.67308,0.217882,0.403439,0.229419,0.44489
0.0501855,0.764022,0.000415471,0.000294017,0.000599864,0.000872698,0.00124464,0.00169339,0.0031673,0.00664406,0.0143563,0.0463114,0.000115292,0.447623,0.983203,1,56.3353,0.345213,0.266435,28.6055,1.97858,61.5634,1.48285,178.287,1.23751,262.086,0.809075,297.418,0.353196,0.205585,0.408338,0.208394,0.467495
0.053271,0.779936,0.000368169,0.000431285,0.000611749,0.00089511,0.00125477,0.00171651,0.00305887,0.00659528,0.0142915,0.0455324,0.000103108,0.432955,0.97036,1,60.5441,0.364334,0.282808,28.646,2.23441,63.3432,1.03453,178.41,3.63854,262.743,0.558782,298.382,0.304073,0.212539,0.408417,0.222006,0.46875
0.06515,0.890636,0.000749683,0.000450134,0.000875808,0.00155835,0.00208612,0.00282457,0.00523016,0.010291,0.0226896,0.0697999,9.17457e-05,0.484137,0.88983,1,50.6654,0.32435,0.353835,28.5588,3.05898,65.9681,0.527763,179.537,0.357915,258.763,1.90144,297.618,0.321847,0.209655,0.417549,0.216697,0.430618
0.0541342,0.659327,0.000643106,0.000523626,0.000836282,0.000877062,0.00118492,0.00158395,0.00293101,0.00613652,0.0135845,0.0424016,0.000120422,0.314879,0.958695,1,61.5788,0.310048,0.256467,28.2183,0.432903,60.8697,3.75813,177.361,2.23399,259.671,0.339424,297.394,2.98227,0.210463,0.407881,0.22156,0.441588
0.0486032,0.938517,0.000539966,0.000443758,0.000629073,0.00109202,0.0014657,0.00208787,0.00375183,0.00760363,0.0163328,0.0528721,9.04428e-05,0.461937,0.946904,1,55.0886,0.505843,0.283797,28.5816,2.13939,66.4763,0.486775,178.939,0.750099,259.54,0.419353,298.104,0.47232,0.212235,0.424285,0.232711,0.468943
0.0505726,0.968687,0.000351957,0.000414367,0.000758799,0.0010495,0.00132566,0.00198551,0.00370511,0.00715968,0.0156121,0.0500393,8.55851e-05,0.431983,0.928671,1,52.3563,0.522806,0.293554,28.7229,2.21141,66.5316,0.456229,179.694,0.854263,260.104,0.380671,298.304,0.695146,0.209047,0.427263,0.24405,0.473563
0.0575101,0.656273,0.000368092,0.000476122,0.000599414,0.00106461,0.00151099,0.00177112,0.00353754,0.00721531,0.0158133,0.0506939,0.000113676,0.455,0.921895,1,52.5951,0.284511,0.270446,28.031,0.553013,61.9114,3.39614,179.431,0.810835,260.097,0.348061,296.015,0.453662,0.210823,0.40085,0.202702,0.399017
0.0549818,0.897762,0.000367258,0.000407058,0.000780914,0.00110959,0.00151977,0.00211913,0.00413069,0.00812041,0.0179092,0.0587885,8.26832e-05,0.464558,0.967027,1,50.6906,0.395196,0.308335,27.7967,1.42595,67.0932,0.954687,179.283,2.19807,261.456,0.324303,298.253,2.48968,0.183494,0.388584,0.198633,0.425801
0.054068,0.913941,0.000350538,0.000480633,0.000604927,0.00115403,0.00171694,0.0021519,0.00377979,0.00826306,0.0177145,0.0589234,8.08224e-05,0.507441,0.971256,1,58.8979,0.436428,0.311185,27.277,1.38355,67.5271,0.630704,179.205,1.31075,261.239,0.404376,296.842,1.02809,0.190271,0.386644,0.200607,0.429408
0.0534582,0.7615,0.000797964,0.000529801,0.00101142,0.0012335,0.00156712,0.00233095,0.00416095,0.00896643,0.0199741,0.0642106,6.28886e-05,0.373987,0.987618,1,64.1432,0.366283,0.270983,28.0433,1.4069,65.8232,1.1346,181.346,0.352225,257.742,2.75014,297.455,1.17246,0.184504,0.372597,0.18595,0.360824
0.0532754,0.783685,0.000387968,0.000506907,0.000829724,0.0011791,0.00171725,0.00241689,0.00410845,0.00823689,0.0179551,0.0605004,6.07735e-05,0.4125,0.950764,1,51.9045,0.447473,0.273068,27.2353,0.379737,62.5861,0.864806,176.881,0.571773,261.914,0.298189,298.683,1.45948,0.19009,0.370468,0.191702,0.399515
0.0562731,0.752982,0.000537675,0.000292431,0.000700005,0.00162403,0.00204723,0.00290354,0.00548367,0.0122276,0.0269961,0.0925984,6.31882e-05,0.634312,0.995881,1,50.3909,0.307199,0.30586,28.0891,1.21817,62.5391,0.475416,175.454,1.05805,262.571,0.374213,299.41,0.889639,0.185551,0.362488,0.177786,0.380598
0.0566621,0.753408,0.000541245,0.000275694,0.0007146,0.00157256,0.00201315,0.00282172,0.00537661,0.0118777,0.0262096,0.0902656,6.38047e-05,0.623908,0.99513,1,49.5303,0.306018,0.307009,28.149,1.16626,62.6628,0.459698,175.498,1.20722,262.599,0.398661,299.318,1.07908,0.187723,0.358891,0.177053,0.380308
0.0593173,0.73996,0.000462682,0.000515706,0.000657937,0.00119069,0.0018264,0.00231867,0.00429668,0.00958346,0.0212041,0.0708243,8.34026e-05,0.538615,0.997449,1,50.7277,0.283513,0.313392,28.2238,1.8365,63.8943,3.32676,180.454,0.776626,259.828,0.299978,295.665,0.888158,0.19695,0.384503,0.182573,0.395541
0.0562079,0.825712,0.000494871,0.000358718,0.000676534,0.00143423,0.00174843,0.002579,0.00476897,0.0100209,0.0226061,0.0746711,8.03863e-05,0.52628,0.990108,1,39.6196,0.336625,0.315572,28.3261,0.92678,64.7804,2.25563,179.035,2.87033,260.548,0.26956,296.21,1.09147,0.19677,0.396293,0.195832,0.385922
0.0534937,0.824626,0.000456149,0.000301306,0.000663854,0.00135839,0.00164727,0.00232727,0.00436253,0.00930616,0.0211449,0.0700618,7.88894e-05,0.576862,0.984679,1,39.3484,0.359113,0.303304,28.372,0.825169,64.3979,1.32811,178.837,2.27638,260.347,0.254276,295.947,1.25572,0.201129,0.395109,0.194212,0.410085
0.0581627,0.867376,0.000580794,0.000528116,0.000720483,0.00139482,0.00196404,0.00267697,0.00486849,0.0105912,0.0237139,0.0783275,8.51687e-05,0.550152,0.99137,1,56.9578,0.329044,0.338788,28.173,0.703204,64.3423,1.75594,178.355,0.720891,261.014,0.536173,297.432,1.11675,0.198114,0.399417,0.204089,0.400921
0.0498256,0.797225,0.000322363,0.000286155,0.000553623,0.000958494,0.00127799,0.00166083,0.0032062,0.0068665,0.0150745,0.0480548,9.90702e-05,0.479139,0.985179,1,47.2288,0.37043,0.27173,28.757,1.36439,62.3464,2.82148,177.487,3.25252,260.868,2.04539,299.924,1.48738,0.199756,0.405556,0.222062,0.453096
0.0572083,0.814916,0.000489996,0.00055136,0.000648931,0.00146405,0.00202336,0.00269315,0.00519855,0.0108967,0.0237368,0.0783209,7.32331e-05,0.584021,0.957957,1,43.6532,0.345804,0.314621,27.6088,0.621995,63.1288,0.463345,178.353,0.463431,261.145,0.581531,297.516,1.37684,0.193299,0.381811,0.190408,0.396418
0.0628726,0.814509,0.000445258,0.000385317,0.000552072,0.00143197,0.00198456,0.00258416,0.00505835,0.0097332,0.0215055,0.0668908,8.06293e-05,0.596728,0.889348,1,65.5235,0.322516,0.329104,27.6423,0.673122,62.7869,4.74572,177.136,2.80756,259.963,0.551865,298.056,1.0381,0.195121,0.383829,0.200051,0.412501
0.0568094,0.788139,0.000631024,0.000565717,0.000831079,0.00152973,0.00201748,0.00287671,0.0052542,0.00971051,0.0214394,0.0685935,6.19903e-05,0.468456,0.832989,1,61.4911,0.37778,0.264905,27.8303,0.992243,65.4499,1.72598,178.904,2.71151,258.234,0.493283,297.679,1.11384,0.181818,0.370211,0.173012,0.361252
0.0683395,0.757315,0.000458765,0.000411175,0.000643196,0.00124727,0.00176307,0.00228045,0.00409209,0.00775207,0.0167135,0.0525272,7.40393e-05,0.444371,0.858569,1,58.7409,0.315965,0.315096,27.4975,0.654878,65.2131,1.58561,178.591,0.997092,260.554,0.468662,297.288,1.65033,0.18463,0.365799,0.190608,0.402415
0.0591577,0.832588,0.000580633,0.000409689,0.000777705,0.00126926,0.00178344,0.00237475,0.00423415,0.00751084,0.0162303,0.0511412,6.87765e-05,0.399601,0.817932,1,52.9954,0.428331,0.283995,28.6686,0.96859,62.6709,0.930625,180.659,1.86002,261.025,0.304242,294.209,0.713504,0.203544,0.404047,0.198146,0.396506
0.0604777,0.849138,0.000732679,0.000516046,0.00100348,0.00168979,0.00234435,0.00302593,0.00572251,0.00998382,0.0211489,0.0677871,5.66659e-05,0.413485,0.799161,1,61.2831,0.450601,0.292337,28.5635,0.595506,64.9983,1.99168,180.281,1.33343,262.432,0.341225,294.78,0.521327,0.216233,0.397932,0.183583,0.386109
0.0656813,0.886624,0.000435591,0.00038851,0.000611474,0.00145499,0.00204347,0.00257918,0.00496591,0.00919219,0.0203857,0.0617862,8.49677e-05,0.542902,0.860019,1,49.5467,0.344084,0.348215,28.1543,4.32479,64.8354,1.52315,177.593,1.21259,261.586,0.398704,295.52,1.50155,0.196676,0.39808,0.204243,0.399871
0.0722512,0.755416,0.000434046,0.000304993,0.000610787,0.00159435,0.00205379,0.00297078,0.00550394,0.00936764,0.0198737,0.062648,8.58812e-05,0.533777,0.77549,1,80.8804,0.287474,0.328201,28.16,0.570586,63.4631,1.8424,177.304,1.20545,261.479,2.57956,295.709,0.972037,0.203308,0.392202,0.189218,0.386329
0.0754224,0.74238,0.000459465,0.000487654,0.000625133,0.00167338,0.00231445,0.00315102,0.00574591,0.00965553,0.0211122,0.0648133,8.01698e-05,0.525957,0.77381,1,50.6131,0.275724,0.344415,28.7938,3.4571,61.3265,2.64607,178.52,1.65511,260.101,0.252453,297.647,1.70905,0.218389,0.40603,0.210463,0.412319
0.0795254,0.743944,0.000366678,0.000354606,0.000621623,0.00167956,0.00234945,0.00286837,0.0056904,0.00899279,0.0198487,0.0616565,7.76903e-05,0.520675,0.742731,1,49.7443,0.269087,0.350329,29.1051,1.2399,61.9397,5.09711,177.874,1.73409,259.786,0.253083,298.166,3.12689,0.211165,0.400584,0.216252,0.402697
0.0561886,0.757218,0.000688326,0.000556705,0.000876264,0.00101326,0.00142312,0.00189087,0.00332506,0.00735846,0.0153424,0.0505515,8.80632e-05,0.351939,0.981786,1,43.7506,0.331296,0.286942,28.8789,1.07908,64.1177,1.37612,178.516,1.22318,262.079,0.423526,296.536,0.577572,0.197035,0.392887,0.201953,0.414876
0.0522858,0.852104,0.000935785,0.000916435,0.00112699,0.00101615,0.0013923,0.00191232,0.00327416,0.00664793,0.0151881,0.0460372,0.00010738,0.264857,0.946107,1,83.722,0.404408,0.275213,28.302,1.40191,65.1948,0.505995,178.63,2.08505,263.044,0.425129,295.808,4.01463,0.204236,0.415819,0.202142,0.452472
0.0612746,0.698512,0.000352893,0.0002938,0.00057088,0.00111896,0.00153283,0.00201609,0.00386239,0.00803982,0.0173194,0.0564032,8.9376e-05,0.52376,0.952599,1,36.6863,0.280771,0.30146,27.9981,1.03724,62.0952,4.23905,180.35,0.794284,257.534,1.46445,299.717,0.373754,0.193544,0.382784,0.209307,0.406542
0.0613608,0.73561,0.000463932,0.000387247,0.00076752,0.00122117,0.00168378,0.00232472,0.00430548,0.00912818,0.0200213,0.0628402,7.19404e-05,0.471032,0.969074,1,68.6784,0.30646,0.310401,27.8599,0.540363,62.8512,1.06201,177.494,1.34357,260.477,0.45949,297.217,1.13989,0.18832,0.374036,0.18875,0.39961
0.0620639,0.729883,0.000550045,0.000487249,0.000592792,0.00124185,0.00181864,0.00239624,0.00440772,0.00964469,0.0210138,0.0662955,6.6724e-05,0.542443,0.961663,1,70.4946,0.310183,0.316357,28.0543,0.680227,62.7167,1.16668,177.327,1.55712,261.026,0.672935,297.343,0.96981,0.190317,0.368843,0.183934,0.402239
0.0543423,0.899686,0.000687409,0.000532046,0.000995541,0.00156229,0.0022007,0.00284459,0.00546028,0.0106049,0.0231938,0.0767131,6.1135e-05,0.448242,0.915935,1,40.0892,0.443307,0.298338,28.4716,1.92487,66.0044,1.83133,180.949,1.07409,259.572,0.656018,297.448,1.63144,0.203713,0.39576,0.198427,0.390455
0.0578336,0.69064,0.000427533,0.000331564,0.000546644,0.0013163,0.00180833,0.00241392,0.00442887,0.00911372,0.0204028,0.0667034,7.66815e-05,0.540911,0.913071,1,75.5284,0.317087,0.284407,28.2897,0.44257,60.0852,0.980986,176.529,1.6275,261.259,0.316561,297.301,1.01118,0.206601,0.389605,0.193236,0.40611
0.0494046,0.960671,0.000581326,0.000352139,0.000695051,0.00121905,0.00155057,0.00219942,0.00402529,0.0085289,0.0189947,0.0605823,8.13619e-05,0.504835,0.97612,1,51.2674,0.465283,0.299071,28.8004,2.40809,67.6225,3.27494,181.075,1.37247,259.456,0.86717,299.089,1.87279,0.202061,0.418498,0.223863,0.468102
0.0505117,0.863163,0.000304904,0.000403555,0.000544275,0.00104174,0.00151925,0.00194172,0.0036681,0.00792187,0.0171756,0.0553399,7.66006e-05,0.513132,0.9783,1,92.5673,0.451136,0.289421,28.3004,1.11446,63.9529,1.47541,178.395,0.652005,260.673,1.47351,297.755,1.74754,0.206407,0.400426,0.229589,0.429759
0.0469583,0.807729,0.00046081,0.000270072,0.000532893,0.00105267,0.00136471,0.00198216,0.00360539,0.00735627,0.0165544,0.0521096,9.82643e-05,0.552172,0.932019,1,68.5535,0.403055,0.251661,28.3456,1.06836,64.9054,2.97147,181.095,1.4094,259.321,0.375687,298.336,2.62909,0.203526,0.407573,0.203534,0.429409
0.0462992,0.844521,0.000375667,0.000392983,0.000609487,0.000923342,0.00136035,0.00188691,0.00337014,0.00721334,0.0157196,0.0506462,9.84341e-05,0.438199,0.990399,1,46.2004,0.446149,0.262671,28.504,0.774591,61.9088,0.735316,177.116,1.21901,260.984,2.4679,297.661,0.622031,0.205517,0.417565,0.224074,0.446043
0.0493658,0.752029,0.000474514,0.000398861,0.000535813,0.000868176,0.00114741,0.00148703,0.00283693,0.00626681,0.0135144,0.0432776,9.27698e-05,0.439608,0.996591,1,51.7891,0.405588,0.261365,28.4375,0.476303,64.3962,0.650695,177.211,1.48233,260.434,0.363234,301.342,1.36617,0.208397,0.397659,0.243505,0.470863
0.0531266,0.750044,0.000520255,0.000586847,0.000992457,0.000909029,0.00128032,0.00178944,0.00314467,0.00664942,0.0147513,0.0471907,9.16921e-05,0.289687,0.993706,1,53.5239,0.413052,0.275797,27.3635,0.342164,61.1079,0.511839,182.345,0.75892,260.363,0.347022,297.932,0.328035,0.217946,0.413588,0.224024,0.466673
0.0488762,0.851467,0.000733611,0.000560289,0.000797105,0.00104858,0.00140372,0.00176107,0.00351529,0.00713579,0.0156015,0.0502853,8.53396e-05,0.353888,0.944218,1,43.31,0.481316,0.266547,29.0709,0.459746,65.1911,1.31593,178.223,0.536484,260.682,0.612988,298.667,0.270912,0.224454,0.41808,0.234245,0.48283
0.0512941,0.791345,0.000399378,0.000379933,0.000515324,0.000784572,0.00115571,0.00150011,0.00283634,0.00597597,0.013198,0.04042,0.000132051,0.435152,0.981451,1,64.963,0.348335,0.284044,29.4766,1.95215,61.244,1.50358,180.808,0.35663,259.518,1.188,297.946,2.70703,0.23339,0.448799,0.277019,0.491317
0.0535034,0.720775,0.000511802,0.00054561,0.00085652,0.00122861,0.00160565,0.00211121,0.00408556,0.00792204,0.0175154,0.0569016,0.000116309,0.396421,0.880605,1,49.3312,0.300003,0.255443,29.1582,2.58536,63.322,0.868956,180.107,0.529692,257.313,0.452833,299.07,0.669461,0.217681,0.426933,0.218198,0.427758
0.065502,0.791791,0.00041989,0.000257407,0.00051548,0.00118843,0.00158258,0.00224207,0.00432063,0.00864465,0.0186791,0.0571957,8.76895e-05,0.600555,0.918696,1,62.2416,0.333199,0.352907,27.7301,0.387572,62.8968,0.283111,181.058,0.27668,260.858,1.98748,297.12,2.40158,0.219278,0.407523,0.236304,0.43589
0.0543587,0.776795,0.000820643,0.000532141,0.000794853,0.00136291,0.00177011,0.00249283,0.00469168,0.00858661,0.019841,0.0633107,6.10287e-05,0.436133,0.884275,1,44.1718,0.391433,0.262958,28.5641,1.51712,63.4597,7.91104,177.406,1.58957,261.555,0.277734,294.235,0.502755,0.184563,0.379018,0.152734,0.347296
0.0557364,0.805519,0.000554253,0.000582918,0.00102252,0.00131509,0.00186441,0.00240726,0.00435141,0.00874893,0.0186319,0.0599833,6.94646e-05,0.372881,0.901516,1,41.924,0.378176,0.273832,28.1972,1.71027,67.5768,1.11939,181.284,0.611903,262.816,0.26714,293.949,3.44275,0.191862,0.376461,0.160813,0.363456
0.0627091,0.73026,0.000540433,0.000449864,0.000865672,0.00126681,0.00159748,0.00215025,0.00392928,0.00792156,0.0176896,0.0538478,8.43297e-05,0.409834,0.90773,1,67.0854,0.312351,0.296753,27.669,0.684776,63.2195,1.71289,176.042,2.49344,259.542,0.483836,300.38,0.430384,0.188804,0.373362,0.206462,0.395918
0.0732206,0.702053,0.000878596,0.000840211,0.00142666,0.00132914,0.00181051,0.00233707,0.00436996,0.00841409,0.0175522,0.0550981,8.61025e-05,0.290028,0.866871,1,45.5296,0.265428,0.316132,27.8478,1.10159,66.3856,1.19516,183.137,0.486494,259.532,0.395407,295.172,3.00886,0.190608,0.383019,0.173295,0.37508
0.0584276,0.835689,0.000474937,0.000543088,0.000757208,0.00152057,0.00200767,0.00271753,0.00495314,0.00843691,0.0180692,0.057701,6.40255e-05,0.435638,0.771887,1,64.086,0.440423,0.274942,28.8614,1.18623,62.0914,1.67717,176.274,0.251658,260.381,0.480612,300.219,0.410286,0.208693,0.400039,0.204671,0.438548
0.0532157,0.78085,0.000372956,0.000494172,0.000703513,0.00100946,0.00140403,0.00188238,0.00339812,0.00661714,0.0143927,0.0443418,0.000112029,0.396093,0.885308,1,45.5158,0.359128,0.265003,29.303,0.967448,64.3859,1.3168,183.281,0.272764,258.616,0.486107,295.658,1.81053,0.220802,0.435932,0.224551,0.418273
0.0581626,0.82083,0.000869787,0.000519697,0.000907017,0.00117876,0.00150776,0.00200385,0.00375034,0.00728501,0.0157449,0.0493417,0.000111467,0.341881,0.88856,1,63.4295,0.358291,0.296877,29.0576,1.49335,64.6435,1.00211,181.662,0.310034,258.605,1.77961,297.242,2.54674,0.22697,0.440023,0.243303,0.456048
0.052906,0.785167,0.000558086,0.000680216,0.00110527,0.000948963,0.00133405,0.00185214,0.00337196,0.00665198,0.0145942,0.0458412,9.29469e-05,0.281204,0.93341,1,57.6367,0.391875,0.261542,28.1036,1.51756,65.1587,1.10302,180.02,0.254703,261.261,0.276207,297.746,1.06245,0.199192,0.397486,0.200679,0.435179
0.0588601,0.733321,0.000787994,0.000572251,0.000860863,0.00108937,0.00145151,0.00184828,0.00349399,0.00654682,0.0147625,0.0455775,8.22543e-05,0.328418,0.883963,1,69.8898,0.34927,0.264422,27.6624,1.25782,65.0792,0.721687,178.796,0.25886,261.277,0.847803,297.879,1.83167,0.180881,0.366925,0.180979,0.394635
0.0496319,0.804965,0.000395753,0.000238355,0.000491112,0.00102808,0.00141752,0.00182749,0.00344734,0.00747181,0.016178,0.0513903,8.74454e-05,0.582677,0.961463,1,44.4202,0.44592,0.278362,27.791,0.350428,62.9166,1.78805,181.252,0.353016,260.41,0.279873,295.484,0.553045,0.220584,0.411901,0.221358,0.435376
0.0541551,0.849705,0.000328053,0.000389183,0.000618011,0.00103884,0.00141911,0.00196906,0.00368645,0.00789353,0.0174866,0.0524397,8.92096e-05,0.496738,0.990442,1,51.9734,0.388467,0.309703,28.2185,0.725004,64.0678,0.621671,180.699,0.388677,261.334,0.438411,296.812,1.0658,0.211878,0.409515,0.224315,0.45517
0.0609147,0.917214,0.000526722,0.000681882,0.000930742,0.00137119,0.001926,0.00265597,0.00474941,0.0102652,0.0220173,0.0747611,8.71671e-05,0.441924,0.985682,1,66.3526,0.357496,0.362135,28.6064,1.42886,63.7405,3.40684,178.753,0.456595,260.98,0.421379,297.22,1.51858,0.214089,0.422913,0.228806,0.455057
0.0588855,0.907649,0.000561211,0.000602027,0.0008544,0.0012835,0.00172965,0.00235103,0.00446108,0.0096443,0.0209201,0.0688459,7.57108e-05,0.456758,0.981348,1,85.8895,0.404682,0.350606,28.7409,1.63306,61.4903,3.11011,179.149,0.442148,261.993,0.337625,295.914,1.63891,0.221108,0.425289,0.234483,0.45492
0.0606535,0.919283,0.0010698,0.000656502,0.00123659,0.00164579,0.00222065,0.00295514,0.00542132,0.011431,0.0258656,0.0815209,6.05341e-05,0.402449,0.959381,1,89.4505,0.413046,0.351033,28.7595,0.730092,62.5277,5.35027,178.728,1.03026,258.001,0.321265,298.582,0.896973,0.207765,0.419258,0.230185,0.425916
0.0569515,0.860317,0.000578483,0.000474828,0.000859494,0.00127609,0.00181469,0.00244195,0.0045172,0.00938761,0.0202071,0.0670302,9.97302e-05,0.453745,0.982407,1,37.5225,0.33875,0.32745,28.5913,0.671645,64.1043,0.440534,181.663,1.8856,260.603,1.16432,298.95,0.633059,0.219565,0.427749,0.223359,0.475327
0.0588435,0.844065,0.000600918,0.000511409,0.000730367,0.00126507,0.00166994,0.00228274,0.00420614,0.0086541,0.0200019,0.0610627,7.84423e-05,0.431885,0.969394,1,46.982,0.360872,0.321744,28.3425,0.63624,67.1172,0.679833,179.377,2.05369,261.143,2.72131,299.161,2.74484,0.203042,0.390618,0.216192,0.432691
0.0566374,0.701795,0.000497763,0.000413647,0.000602589,0.00106441,0.00139753,0.00191872,0.0035666,0.00732409,0.0153846,0.0507047,9.90356e-05,0.470786,0.935368,1,63.5764,0.307757,0.279597,28.8054,2.3861,60.5003,0.397942,177,0.460742,260.248,0.285847,295.425,0.576906,0.206259,0.399445,0.214336,0.399066
0.0576032,0.709161,0.000385101,0.000364466,0.000659481,0.00111057,0.00149596,0.00202104,0.00377348,0.00756007,0.0154968,0.0514094,0.000108573,0.475905,0.91861,1,49.5432,0.286937,0.278779,28.3454,1.11098,63.3252,0.511443,177.791,0.394784,260.867,0.360949,295.652,1.4348,0.199857,0.395537,0.188761,0.405682
0.0571218,0.846104,0.000649893,0.000750869,0.00094609,0.00115201,0.00150773,0.00213109,0.00383824,0.00755081,0.0163339,0.0519827,6.95296e-05,0.346268,0.925116,1,60.2701,0.446039,0.296816,27.9968,0.626227,64.3033,4.31838,179.359,1.75292,258.854,0.636003,299.62,1.35898,0.199175,0.393626,0.230731,0.42883
0.0640634,0.782445,0.000674661,0.000444413,0.000640879,0.00109885,0.00154321,0.0021621,0.00387851,0.00711242,0.0154539,0.0476121,7.94199e-05,0.407842,0.845416,1,41.8492,0.354547,0.300318,28.218,1.20305,64.8411,0.533114,180.541,0.405906,259.894,0.319225,296.899,0.3278,0.199278,0.389014,0.202517,0.410766
0.0652907,0.775029,0.000599923,0.000552627,0.000991423,0.00144203,0.00193206,0.00255263,0.00466712,0.00902868,0.0188726,0.0603477,7.72512e-05,0.383155,0.854019,1,41.4651,0.328356,0.309999,28.4286,0.503717,63.9463,0.759518,181.679,1.28414,258.176,0.730127,297.216,0.27905,0.207269,0.404264,0.207016,0.400745
0.0768097,0.857644,0.000634777,0.000831769,0.00139475,0.00191153,0.00251067,0.00342238,0.00627997,0.0124531,0.0283381,0.091092,6.67332e-05,0.410353,0.911073,1,68.2072,0.306056,0.407932,28.1842,0.987142,61.6937,1.38579,176.735,1.58388,262.627,0.455391,298.414,0.259267,0.200277,0.398393,0.186146,0.457222
0.0678617,0.86357,0.000960098,0.000504237,0.00105136,0.00174719,0.00254076,0.00324597,0.00606865,0.0125858,0.0280344,0.0898825,6.61313e-05,0.480601,0.935898,1,45.9163,0.326979,0.377525,28.5945,0.587795,64.7362,0.310045,177.042,1.55956,261.581,0.451893,291.966,0.300281,0.213279,0.399057,0.187821,0.389698
0.052699,0.815378,0.000438111,0.000265785,0.000584353,0.00127076,0.00171591,0.00226507,0.00428559,0.00894459,0.0193162,0.0641998,7.23671e-05,0.559136,0.951883,1,57.6382,0.39961,0.287887,28.2229,0.811011,63.2206,0.599253,180.144,1.12026,262.122,0.471251,296.334,6.04596,0.199807,0.387961,0.19319,0.394708
0.0615083,0.77758,0.000363261,0.000301896,0.000577538,0.00156198,0.00208198,0.00279022,0.00504991,0.00929204,0.0202203,0.0637428,5.64703e-05,0.578517,0.824627,1,43.8052,0.352127,0.283695,27.5141,0.643999,66.7566,2.97752,177.905,1.59557,258.854,0.74136,299.22,0.297709,0.164067,0.343087,0.159123,0.374798
0.0600266,0.756055,0.000401452,0.000452509,0.000623203,0.00133343,0.00184418,0.00256017,0.00491448,0.00903146,0.0200935,0.061483,7.67793e-05,0.535871,0.856735,1,41.3945,0.33309,0.281559,27.1091,1.15844,64.1873,2.76439,175.67,0.756401,260.629,1.00258,296.775,0.300675,0.175443,0.353749,0.169306,0.349543
0.062357,0.776362,0.000577487,0.000445624,0.000852397,0.0011706,0.00156344,0.00203423,0.00366594,0.00751356,0.0155963,0.0500925,5.61759e-05,0.395325,0.920861,1,53.9988,0.369083,0.298374,27.6009,0.993712,62.3048,2.05763,176.406,0.531818,262.171,0.570454,297.153,0.389565,0.163108,0.35071,0.170535,0.394763
0.0586897,0.675696,0.00049001,0.000399921,0.000692267,0.00109941,0.0015917,0.00204302,0.0036666,0.00674167,0.0149964,0.0462464,9.87581e-05,0.398711,0.820598,1,50.3899,0.350401,0.256569,28.0361,0.266279,64.4226,0.697897,182.169,2.83459,258.64,0.256861,296.136,3.59162,0.22073,0.41125,0.206975,0.404004
0.0657871,0.784884,0.000724151,0.000633056,0.000930648,0.00128851,0.00188301,0.00230928,0.00441677,0.00803703,0.0175997,0.0545922,7.79541e-05,0.389182,0.842625,1,64.0496,0.339317,0.311783,28.4489,2.19095,61.3952,2.37383,175.015,0.423414,259.811,1.3721,299.468,0.357015,0.199446,0.39527,0.218,0.431685
0.0658377,0.73237,0.000780708,0.0007527,0.00110657,0.00123965,0.00160177,0.00225509,0.00422515,0.00751308,0.0161707,0.0506762,8.54742e-05,0.308889,0.829819,1,57.8244,0.31081,0.290049,28.673,0.755194,63.7696,0.585408,178.596,0.820759,260.602,0.354735,297.426,0.497091,0.199349,0.399853,0.187523,0.427331
0.0623191,0.750687,0.000662518,0.000510412,0.00088574,0.00115094,0.00154445,0.00224839,0.00389826,0.00745648,0.0151909,0.0483715,9.35986e-05,0.385515,0.841239,1,54.2778,0.325435,0.287758,28.84,1.6584,63.7915,1.57336,178.44,1.25091,261.734,0.951579,297.806,0.616593,0.205369,0.402901,0.203778,0.423731
0.0529344,0.802584,0.000547632,0.000398605,0.000617738,0.00110355,0.00142887,0.00203033,0.00387923,0.00816889,0.0177521,0.0583047,7.74445e-05,0.500694,0.993442,1,56.1589,0.380459,0.286057,27.4302,0.626762,64.2788,1.24089,178.091,1.18724,259.315,1.03116,295.457,3.68192,0.182948,0.375932,0.20036,0.377595
0.0719266,0.746026,0.000667954,0.000453379,0.000725928,0.00164511,0.00220506,0.00314846,0.00555229,0.0103531,0.022807,0.0736952,6.39015e-05,0.494404,0.826742,1,57.5121,0.307828,0.334469,27.9276,0.561338,62.0252,1.73345,179.434,0.810738,261.126,0.31672,299.839,0.354259,0.202843,0.382779,0.188504,0.398059
0.0700389,0.727077,0.000645482,0.000638956,0.00103953,0.00166108,0.00230017,0.00305076,0.00595251,0.0106586,0.0244201,0.0759928,5.86261e-05,0.405358,0.866571,1,69.1135,0.306726,0.323167,27.9204,0.36616,63.5855,0.533206,178.544,1.08779,260.42,0.489435,298.284,0.66957,0.197605,0.374121,0.193092,0.375447
0.055053,0.768727,0.000453675,0.000362475,0.000700492,0.00112345,0.00143028,0.00200156,0.00372459,0.0077385,0.0162762,0.0547376,4.94651e-05,0.454918,0.979468,1,43.9673,0.485327,0.286017,26.8992,0.347671,62.1824,0.417405,179.929,0.969021,260.069,0.288462,295.717,3.20002,0.192696,0.362719,0.206494,0.387763
0.0611955,0.813292,0.000576975,0.000601941,0.000725359,0.00142487,0.00211039,0.0026853,0.00495408,0.00929597,0.0206105,0.0626177,7.74011e-05,0.460633,0.845178,1,49.3353,0.367883,0.299729,27.6204,0.438775,64.5423,1.83628,178.274,0.367366,260.102,2.24178,298.997,0.942756,0.199056,0.390468,0.196983,0.412238
0.0600964,0.752353,0.00047705,0.000348654,0.000751945,0.00114745,0.00149301,0.00210195,0.00387174,0.00669127,0.0142927,0.0459588,7.511e-05,0.39015,0.829842,1,54.6,0.366671,0.269063,28.2938,0.862728,65.1662,0.921579,178.15,0.496497,259.09,1.94985,297.611,1.86783,0.191109,0.378149,0.203858,0.380179
0.0670105,0.813501,0.000439305,0.000441927,0.000890302,0.00132955,0.0019151,0.00247409,0.0046728,0.00926226,0.0202097,0.0665937,6.6905e-05,0.447872,0.941637,1,53.1131,0.334208,0.351902,28.1086,0.618876,63.5526,1.74087,177.177,0.322967,260.349,0.786175,294.785,1.9341,0.194647,0.384717,0.212007,0.382888
0.0632647,0.764754,0.000896263,0.000661026,0.000898039,0.00171138,0.00212295,0.00300311,0.00527644,0.0112412,0.025246,0.0812299,7.35276e-05,0.48453,0.951406,1,61.5611,0.298151,0.329661,28.0806,0.732455,61.8724,1.69613,179.773,0.276904,259.727,0.6212,294.755,2.05343,0.200894,0.393339,0.190625,0.37694
0.0648502,0.769064,0.000379733,0.000378343,0.000756363,0.00114285,0.00168211,0.00224922,0.00439317,0.0088476,0.0188006,0.0631822,7.48797e-05,0.511927,0.967638,1,68.3701,0.302729,0.338776,28.148,1.42143,63.2643,1.19232,180.334,0.278926,260.904,0.358024,294.174,0.912204,0.192457,0.382567,0.194252,0.380887
0.0581408,0.738469,0.0006261,0.000486026,0.000725047,0.00130337,0.0016945,0.00231214,0.00403599,0.00947528,0.0213189,0.0660816,6.90038e-05,0.471822,0.969254,1,61.3153,0.339393,0.298426,27.9107,0.588338,61.3301,1.57012,180.125,0.465921,260.745,1.09694,295.945,1.67862,0.197544,0.382719,0.197133,0.377375
0.0613971,0.814984,0.000387245,0.000377042,0.000632301,0.00122374,0.00179881,0.00229126,0.00428455,0.00833574,0.0184359,0.0589966,7.68862e-05,0.53953,0.937968,1,43.2256,0.349746,0.330001,27.9618,0.542387,62.5198,1.45629,177.433,0.300819,259.911,1.41019,296.121,2.07201,0.199756,0.386703,0.225375,0.398865
0.0607141,0.766051,0.000609772,0.000423617,0.000695785,0.00121781,0.00177509,0.00227976,0.004303,0.00903522,0.0201613,0.0675941,7.04845e-05,0.471505,0.976202,1,70.5178,0.31321,0.314385,28.3455,3.64213,64.817,1.46553,179.872,0.997419,260.268,0.493918,298.584,0.565266,0.190238,0.374515,0.191867,0.408491
0.0573085,0.810335,0.000709046,0.000492767,0.000882468,0.00138257,0.0017733,0.00266881,0.00478064,0.0100273,0.02241,0.0754314,8.23791e-05,0.426809,0.980286,1,61.1795,0.312538,0.303423,27.9315,3.30911,67.1455,0.988772,180.47,0.530737,257.005,0.553385,299.486,0.601857,0.18474,0.387305,0.192928,0.384086
0.0519472,0.723809,0.000386508,0.000373828,0.000494857,0.00112142,0.00146954,0.00195984,0.00364684,0.00775298,0.0169977,0.054549,7.49089e-05,0.595716,0.96038,1,45.8843,0.385186,0.268099,27.2114,0.398052,61.3179,2.3523,176.979,0.729189,263.737,0.345984,294.23,0.276111,0.194826,0.366405,0.173493,0.377143
0.051075,0.709066,0.000332934,0.000271216,0.000453621,0.00103145,0.00139232,0.00187511,0.00340316,0.00744311,0.0160052,0.0510892,7.59899e-05,0.531218,0.970093,1,43.9692,0.403786,0.258975,27.0976,0.427487,60.6362,2.78308,177.477,0.570542,264.715,0.538867,293.625,0.273952,0.195819,0.367781,0.164934,0.385825
0.053415,0.879314,0.000370785,0.000367156,0.000585667,0.00124506,0.00159742,0.0021094,0.00409464,0.00784971,0.0180638,0.054412,9.95659e-05,0.565031,0.895084,1,64.2784,0.366242,0.292268,28.8735,3.86375,67.4352,0.609862,179.816,2.78824,260.444,0.426519,296.591,1.52967,0.201676,0.415577,0.194243,0.444942
0.0503396,0.829883,0.000369615,0.000339519,0.000608163,0.000981982,0.00142332,0.00201692,0.00357227,0.00727997,0.0153876,0.0498037,9.58801e-05,0.520372,0.911006,1,60.1695,0.41841,0.270454,28.6181,2.30276,64.0971,0.693983,179.813,1.60475,261.655,0.276483,297.665,0.828233,0.215475,0.41058,0.217893,0.435649
0.050112,0.838179,0.000334165,0.000352384,0.000639982,0.000988695,0.00127427,0.00170228,0.00317499,0.00684172,0.0154422,0.0466085,0.000127342,0.489258,0.991046,1,55.839,0.366572,0.286256,28.6736,1.53963,65.2643,0.699152,178.365,0.781591,262.182,1.01824,295.645,0.501998,0.218182,0.42279,0.229259,0.466465
0.0490234,0.707828,0.000296765,0.000278024,0.000536424,0.00094906,0.00124087,0.00159207,0.00299431,0.00617725,0.0138397,0.0455237,9.40872e-05,0.492032,0.956783,1,50.7075,0.369874,0.244239,28.1971,0.835726,61.4422,2.69966,179.592,2.18205,257.66,0.714345,299.912,0.568249,0.196581,0.393818,0.217541,0.438559
0.066647,0.801554,0.00108156,0.00103103,0.00107381,0.00138047,0.00205604,0.00259742,0.0048321,0.00850738,0.0182561,0.0565977,8.16687e-05,0.312031,0.793757,1,64.4838,0.351661,0.304684,28.7764,0.899624,63.8586,1.33368,179.89,2.69143,263.413,0.275827,294.133,0.341527,0.219684,0.412477,0.178611,0.412886
0.0742237,0.872278,0.000728744,0.000571181,0.000773252,0.00143369,0.00198393,0.00267003,0.00485851,0.00924179,0.0200305,0.0607731,9.48994e-05,0.439967,0.882942,1,46.5485,0.307075,0.390734,28.3134,1.34424,63.8808,0.680497,178.683,0.580759,256.581,1.63172,301.249,4.80284,0.203066,0.423366,0.248758,0.484318
0.0543882,0.791556,0.000680969,0.000716945,0.000828801,0.00101276,0.00140752,0.00187995,0.00328769,0.00698546,0.0150118,0.04667,9.38972e-05,0.334763,0.951306,1,66.8999,0.383372,0.280972,28.4398,0.531086,64.0111,1.60196,181.661,0.353419,260.361,0.391317,297.675,0.491843,0.210819,0.415356,0.224817,0.435903
0.0534823,0.771659,0.000542227,0.000430946,0.000830711,0.00101108,0.0013339,0.00181176,0.00343539,0.00695445,0.0148154,0.0467634,9.72238e-05,0.361463,0.908912,1,73.124,0.393273,0.266927,28.4492,0.572709,63.106,3.27457,181.695,0.286014,259.907,0.356105,297.256,0.921741,0.216372,0.419937,0.215648,0.450314
0.053051,0.760418,0.00055283,0.000532366,0.000737687,0.00101514,0.00145365,0.00189846,0.00341355,0.00699529,0.0157964,0.0474556,9.01332e-05,0.403413,0.94237,1,62.5211,0.379166,0.271698,28.7126,0.970404,60.8646,2.08573,182.025,0.436457,260.273,0.54712,297.579,0.634118,0.212418,0.414357,0.225099,0.429608
0.0572776,0.776795,0.000529133,0.000465432,0.000834567,0.000997575,0.00129518,0.00180592,0.00336303,0.00681453,0.0150319,0.0468507,0.000104679,0.335083,0.953584,1,61.1279,0.354702,0.294939,28.4356,0.432805,63.5727,2.82079,177.811,1.83666,261.606,0.304526,295.98,2.29109,0.212715,0.414056,0.234475,0.428549
0.0543181,0.733895,0.00059871,0.000568072,0.000784783,0.00121921,0.00160215,0.00222986,0.00387927,0.00848514,0.0190931,0.0604245,0.000118176,0.397211,0.978064,1,46.9238,0.281772,0.279327,28.79,2.77929,63.8443,0.983119,178.03,1.00325,257.412,1.4065,298.364,0.340223,0.205472,0.415033,0.211139,0.42456
0.0577843,0.681237,0.000383344,0.000320801,0.000571183,0.000816824,0.00116729,0.0015321,0.0029342,0.00604217,0.0138151,0.0446259,0.000118479,0.462438,0.989611,1,62.017,0.27126,0.280007,28.0354,1.6126,65.0609,0.714079,178.856,0.809924,260.191,0.646031,297.273,1.01065,0.186816,0.380666,0.19662,0.42292
0.0552765,0.670365,0.000508299,0.000435756,0.000624171,0.00111593,0.00155743,0.00211293,0.00378565,0.00809565,0.0187586,0.0596504,0.00011377,0.50319,0.993398,1,67.9684,0.25607,0.274794,28.1862,1.30047,64.8838,0.729901,179.276,0.823232,259.924,1.35259,297.984,1.2778,0.19695,0.388122,0.192665,0.395123
0.0589123,0.689059,0.000491406,0.000444738,0.000620891,0.00101501,0.00139552,0.00189146,0.00359868,0.00770354,0.0165884,0.0534393,0.000105648,0.447686,0.981533,1,59.9656,0.28052,0.295329,28.3337,0.896655,62.4572,0.8945,179.774,0.342645,259.561,0.380881,298.008,1.08055,0.2083,0.399855,0.216598,0.42039
0.0580185,0.763115,0.000638136,0.000591079,0.000902604,0.0011469,0.00159201,0.00215554,0.00397179,0.00846926,0.0189017,0.0613204,9.89044e-05,0.397552,0.993745,1,59.248,0.313347,0.308805,28.3259,0.539008,64.4058,0.283343,179.106,0.339967,261.435,0.327693,296.076,0.809806,0.212731,0.407212,0.207845,0.435852
0.0547726,0.816952,0.000646125,0.000616596,0.000765684,0.00131896,0.00182872,0.00251915,0.00460418,0.00988694,0.0224911,0.0724103,7.03644e-05,0.469956,0.998558,1,62.6915,0.363082,0.306058,28.5869,3.55986,62.6292,0.362689,177.79,0.943202,258.273,1.16806,298.703,1.73953,0.20093,0.396737,0.214932,0.41221
0.056627,0.7768,0.000613317,0.000587016,0.00075307,0.0011221,0.00155352,0.00205972,0.00392683,0.00838052,0.0180443,0.058707,8.54794e-05,0.424227,0.988493,1,60.8846,0.339293,0.301293,28.2611,0.768082,62.5599,0.460343,176.619,1.49397,262.635,0.684842,295.485,1.843,0.198745,0.393173,0.194148,0.422663
0.052773,0.70474,0.000381103,0.000366698,0.000545624,0.00111619,0.00153963,0.00212156,0.00397247,0.0079103,0.0181781,0.0592058,0.00010121,0.545436,0.899298,1,60.8303,0.30393,0.258117,28.9706,2.45864,62.9945,5.91525,177.754,1.295,258.508,0.268334,298.208,1.40453,0.205321,0.401953,0.204506,0.407638
0.0533813,0.738719,0.000385816,0.000348943,0.000622554,0.00107925,0.00149472,0.00206642,0.00381352,0.00841736,0.0185789,0.0605256,0.000106089,0.516041,0.963249,1,66.3039,0.294587,0.278743,29.119,1.77013,63.4838,0.501946,180.007,0.568979,260.201,0.254941,298.264,1.23326,0.206371,0.408137,0.205315,0.417371
0.0616295,0.708444,0.000357446,0.000385511,0.000670753,0.00109677,0.00139558,0.00190803,0.00354165,0.00747889,0.0160089,0.051672,0.000100663,0.440923,0.978826,1,45.2421,0.278195,0.308357,28.2202,0.929229,61.6518,2.16833,176.666,1.45829,262.349,5.23862,294.814,0.703998,0.196348,0.38702,0.199177,0.412172
0.05253,0.803485,0.000574713,0.000437872,0.000713756,0.00119591,0.00176714,0.0022602,0.0042118,0.00852597,0.0194408,0.060554,8.81924e-05,0.46448,0.897891,1,68.3712,0.367089,0.268659,28.7918,1.68172,64.8807,1.81564,179.633,1.91351,260.977,0.264322,295.046,0.458827,0.203251,0.407293,0.173871,0.409232
0.0545352,0.791152,0.000514392,0.000416109,0.000609,0.00103765,0.00147905,0.00192113,0.0034788,0.00756819,0.0163648,0.0520112,0.000101726,0.444142,0.959744,1,57.1139,0.344502,0.287452,28.095,0.877679,63.2111,1.14141,178.991,0.823598,261.207,2.14349,296.816,1.69608,0.2,0.402808,0.212035,0.420839
0.0690373,0.866903,0.000985649,0.000742779,0.00121355,0.00190532,0.00271554,0.00344189,0.0064583,0.0128908,0.0284049,0.0928152,5.92042e-05,0.406103,0.919915,1,52.3321,0.338756,0.372423,28.5091,0.897922,62.2998,1.50963,181.52,0.299832,258.426,0.357888,299.16,0.591789,0.206315,0.409548,0.214271,0.424209
0.0570305,0.712515,0.000550097,0.000667857,0.000871095,0.000933024,0.00136804,0.00185412,0.00344859,0.0063355,0.0138475,0.0438914,0.000109669,0.325447,0.907993,1,47.9182,0.323944,0.265758,27.9646,0.713189,63.1572,0.677195,181.685,0.290646,260.416,0.446481,299.574,2.04832,0.204331,0.403434,0.207252,0.452163
0.0506705,0.848365,0.000361967,0.000396364,0.000646744,0.000973138,0.00140309,0.00199233,0.00354014,0.00690661,0.0152378,0.0470271,8.84864e-05,0.42648,0.911275,1,54.7342,0.456041,0.267804,28.1805,3.91914,62.5365,2.86502,180.845,0.25287,261.019,0.994841,297.338,1.02712,0.204546,0.411266,0.212253,0.441316
0.0561664,0.752349,0.000484785,0.000579361,0.000762542,0.000846962,0.0012142,0.00174848,0.00327585,0.00621453,0.0137824,0.0449496,0.000116866,0.363268,0.957848,1,51.7034,0.330972,0.283791,28.0637,0.675996,64.1384,0.670885,180.891,3.45056,258.98,0.456388,298.11,1.30383,0.209957,0.412071,0.235018,0.452741
0.0389196,0.819948,0.000320334,0.000262058,0.000429518,0.00105425,0.00135995,0.00180987,0.0036214,0.00783285,0.0175618,0.057622,7.58883e-05,0.624673,0.98632,1,51.6913,0.54146,0.227829,29.5469,2.34672,63.8213,1.84192,178.36,0.274449,260.663,1.5932,296.768,0.66381,0.215277,0.410855,0.216775,0.412474
0.0413383,0.869915,0.000457539,0.000361487,0.000623256,0.00108791,0.00153881,0.00225764,0.00400377,0.00878327,0.0203251,0.0655379,8.24805e-05,0.533403,0.973305,1,45.1301,0.52044,0.243126,29.1279,3.82053,62.7964,1.07488,177.717,0.363713,260.641,1.22013,294.87,0.591847,0.21316,0.423094,0.206624,0.401783
0.0557992,0.771637,0.000428658,0.000409781,0.000649445,0.00106907,0.00139952,0.00208052,0.00367072,0.0082082,0.0174056,0.0557456,0.00010749,0.494377,0.956412,1,58.6373,0.313771,0.296381,28.5516,0.650766,64.0445,2.16328,179.168,4.77002,262.378,0.309184,298.544,0.416193,0.210289,0.414024,0.197877,0.474416
0.0577987,0.815921,0.000464918,0.000391059,0.000621808,0.00104749,0.00153572,0.00187055,0.00359733,0.00742458,0.0168386,0.0533549,9.28485e-05,0.450399,0.978477,1,60.2264,0.351952,0.318232,28.6827,1.92733,62.3731,2.0771,178.216,0.942106,261.355,1.25293,296.328,2.54639,0.210353,0.412127,0.235166,0.448993
0.0583195,0.655405,0.000511609,0.000427972,0.000696434,0.00104924,0.00134991,0.00193265,0.00349743,0.00695204,0.0155819,0.0490495,0.000101984,0.384071,0.922906,1,57.9072,0.287122,0.261571,27.5098,0.711107,62.4273,0.42155,180.262,1.71985,259.796,0.448479,299.421,0.371979,0.189958,0.37836,0.186565,0.416932
0.0570874,0.742329,0.000408202,0.000377471,0.000613292,0.00103705,0.00150781,0.00191576,0.00359065,0.00708638,0.0153978,0.0478299,7.71663e-05,0.458191,0.916662,1,64.4413,0.357058,0.27592,27.9594,0.632257,64.7393,3.51615,175.339,1.32491,262.454,0.272914,294.393,2.56943,0.184812,0.36996,0.179181,0.378857
0.0603738,0.719004,0.000408761,0.000345138,0.000573906,0.00137979,0.00173818,0.00252618,0.00478097,0.00941471,0.0207914,0.0682422,7.0618e-05,0.592567,0.887627,1,46.1526,0.331981,0.302732,28.1878,0.425216,60.2642,0.612874,180.294,0.310487,263.319,0.252392,294.912,0.296786,0.215142,0.394596,0.180473,0.404584
0.0558174,0.645572,0.000448428,0.000325083,0.000604646,0.00113564,0.00166255,0.00210027,0.00388958,0.00813575,0.0179786,0.0583187,7.57559e-05,0.516149,0.915489,1,46.901,0.318194,0.261167,28.3977,0.499962,60.9107,4.08211,178.281,0.548691,261.074,0.254149,294.648,0.265462,0.201967,0.382032,0.177828,0.361926
0.0546264,0.736405,0.000425174,0.0003919,0.000666689,0.00121495,0.00155781,0.00229231,0.00409655,0.00854589,0.0191819,0.0643808,6.59882e-05,0.524195,0.954525,1,60.2573,0.37644,0.277141,27.4181,0.550209,63.5565,0.551838,181.314,2.30768,258.271,1.57247,297.378,0.262843,0.194502,0.373276,0.194571,0.375726
0.0659396,0.770986,0.000558129,0.0003923,0.000761696,0.00125326,0.00173464,0.00242564,0.00437102,0.00899657,0.019682,0.0623791,8.19031e-05,0.475985,0.925336,1,67.5195,0.286027,0.330895,28.5973,1.08551,66.0785,0.982116,177.596,0.899902,262.253,0.271558,298.522,0.280818,0.191143,0.381238,0.184081,0.417839
0.0609756,0.697192,0.000593389,0.000508843,0.000788192,0.001207,0.00165615,0.00215134,0.00397674,0.00866911,0.0192298,0.0629766,8.66829e-05,0.455718,0.988075,1,48.8431,0.276065,0.297695,27.3484,1.25587,62.6554,2.87848,178.264,2.4858,261.382,0.704641,297.349,0.384747,0.178618,0.361806,0.175115,0.374924
0.060749,0.858773,0.000905392,0.000767161,0.00119754,0.00176886,0.00239393,0.00342022,0.00603895,0.0127305,0.0283693,0.0941416,5.34739e-05,0.441842,0.927307,1,58.5236,0.362496,0.319093,27.8318,1.07594,67.0735,0.772619,178.083,1.05299,260.668,0.307289,296.504,1.1389,0.178263,0.366374,0.165602,0.341716
0.0599995,0.869476,0.000554479,0.000514199,0.000645426,0.00158042,0.00227565,0.00286485,0.00530517,0.0113184,0.0254259,0.0852225,7.10808e-05,0.596698,0.968717,1,50.4006,0.345084,0.34354,27.4637,1.11279,64.8482,1.55627,179.273,1.2462,264.496,0.378983,293.844,0.286095,0.190597,0.377174,0.154424,0.372829
0.0537222,0.763087,0.000621741,0.000524518,0.00098395,0.001324,0.00175024,0.00253926,0.00450863,0.0101218,0.0216294,0.0727989,5.91348e-05,0.455957,0.994283,1,45.3767,0.342558,0.274706,28.0169,0.975812,66.1146,0.786622,179.947,0.29008,260.793,0.298096,295.148,0.262566,0.170664,0.358281,0.141759,0.35358
0.053739,0.655606,0.000291108,0.000328712,0.000507088,0.000909221,0.0011872,0.00174865,0.00305333,0.00635637,0.0143456,0.0442284,9.34079e-05,0.462284,0.953832,1,61.8026,0.325395,0.243704,26.4147,0.393085,64.5666,2.81451,179.246,0.356539,261.929,0.429419,294.235,2.35269,0.172339,0.35215,0.150087,0.36489
0.0583983,0.736994,0.000600735,0.000769456,0.00113707,0.00126824,0.00168631,0.00227378,0.00398703,0.00839026,0.0179312,0.05919,8.05862e-05,0.335185,0.951688,1,49.5031,0.29853,0.279444,28.4599,2.32908,64.0542,0.725166,179.117,5.54875,260.292,0.270817,297.718,0.882119,0.174417,0.379062,0.169244,0.384245
0.0551344,0.785293,0.000340458,0.000321144,0.000523736,0.000975439,0.00133427,0.00166995,0.00329899,0.00660866,0.0140167,0.0436611,8.61424e-05,0.456328,0.914824,1,57.4708,0.406192,0.278249,27.8102,0.583349,64.4096,0.642131,179.314,0.270962,261.146,0.323072,299.607,1.49249,0.202102,0.388576,0.228559,0.414328
0.0556255,0.803037,0.000611332,0.000483977,0.00103497,0.00120053,0.00166965,0.00238009,0.00418541,0.00836447,0.0186373,0.0572839,8.55035e-05,0.38483,0.926587,1,51.1038,0.352674,0.280385,27.9231,1.29607,65.0416,1.30115,180.935,0.256496,259.778,0.342753,295.225,2.51358,0.189006,0.393094,0.188132,0.363477
0.061811,0.752805,0.000582235,0.000439971,0.000708526,0.00137145,0.0019459,0.00277372,0.00489727,0.00967303,0.0220266,0.0715742,8.40746e-05,0.521532,0.90822,1,55.6329,0.289034,0.307074,27.92,1.05294,62.8753,1.01955,178.412,0.254169,257.819,0.906545,298.37,0.513446,0.188505,0.389183,0.187046,0.407434
0.0634096,0.744565,0.000416911,0.000425637,0.000700188,0.00120625,0.00174953,0.00215894,0.00421974,0.00854216,0.0187999,0.060341,9.73626e-05,0.474843,0.947136,1,51.0305,0.290651,0.3231,28.1201,0.629325,63.3222,1.32821,177.999,0.253336,259.168,1.30469,296.678,1.15688,0.20393,0.392413,0.223062,0.397263
0.0638063,0.788377,0.000586081,0.000509224,0.00080092,0.00135318,0.00176763,0.00259609,0.00462081,0.00966952,0.0218274,0.0679926,7.52066e-05,0.45834,0.959274,1,67.929,0.303462,0.33298,28.097,1.66788,63.2623,0.599498,182.016,0.260128,258.538,0.312572,299.565,1.76514,0.192716,0.393329,0.203788,0.421071
0.0617453,0.797444,0.000537379,0.000389846,0.000698651,0.00144263,0.00202323,0.00274387,0.00495553,0.00909524,0.0193715,0.0634945,8.52626e-05,0.476091,0.83933,1,63.4563,0.331458,0.301503,28.579,0.751716,64.151,4.71443,178.169,0.291435,260.435,0.318168,295.19,1.29479,0.204907,0.405583,0.187912,0.390423
0.0617984,0.801241,0.000516616,0.000378414,0.000677757,0.00145055,0.00203358,0.00273643,0.00499384,0.00917613,0.0193504,0.0636814,8.98619e-05,0.473047,0.801776,1,68.7794,0.3235,0.293463,28.6353,0.751065,64.3008,4.54146,178.565,0.299228,260.379,0.33125,295.147,1.6287,0.205818,0.413888,0.186628,0.38921
0.0615657,0.851224,0.000797883,0.000640044,0.0010024,0.00129652,0.00182931,0.00242033,0.00439391,0.00912161,0.0191592,0.060915,6.29595e-05,0.353471,0.952138,1,40.8583,0.42638,0.333446,27.8376,0.410526,62.4158,0.502223,179.282,3.71496,260.41,0.399517,300.522,0.340238,0.210604,0.399881,0.237182,0.454881
0.0616449,0.912512,0.000789423,0.000776098,0.00119928,0.00162282,0.00212981,0.00288091,0.00535141,0.0106811,0.0231685,0.0737625,6.26179e-05,0.375748,0.93261,1,43.0032,0.412993,0.345167,28.767,0.686416,64.878,0.801477,178.791,1.16058,260.777,4.1463,298.117,0.315967,0.213008,0.410468,0.215325,0.451074
0.0531986,0.887145,0.000792924,0.000532552,0.000928295,0.00116122,0.00172475,0.00219617,0.00398786,0.00834061,0.0187281,0.0618276,6.76163e-05,0.385219,0.96407,1,54.4082,0.472768,0.295996,28.0807,1.61676,63.5063,1.94534,177.925,1.93487,260.254,0.303402,297.936,0.811997,0.194708,0.39688,0.210937,0.434809
0.0528322,0.799651,0.00081196,0.000967791,0.00154689,0.00152581,0.00195822,0.00270791,0.00477803,0.0103152,0.0226422,0.0759534,8.0805e-05,0.299324,0.94856,1,43.9142,0.349941,0.271093,28.8623,1.9467,66.375,0.925178,177.649,1.00262,260.936,0.820888,297.304,2.31441,0.203648,0.398296,0.183507,0.401138
0.0511458,0.867316,0.00026405,0.000297722,0.000513874,0.00121846,0.001697,0.00226011,0.00410834,0.00932029,0.0209204,0.0657257,7.53951e-05,0.63677,0.993742,1,88.5301,0.410284,0.304853,28.0523,0.831403,62.5241,1.45162,178.797,1.43471,260.31,0.67778,297.466,0.810265,0.197201,0.398303,0.219239,0.4146
0.0566828,0.766636,0.000522536,0.000591404,0.000798295,0.00123979,0.00174573,0.00226681,0.00405865,0.0082493,0.0188522,0.0615348,9.72165e-05,0.424013,0.928771,1,37.0938,0.297155,0.281028,28.2765,1.41699,64.7756,1.34211,179.768,1.20285,259.93,0.297969,298.398,2.07232,0.187162,0.393592,0.172226,0.415225
0.0576224,0.772745,0.000467519,0.00035932,0.000638641,0.00103798,0.00143516,0.0019395,0.0036506,0.00765298,0.0171306,0.0536615,8.05234e-05,0.45666,0.965513,1,49.4519,0.354862,0.298847,27.729,0.759711,64.3872,0.592238,177.074,3.52291,261.707,2.2996,297.473,0.652323,0.198507,0.374757,0.210089,0.402387
0.0493451,0.791048,0.00046569,0.000414777,0.000728161,0.00108581,0.00154957,0.00205343,0.00373786,0.00815174,0.0188541,0.059722,9.88462e-05,0.471697,0.963012,1,76.4123,0.354127,0.267218,29.1677,2.27121,63.0112,1.55824,181.191,0.531042,258.847,0.32439,298.137,1.41549,0.21309,0.424409,0.211359,0.433285
0.0504649,0.729989,0.000259441,0.000258731,0.000398628,0.000813758,0.00117088,0.00155324,0.00293482,0.00570243,0.0127283,0.0377606,9.48049e-05,0.509618,0.893554,1,38.7107,0.420149,0.244922,27.9434,0.801428,63.2108,0.585376,178.915,2.5372,263.47,4.0246,298.509,1.22181,0.20508,0.385977,0.213289,0.434042
0.0493847,0.730153,0.000254364,0.000245362,0.000377814,0.000809696,0.0010846,0.00157003,0.00288222,0.00570899,0.0119985,0.0372768,0.000103003,0.547602,0.896229,1,41.1698,0.398008,0.240784,28.0423,0.507429,64.5465,0.476099,179.257,1.79773,261.322,1.77404,297.47,1.09931,0.198961,0.388967,0.209565,0.427305
0.0529502,0.758921,0.000281726,0.000295872,0.00050834,0.000979268,0.00137319,0.00172197,0.00326993,0.00675544,0.0149338,0.0454388,0.000101665,0.487086,0.940667,1,67.1378,0.34504,0.265881,27.897,3.55322,64.6233,1.80294,179.811,0.931524,258.304,1.20358,298.328,1.2122,0.187643,0.388102,0.207924,0.412739
0.0528234,0.732346,0.000375698,0.000270573,0.000468131,0.000893003,0.00125424,0.00182772,0.00328764,0.00685807,0.0145877,0.0465631,8.32009e-05,0.53711,0.953688,1,74.5785,0.355062,0.261711,27.5756,1.17611,66.0811,0.622742,179.333,1.23765,259.513,2.07055,299.37,2.18521,0.182269,0.362831,0.197128,0.389873
0.0502957,0.764273,0.000542586,0.000310145,0.000563231,0.00105535,0.00145277,0.00207329,0.00384652,0.0079856,0.0184589,0.0597349,8.60532e-05,0.540795,0.985324,1,39.3738,0.36993,0.272034,28.0952,0.472296,62.3228,3.64978,177.245,1.14155,259.987,0.390565,295.138,0.69832,0.199368,0.393114,0.203935,0.386011
0.0502598,0.752678,0.000431683,0.000525584,0.00084184,0.0011886,0.00167652,0.00205777,0.00381695,0.00847805,0.0188252,0.062271,7.81132e-05,0.427501,0.99536,1,48.6232,0.368838,0.262251,28.1556,0.692536,64.8159,0.576728,179.129,2.91455,260.449,0.290709,298.935,6.13232,0.19836,0.381232,0.197767,0.394843
0.0498739,0.750304,0.000511229,0.000559842,0.000762408,0.00109694,0.00151396,0.00184246,0.00371728,0.00807872,0.0174162,0.0582351,7.93513e-05,0.409566,0.99488,1,46.7339,0.370911,0.257637,28.2574,0.621571,64.688,0.830749,178.099,2.53467,259.579,0.306672,298.742,8.92285,0.191003,0.382966,0.199595,0.399233
0.0493291,0.735964,0.000615455,0.000591224,0.000838452,0.00123184,0.0015479,0.00205116,0.00378804,0.00837714,0.0181343,0.061316,9.0822e-05,0.402749,0.997102,1,53.6811,0.35489,0.256095,28.031,0.639233,62.8323,0.459272,178.151,2.31422,259.066,0.641574,298.593,3.47398,0.200443,0.392371,0.205867,0.397978
0.050259,0.689072,0.000554341,0.000524106,0.000680151,0.00108703,0.0014386,0.00195497,0.00347841,0.00763769,0.016843,0.0570652,8.33876e-05,0.423108,0.992889,1,45.8472,0.349396,0.250411,27.9648,0.72254,62.154,0.444736,177.951,1.28533,258.405,0.58269,297.236,3.12646,0.197742,0.381291,0.204534,0.377626
0.0535936,0.716022,0.000475398,0.000424465,0.000661552,0.00103118,0.00147336,0.00199597,0.00368511,0.00810325,0.0182838,0.0576896,9.43959e-05,0.465573,0.996898,1,54.6489,0.328854,0.284045,28.6218,0.66427,61.2285,9.74232,178.806,0.431378,262.764,0.322083,295.062,0.598119,0.219879,0.406281,0.202006,0.423165
0.0478996,0.724001,0.000493177,0.000404365,0.000663495,0.00101357,0.00140506,0.00195613,0.00364298,0.00785659,0.0180707,0.0576394,0.00010312,0.462683,0.99899,1,42.8525,0.339074,0.257367,29.3219,0.591854,61.9323,1.21795,176.612,0.424948,260.659,0.960295,296.546,1.09231,0.220515,0.412954,0.220562,0.425551
0.0456528,0.69853,0.000359005,0.000344277,0.000544328,0.000881052,0.00129191,0.001638,0.00303731,0.00706574,0.0148146,0.0495744,0.000113925,0.48154,0.998112,1,53.6414,0.353081,0.243118,29.5555,1.7694,60.4295,3.55081,179.453,0.621906,258.811,2.2494,298.516,2.27778,0.225607,0.426554,0.249274,0.436431
0.0572513,0.834694,0.000483504,0.00055733,0.000729896,0.00144683,0.00195601,0.00253015,0.00471233,0.00932772,0.0218607,0.0695408,7.94216e-05,0.477947,0.957132,1,54.1518,0.339626,0.311638,28.5193,1.19406,66.3289,0.594145,178.812,1.10609,259.769,0.345817,297.883,0.795846,0.198515,0.396461,0.194698,0.441658
0.0607036,0.729023,0.000527369,0.000572366,0.000684427,0.000999054,0.00139315,0.00183242,0.00340746,0.00762892,0.0159202,0.0517308,8.12439e-05,0.381089,0.977344,1,55.8185,0.320512,0.305547,28.5965,1.15003,61.2683,1.65399,180.402,1.87674,257.222,1.04722,298.076,2.10396,0.199381,0.400981,0.232012,0.414158
0.0512412,0.879833,0.000420074,0.000416577,0.000725535,0.00109342,0.00145297,0.00198819,0.00375082,0.00765677,0.0172014,0.0542232,0.000105989,0.386415,0.980252,1,52.3807,0.405191,0.289018,28.0675,0.532778,66.4487,1.03194,177.585,0.686969,261.548,0.4679,296.114,0.561761,0.202404,0.412211,0.22275,0.416144
0.0545973,0.794752,0.000529341,0.000486139,0.000610845,0.00110749,0.00156644,0.00206522,0.00375785,0.00858608,0.0188672,0.0602477,8.49667e-05,0.451222,0.997699,1,49.7834,0.330425,0.294723,28.5279,1.43987,64.0967,0.943552,178.624,0.820765,260.678,2.1515,298.911,1.70879,0.192542,0.390083,0.198536,0.431362
0.0501935,0.863223,0.000511439,0.000540446,0.00082226,0.00143554,0.00194992,0.00263044,0.0048884,0.0100884,0.02268,0.0750578,8.20643e-05,0.531695,0.946389,1,67.6986,0.393308,0.282689,28.3935,1.69259,63.7121,2.38031,180.272,1.18694,258.976,0.359258,297.762,0.764647,0.202673,0.409665,0.199399,0.406891
0.0530746,0.871655,0.000550384,0.000440922,0.000707404,0.00110807,0.00153491,0.0020963,0.00383257,0.00805766,0.0180416,0.0572872,8.63611e-05,0.401961,0.987679,1,50.6732,0.398877,0.303913,29.1674,1.5564,65.0498,2.12953,178.186,1.39085,260.484,0.663447,297.515,0.657091,0.21462,0.41706,0.238206,0.444249
0.0537117,0.901459,0.000530347,0.000518557,0.000742425,0.00114765,0.00159783,0.00222182,0.00411612,0.00836438,0.0193518,0.0604381,0.000102449,0.498888,0.971181,1,49.9312,0.380557,0.317436,28.7714,1.15229,63.7462,2.24517,177.483,0.886896,259.775,2.27949,298.356,0.812202,0.215035,0.430127,0.240298,0.476574
0.0448532,0.814774,0.000434587,0.000381398,0.000665957,0.000932901,0.00135886,0.00187755,0.00330705,0.00726555,0.0164854,0.0513414,7.98445e-05,0.487603,0.969329,1,56.7412,0.510244,0.248207,28.4119,0.559825,63.5606,0.865779,181.22,1.44982,260.538,0.315232,298.356,1.75664,0.2157,0.40713,0.217022,0.440609
0.0702206,0.822969,0.000860556,0.000809301,0.00140624,0.00141609,0.00210573,0.00281359,0.00492611,0.0108931,0.0240258,0.0782387,6.39264e-05,0.368933,0.980426,1,70.5322,0.312656,0.373036,28.021,1.23003,66.0563,0.584969,179.448,1.11355,259.4,0.262658,298.932,0.875939,0.192725,0.379269,0.205358,0.411049
0.0495136,0.787041,0.000340235,0.000331411,0.000432154,0.000897928,0.00132861,0.00175804,0.0033779,0.00692335,0.0151084,0.0483272,9.87517e-05,0.574988,0.949483,1,47.561,0.39336,0.271657,28.7937,0.685909,61.993,3.66513,178.537,1.10381,263.781,0.256945,293.168,1.36917,0.215574,0.417118,0.193983,0.437434
0.0585428,0.863534,0.000645176,0.000747212,0.00135339,0.00147245,0.00220281,0.00292884,0.00529269,0.0110384,0.0247229,0.0815479,6.00003e-05,0.393551,0.980177,1,57.2496,0.36707,0.320984,28.2243,0.966023,66.0117,0.523404,180.756,2.52978,256.666,0.597593,302.187,0.758554,0.184802,0.38877,0.199002,0.433107
0.0647099,0.860228,0.00100692,0.000885657,0.00108583,0.00166782,0.0021103,0.00291312,0.00551889,0.0114156,0.0248847,0.0833904,5.80666e-05,0.40385,0.982156,1,61.8438,0.349389,0.353678,27.7298,1.47981,66.369,0.8635,180.213,1.61905,259.95,0.620819,299.346,0.284005,0.187442,0.372329,0.194847,0.37911
0.0643695,0.857765,0.000929283,0.000911454,0.00119583,0.00162441,0.00238558,0.00315679,0.00587271,0.0119887,0.0268778,0.0902929,5.4843e-05,0.389878,0.945886,1,45.4934,0.38626,0.346331,27.4052,0.400656,65.3181,0.72075,179.997,1.13743,260.845,1.09084,298.096,1.18837,0.200993,0.377904,0.205589,0.359797
0.0700951,0.797215,0.000606502,0.000469407,0.00100171,0.00170486,0.00222529,0.00307086,0.00570892,0.0123473,0.0267248,0.0905679,4.17405e-05,0.517491,0.973556,1,59.4523,0.367376,0.382026,27.5595,0.347768,61.3989,1.10344,182.772,0.531538,258.773,1.76973,299.089,0.373254,0.205902,0.373557,0.223889,0.384288
0.0479878,0.755578,0.000345098,0.000269598,0.000457721,0.000993539,0.00133928,0.00181632,0.003459,0.00764998,0.0162822,0.0537947,7.4272e-05,0.570253,0.973363,1,55.1881,0.444428,0.255253,27.3937,0.465158,61.8505,1.31971,178.168,3.54624,263.012,0.57059,297.456,0.449318,0.197196,0.3753,0.191073,0.402664
0.0494506,0.921103,0.000523881,0.000422855,0.000699703,0.00142202,0.00197803,0.00260862,0.00487879,0.0109495,0.0251324,0.0835179,7.67603e-05,0.577403,0.996967,1,52.592,0.414221,0.306383,29.1014,2.37859,66.1402,1.64459,179.313,0.471702,260.264,0.260452,295.592,3.09668,0.214654,0.419729,0.205389,0.407891
0.0505768,0.889609,0.000584311,0.000344623,0.000759328,0.00136918,0.00200248,0.00266694,0.00513915,0.010995,0.0246326,0.0833856,8.42432e-05,0.544408,0.991414,1,57.7521,0.38759,0.305441,29.1099,1.75166,64.4229,0.813334,179.794,0.474486,260.418,0.269784,298.118,1.37007,0.21732,0.426969,0.20741,0.434676
0.0533879,0.821687,0.000368885,0.000322502,0.000551496,0.00134313,0.00168311,0.00227243,0.00444788,0.00936066,0.0208391,0.0685793,8.11165e-05,0.571992,0.971356,1,55.9144,0.388131,0.303989,28.1493,0.444356,62.1552,3.37778,179.811,0.363096,259.943,0.4668,297.116,1.82619,0.212758,0.407349,0.223482,0.403609
0.0539776,0.75376,0.000580251,0.000347454,0.000661616,0.000844665,0.00107248,0.00143741,0.00266832,0.00580391,0.0120592,0.0377721,8.31004e-05,0.337811,0.955095,1,46.3959,0.419622,0.264197,27.4054,0.489819,65.1334,2.6948,180.837,0.461003,261.248,0.85247,297.18,0.983851,0.195828,0.380077,0.218997,0.414718
0.0583895,0.709458,0.000672883,0.000498368,0.000689049,0.00112341,0.00153601,0.00205287,0.00400195,0.00787786,0.0182575,0.0559854,7.34213e-05,0.407477,0.972002,1,59.589,0.327075,0.287175,28.0118,0.394035,63.1815,0.761268,177.339,2.18099,262.391,0.299913,296.2,0.915728,0.190447,0.37393,0.187556,0.385232
0.0682313,0.803293,0.000673199,0.000806074,0.00107949,0.00138939,0.00195281,0.00264115,0.00482504,0.0102887,0.0224757,0.0717808,7.86392e-05,0.390752,0.994537,1,53.8892,0.285647,0.362267,28.0778,1.52994,63.8677,0.396084,179.359,0.497045,259.974,4.89311,297.714,1.6708,0.185417,0.387833,0.197,0.403529
0.0680314,0.779274,0.000580336,0.000708652,0.000965116,0.00140971,0.00200169,0.0026247,0.00492209,0.0101764,0.0223442,0.0718901,7.49181e-05,0.42602,0.993377,1,53.621,0.283274,0.355264,27.7675,1.25732,64.5409,0.67331,180.63,0.478547,258.733,2.52721,297.898,1.56124,0.187008,0.376083,0.199956,0.390429
0.0436018,0.787051,0.000387905,0.000296357,0.000558352,0.00100464,0.0013994,0.00188849,0.00350804,0.00763603,0.0174319,0.0563494,8.28476e-05,0.527162,0.986008,1,50.2741,0.446837,0.243083,29.1933,1.44675,64.1271,0.947323,177.94,1.51518,260.06,1.4968,296.924,2.20543,0.217807,0.403542,0.218448,0.422394
0.0447497,0.849475,0.000241965,0.000226206,0.000367725,0.000972461,0.00126617,0.00182805,0.00344624,0.00744609,0.0162797,0.0539686,9.30973e-05,0.716339,0.99753,1,54.5128,0.428785,0.265728,27.9337,3.44254,64.7134,3.59067,178.058,1.46928,260.261,0.430274,297.463,1.10497,0.191131,0.389076,0.205647,0.442679
0.0430107,0.834466,0.000313931,0.000192498,0.000375322,0.000983322,0.00131321,0.00173507,0.00325885,0.00728676,0.0158958,0.051705,8.33054e-05,0.656335,0.991493,1,50.2332,0.476073,0.249692,28.209,1.5809,63.5476,1.23854,177.405,2.30423,260.394,0.454318,300.332,0.95774,0.193588,0.390795,0.21645,0.431626
0.0467532,0.882416,0.000309444,0.000282605,0.000444854,0.0010392,0.00149406,0.00207065,0.00386216,0.00814749,0.0188729,0.0579244,8.84473e-05,0.638145,0.967025,1,38.1931,0.426552,0.275568,28.4986,0.86842,65.2403,1.35482,178.896,0.555133,259.771,1.72828,297.869,0.921132,0.198467,0.403161,0.219439,0.411436
0.0487064,0.913605,0.000453011,0.000359216,0.000621668,0.00135489,0.00173403,0.0023197,0.00433099,0.00928604,0.0213272,0.0687234,6.59695e-05,0.543951,0.991469,1,51.537,0.482898,0.29206,28.2008,0.964538,64.1369,1.44715,177.266,2.60345,262.347,1.34977,297.266,1.08118,0.197533,0.39049,0.205908,0.410006
0.0507173,0.728094,0.000358107,0.000245283,0.000424002,0.000911267,0.00122306,0.00159771,0.0030535,0.0064201,0.0139152,0.0442448,9.10433e-05,0.561242,0.932119,1,57.3681,0.407944,0.259658,27.7408,0.414378,61.7839,1.19349,181.765,0.384229,259.148,0.462703,298.277,1.21611,0.21194,0.401641,0.229096,0.431268
0.0490868,0.722085,0.000281769,0.000196705,0.000386691,0.000815102,0.0011154,0.00157445,0.00261283,0.00574727,0.0122811,0.0380794,9.92753e-05,0.522327,0.959299,1,60.1959,0.410852,0.251852,27.8818,0.448454,61.3802,2.81196,180.732,0.406959,258.295,0.528752,299.091,2.17524,0.208937,0.404413,0.243388,0.445452
0.0541686,0.751963,0.000257177,0.000363906,0.000541798,0.000911977,0.00131282,0.00190556,0.00310271,0.00673072,0.0149344,0.0457198,0.000146415,0.452155,0.94392,1,52.32,0.288698,0.275307,28.5745,1.73675,65.5859,0.842565,177.994,3.04853,260.408,1.95729,297.983,0.629736,0.20417,0.416234,0.211496,0.452121
0.0520954,0.729911,0.00035392,0.000258284,0.00041069,0.000811521,0.00109853,0.00137647,0.0028998,0.00574519,0.0122878,0.0394868,0.000134012,0.486447,0.956116,1,63.2049,0.318639,0.263586,28.3758,1.98912,64.3537,2.00987,180.186,1.71364,259.025,2.24423,297.885,0.388777,0.20286,0.41169,0.224426,0.449749
0.0494631,0.860437,0.000581391,0.000438332,0.000674771,0.00102418,0.00144585,0.00182069,0.00381034,0.00736164,0.0168823,0.0540526,8.62096e-05,0.47226,0.978326,1,43.5419,0.449862,0.285099,28.7415,1.21911,62.5265,0.727126,179.666,0.571351,259.581,0.347432,297.55,3.65204,0.218698,0.426148,0.238101,0.456843
0.0619157,0.781744,0.000513943,0.000354593,0.000785929,0.00117031,0.00168156,0.00221327,0.00417274,0.00835155,0.0178098,0.0575791,0.000103555,0.447377,0.883989,1,63.7346,0.312862,0.311749,28.7632,0.922748,63.1804,2.71343,178.517,1.7955,260.091,2.07957,298.246,0.384913,0.217942,0.41331,0.228062,0.451627
0.0500152,0.878885,0.000396307,0.00038538,0.000715784,0.00101511,0.00141293,0.001866,0.0035353,0.00738735,0.0165869,0.0521722,8.9614e-05,0.412403,0.997932,1,46.9689,0.425277,0.286057,28.5372,1.82345,64.8535,0.698902,180.36,0.991667,260.491,0.391411,299.586,0.566825,0.203148,0.408221,0.227342,0.463282
0.0650504,0.757957,0.000592226,0.0005636,0.000859757,0.00128864,0.00181092,0.002487,0.00430762,0.00898719,0.0197942,0.063848,8.98359e-05,0.398912,0.913872,1,66.3111,0.298123,0.32686,28.8976,0.705916,62.1297,1.48879,177.897,1.67088,261.004,1.0116,296.269,1.5774,0.212305,0.415624,0.216148,0.410284
0.0647584,0.752527,0.000594417,0.000539588,0.00101679,0.00126857,0.00182293,0.00235645,0.00436301,0.00769419,0.0171772,0.0514161,7.85554e-05,0.356708,0.812829,1,40.9892,0.335679,0.287547,28.6454,1.00886,63.8805,1.75401,179.216,0.542835,258.221,0.343099,299.019,0.494365,0.199871,0.39228,0.209086,0.400548
0.0556507,0.720469,0.000538506,0.000336317,0.000707255,0.00105164,0.00145345,0.00190695,0.00355994,0.00707975,0.0148753,0.0484207,8.69211e-05,0.416588,0.908619,1,61.5988,0.341206,0.262443,28.0063,1.52332,63.5445,1.1683,179.096,0.564494,260.157,2.71406,298.117,0.499959,0.191797,0.383803,0.191826,0.405802
0.0531185,0.654144,0.000543772,0.000450179,0.000607194,0.000927375,0.00122668,0.00166574,0.00305142,0.00611656,0.0129968,0.0425636,9.35282e-05,0.392494,0.927551,1,48.8843,0.31631,0.236502,28.3995,0.867481,65.1403,1.18114,179.99,0.477952,260.994,1.88287,299.303,0.561483,0.185973,0.36646,0.186672,0.400887
0.0546195,0.633969,0.000449001,0.000424011,0.000732719,0.000856834,0.0011401,0.00153686,0.00287241,0.00587563,0.0121595,0.0397004,9.65673e-05,0.339398,0.916177,1,61.0604,0.315204,0.234756,28.0216,1.43262,63.2032,0.734942,179.196,0.459031,260.274,1.33041,297.791,0.500965,0.18676,0.366566,0.188698,0.396046
0.0646897,0.75971,0.000998768,0.00087153,0.00126648,0.00108641,0.00152682,0.00203815,0.00378603,0.00728223,0.0159342,0.0498801,9.01382e-05,0.270893,0.922427,1,64.334,0.310332,0.305822,27.7685,0.644673,64.7463,1.63577,178.913,3.02322,260.112,0.290711,296.075,3.27867,0.186814,0.384202,0.197469,0.397047
0.060132,0.891396,0.000266547,0.000208691,0.000444767,0.00144893,0.00180248,0.00254824,0.00513699,0.00862486,0.0185905,0.0593379,8.31262e-05,0.697255,0.792792,1,55.5672,0.381954,0.316582,27.5791,1.21566,63.8777,2.03933,178.166,0.697064,258.12,1.06875,299.453,0.500209,0.195905,0.396614,0.222127,0.435007
0.0554844,0.764901,0.0005459,0.000349946,0.000675469,0.00118031,0.00167691,0.00231478,0.00441203,0.00864659,0.0190488,0.0604168,5.98953e-05,0.504016,0.906659,1,51.4994,0.384988,0.274484,28.1394,0.638162,64.7442,0.470858,178.629,1.15132,261.138,0.370034,295.507,3.25444,0.188512,0.368014,0.180486,0.370226
0.0481734,0.727778,0.000267818,0.000307261,0.000357911,0.00101555,0.00131988,0.00173104,0.00331367,0.00609013,0.0132122,0.0418242,7.6503e-05,0.542713,0.847961,1,60.2214,0.461684,0.223365,27.6052,0.657934,63.2308,0.394239,180.222,2.22658,259.986,0.411633,297.597,0.617045,0.18899,0.377573,0.184008,0.390013
0.0559594,0.778459,0.000407147,0.000405004,0.000558763,0.00123783,0.00173795,0.00237273,0.00459928,0.00872093,0.0191471,0.0620851,7.49599e-05,0.53942,0.892254,1,53.3488,0.348688,0.280367,28.2013,0.592805,66.0005,7.54947,178.52,1.08294,258.787,0.830812,298.464,0.822444,0.193853,0.378817,0.198132,0.392015
0.06062,0.737942,0.000586465,0.000404806,0.000760089,0.00111192,0.00153428,0.00196202,0.00347878,0.00739978,0.016557,0.0515326,8.05177e-05,0.400379,0.967728,1,44.3054,0.32833,0.29563,26.8426,0.552155,65.7743,2.03311,182.027,1.25218,258.91,0.964206,299.522,0.651655,0.182202,0.367723,0.198302,0.402989
0.0614909,0.746301,0.000567808,0.000669951,0.000915674,0.00115,0.00156195,0.00221659,0.00407243,0.00867787,0.0192372,0.0609987,7.68934e-05,0.396383,0.991359,1,52.7353,0.302554,0.307088,27.6328,1.28497,65.5292,1.5075,177.295,0.926246,259.082,0.552469,301.169,0.32188,0.175341,0.360029,0.192482,0.417838
0.0711269,0.742239,0.000896168,0.000716096,0.0012676,0.00153359,0.0021498,0.00279973,0.00512156,0.0105777,0.0235273,0.0769971,5.88212e-05,0.362096,0.953557,1,58.586,0.311905,0.347544,27.1156,0.431124,63.6427,2.65058,180.208,0.859333,258.63,0.425638,299.898,0.552068,0.189036,0.366209,0.199778,0.380894
0.0569501,0.823918,0.00072177,0.000725942,0.00103558,0.00120119,0.00164086,0.00232243,0.00410775,0.00893345,0.0192002,0.0629535,7.69224e-05,0.345121,0.986642,1,62.3736,0.365472,0.30209,27.8345,0.810634,66.3622,0.529432,179.014,0.775672,261.706,1.06251,296.457,6.03456,0.189053,0.379746,0.191989,0.398736
0.0533598,0.797532,0.000679089,0.000504211,0.000849444,0.00116019,0.00169546,0.00211928,0.00406495,0.00851501,0.0193156,0.0626356,7.47924e-05,0.450187,0.985451,1,53.075,0.370991,0.285495,28.2721,1.42156,64.8207,0.86521,178.741,7.95047,261.609,1.58092,296.907,0.626461,0.193638,0.378837,0.189171,0.419628
0.0559062,0.692072,0.000313579,0.000327466,0.000578938,0.000866318,0.00115809,0.0014552,0.00272613,0.00571016,0.0123285,0.0378033,0.000123449,0.423151,0.928126,1,62.6385,0.312384,0.266576,28.2789,1.31232,62.8606,1.3194,179.641,0.251915,261.489,1.44058,297.034,0.790959,0.206564,0.405566,0.214206,0.43963
0.0518603,0.884485,0.000755355,0.00066198,0.000863495,0.00133592,0.00175846,0.00241749,0.00443693,0.00877592,0.019555,0.0619416,7.60842e-05,0.406675,0.929408,1,49.7629,0.464655,0.286483,28.6221,1.26631,63.6836,1.16123,179.204,2.93893,257.916,0.372885,299.593,0.841251,0.211217,0.418615,0.230923,0.436756
0.0578335,0.899633,0.000663057,0.000474557,0.00090826,0.00117211,0.0015418,0.00215466,0.00384697,0.00819009,0.0178543,0.0564112,9.16997e-05,0.361778,0.954496,1,55.1715,0.417078,0.334183,29.1605,0.542843,61.9907,1.80973,177.773,0.342876,262.44,0.55901,295.601,0.479331,0.235333,0.447853,0.252582,0.487283
0.0589848,0.775013,0.000543868,0.000456098,0.000762853,0.00136609,0.00180952,0.00255529,0.00455774,0.00851569,0.0185209,0.0587052,7.647e-05,0.446689,0.862093,1,47.7474,0.355229,0.289334,29.0627,1.12503,62.7076,1.49473,178.338,2.97179,260.779,0.570187,298.752,0.256825,0.213427,0.401944,0.204497,0.427583
0.0605406,0.816678,0.000495531,0.000531069,0.000722832,0.00130037,0.00189104,0.00255925,0.00476023,0.00861658,0.0190703,0.0588637,7.87485e-05,0.444464,0.833637,1,44.5722,0.374142,0.298001,28.7741,1.15254,64.2784,1.00583,177.447,2.96365,260.231,0.82864,298.413,0.258765,0.214527,0.405204,0.208811,0.422025
0.0520279,0.823379,0.000451163,0.000423587,0.000703749,0.00089649,0.00114498,0.00161433,0.00294998,0.00612133,0.0136752,0.0417366,0.000127213,0.348439,0.97969,1,49.5162,0.362629,0.281118,28.6202,0.91999,64.046,2.00161,179.584,1.65176,258.679,0.498815,295.222,3.09109,0.205343,0.434717,0.246782,0.442203
0.0514145,0.805344,0.00046888,0.000376524,0.000676922,0.000900174,0.00116742,0.00157264,0.00287489,0.00601854,0.0133621,0.0408206,0.000118011,0.380327,0.972526,1,49.7714,0.368647,0.274704,28.751,0.746501,63.1847,1.47598,179.71,1.54944,258.233,0.470785,295.53,1.69426,0.206192,0.428904,0.241167,0.449547
0.0654892,0.713937,0.000720495,0.000661001,0.000941689,0.00137379,0.00173122,0.00233887,0.00437842,0.00839849,0.0185847,0.0595902,0.000104418,0.373551,0.902191,1,54.3279,0.26309,0.30441,28.0046,1.37631,63.7387,1.17071,177.587,1.20098,259.988,0.291395,298.795,0.749584,0.192456,0.390182,0.194284,0.406644
0.0607832,0.750915,0.00066861,0.000423873,0.000813156,0.00119287,0.00171906,0.0022536,0.00414046,0.00831411,0.0184358,0.0587296,8.60779e-05,0.414044,0.934634,1,45.2865,0.302627,0.304101,28.949,2.86212,62.1066,1.21957,177.342,2.78512,261.166,0.413135,296.755,1.24377,0.199861,0.395091,0.199376,0.416875
0.0610813,0.701026,0.00057248,0.000484567,0.000837949,0.00122398,0.00161323,0.0022699,0.00409145,0.00878899,0.019466,0.0649178,8.81226e-05,0.427601,0.988378,1,62.5616,0.26658,0.298205,27.8692,0.801796,65.6054,0.617969,178.982,0.583942,262.069,0.334411,293,1.1901,0.180967,0.370767,0.147193,0.365767
0.0507439,0.729775,0.000469141,0.000359469,0.000614295,0.000983404,0.00130777,0.00189991,0.00340303,0.00726101,0.0160852,0.0504043,8.01471e-05,0.452899,0.93492,1,53.0934,0.36421,0.244858,28.0851,2.32632,63.8173,0.5209,179.891,0.358904,257.407,2.78184,300.24,1.01289,0.179048,0.377943,0.191957,0.401375
0.0505354,0.836482,0.0004514,0.00039318,0.000686996,0.000993316,0.00139464,0.00176833,0.00325485,0.00675416,0.0147746,0.048602,8.14709e-05,0.419554,0.970972,1,41.5378,0.465702,0.27641,28.2933,0.425624,65.5123,1.65203,177.921,2.4082,260.649,0.499369,295.834,1.26204,0.206316,0.399394,0.221468,0.441353
0.0502738,0.909326,0.000527091,0.000533915,0.000724682,0.00129796,0.00175585,0.00248691,0.00457602,0.00919169,0.0203932,0.0643767,7.90219e-05,0.470288,0.922354,1,51.527,0.474107,0.281317,27.5875,0.606516,64.8443,0.548603,179.592,2.72261,258.507,0.822229,298.744,1.11742,0.202021,0.404588,0.218724,0.413027
0.0575288,0.914876,0.00088569,0.000527305,0.000882426,0.00165293,0.00228208,0.00315525,0.00583263,0.0116256,0.0254358,0.0838226,6.81164e-05,0.514623,0.904991,1,49.4495,0.403346,0.328634,28.7636,0.988628,63.2861,0.805121,179.876,0.379936,261.833,0.715371,299.577,0.288022,0.220683,0.418806,0.209161,0.441217
0.0609081,0.797605,0.000747209,0.000467969,0.000903209,0.00117855,0.00163353,0.00221828,0.00400948,0.00771277,0.0168458,0.0517588,7.69349e-05,0.345722,0.875948,1,56.8936,0.382532,0.298009,28.5791,0.789602,62.4685,1.73504,179.867,0.550131,259.271,0.445688,298.105,1.41182,0.208663,0.407263,0.225126,0.428423
0.057557,0.79414,0.00038346,0.000407922,0.000684311,0.0012741,0.00171075,0.00238604,0.00435646,0.00884569,0.0193903,0.062369,0.000109459,0.51327,0.924399,1,48.5126,0.312506,0.30967,28.7605,0.551793,63.2917,1.15427,179.825,2.75641,257.995,1.62089,299.928,0.788627,0.224613,0.427458,0.243594,0.456467
0.065699,0.817088,0.000537691,0.0005957,0.000906528,0.0015866,0.00217145,0.00284145,0.00529138,0.0105203,0.0233405,0.0749934,5.68073e-05,0.486119,0.903991,1,69.3278,0.335991,0.332428,27.9269,2.63568,63.7194,2.12602,178.197,0.338743,261.876,0.323847,296.045,1.73978,0.17826,0.365445,0.165925,0.373917
0.0567172,0.750109,0.000499073,0.000486401,0.000939995,0.00143011,0.00191878,0.00259346,0.00472875,0.00917476,0.0199078,0.0640139,8.69471e-05,0.427325,0.86871,1,44.9074,0.322299,0.269986,28.4827,0.760999,65.5743,0.920094,180.291,2.7531,257.742,0.699353,299.258,1.02778,0.205646,0.400219,0.202964,0.398702
0.0467728,0.786335,0.000313836,0.000289471,0.000478343,0.000991301,0.00137564,0.00178418,0.00337851,0.00741627,0.0162167,0.0513865,7.66412e-05,0.571665,0.967219,1,69.921,0.43481,0.252389,28.3815,1.36076,64.0564,2.28691,177.478,0.517342,262.048,0.379103,295.91,1.09157,0.193347,0.383011,0.188026,0.408878
0.0456237,0.786955,0.00031036,0.000257933,0.00045574,0.000890665,0.00128482,0.00172352,0.00317495,0.00691929,0.015667,0.0492183,7.93145e-05,0.560493,0.981361,1,62.8017,0.441544,0.246367,28.4483,1.42195,66.0926,1.40919,177.159,0.435601,262.225,0.362277,295.933,1.06861,0.189157,0.378989,0.189995,0.390233
0.0445297,0.794744,0.000355933,0.000319898,0.000499167,0.00108129,0.00142961,0.0018155,0.0035307,0.00755745,0.0164302,0.0533392,8.248e-05,0.527785,0.971526,1,62.3716,0.456429,0.240627,28.1112,0.972438,64.0482,1.65978,178.44,0.489101,261.005,0.478995,297.869,0.697588,0.193124,0.38857,0.195386,0.411196
0.0651867,0.754292,0.00065016,0.000476068,0.000737437,0.00142461,0.00188873,0.00275822,0.00524638,0.0106221,0.0233051,0.0784006,6.10925e-05,0.499075,0.951497,1,66.0996,0.305762,0.332306,28.0734,0.752784,63.898,2.00607,180.232,0.7299,258.226,0.302508,298.913,1.98551,0.192695,0.376337,0.194267,0.388531
0.0659357,0.796395,0.000647463,0.000616078,0.00100877,0.00171495,0.00255989,0.00314104,0.00572227,0.012355,0.0272013,0.0897423,7.34561e-05,0.462086,0.940072,1,64.2844,0.283802,0.343195,28.4101,2.58954,65.4011,1.61141,178.975,1.22981,258.396,0.351483,295.406,1.41303,0.194759,0.393445,0.18289,0.374984
0.0509059,0.726852,0.000251348,0.000239649,0.00043046,0.000790364,0.00115371,0.00154302,0.00279163,0.00587281,0.0129238,0.0403609,9.53804e-05,0.532874,0.964499,1,55.7837,0.372073,0.257495,28.0062,0.499973,66.1129,3.09997,179.867,2.14975,261.722,0.918258,297.784,1.53127,0.196558,0.381915,0.205833,0.421017
0.0498413,0.795235,0.000406041,0.000262564,0.000455601,0.00109207,0.00137886,0.00185797,0.00356371,0.00708788,0.0155862,0.0500033,0.000107404,0.57457,0.917566,1,50.0316,0.378467,0.262161,27.5302,0.704953,63.8841,1.61867,179.049,1.69504,261,0.441254,297.216,0.767697,0.199711,0.396073,0.198712,0.424523
0.0497253,0.858452,0.000309501,0.000311294,0.00056599,0.00101431,0.00148201,0.00198453,0.00357326,0.00801466,0.0169713,0.0526566,8.16123e-05,0.518767,0.976047,1,47.7057,0.429408,0.281606,28.3248,0.938271,65.4211,2.14749,178.874,0.382517,260.645,0.855944,294.277,2.21071,0.200276,0.395371,0.211118,0.402497
0.050572,0.890465,0.00033471,0.000331296,0.000455205,0.00109994,0.00146763,0.00197902,0.00379922,0.00792427,0.0178052,0.0560765,0.000100803,0.60347,0.977044,1,35.7992,0.396784,0.300691,28.2636,1.6747,64.0182,2.91166,178.668,0.742015,260.928,0.562269,295.839,1.17766,0.20217,0.415969,0.215755,0.435074
0.0511627,0.89087,0.00038843,0.000303603,0.000458147,0.00115421,0.00156031,0.00213421,0.00402477,0.0085287,0.0188432,0.0601853,9.46481e-05,0.678004,0.962943,1,41.4027,0.385583,0.306618,28.372,1.63064,65.017,2.07773,179.361,0.785507,261.192,0.440638,295.709,0.88337,0.205277,0.408177,0.209449,0.4423
0.0562022,0.693412,0.000677276,0.000464076,0.000994775,0.00111885,0.00155912,0.00218078,0.00394294,0.00800073,0.0177511,0.0584002,0.000101988,0.36337,0.939332,1,72.095,0.301401,0.270897,28.4919,0.844658,62.7769,1.3697,178.218,1.48334,259.043,0.554411,299.486,1.31876,0.209675,0.402895,0.218053,0.426475
0.0541195,0.693726,0.000418758,0.000484986,0.000901317,0.000924283,0.00119766,0.00167789,0.00298792,0.00616184,0.0135709,0.0428534,0.000102591,0.355292,0.945701,1,49.1407,0.329961,0.257745,28.6127,1.87293,63.8326,2.46905,178.773,1.63105,260.465,1.39148,295.389,1.77473,0.20604,0.393426,0.207839,0.393097
0.0507485,0.743172,0.000561946,0.000673466,0.000804525,0.00104577,0.00140549,0.001971,0.00368975,0.00749976,0.0160167,0.0512892,0.000114979,0.373708,0.94475,1,40.9366,0.325779,0.252438,28.4282,1.46569,62.8055,1.99855,177.937,1.96449,260.671,1.78881,296.337,1.10246,0.195342,0.40974,0.19016,0.405039
0.0515966,0.72429,0.000628253,0.000710851,0.000965619,0.00103065,0.00133384,0.00180238,0.00324772,0.00705131,0.0152521,0.0474579,0.000101868,0.311296,0.955579,1,44.0441,0.347977,0.251283,28.1812,1.31728,62.9976,2.87552,178.004,4.70713,261.062,0.773263,295.793,1.50604,0.198975,0.395324,0.19238,0.403726
0.0538741,0.717354,0.000853687,0.000684903,0.00106718,0.000941365,0.00131923,0.0016603,0.0030894,0.0064147,0.0143111,0.0445915,9.55706e-05,0.277665,0.989468,1,45.5702,0.327621,0.26322,28.5765,0.981894,62.4216,3.55702,178.572,3.67733,260.381,0.292993,296.611,1.82005,0.189242,0.394183,0.196429,0.410272
0.0529239,0.724605,0.000675574,0.000638004,0.00100671,0.000908157,0.00130357,0.00169895,0.00309254,0.00644225,0.0145072,0.0450386,0.000106838,0.275958,0.98613,1,41.7091,0.348989,0.264554,28.2049,0.997458,63.6742,1.0992,178.911,4.33319,262.15,0.421105,294.099,1.50089,0.210916,0.401047,0.209222,0.407221
0.0490319,0.854439,0.000497845,0.000465187,0.000695993,0.00101951,0.00144589,0.0020304,0.00372161,0.00775606,0.0174194,0.0564527,7.44156e-05,0.441448,0.996694,1,70.7847,0.442981,0.27535,28.5227,1.26895,65.2596,1.51365,179.487,0.324612,257.698,1.20457,297.239,0.821164,0.191252,0.399602,0.217225,0.414439
0.0556469,0.88864,0.000521643,0.000561873,0.000805186,0.00113678,0.0015583,0.00212922,0.00392598,0.00824318,0.0180833,0.058718,8.41054e-05,0.40936,0.980951,1,76.8108,0.400284,0.319532,28.7969,0.964304,64.6266,0.669032,178.703,2.47411,262.127,1.04047,298.308,3.04579,0.209077,0.416418,0.231109,0.466269
0.0548951,0.755187,0.000378409,0.0003997,0.000570796,0.00126901,0.00172565,0.00231451,0.00433697,0.00898858,0.0203968,0.0660304,7.62566e-05,0.565505,0.942442,1,41.74,0.334719,0.283754,28.2512,1.46697,64.0252,2.85156,180.159,0.272296,259.362,0.530656,298.466,0.542558,0.196111,0.380533,0.198166,0.381188
0.0498629,0.766915,0.000615703,0.000391638,0.000594916,0.00107356,0.0015008,0.00191167,0.00363121,0.00814442,0.0178236,0.0581351,0.000109881,0.494775,0.981988,1,76.501,0.337497,0.265809,27.8213,0.761969,64.4211,0.661879,179.73,0.278031,261.122,0.32677,295.72,3.70817,0.199151,0.404622,0.185865,0.39423
0.0493871,0.760556,0.000575277,0.000344517,0.000611237,0.00102321,0.00142951,0.0017979,0.00344675,0.00789292,0.0172043,0.0558747,0.000111589,0.508852,0.979382,1,81.0103,0.339402,0.261668,27.7361,0.756051,64.449,0.606102,179.71,0.28715,261.194,0.311084,296.496,2.94219,0.200735,0.396503,0.196529,0.396204
0.0493846,0.734471,0.000590942,0.000399515,0.000548199,0.000984127,0.00141891,0.00199836,0.00375624,0.00771934,0.0177206,0.056185,8.75806e-05,0.49287,0.982918,1,59.5331,0.350846,0.257052,28.6333,0.801894,64.506,0.836088,179.104,0.296058,260.209,0.337383,297.25,1.56714,0.198956,0.394082,0.194476,0.411916
0.0570125,0.873587,0.000646632,0.000561896,0.000751452,0.00129516,0.00183395,0.0025343,0.00480007,0.00909308,0.0197682,0.0659661,6.39577e-05,0.4671,0.931234,1,47.6713,0.432389,0.311258,27.7818,0.899181,62.7276,1.85248,179.708,0.760552,261.749,0.263248,295.648,1.03182,0.19579,0.389331,0.195703,0.402497
0.053354,0.71901,0.000427391,0.000426936,0.000790987,0.000972715,0.00119939,0.00176731,0.00309578,0.00692526,0.0149656,0.0467206,9.69362e-05,0.38627,0.999028,1,50.7511,0.344531,0.276004,28.7758,0.630197,63.0779,2.05586,178.211,0.900249,260.671,0.360142,297.214,1.64735,0.21348,0.404159,0.232017,0.435688
0.050867,0.710295,0.000486993,0.000401742,0.000547782,0.000795362,0.00118084,0.00150388,0.00290805,0.00616751,0.0138276,0.042293,0.000127706,0.447635,0.998452,1,65.7329,0.317577,0.260835,28.2317,0.83894,62.5994,0.970395,179.76,2.89669,259.699,0.53581,297.616,1.22167,0.201347,0.409416,0.220477,0.449397
0.0512225,0.720862,0.000519859,0.000335804,0.000561173,0.000784971,0.00113408,0.00145746,0.00289553,0.00609746,0.0136643,0.0417542,0.000121476,0.463733,0.998797,1,72.9261,0.322264,0.265462,28.2896,0.749132,62.6009,0.933352,179.962,3.10312,259.828,0.662468,297.549,1.12939,0.202529,0.408273,0.221697,0.452844
0.0553643,0.736102,0.000540301,0.000421895,0.000765573,0.00103342,0.00155205,0.00206442,0.00362642,0.00816295,0.0183096,0.0578966,0.000120547,0.476943,0.993046,1,69.4624,0.278442,0.291457,28.667,1.18969,65.0577,0.686449,178.413,1.80603,258.862,0.521915,299.231,1.77511,0.205049,0.408172,0.217818,0.435132
0.0541468,0.835422,0.000474489,0.00050239,0.000739514,0.00140003,0.00204173,0.00275959,0.00530205,0.0103256,0.0231629,0.0766085,4.68211e-05,0.548294,0.89189,1,50.51,0.468443,0.282336,27.8515,0.528665,63.938,1.71988,178.478,1.44917,260.389,0.367492,295.686,0.864841,0.188151,0.368076,0.177516,0.351809
0.0629863,0.747283,0.000612759,0.000618981,0.000968607,0.00124875,0.00161022,0.0022564,0.00405691,0.0086298,0.0186975,0.0588678,9.40007e-05,0.380016,0.970627,1,49.5267,0.288501,0.320783,28.5069,2.10142,63.6717,1.19649,181.003,2.11668,259.97,1.11327,297.672,2.05604,0.206707,0.398835,0.215919,0.414513
0.0546466,0.75699,0.000505474,0.000443068,0.00076332,0.00103825,0.00142772,0.00200718,0.00357873,0.00752548,0.0167354,0.0537678,0.000114342,0.385245,0.954576,1,72.8732,0.324205,0.277007,27.878,1.04089,64.29,1.67351,178.166,0.452965,260.481,0.308057,299.081,0.474836,0.202431,0.401476,0.213136,0.430366
0.055261,0.806027,0.000552567,0.00046525,0.000654298,0.00119346,0.00168336,0.00211723,0.00408682,0.00838001,0.0188049,0.0603235,8.60248e-05,0.443028,0.961271,1,58.5161,0.342292,0.298394,29.2406,1.13108,62.8216,5.31043,179.503,0.788213,259.391,0.291675,299.262,0.409727,0.206328,0.418795,0.207941,0.461425
0.0523585,0.876953,0.000519971,0.000439625,0.000782029,0.00120481,0.00163002,0.00232683,0.00413689,0.00832423,0.0189439,0.0618361,8.81707e-05,0.43753,0.942025,1,42.577,0.413712,0.290843,28.2817,1.30934,64.6302,0.895853,178.722,0.867154,259.939,0.852461,301.336,0.310927,0.209858,0.406869,0.228242,0.440425
0.0572528,0.731175,0.000659522,0.000650635,0.0010696,0.00113685,0.00157207,0.0021026,0.00375152,0.00835615,0.0181783,0.0575908,8.47181e-05,0.330363,0.991092,1,71.1699,0.329488,0.291209,28.2009,0.739754,62.3773,2.4008,177.277,1.69657,260.888,1.0504,299.577,0.463054,0.205065,0.387352,0.220952,0.415051
0.0601463,0.710365,0.000617057,0.000513213,0.000788844,0.000905182,0.00124272,0.00165591,0.00308141,0.00645369,0.0145664,0.045923,0.000100199,0.352356,0.980747,1,52.1901,0.305987,0.294146,27.8877,0.774705,63.7192,1.02822,180.731,2.21408,260.045,0.432882,296.574,3.25665,0.198887,0.38995,0.214403,0.42947
0.0585887,0.719002,0.000677224,0.000563326,0.0009311,0.000987548,0.00137628,0.00179923,0.00331932,0.00709017,0.0158888,0.0500009,9.98369e-05,0.343383,0.980324,1,50.3646,0.308592,0.289465,27.8542,0.699593,63.1532,1.25214,180.371,1.47732,259.968,0.470095,297.496,2.4669,0.198228,0.393014,0.209064,0.42129
0.060426,0.72241,0.00072615,0.000971677,0.00122283,0.00113599,0.00154421,0.00205988,0.00385388,0.00784936,0.0174213,0.055554,9.9492e-05,0.297823,0.97603,1,56.5943,0.302217,0.301267,28.2089,0.40446,63.7638,3.05548,179.884,1.68608,259.421,0.488493,296.539,3.9574,0.210612,0.404754,0.221722,0.409975
0.0591402,0.795952,0.001071,0.000677931,0.00124452,0.00118334,0.00170104,0.00219913,0.00401805,0.00846892,0.0187604,0.0593416,7.39017e-05,0.311057,0.98866,1,56.3477,0.35617,0.312128,28.393,0.852081,62.0896,0.996495,179.397,1.81548,259.031,0.566966,300.503,0.694858,0.200889,0.397926,0.224218,0.45751
0.0592032,0.947343,0.000702092,0.00103652,0.00156232,0.00130982,0.0017872,0.00245357,0.00442615,0.00903335,0.0198659,0.0626093,9.16979e-05,0.297655,0.970137,1,45.8384,0.401857,0.343384,28.5172,0.573015,66.3349,0.822358,180.172,1.50754,258.69,0.668542,298.195,0.842333,0.212886,0.43367,0.246927,0.477801
0.0574625,0.73779,0.000445967,0.000665795,0.000990293,0.000911791,0.00120587,0.00174466,0.00311842,0.00644745,0.0139106,0.0435551,7.83766e-05,0.278896,0.960327,1,73.8351,0.368362,0.278511,28.1469,1.05725,61.9442,3.16464,177.774,0.79764,262.396,0.895311,296.974,2.21817,0.191514,0.384512,0.204064,0.425587
0.0519166,0.714841,0.000599023,0.000437459,0.000783274,0.000953642,0.00131755,0.0017083,0.00317567,0.00675216,0.0149217,0.0468525,0.000106718,0.350889,0.968085,1,64.103,0.321606,0.250265,27.9665,1.9288,66.0842,0.373933,179.176,1.07205,258.488,0.817543,298.508,1.18247,0.187283,0.387835,0.19631,0.400458
0.0525,0.720322,0.000606866,0.000449072,0.000740885,0.000918942,0.00125888,0.00162128,0.00318347,0.0064803,0.0144831,0.0452378,0.000109298,0.381135,0.966725,1,60.8362,0.316303,0.254174,27.9906,1.79783,65.6168,0.370948,179.795,0.995096,258.499,0.467452,298.958,1.45388,0.186837,0.383502,0.200264,0.409694
0.0527339,0.705988,0.000538554,0.000555354,0.000830731,0.00103807,0.00141327,0.00187809,0.00352231,0.00753579,0.0167339,0.053581,9.69811e-05,0.373338,0.983764,1,48.3836,0.323709,0.263863,28.4024,0.613435,62.4533,4.40419,179.727,0.693436,260.779,0.525798,296.407,1.84402,0.204144,0.397349,0.206455,0.398067
0.056889,0.683327,0.000517523,0.000417576,0.000687462,0.000888851,0.00121942,0.00167941,0.0030518,0.00642552,0.0143126,0.0456249,0.000120943,0.398493,0.972977,1,87.9485,0.279496,0.275683,28.4334,1.64268,63.4065,0.89392,178.614,0.75933,259.439,3.00992,297.711,1.67241,0.199258,0.398415,0.221079,0.414753
0.0479981,0.698523,0.000452838,0.000443903,0.000728285,0.000888344,0.00126596,0.00169351,0.00304963,0.00672413,0.0149324,0.0481144,9.0842e-05,0.378681,0.987108,1,39.738,0.370703,0.234944,28.0612,1.08991,64.2104,1.0713,178.768,1.07766,260.738,0.283532,296.974,0.956049,0.193528,0.377875,0.182565,0.395145
0.0437784,0.737156,0.000291913,0.00022994,0.000459036,0.000864331,0.00115201,0.00155444,0.00285421,0.00606664,0.0133899,0.0430924,0.000100238,0.528848,0.947022,1,63.3533,0.419822,0.218332,27.8622,1.16428,66.9484,3.81725,179.412,1.59684,259.506,0.399797,295.729,0.619018,0.18601,0.377386,0.179981,0.38672
0.0526106,0.749631,0.000440788,0.000297228,0.000543349,0.000992717,0.0013737,0.00181653,0.00344015,0.00755942,0.0164261,0.0520453,9.90472e-05,0.504113,0.998563,1,62.656,0.341871,0.287196,28.658,0.539548,62.2666,0.55663,177.412,0.897068,261.323,0.504515,298.12,2.20002,0.217797,0.406894,0.237579,0.442953
0.06148,0.857493,0.000458567,0.000519874,0.000773772,0.00136936,0.00179852,0.00256357,0.00462871,0.00928459,0.0195051,0.0616678,6.55277e-05,0.436702,0.873761,1,61.5745,0.423291,0.31756,28.0663,0.477033,64.5163,0.929098,177.762,0.98883,261.711,0.562598,296.603,1.81955,0.204105,0.393251,0.202423,0.42187
0.0664725,0.903505,0.000749446,0.000505709,0.00105597,0.00159313,0.00224841,0.00288826,0.00536028,0.0101965,0.02241,0.0695592,7.19426e-05,0.444048,0.880765,1,44.1377,0.364537,0.355784,28.3043,1.36924,64.6861,0.932534,178.304,3.44035,258.961,0.470073,298.174,1.05452,0.2022,0.401362,0.219092,0.418026
0.0702931,0.884091,0.000697728,0.000554344,0.000938653,0.00153204,0.00209969,0.00289436,0.00530012,0.00982221,0.0217194,0.0678036,6.84073e-05,0.404508,0.863823,1,44.3498,0.355414,0.363083,28.5059,0.832499,63.3065,1.26595,177.267,3.16907,259.177,0.362984,298.251,1.08014,0.197906,0.402041,0.223335,0.415953
0.0621899,0.785756,0.000476766,0.000409996,0.000641836,0.00116576,0.00149517,0.00206297,0.00381353,0.0071012,0.0151077,0.0465045,0.0001012,0.433978,0.846407,1,57.9936,0.338545,0.305166,28.9736,1.01199,61.9725,1.85441,180.051,0.337333,259.886,2.45616,297.448,1.78843,0.223522,0.427301,0.236989,0.466902
0.0547997,0.782667,0.000395181,0.000465149,0.000726184,0.00124162,0.00169295,0.00231608,0.00427042,0.00870606,0.0198821,0.0637421,6.59259e-05,0.486665,0.942097,1,58.65,0.368902,0.279868,28.0283,1.24167,64.9521,1.58113,178.636,0.39521,260.549,2.49474,297.363,2.08442,0.185395,0.367662,0.184877,0.360957
0.0528181,0.76972,0.000449672,0.00035186,0.000617395,0.00128298,0.00180641,0.00226393,0.00420846,0.00854329,0.0189202,0.0614652,5.58303e-05,0.539313,0.882929,1,46.86,0.401688,0.255012,28.1243,1.26059,66.6121,1.00253,177.687,0.289122,262.23,1.74068,299.364,1.42529,0.177489,0.349131,0.161894,0.377817
0.0552777,0.834684,0.000417318,0.00056977,0.00084279,0.00156308,0.00203796,0.00281573,0.00506563,0.00995664,0.0231246,0.074456,6.0329e-05,0.515273,0.892385,1,40.7367,0.387966,0.280155,27.5317,1.00966,66.5936,1.60218,178.17,0.277068,260.215,0.415358,298.6,2.58891,0.172718,0.358835,0.162804,0.359783
0.0638401,0.727319,0.000599631,0.000373537,0.000624561,0.00154121,0.00221131,0.00292671,0.00542278,0.0106986,0.0234237,0.0770563,5.33998e-05,0.553404,0.898801,1,69.1997,0.310796,0.302526,27.3833,1.10049,64.303,2.94672,181.351,0.283143,258.769,0.341692,297.723,1.02744,0.17706,0.352908,0.168893,0.33253
0.0467583,0.827216,0.000467587,0.000262717,0.000490272,0.000932377,0.00134319,0.00184317,0.00337418,0.00754379,0.0155294,0.0504112,9.49362e-05,0.521643,0.983632,1,44.9009,0.438624,0.266104,28.8099,0.620041,64.0083,0.638329,178.118,5.05261,261.047,2.05327,296.998,0.657586,0.212342,0.416438,0.223846,0.444866
0.0582842,0.792215,0.000513004,0.000725514,0.00104568,0.00132495,0.00176628,0.00241659,0.0043646,0.00837346,0.017301,0.0560263,0.000105062,0.339785,0.875789,1,56.4258,0.335726,0.287199,28.6035,0.95273,62.9547,0.698911,181.1,0.367589,257.901,0.400764,295.514,0.61581,0.215733,0.432694,0.218441,0.408154
0.0588202,0.840162,0.000368615,0.000506771,0.000844871,0.00158952,0.0020318,0.0028027,0.00524763,0.0116214,0.0255058,0.0855332,6.25528e-05,0.547557,0.982007,1,54.8479,0.365432,0.330894,27.4217,0.521542,62.6704,2.15198,177.088,0.923246,260.181,0.523066,297.705,0.557823,0.187299,0.378031,0.189862,0.393961
0.050564,0.725889,0.000340857,0.000542341,0.000559808,0.000969614,0.0012654,0.00173237,0.00325323,0.00682538,0.0147226,0.0469889,0.00011745,0.457157,0.94046,1,65.7805,0.331203,0.254,28.5169,1.35243,62.91,0.962039,180.409,1.25401,259.409,0.378439,296.983,1.33856,0.209667,0.413892,0.212929,0.419633
0.0553099,0.796698,0.000714145,0.000441718,0.000750924,0.000991255,0.00140418,0.00194961,0.00341487,0.00722055,0.0158645,0.0497169,0.000108819,0.398995,0.974501,1,52.4836,0.347862,0.299927,28.7499,0.70067,64.3669,2.0875,180.763,2.48206,258.846,0.285363,297.809,2.2825,0.224798,0.429168,0.245547,0.467129
0.0554166,0.787986,0.000770837,0.00063223,0.00109181,0.00114059,0.00144914,0.00198606,0.00366292,0.00831393,0.0174927,0.0555709,9.96672e-05,0.340716,0.989208,1,40.6086,0.333288,0.300584,29.3337,0.698226,62.4255,1.305,179.606,1.41806,260.226,0.283053,297.878,1.73921,0.221147,0.433375,0.23365,0.453747
0.0547897,0.919393,0.000530645,0.000534415,0.000801768,0.00131522,0.00170221,0.00228339,0.00430687,0.00860703,0.0198007,0.0631392,9.45362e-05,0.431025,0.979863,1,72.1155,0.413416,0.329366,29.0166,1.36384,62.2875,1.72667,178.233,1.30758,261.94,3.1713,297.542,0.991206,0.227223,0.441362,0.242054,0.501915
0.0451012,0.763677,0.000203519,0.000209822,0.000322966,0.000836167,0.00104694,0.00140704,0.00271126,0.00588085,0.0128657,0.0406156,0.000105528,0.637204,0.989759,1,41.3057,0.418128,0.242973,27.0846,0.976738,64.678,0.921566,180.649,1.29643,257.865,0.349742,297.592,1.00208,0.188918,0.384942,0.212142,0.424805
0.0532187,0.766033,0.000478175,0.000492499,0.000751188,0.00126699,0.00156449,0.00231238,0.00403368,0.00878607,0.0199285,0.0667383,6.81341e-05,0.468058,0.987612,1,63.9727,0.362568,0.277712,27.9553,0.922835,61.9657,2.54665,177.149,1.20179,260.06,1.33723,293.976,1.1482,0.180607,0.37172,0.182999,0.35312
0.0543826,0.678134,0.000508619,0.000475464,0.000730863,0.000977954,0.00133575,0.00186729,0.00325529,0.00691612,0.0152817,0.0499172,8.89861e-05,0.397639,0.963388,1,56.5806,0.320637,0.258459,28.2582,0.687578,64.6976,0.760392,179.057,1.66025,260.135,0.458649,299.55,1.646,0.195204,0.379001,0.199052,0.41936
0.0546194,0.727074,0.000380947,0.000317629,0.000552241,0.00100324,0.00135969,0.0017964,0.0033719,0.00742205,0.0161674,0.0513249,9.60538e-05,0.502516,0.968295,1,53.6106,0.325087,0.273075,27.1764,0.682036,63.9519,2.2234,180.191,2.72362,258.339,0.323317,296.33,0.825474,0.18591,0.374988,0.192654,0.382737
0.0581978,0.879271,0.000712117,0.000578215,0.000893759,0.00132147,0.0017099,0.00232788,0.00418557,0.00918028,0.0205235,0.067339,5.49775e-05,0.43371,0.990037,1,46.4538,0.441051,0.330135,27.9878,0.519384,63.3761,0.964019,176.659,0.693551,260.62,0.412034,298.414,1.80779,0.192496,0.377088,0.21912,0.424741
0.056473,0.799766,0.000403894,0.00039143,0.000767605,0.001054,0.00156465,0.00206456,0.003811,0.00858641,0.0183808,0.0603517,8.07104e-05,0.453717,0.98606,1,55.343,0.371782,0.306335,27.6017,0.398863,64.5496,1.85383,182.679,2.52932,261.331,0.368368,296.39,1.53625,0.206443,0.396807,0.203652,0.414832
0.0560468,0.753015,0.000529188,0.000427773,0.000896534,0.00116736,0.00154941,0.00206486,0.00389565,0.00822091,0.0182067,0.0562189,8.11403e-05,0.406845,0.962651,1,53.3951,0.337559,0.276508,27.2083,0.964325,63.5775,0.833708,176.752,0.335486,258.087,0.47188,300.025,1.18692,0.172184,0.36378,0.193315,0.384396
0.0530748,0.797083,0.000585293,0.000488586,0.000645336,0.00109006,0.00159466,0.00214334,0.00381065,0.00792293,0.0177513,0.0557743,6.99873e-05,0.476669,0.966909,1,49.5559,0.385577,0.275194,27.4796,0.589693,64.428,0.855497,176.819,0.412877,258.01,0.565997,298.405,0.62044,0.171259,0.365105,0.191761,0.388541
0.0477467,0.82689,0.000348297,0.000283794,0.000551366,0.000942581,0.00144618,0.00178949,0.00344628,0.00703069,0.0155616,0.0486466,9.60356e-05,0.495157,0.942659,1,54.7034,0.442674,0.26569,29.3738,0.800382,62.9963,1.62678,180.84,3.5414,261.18,1.02894,295.608,0.381856,0.225927,0.435548,0.23026,0.448533
0.0490582,0.861049,0.000470488,0.000415099,0.000577297,0.00107579,0.00135938,0.00196752,0.0035079,0.00731269,0.0164716,0.052332,0.000100202,0.480834,0.964716,1,49.676,0.462061,0.281983,28.211,0.637101,62.7658,1.00586,180.371,0.856644,259.079,0.971158,297.562,0.619545,0.226466,0.430327,0.248637,0.474356
0.0585043,0.740932,0.00068003,0.000561633,0.000803087,0.00126466,0.00165944,0.00226046,0.0041523,0.00889346,0.0193756,0.0629013,7.52783e-05,0.422366,0.989423,1,57.8875,0.319136,0.293355,27.4503,0.986009,66.0631,0.969429,179.405,0.68584,259.071,1.16665,300.069,0.756682,0.18154,0.362827,0.190109,0.395655
0.0597733,0.693427,0.000573464,0.0005776,0.000894204,0.00122935,0.00178695,0.00229148,0.00437169,0.00919469,0.0206397,0.0665006,6.48369e-05,0.432916,0.972053,1,67.7321,0.323326,0.285439,26.7333,0.427823,62.6207,1.94804,177.29,2.4845,259.471,1.19972,297.554,2.9255,0.176444,0.347642,0.182198,0.33968
0.0574522,0.67642,0.000743953,0.00055613,0.000990721,0.00120722,0.00160232,0.00217596,0.00400398,0.00845812,0.0183082,0.0621126,5.93628e-05,0.382805,0.976017,1,62.2737,0.371024,0.272303,26.7874,0.343637,63.583,0.403845,179.74,0.817322,261.036,0.297655,298.551,0.850946,0.191739,0.350418,0.187452,0.362072
0.0616958,0.913362,0.00077271,0.000680624,0.00111592,0.00158236,0.00220491,0.00305658,0.00557369,0.0119827,0.0272257,0.0859364,3.92937e-05,0.44528,0.996233,1,45.4334,0.503804,0.355916,26.2337,0.304717,63.6449,6.30455,178.925,1.02078,256.938,2.58589,300.41,0.805335,0.180735,0.357293,0.216805,0.374651
0.0598648,0.891358,0.000685665,0.000692098,0.000990152,0.00142183,0.00196105,0.00255035,0.00476681,0.0102145,0.0215755,0.0735356,5.2877e-05,0.425065,0.986854,1,59.1666,0.465316,0.344122,27.5585,0.327965,64.154,0.543181,180.144,0.818622,261.379,0.344777,298.68,0.35426,0.203055,0.388847,0.217847,0.424133
0.0584295,0.760323,0.000685925,0.000586879,0.000819971,0.001037,0.0014513,0.00190146,0.00356798,0.00759681,0.0179049,0.0555981,8.13894e-05,0.404863,0.99118,1,48.9516,0.335576,0.303612,28.0577,0.670928,62.6185,0.846984,177.796,2.97887,261.602,0.515092,298.552,0.584177,0.194015,0.385081,0.215596,0.409276
0.050989,0.712203,0.00030811,0.000256429,0.000414522,0.000942983,0.00124605,0.00164808,0.00314369,0.00687019,0.0144337,0.048078,8.25867e-05,0.603119,0.992809,1,56.0651,0.358613,0.259749,27.2376,0.86519,66.254,1.43646,179.812,0.606744,259.109,1.65934,298.638,0.295682,0.186765,0.354284,0.197688,0.394077
0.0611973,0.800795,0.000724734,0.00074608,0.00116926,0.00110012,0.00148455,0.00195751,0.00349762,0.00692973,0.0157877,0.0491817,9.28584e-05,0.286387,0.935893,1,55.5828,0.339628,0.311414,29.151,1.23905,65.3433,1.48091,181.701,0.472436,259.691,0.589956,300.661,0.327323,0.216553,0.416054,0.244515,0.468739
0.0599794,0.799428,0.000815335,0.00085213,0.00131429,0.00121158,0.00161504,0.00213604,0.00383097,0.0073654,0.0168431,0.0525526,9.30015e-05,0.255853,0.922336,1,55.2821,0.342378,0.301387,29.0828,1.30114,64.5492,1.61237,181.792,0.490131,260.029,0.484211,300.044,0.341319,0.215869,0.421487,0.229845,0.457599
0.0581911,0.812056,0.000369918,0.000429238,0.000581291,0.00123018,0.001622,0.00211786,0.00411726,0.007485,0.0160919,0.0489305,6.53208e-05,0.480577,0.855741,1,58.3696,0.405025,0.283332,28.1139,1.11649,62.9047,1.3244,176.377,0.86378,260.047,0.572252,295.858,3.01893,0.182681,0.373136,0.197213,0.372863
0.0527492,0.790707,0.000398153,0.000463153,0.000632146,0.00117796,0.00148432,0.0020409,0.00400918,0.00839107,0.0185773,0.0616052,0.000103365,0.525636,0.997326,1,51.0316,0.338147,0.297085,28.6782,2.04643,62.1203,0.881504,178.114,1.2377,262.496,1.43545,295.961,3.06258,0.214986,0.412002,0.213206,0.434268
0.05521,0.783022,0.000498735,0.000332209,0.000639032,0.00107649,0.00163719,0.00218437,0.0038433,0.00888953,0.0191572,0.0613533,9.09772e-05,0.5028,0.99831,1,57.3558,0.323512,0.30427,28.5875,3.67513,62.8038,2.23795,178.613,0.605906,260.45,0.85238,298.143,2.04644,0.207909,0.400602,0.218464,0.425649
0.0585835,0.82429,0.000838691,0.00059133,0.00120454,0.00129818,0.00194928,0.00256558,0.00449653,0.00876149,0.0200263,0.0652643,8.89572e-05,0.341551,0.918189,1,66.8213,0.338499,0.302828,28.7098,0.674619,64.301,0.98175,178.017,2.83911,260.201,0.687182,297.325,0.359818,0.207418,0.412193,0.208019,0.418494
0.058397,0.863031,0.000508105,0.000549071,0.00076124,0.00121603,0.00152659,0.00209659,0.00390085,0.00827186,0.01727,0.0552772,9.07303e-05,0.42495,0.932904,1,87.5349,0.367756,0.316045,28.4898,1.27422,66.3804,1.35805,182.593,0.372162,258.553,0.883974,301.787,0.330812,0.209166,0.417798,0.238729,0.471559
0.0590032,0.800356,0.000608446,0.000605678,0.000780386,0.00095185,0.00145089,0.00194562,0.00357107,0.00728618,0.0166358,0.0504642,0.000102134,0.375146,0.977339,1,42.0924,0.347786,0.316102,27.8918,0.697736,62.1844,0.721861,177.702,0.745976,259.552,0.400241,300.88,0.27373,0.210414,0.41148,0.244821,0.488327
0.0515793,0.834296,0.000502201,0.000504749,0.000748814,0.000960688,0.00135781,0.00183528,0.00338055,0.00716681,0.0154548,0.0512487,9.53278e-05,0.398876,0.979075,1,74.0594,0.400178,0.281619,28.3851,1.78963,65.0169,1.60547,181.192,0.476711,259.772,0.797064,296.194,2.18797,0.204306,0.412491,0.219548,0.429307
0.0534357,0.805105,0.000568685,0.000459393,0.000746279,0.00130329,0.0017415,0.00233296,0.00426085,0.00879198,0.019615,0.061912,8.74982e-05,0.455914,0.918191,1,49.2984,0.358757,0.279347,28.874,1.21137,64.1335,0.564943,178.42,0.428147,257.473,0.437213,300.751,0.633071,0.208326,0.406983,0.225745,0.430474
0.0571148,0.876208,0.00060121,0.000594578,0.000836,0.00131266,0.00175018,0.0023481,0.00417519,0.00889989,0.0191361,0.0615276,8.46226e-05,0.417272,0.938585,1,62.3362,0.379238,0.316706,28.873,0.994977,64.7091,3.60504,181.918,0.310799,261.795,0.371342,295.167,0.538762,0.217198,0.421359,0.209711,0.434324
0.0632666,0.996285,0.000689739,0.000686378,0.000958886,0.00134991,0.00208003,0.00266689,0.00483761,0.0099873,0.0224045,0.0709321,7.30975e-05,0.422506,0.977132,1,47.2447,0.423467,0.392033,28.9872,4.19612,64.4674,0.443645,177.591,1.36745,259.802,1.67472,298.5,0.516408,0.220235,0.430355,0.268092,0.489807
0.0631232,1.03063,0.000936072,0.000970842,0.00156364,0.00186808,0.0024987,0.00340249,0.00628773,0.013194,0.0296716,0.09363,5.35801e-05,0.366707,0.971038,1,43.8247,0.46772,0.390372,28.5667,1.75285,63.3622,0.400116,177.074,0.902387,261.006,1.5192,299.715,0.998507,0.203893,0.413583,0.227315,0.457007
0.0688925,0.982002,0.000988137,0.00082698,0.00137284,0.00169476,0.00235596,0.00320617,0.00593141,0.0121919,0.0270649,0.0865454,5.03127e-05,0.388508,0.968051,1,44.5704,0.435081,0.412913,28.3367,1.3973,62.908,0.353315,175.978,2.10038,261.784,4.26215,299.55,1.72461,0.203141,0.400155,0.230994,0.468739
0.0637371,0.678437,0.000860262,0.000778248,0.000988795,0.00115148,0.00165748,0.00228951,0.00421972,0.00895532,0.0195401,0.0624553,7.19175e-05,0.355146,0.980542,1,56.6966,0.301587,0.306052,27.4807,0.34695,62.9352,6.31382,182.098,0.719473,261.341,0.262982,295.028,0.483207,0.199683,0.374795,0.177911,0.385779
0.0656789,0.673061,0.000562649,0.00037919,0.000802875,0.00109834,0.00144645,0.00180998,0.00337008,0.00730852,0.0161266,0.0512995,0.000100108,0.397606,0.9577,1,78.6956,0.275345,0.306981,26.9587,0.376379,64.332,0.84831,181.028,0.511688,261.168,0.254657,293.925,0.520218,0.191976,0.379715,0.184663,0.374672
0.0585969,0.777114,0.000508439,0.000480153,0.000889223,0.00129153,0.00181083,0.00252686,0.00472402,0.00995807,0.0221912,0.0718808,7.35083e-05,0.463583,0.982647,1,60.959,0.325473,0.311632,28.038,1.91927,62.2178,1.23058,179.352,0.423293,260.584,1.55244,298.793,0.747744,0.197719,0.384216,0.198684,0.414301
0.062134,0.759043,0.000842478,0.000723496,0.00131075,0.00128412,0.00172999,0.00231133,0.00429744,0.009149,0.0204605,0.0667334,0.000100844,0.323177,0.990769,1,47.971,0.273473,0.318613,28.3016,0.873908,64.9945,0.831767,180.047,0.395665,257.529,0.269126,299.382,0.534182,0.195781,0.407536,0.20636,0.414357
0.0607108,0.743894,0.000936003,0.000769494,0.00135382,0.00126647,0.00176002,0.00238718,0.00438871,0.00953751,0.0206473,0.0684076,9.86215e-05,0.301517,0.996512,1,51.6149,0.274818,0.308698,28.3193,0.714356,66.0914,2.99952,180.871,0.358724,257.302,0.267974,300.231,0.973412,0.200934,0.405724,0.209012,0.422699
0.05231,0.892024,0.000384132,0.000535013,0.00063938,0.00121413,0.00170631,0.00237365,0.00445897,0.00957292,0.0207006,0.0673786,9.33023e-05,0.529299,0.962037,1,52.4326,0.395291,0.305599,28.4647,1.07456,63.7443,1.0685,176.429,2.90003,263.415,0.304365,294.544,1.18233,0.207251,0.413499,0.188397,0.429172
0.0536695,0.877639,0.000320839,0.000424487,0.000774917,0.00126962,0.00182413,0.00245972,0.00442975,0.00921033,0.0209889,0.0681021,8.25107e-05,0.482441,0.961721,1,46.9602,0.39035,0.308018,28.7134,1.99868,62.7809,1.85594,176.803,3.85493,263.178,0.316935,295.316,1.83918,0.208916,0.414334,0.197365,0.421016
0.0537222,0.782688,0.000543301,0.000728695,0.000959276,0.00116751,0.00166776,0.00223842,0.00414766,0.00892466,0.0201837,0.065823,7.2224e-05,0.381228,0.98734,1,59.9842,0.411141,0.292219,28.4784,0.336961,62.4057,0.604267,180.431,0.399382,258.613,0.753916,299.66,0.374446,0.222606,0.410946,0.242142,0.431773
0.0604737,0.74824,0.00117177,0.000743384,0.00132249,0.00133544,0.00186156,0.00251609,0.00461306,0.00987162,0.0228584,0.0732434,6.47916e-05,0.346574,0.982685,1,57.8232,0.369107,0.316562,27.7161,0.310305,61.3897,0.582878,180.407,0.323123,259.424,0.599372,296.172,1.04121,0.220945,0.396375,0.225049,0.402386
0.0432783,0.830368,0.000449032,0.000276826,0.00063106,0.00108708,0.00149093,0.00198611,0.00373386,0.00806085,0.0178854,0.0583929,8.08059e-05,0.529997,0.973101,1,47.0324,0.475066,0.244334,28.9015,3.18846,64.2429,1.3835,182.06,0.697291,261.018,0.366566,295.06,0.572559,0.210015,0.415765,0.183577,0.40906
0.0591995,0.662407,0.000519175,0.000404801,0.000526501,0.000826142,0.0010197,0.00140008,0.00260272,0.00528857,0.0116106,0.0359587,0.000106134,0.379099,0.945185,1,55.2025,0.301691,0.271456,28.0883,0.857775,62.1093,1.11403,176.62,1.57739,260.596,4.02083,300.152,1.25534,0.192388,0.382935,0.220991,0.46227
0.049036,0.698235,0.000421883,0.000447701,0.000884719,0.000782391,0.00119269,0.00154716,0.00287679,0.00576053,0.012461,0.0388034,0.000131678,0.291952,0.943841,1,50.8199,0.331717,0.229615,28.4906,2.89456,66.6842,0.571177,178.906,2.36613,260.229,0.318227,296.531,0.582888,0.199032,0.405187,0.193099,0.419295
0.0531297,0.834553,0.000415797,0.000473466,0.000603897,0.00108769,0.00167863,0.00211851,0.00400798,0.00875131,0.0194235,0.0623562,6.99128e-05,0.528232,0.985353,1,74.9001,0.451279,0.308467,28.3907,0.372238,62.3614,4.27666,177.978,0.615821,259.874,1.97314,298.124,0.98269,0.222825,0.411615,0.250799,0.442142
0.0543009,0.812669,0.000480506,0.000525208,0.000924925,0.00130552,0.00162104,0.00231921,0.00422023,0.00878955,0.019983,0.0667863,8.55475e-05,0.421932,0.951752,1,66.0176,0.395424,0.299056,28.4588,0.402189,59.8474,1.15074,177.653,0.392917,260.354,0.577698,297.602,1.56266,0.225901,0.427088,0.235536,0.439688
0.0448774,0.852282,0.000353032,0.00036237,0.000636402,0.000942613,0.00123869,0.00177118,0.00322768,0.00685847,0.0157687,0.0489461,0.000107918,0.456663,0.996427,1,45.0575,0.424403,0.256195,28.8247,4.50278,65.5303,1.16664,180.355,4.59568,261.358,0.97312,298.771,0.725032,0.209621,0.417652,0.220648,0.451387
0.0674786,0.736119,0.000653032,0.000455257,0.0007647,0.00132217,0.00190059,0.00244997,0.00450016,0.00761812,0.0169001,0.0521308,8.25248e-05,0.414541,0.794811,1,44.3613,0.317633,0.300684,28.8747,0.695797,61.3321,2.62108,180.79,0.297019,259.499,0.996505,298.848,0.768781,0.210702,0.408393,0.21714,0.418176
0.070588,0.87049,0.000664651,0.000752264,0.0011076,0.00140063,0.00194329,0.00256911,0.00478262,0.0083314,0.0174807,0.0545125,6.23517e-05,0.327465,0.808658,1,61.3939,0.40555,0.335103,28.1834,0.653507,66.362,1.43647,179.539,0.69468,258.628,0.356553,298.175,0.534951,0.200016,0.39107,0.211695,0.436301
0.0648804,0.832509,0.000698965,0.000734051,0.00106912,0.00188261,0.00266774,0.00355456,0.00652527,0.0123833,0.0263118,0.0902978,6.97167e-05,0.443935,0.852919,1,49.5653,0.311084,0.326067,28.8841,1.5911,63.1472,0.80935,177.161,1.62328,260.491,0.379484,296.97,3.50859,0.202006,0.405663,0.178557,0.395041
0.0585701,0.824372,0.00045877,0.00032383,0.000595287,0.00102303,0.00139815,0.00189068,0.00341302,0.00704615,0.0150341,0.0483257,8.7032e-05,0.477007,0.954092,1,42.3861,0.377663,0.307422,26.8691,0.581754,65.8517,1.40609,179.191,0.390623,260.176,0.513752,299.438,0.335009,0.183787,0.373237,0.211439,0.426654
0.0514612,0.816762,0.00063172,0.000439555,0.000779804,0.00114291,0.00165538,0.00217023,0.00391579,0.00793952,0.0181368,0.0569118,6.1314e-05,0.422411,0.919497,1,65.9193,0.444841,0.26535,29.0362,1.25916,63.7952,0.919374,182.173,0.330434,258.478,0.654413,297.468,4.24369,0.197797,0.397295,0.201225,0.399365
0.0537565,0.861125,0.000655123,0.000811112,0.000900153,0.00116256,0.00155284,0.00230599,0.00407944,0.00862947,0.0184622,0.063626,8.16699e-05,0.373499,0.981872,1,46.7658,0.415531,0.303091,28.4456,0.425894,63.3254,2.09136,177.861,0.504058,262.461,0.278402,294.703,0.492048,0.212041,0.412982,0.196398,0.445937
0.0551914,0.855654,0.00075612,0.000827535,0.00135754,0.00129463,0.00171774,0.00248369,0.00459082,0.00978505,0.0207218,0.0713523,7.93993e-05,0.360496,0.973774,1,41.2912,0.401106,0.312102,28.6604,0.901509,60.8203,2.25494,178.028,0.79154,261.938,0.442649,297.307,0.307812,0.224069,0.421642,0.223132,0.441832
0.0577752,0.718335,0.000825504,0.000652852,0.000869683,0.00113328,0.00163556,0.00201613,0.00375749,0.00788924,0.018547,0.0570151,0.000118625,0.322146,0.97189,1,54.8753,0.283674,0.296993,29.6757,2.43183,62.2681,1.67388,179.474,2.70926,259.87,0.286671,298.558,0.377818,0.231006,0.439944,0.231211,0.47607
0.0570615,0.701541,0.000607283,0.000561322,0.000956546,0.000892195,0.00131536,0.00178603,0.00324429,0.00636102,0.0145249,0.0446953,0.000131391,0.286461,0.929961,1,62.1911,0.290863,0.273529,29.1369,1.55012,61.9197,2.60708,178.442,2.15839,259.268,0.268682,301.626,0.338372,0.217375,0.431008,0.232781,0.498224
0.0570274,0.751346,0.000560788,0.000633997,0.00082486,0.000963185,0.00131782,0.00167737,0.0030545,0.00637202,0.014206,0.0430087,0.000125016,0.317565,0.959746,1,51.8512,0.318393,0.290745,28.9457,0.910179,62.7619,2.39213,178.572,1.11298,260.345,0.383389,298.231,0.460144,0.219608,0.426258,0.242928,0.489335
0.0645467,0.721684,0.000899356,0.00105807,0.00135702,0.00153157,0.00199463,0.00253788,0.00488137,0.00948985,0.0214437,0.0692026,7.21282e-05,0.309483,0.914568,1,57.4279,0.285378,0.298832,28.4802,1.77663,64.9181,1.12432,177.135,1.26526,261.515,0.271674,295.463,2.73729,0.19,0.372982,0.170161,0.358982
0.0533113,0.807332,0.000373497,0.00042073,0.000717772,0.00102576,0.00137422,0.00195388,0.00345555,0.00676233,0.0149857,0.0455827,9.98345e-05,0.416754,0.913784,1,53.17,0.402602,0.273582,27.8566,0.49525,64.5968,2.04471,180.845,0.761455,259.278,0.437486,300.602,1.08158,0.206741,0.409948,0.231169,0.444218
0.0497335,0.728583,0.000492992,0.000312024,0.00056515,0.000986743,0.00139819,0.00182788,0.00318102,0.00683973,0.0146267,0.0467136,8.72189e-05,0.449555,0.92208,1,51.7138,0.38927,0.246855,28.7454,1.20072,61.3181,2.57048,178.452,0.920961,258.951,2.06636,296.65,1.84936,0.209068,0.400378,0.224182,0.400295
0.046088,0.783379,0.000428305,0.000345632,0.000655142,0.00096753,0.0014011,0.00177273,0.00348473,0.00743403,0.0163267,0.0536056,9.38858e-05,0.46559,0.994835,1,61.5374,0.399797,0.248797,28.548,0.990029,65.9113,0.679893,179.186,1.74422,262.36,0.294321,295.759,0.424932,0.200342,0.396283,0.177112,0.416507
0.067757,0.807521,0.000526146,0.000422667,0.000813874,0.00164141,0.00211908,0.00288779,0.00507721,0.0106675,0.023182,0.0755189,7.29744e-05,0.506336,0.930082,1,61.3537,0.328816,0.365115,28.0558,0.387315,62.9739,0.753868,180.127,1.65045,260.862,0.472272,298.417,0.46128,0.219421,0.402286,0.22387,0.431563
0.0540786,0.834407,0.000593602,0.000481262,0.000686088,0.00126342,0.00182744,0.00251791,0.0044486,0.00913685,0.0199559,0.0662246,7.78652e-05,0.482077,0.944904,1,44.9639,0.373563,0.290683,28.2301,3.00374,65.0609,3.03478,178.395,1.16241,260.549,0.496234,298.984,0.588162,0.193545,0.388793,0.194807,0.4201
0.0572524,0.8075,0.000525079,0.000474868,0.00086496,0.001553,0.00195751,0.00261988,0.00514139,0.0100373,0.0226453,0.0730274,6.31214e-05,0.470833,0.917267,1,62.6557,0.35189,0.291344,28.3705,2.28061,65.768,1.37819,175.681,5.27582,259.934,0.520561,297.467,0.879956,0.182629,0.369068,0.178304,0.361066
0.050477,0.71249,0.000359044,0.000355068,0.000538506,0.000943983,0.00119454,0.00173075,0.00307679,0.00668901,0.014708,0.0456648,0.000144091,0.473821,0.985614,1,53.525,0.31714,0.270214,29.0353,0.430051,62.8221,1.68486,183.2,0.306549,259.751,0.434583,295.75,1.42779,0.238195,0.44692,0.243546,0.464394
0.0581013,0.719326,0.0004809,0.00038775,0.000600817,0.000852506,0.0012455,0.00156109,0.00298187,0.0062935,0.0136404,0.0441183,0.000135887,0.406707,0.957386,1,46.9379,0.294128,0.293793,28.4474,0.718731,61.8439,0.816794,181.461,0.551594,257.626,0.25994,297.11,1.74516,0.220248,0.430297,0.253262,0.449364
0.0541222,0.874737,0.000836298,0.00129159,0.00154653,0.00126259,0.00171491,0.00221156,0.00426386,0.00930011,0.0212027,0.0677166,7.43984e-05,0.265005,0.984471,1,67.4024,0.437001,0.308727,29.3834,0.619626,62.1282,4.21775,180.795,0.27078,260.737,0.586654,299.181,0.352721,0.23208,0.436184,0.24854,0.480306
0.0594418,0.838214,0.00116039,0.000835712,0.0013398,0.00151812,0.00218306,0.00276239,0.00543469,0.0114656,0.0246513,0.0847728,6.36091e-05,0.363532,0.97643,1,38.7175,0.362934,0.324061,28.2506,0.629296,62.9995,0.592277,177.087,2.11926,260.234,1.00457,295.113,4.12149,0.196102,0.394677,0.200432,0.37454
0.0503209,0.817142,0.000350571,0.00021043,0.000445513,0.00106953,0.00149391,0.00204985,0.00386968,0.00822782,0.0173664,0.056849,8.44433e-05,0.634073,0.936619,1,59.5774,0.388234,0.277262,28.3314,0.945911,64.2868,3.50818,180.498,0.800056,258.941,0.254549,299.073,0.304604,0.203634,0.397479,0.20403,0.435797
0.0517216,0.707056,0.000349978,0.000418736,0.000560175,0.000913957,0.00122484,0.00169219,0.00307094,0.00654766,0.0152289,0.0464821,9.57294e-05,0.478497,0.990194,1,66.4202,0.332661,0.261575,28.2386,1.07433,62.6176,1.94897,179.286,3.8196,260.221,0.252142,297.953,1.68146,0.191699,0.389879,0.201951,0.429225
0.0506102,0.89391,0.000549326,0.000495547,0.000697305,0.00128211,0.00158174,0.00238155,0.00432436,0.00894889,0.0192191,0.0636485,8.65916e-05,0.530217,0.958568,1,42.8296,0.410787,0.288172,27.8145,0.833029,67.0041,0.380415,178.317,0.577596,262.479,1.86324,294.907,0.792038,0.193179,0.38929,0.181736,0.381538
0.0531203,0.715111,0.000467104,0.000439379,0.000612912,0.000931303,0.0013936,0.00185573,0.00332511,0.00708693,0.0161008,0.0497765,9.84084e-05,0.464572,0.988527,1,62.4146,0.320485,0.271697,28.3927,2.41244,62.2748,0.68401,180.684,0.431467,257.771,0.376768,298.624,2.09519,0.201589,0.3995,0.217181,0.414378
0.0507854,0.893942,0.000415497,0.0004867,0.000694567,0.00099918,0.00150637,0.00190944,0.00358937,0.00693615,0.0157097,0.0496763,9.67481e-05,0.396842,0.942316,1,47.3115,0.469162,0.288551,29.077,0.780998,64.9769,1.96636,177.795,1.52852,262.516,2.37555,295.813,0.661988,0.229437,0.43519,0.235359,0.490576
0.0493397,0.96935,0.000407833,0.000383549,0.000624979,0.000994171,0.00145316,0.00200061,0.00353543,0.00739419,0.0160955,0.052351,0.000107771,0.472073,0.955561,1,53.9454,0.489446,0.300919,28.7008,0.762183,63.708,2.34736,176.843,1.85709,263.785,2.01356,297.507,0.950041,0.223017,0.442337,0.254541,0.484678
0.0458458,0.77463,0.000417557,0.000364426,0.000626892,0.000954441,0.00125558,0.00172388,0.00310191,0.00639311,0.0139373,0.0433789,9.81577e-05,0.412892,0.935396,1,48.5521,0.4717,0.242393,29.3261,0.812873,62.3623,1.12974,180.125,0.638918,259.1,0.359555,298.078,1.70167,0.233887,0.433581,0.254549,0.445485
0.0641141,0.830292,0.0005085,0.000561474,0.000783075,0.00149001,0.00195054,0.00253073,0.00488375,0.00987358,0.0213447,0.0676068,7.44976e-05,0.472465,0.930946,1,60.7035,0.320594,0.335364,28.001,1.97796,65.6779,1.4315,179.198,0.313436,262.183,1.68649,297.393,0.335584,0.185751,0.382091,0.166725,0.430114
0.0637853,0.846458,0.000551112,0.000577162,0.00084458,0.00153329,0.00201815,0.00268419,0.00517885,0.0101761,0.0221661,0.070452,7.10496e-05,0.479879,0.922145,1,60.2295,0.32016,0.335074,28.1561,1.89371,65.5756,1.26009,179.199,0.307145,261.958,1.38685,297.166,0.327915,0.183477,0.380173,0.1631,0.435204
0.0676604,0.775123,0.000921804,0.000801966,0.00113402,0.00122639,0.00178704,0.00237553,0.00450011,0.0091589,0.0199467,0.0623585,8.89405e-05,0.352031,0.947109,1,44.499,0.307598,0.348468,28.2535,0.427804,61.8431,1.29278,177.65,1.27872,260.271,0.285412,297.586,5.26575,0.211809,0.409686,0.226275,0.442495
0.0669123,0.733271,0.000791457,0.000663063,0.00107091,0.00125044,0.00174632,0.00240352,0.00413974,0.00856605,0.0193026,0.0609373,8.96411e-05,0.317354,0.954599,1,45.6626,0.282048,0.332859,28.6449,0.728932,61.9848,1.71527,177.404,1.47381,259.734,0.257648,298.241,2.52789,0.209693,0.405119,0.226857,0.426016
0.0509433,0.953007,0.000603925,0.000450732,0.000787677,0.000938938,0.00133151,0.00176309,0.00338297,0.00681879,0.015333,0.0483206,9.87743e-05,0.400607,0.990183,1,75.6456,0.479548,0.311004,29.2905,3.003,64.9955,0.847248,180.475,1.16401,263.992,2.35939,295.381,0.259319,0.231431,0.44984,0.244224,0.523401
0.0527156,0.693295,0.00049774,0.00034829,0.000659957,0.000904731,0.00129644,0.00166701,0.00296707,0.00623299,0.0138105,0.0432347,0.000109184,0.397239,0.971538,1,37.885,0.339059,0.263421,28.3662,0.481664,60.6492,2.55093,178.824,0.931626,256.795,0.447216,297.719,3.17917,0.212802,0.413447,0.243446,0.438402
0.0553037,0.758337,0.000434458,0.00030925,0.00057561,0.000928178,0.00131348,0.00166962,0.00322133,0.00662547,0.0148039,0.0466888,9.66917e-05,0.448643,0.956187,1,77.1677,0.333698,0.275611,27.753,1.34214,66.4763,0.933894,177.87,1.76677,262.112,0.687954,298.058,0.655204,0.18289,0.373205,0.18775,0.4293
0.0543973,0.805969,0.000847663,0.000769722,0.00104358,0.0011091,0.00143232,0.00196734,0.00372574,0.00686811,0.015335,0.048498,0.000112872,0.301494,0.915695,1,62.2272,0.375278,0.2818,29.1294,0.659429,64.0362,3.8236,180.277,1.15986,260.044,1.11238,297.654,3.9489,0.23408,0.441268,0.244129,0.487914
0.0567583,0.859776,0.000771443,0.000769739,0.00112151,0.0010556,0.00148223,0.00200514,0.00355104,0.00678342,0.0156197,0.0489607,0.000100203,0.276344,0.897752,1,63.9298,0.413204,0.29479,28.6329,0.54509,62.8447,2.99262,179.971,1.28446,260.036,1.5074,298.016,4.42492,0.220288,0.433756,0.248921,0.482714
0.0535234,0.837068,0.000846618,0.00117645,0.00154213,0.00100503,0.00138101,0.00188618,0.00330236,0.00718454,0.0157731,0.0484505,9.43245e-05,0.218606,0.97931,1,44.4087,0.40431,0.284671,28.5012,2.80994,63.8355,0.726302,179.136,1.57188,260.235,0.494905,297.619,0.320378,0.207116,0.411879,0.230971,0.456741
0.0548405,0.813935,0.00127053,0.000957864,0.00138565,0.000854112,0.00124938,0.00162752,0.00302339,0.00603275,0.01312,0.0403648,9.84468e-05,0.196997,0.986949,1,47.9337,0.386261,0.280597,27.9156,2.42081,66.5242,0.652274,179.36,0.545425,259.927,1.90825,299.557,0.403101,0.190991,0.397421,0.224487,0.481458
0.0625797,0.683403,0.000652456,0.000454578,0.000786143,0.00125816,0.00183001,0.00242999,0.00432969,0.00876131,0.0192245,0.0619111,7.68076e-05,0.435893,0.882859,1,58.3956,0.305654,0.287724,27.9359,0.445396,60.9873,3.24652,178.828,2.96909,260.853,0.306581,296.584,0.626455,0.203802,0.382982,0.188777,0.394643
0.0659835,0.646829,0.000328508,0.000339444,0.000573078,0.00100604,0.00130205,0.00181142,0.00347575,0.00705873,0.0157016,0.0481892,8.96331e-05,0.515053,0.960848,1,63.6364,0.25405,0.301515,27.2288,0.571503,64.8403,1.70492,178.974,0.738894,261.196,0.700098,297.022,2.40321,0.175579,0.349107,0.179415,0.381947
0.0508796,0.807705,0.000710364,0.000759255,0.001132,0.00140267,0.00189916,0.0026337,0.00466144,0.00935947,0.0205862,0.068095,5.65623e-05,0.338683,0.917,1,45.204,0.459621,0.252926,28.1167,1.8216,64.4295,0.937972,179.655,1.98404,260.992,0.402946,297.268,0.711569,0.187342,0.37578,0.175885,0.354004
0.0474171,0.74845,0.000584194,0.000450045,0.000774391,0.000957533,0.0013525,0.00178256,0.00324972,0.00711362,0.0158461,0.0514847,0.000111239,0.407731,0.989157,1,78.1146,0.352128,0.246062,28.1991,0.842089,65.5751,0.661663,180.551,0.901097,257.725,0.596105,297.846,2.58815,0.202974,0.406132,0.21302,0.397152
0.0561266,0.896811,0.00062768,0.000408986,0.000668848,0.00112455,0.00149034,0.00209244,0.00372698,0.0081198,0.0178345,0.0552633,0.000104865,0.425153,0.992378,1,42.2815,0.384515,0.334394,29.1473,1.38953,62.1985,4.06759,177.369,1.78362,262.369,0.984765,296.308,0.674926,0.227493,0.439079,0.259894,0.480496
0.045838,0.865692,0.000339274,0.000308214,0.000446746,0.00113792,0.00139054,0.00203159,0.00379806,0.00806917,0.017722,0.0596345,9.09608e-05,0.597684,0.95023,1,67.4186,0.465411,0.268421,28.8651,0.677275,63.1944,0.70917,181.375,0.513115,257.963,0.421589,301.935,0.312691,0.221406,0.432002,0.239741,0.489293
0.0677735,0.735085,0.00120017,0.000851436,0.00144625,0.00143809,0.00172646,0.00251237,0.00465793,0.00899875,0.0194651,0.0610797,8.32541e-05,0.295472,0.901109,1,54.2774,0.283876,0.317992,28.5519,0.990494,63.931,0.694295,179.944,2.73629,259.931,0.30512,299.141,0.292197,0.204622,0.398205,0.1936,0.427618
0.0720317,0.755973,0.000691758,0.000778814,0.00107163,0.00109216,0.00169998,0.00208386,0.00391755,0.0077647,0.0166234,0.0517227,9.76518e-05,0.303854,0.920841,1,57.3431,0.272061,0.343314,28.27,1.91468,65.3343,2.77851,179.68,1.77853,259.752,2.41397,298.286,0.904501,0.194719,0.393886,0.218026,0.435911
0.0673642,0.742368,0.000686553,0.000678777,0.0010658,0.00129136,0.00163475,0.00234422,0.00425512,0.00816561,0.0181411,0.0539738,9.65e-05,0.340104,0.895517,1,59.8166,0.274635,0.317934,28.6797,1.15757,64.9477,1.76058,178.446,1.2892,260.828,0.823964,299.888,0.420072,0.201306,0.398127,0.201732,0.443161
0.053061,0.785273,0.000760953,0.000839818,0.00111737,0.0013861,0.00183006,0.00224992,0.00448121,0.00865749,0.01963,0.0621352,6.64618e-05,0.328102,0.911588,1,63.6819,0.428237,0.267417,29.1055,0.575513,63.7876,1.11525,179.309,0.534471,261.102,0.263456,299.149,0.456067,0.217909,0.406294,0.202733,0.431608
0.052652,0.770518,0.000954678,0.00073945,0.00120983,0.00123827,0.00182084,0.002511,0.00433584,0.0087453,0.0182011,0.0623394,7.78327e-05,0.294686,0.896689,1,52.3252,0.403264,0.259376,29.2583,0.433763,63.5531,1.46646,178.507,0.691196,260.862,0.532747,296.712,0.475554,0.219455,0.413361,0.211235,0.405975
0.0548033,0.852238,0.00046599,0.000488792,0.000771942,0.00119804,0.00154715,0.00203317,0.00391066,0.00806589,0.0185137,0.0580407,8.77515e-05,0.471138,0.973095,1,55.5678,0.377604,0.302572,27.6185,1.10025,63.0679,1.27366,177.697,0.990884,260.787,0.359007,299.249,1.36385,0.188554,0.388793,0.207412,0.43703
0.0578968,0.816087,0.000396206,0.0004534,0.000586983,0.00112273,0.00153343,0.00216453,0.00384683,0.00818969,0.0184816,0.0587905,8.69165e-05,0.483469,0.968749,1,54.6881,0.351516,0.312647,27.7139,1.21594,62.7469,2.60659,178.309,0.709014,261.696,3.89895,297.295,0.982098,0.194728,0.386473,0.204472,0.436319
0.0567721,0.802363,0.000389388,0.000464343,0.000634745,0.00108311,0.00153472,0.00216198,0.00380267,0.0079802,0.0180991,0.057757,8.21352e-05,0.502167,0.967813,1,52.328,0.35454,0.305356,27.9243,0.900924,62.5309,1.82019,178.121,0.638241,261.516,5.31067,298.077,0.823597,0.193765,0.389824,0.205483,0.423267
0.0591981,0.764266,0.000498524,0.000347212,0.000560483,0.0011423,0.00158289,0.00214146,0.00421141,0.00841889,0.0192736,0.0602717,9.04799e-05,0.513082,0.960902,1,44.3856,0.325501,0.318428,28.4019,0.482191,61.754,1.73564,178.45,0.527,262.08,0.496829,295.783,0.876405,0.219563,0.4036,0.22323,0.431566
0.0492556,0.927199,0.000620139,0.000563839,0.000855674,0.00133517,0.00185072,0.00257928,0.00475731,0.0102557,0.0237366,0.0752718,8.21567e-05,0.505668,0.990727,1,70.3904,0.419802,0.298651,28.7219,0.862786,65.9393,0.808436,180.421,0.600997,257.967,1.13791,301.077,2.17629,0.210222,0.41972,0.232753,0.45337
0.0467379,0.793669,0.000261981,0.000228357,0.000365788,0.000743629,0.00104305,0.00140682,0.00246727,0.00563636,0.0116292,0.0379046,0.000146114,0.535963,0.980848,1,45.0554,0.377401,0.261576,28.6066,2.20743,61.0627,2.96749,178.952,3.44355,260.928,0.507299,295.366,0.459248,0.219896,0.440572,0.235887,0.504036
0.0481166,0.705172,0.000302467,0.000251533,0.000428198,0.000934652,0.00123802,0.00168928,0.00323417,0.00648287,0.0146727,0.0448042,0.000137116,0.534465,0.891736,1,55.0718,0.33403,0.242311,29.7963,3.41738,62.1984,2.64867,180.193,1.36572,259.841,0.381011,297.471,2.27639,0.235635,0.439956,0.235064,0.451243
0.0482252,0.73182,0.000422476,0.0002848,0.000426549,0.000983592,0.00138042,0.00183323,0.00337164,0.00712382,0.0155219,0.0481422,0.000117717,0.559709,0.928801,1,62.9778,0.331577,0.253197,29.6554,2.42583,61.9934,1.53218,180.396,2.32241,259.989,0.3416,297.618,1.66714,0.224394,0.43478,0.216466,0.456863
0.0514816,0.813172,0.000301355,0.00034809,0.000572853,0.00108316,0.00142654,0.00197914,0.00350193,0.00713849,0.0156792,0.0503129,0.000112925,0.481223,0.929202,1,54.218,0.371455,0.275518,28.5443,1.30963,62.2164,3.0156,175.799,1.44081,261.439,0.477655,296.2,1.17844,0.205695,0.418008,0.208655,0.451934
0.0476344,0.756761,0.00051916,0.000328362,0.000581706,0.0010327,0.00143384,0.00196562,0.00357821,0.00759685,0.0168286,0.0538084,9.11961e-05,0.504232,0.955818,1,47.4054,0.376742,0.252253,29.1639,1.37342,62.1565,1.49668,179.646,0.315435,260.799,0.265056,298.196,1.47787,0.210911,0.412351,0.205429,0.440311
0.051906,0.924672,0.000734895,0.000517322,0.000870777,0.00109151,0.00151729,0.00207104,0.00387892,0.00770018,0.0166746,0.0528412,8.75539e-05,0.373606,0.932153,1,67.7801,0.462567,0.292329,29.0336,0.959111,65.8796,1.21981,179.694,1.57043,261.364,0.707764,298.115,1.61721,0.212866,0.427902,0.230754,0.475061
0.0532042,0.906675,0.00064589,0.00052252,0.000796072,0.00105329,0.00145315,0.00190596,0.00375061,0.00750371,0.0157676,0.0506524,7.73684e-05,0.381892,0.949018,1,59.9003,0.483414,0.302305,29.0891,0.758836,65.0837,1.4478,180.252,1.34864,261.887,0.979635,297.486,2.32673,0.224417,0.42134,0.249006,0.480026
0.0475304,0.939223,0.000503525,0.000375136,0.000648655,0.000876214,0.00125845,0.00178452,0.00315188,0.00672515,0.0141586,0.0445289,9.32543e-05,0.407213,0.954091,1,61.9951,0.565233,0.277499,28.6822,0.952483,65.2895,1.9292,180.684,1.36219,261.073,0.646737,298.026,0.880649,0.220673,0.439126,0.251851,0.498672
0.0500447,0.827302,0.000385347,0.000405106,0.000562528,0.00111829,0.00146118,0.00186406,0.0036388,0.00730061,0.0161406,0.0517512,8.77338e-05,0.478844,0.934909,1,65.4731,0.431958,0.276328,29.3718,1.79641,61.5097,1.08955,178.607,1.12573,259.024,0.381058,298.76,3.9067,0.226829,0.427975,0.25219,0.468759
0.0556269,0.766104,0.000477233,0.000466128,0.00066783,0.00103882,0.00134779,0.0017684,0.00319188,0.00688793,0.0145599,0.0461341,9.39719e-05,0.389915,0.969174,1,46.3032,0.36657,0.284081,27.5067,0.541246,62.6394,1.95164,180.085,1.44647,262.048,1.2922,297.579,0.518084,0.198217,0.387142,0.214922,0.42156
0.0554365,0.769465,0.00049277,0.000349834,0.000615066,0.000990578,0.00142825,0.00190847,0.00360896,0.00715098,0.0152104,0.0508845,9.20019e-05,0.432664,0.925634,1,63.0837,0.357502,0.279316,28.3057,0.617745,63.8627,4.51018,178.373,1.1265,259.948,1.58826,296.291,0.86274,0.200513,0.396104,0.218049,0.409504
0.0606757,0.726002,0.000520542,0.000455444,0.000674794,0.00122875,0.00169612,0.00223307,0.00408996,0.00857219,0.0190412,0.060214,0.000105854,0.454352,0.934343,1,63.1934,0.285791,0.305306,28.5588,0.676927,62.9076,3.49253,179.542,0.907994,260.781,1.46996,300.766,2.61614,0.215166,0.408608,0.221574,0.448147
0.064125,0.833179,0.000460884,0.000403026,0.000686773,0.00116759,0.00162116,0.00222636,0.00409857,0.00831637,0.0185242,0.0581341,8.29499e-05,0.463239,0.957156,1,51.9851,0.340534,0.349061,28.2607,0.850502,62.6872,1.71966,178.593,1.20308,260.08,1.296,295.704,1.09322,0.203588,0.402908,0.228774,0.42955
0.0630134,0.809848,0.000574324,0.000475715,0.000700477,0.00126305,0.0016845,0.00230549,0.00413424,0.00858707,0.0192346,0.0597418,8.40472e-05,0.478033,0.97725,1,54.3073,0.321612,0.342958,28.1365,1.31085,62.9533,1.74648,178.362,1.55725,260.449,1.38805,295.178,0.761488,0.19991,0.393996,0.226757,0.389719
0.0621052,0.819991,0.000582515,0.00044971,0.000681784,0.00125576,0.00167998,0.00227239,0.00419021,0.00872311,0.0195519,0.061843,9.43033e-05,0.476301,0.935793,1,59.1835,0.31132,0.330683,28.4025,0.935299,63.6678,1.72373,177.391,4.61026,260.398,0.924124,296.629,1.16936,0.201143,0.403914,0.203883,0.445087
0.0567604,0.750362,0.000371034,0.000376729,0.000733035,0.00105644,0.00148759,0.00192801,0.00373461,0.00784724,0.0169108,0.0549061,6.47159e-05,0.444526,0.957926,1,59.3946,0.378388,0.281879,27.4764,0.478903,64.9173,0.498446,180.055,0.685243,258.117,0.882873,300.151,0.654223,0.181788,0.366148,0.199235,0.421795
0.0560238,0.762506,0.000586006,0.000610962,0.000877272,0.00131808,0.00185286,0.00240769,0.00432723,0.00906609,0.020178,0.0656769,9.57353e-05,0.419199,0.95825,1,57.8396,0.312772,0.286658,27.8086,0.642609,63.9703,0.842663,178.747,1.20838,260.107,0.642828,300.117,0.826754,0.197691,0.390109,0.202637,0.386672
0.0572621,0.827158,0.000584501,0.000411786,0.00070327,0.00129051,0.00165918,0.00234258,0.00420031,0.0094432,0.0203058,0.0636131,8.95082e-05,0.477299,0.994895,1,63.1076,0.336205,0.319409,28.0524,1.33413,65.0737,2.3834,180.158,0.832645,259.165,0.976455,299.226,0.417188,0.20196,0.397754,0.216954,0.41731
0.063897,0.815643,0.000503567,0.000377683,0.00069767,0.000996474,0.00137994,0.00177547,0.0033795,0.007145,0.0152477,0.0488017,0.000100717,0.416905,0.994352,1,50.6448,0.31142,0.343403,27.9177,1.13636,64.9967,1.43751,180.113,1.16418,259.282,1.9119,296.685,0.90943,0.193558,0.401126,0.229129,0.458115
0.0626711,0.819599,0.000647819,0.000701776,0.000940409,0.00129373,0.00172529,0.00245457,0.00427418,0.00938576,0.0205893,0.0626337,9.51867e-05,0.399504,0.988199,1,59.9805,0.300343,0.343163,28.6724,1.49017,64.1417,1.22556,179.882,1.38435,260.052,0.843585,297.309,3.38075,0.204969,0.412857,0.221438,0.435627
0.0678375,0.731142,0.000502443,0.000416698,0.000750449,0.0010078,0.00140378,0.00178781,0.00342305,0.007295,0.0160778,0.0508232,0.000102594,0.394752,0.988381,1,70.4015,0.27563,0.346489,28.4796,0.836895,63.4541,1.99151,181.207,5.55965,261.189,0.321121,297.753,1.0547,0.208089,0.409757,0.228475,0.463708
0.0687333,0.731799,0.000592815,0.000468165,0.000755654,0.00109448,0.00156374,0.00199149,0.00386323,0.00785804,0.0178786,0.0561018,0.000109396,0.437943,0.988052,1,70.1988,0.265457,0.35669,28.3022,0.959625,62.8304,1.81621,180.058,3.35804,260.228,0.279148,298.571,3.70631,0.209985,0.413722,0.228286,0.461934
0.054564,0.836829,0.00052531,0.000594615,0.000915262,0.00123296,0.0016517,0.00211926,0.00408997,0.00871582,0.0185726,0.0607807,6.14667e-05,0.42308,0.991621,1,46.0551,0.392852,0.291743,27.8792,1.71276,68.079,1.50066,179.427,0.414378,258.943,2.95488,296.825,0.432397,0.173778,0.36154,0.186751,0.375822
0.058687,0.738229,0.000578843,0.00037699,0.00075451,0.00120899,0.00169322,0.00227478,0.00435854,0.00891197,0.0203206,0.0658442,9.26099e-05,0.440176,0.968935,1,53.812,0.288958,0.298869,28.5124,2.12926,63.3675,2.13427,177.198,0.971212,261.294,0.258106,298.41,3.32379,0.194145,0.392353,0.185787,0.418465
0.0549116,0.823276,0.000418398,0.000364021,0.000716482,0.00104121,0.0014376,0.00191093,0.00356335,0.00760924,0.0164955,0.0526628,7.88569e-05,0.485851,0.99569,1,46.9124,0.391719,0.311375,28.7685,0.540834,62.7601,1.46449,178.159,2.1671,262.875,0.787301,293.855,0.510278,0.215707,0.406116,0.221276,0.442836
0.0550977,0.760296,0.000381208,0.000443198,0.000820305,0.00118884,0.00159808,0.00220931,0.00408883,0.00830376,0.0188926,0.0614468,9.28665e-05,0.469483,0.95114,1,68.2878,0.324019,0.289403,29.1036,1.72391,63.6418,1.45515,177.762,0.967808,261.323,0.269742,296.414,2.10131,0.214445,0.409577,0.203035,0.419189
0.0585387,0.802248,0.000380428,0.000328223,0.000607295,0.001173,0.00154338,0.00210363,0.00394309,0.00825449,0.0180397,0.0570651,7.49831e-05,0.490144,0.954922,1,46.7234,0.35114,0.30692,27.9629,1.0709,64.4965,1.60206,180.915,1.29958,258.361,4.47176,299.833,0.505798,0.188336,0.383001,0.210554,0.424496
0.0527506,0.875681,0.000559302,0.00040192,0.000564556,0.00110378,0.00164603,0.00218167,0.00401262,0.00836496,0.0183238,0.0580407,9.63616e-05,0.515322,0.951868,1,56.3642,0.383528,0.299411,28.3834,1.46751,64.0232,1.59548,178.387,4.04419,258.496,0.646442,300.132,0.680231,0.202685,0.414066,0.235516,0.446216
0.0524173,0.772674,0.000288737,0.000247883,0.000563339,0.00106033,0.00145826,0.00196403,0.00365337,0.00770318,0.0167256,0.0542075,0.000108037,0.578606,0.947498,1,46.8977,0.32924,0.280682,28.741,1.35418,65.5785,2.04016,179.577,2.07416,259.652,0.684453,297.52,1.11308,0.209163,0.406742,0.20983,0.446346
0.0535072,0.727916,0.000621684,0.000466996,0.0008938,0.000983088,0.00137036,0.00177575,0.00334069,0.00692241,0.0156191,0.049504,9.02458e-05,0.307017,0.958763,1,63.3484,0.368356,0.262472,27.9991,1.23158,60.8027,1.07988,177.867,0.686866,260.246,0.475515,296.723,1.31028,0.200042,0.392347,0.20757,0.412147
0.0710199,0.700258,0.00106529,0.000678812,0.00151893,0.00140939,0.00186962,0.00255288,0.00474774,0.00967886,0.0216353,0.0682651,8.32361e-05,0.331518,0.977615,1,48.8877,0.259119,0.337684,27.071,0.506155,65.3097,2.37875,179.773,2.66802,260.577,1.17148,298.316,0.865164,0.185546,0.365458,0.18209,0.394237
0.0568691,0.834748,0.000388765,0.00054597,0.000884595,0.00103231,0.00148832,0.00192745,0.00363097,0.00780487,0.017173,0.053771,9.27063e-05,0.361162,0.956475,1,58.2123,0.4037,0.30907,28.0438,0.694678,60.9248,1.17273,176.581,0.747926,260.306,0.387372,296.626,1.67111,0.212905,0.419302,0.240612,0.453764
0.0571181,0.832579,0.00038412,0.000613468,0.000887467,0.00109245,0.00152573,0.00202976,0.00377829,0.00789989,0.0174298,0.0547701,9.63486e-05,0.389477,0.964928,1,64.2789,0.367373,0.310931,28.0945,0.665895,61.4748,1.21642,176.236,0.725025,260.557,0.388375,296.644,1.87787,0.204295,0.411768,0.239798,0.427249
0.0562096,0.818866,0.000811699,0.000464685,0.00085586,0.00130382,0.00181028,0.00245413,0.00443416,0.00942521,0.0206592,0.0680972,8.37217e-05,0.45926,0.962503,1,56.5069,0.349944,0.307295,28.8035,0.964086,64.8648,0.635836,178.097,0.718337,261.701,1.44146,297.029,1.82705,0.210109,0.402825,0.215736,0.404281
0.0527105,0.877093,0.000704992,0.000521246,0.000927237,0.00137316,0.00193654,0.00263421,0.00484863,0.010033,0.0217332,0.0717588,7.17368e-05,0.451523,0.938473,1,60.5653,0.418924,0.292977,28.5745,0.608153,63.4903,0.947036,176.546,0.795056,260.386,0.397541,297.019,1.70107,0.200755,0.40315,0.195593,0.415873
0.0527095,0.851913,0.00043908,0.000472728,0.000710912,0.00122756,0.00163096,0.0021955,0.00414845,0.00830159,0.0190364,0.0614761,7.36571e-05,0.488331,0.957129,1,53.4172,0.417102,0.292704,28.4957,1.02757,65.0917,0.541527,176.741,2.11138,261.885,0.61113,297.082,0.500523,0.200688,0.394144,0.20629,0.416288
0.0553164,0.820655,0.000626686,0.000472323,0.000850843,0.00121834,0.00173545,0.00227838,0.00428293,0.00928251,0.0200774,0.0655142,8.63734e-05,0.431598,0.979677,1,39.9074,0.346216,0.303072,28.6698,1.87948,64.4002,1.53108,179.938,1.25629,259.782,0.960041,298.173,4.83575,0.204148,0.404508,0.216748,0.424361
0.0499976,0.73264,0.000451354,0.000373262,0.000574683,0.000871132,0.00123246,0.0016991,0.00307364,0.00680272,0.0149647,0.0481288,0.000104668,0.46069,0.998514,1,76.1587,0.342074,0.261497,28.4178,0.713931,64.3102,1.51492,178.023,1.26501,261.332,0.455052,298.437,0.373768,0.205893,0.393853,0.211439,0.433244
0.0537208,0.78514,0.00074873,0.000653886,0.000947281,0.00117749,0.00167549,0.00210721,0.00396549,0.00874241,0.0187662,0.0599898,7.47906e-05,0.360449,0.99207,1,45.6519,0.370197,0.277678,27.6339,0.707763,65.1629,1.37423,178.743,1.24083,258.792,0.347291,296.904,1.76924,0.180532,0.375603,0.191003,0.370218
0.0531027,0.813121,0.000489476,0.000466152,0.000794383,0.00126984,0.00169404,0.00237024,0.00452324,0.00862413,0.0196619,0.0665398,6.83907e-05,0.494823,0.931857,1,56.7131,0.39502,0.27834,28.4457,4.00332,66.0728,0.762482,181.687,3.32165,258.655,0.489317,300.709,0.742739,0.194767,0.388361,0.200007,0.408941
0.0514804,0.899772,0.000582687,0.000410444,0.000703715,0.00141072,0.00203825,0.00269029,0.004828,0.00987735,0.0220218,0.074987,7.06627e-05,0.509704,0.929028,1,53.67,0.408348,0.281895,28.064,4.71506,69.1747,0.694969,178.635,1.78103,260.02,0.320399,299.187,2.15439,0.177496,0.374142,0.174453,0.39146
0.0620366,0.727728,0.000911189,0.000637002,0.0010697,0.00118069,0.00177459,0.00222248,0.00417234,0.00824982,0.0192365,0.059655,6.69917e-05,0.357985,0.949704,1,50.5022,0.375261,0.311317,27.6439,0.329215,60.3496,1.02025,178.987,1.02782,262.093,1.71599,295.358,0.832502,0.21777,0.391796,0.216533,0.407802
0.0640176,0.767545,0.000562209,0.000729907,0.000909864,0.00113384,0.00157864,0.00203861,0.00384179,0.00841825,0.0176237,0.057384,0.000102802,0.387605,0.991133,1,55.5077,0.307876,0.338441,27.4843,0.39503,63.6354,3.14384,179.628,1.0209,260.029,0.297193,298.3,1.55735,0.210634,0.405418,0.230359,0.456407
0.0662062,0.878262,0.000840621,0.00102904,0.00148073,0.00158083,0.00221978,0.00309794,0.00543621,0.0108987,0.0234631,0.0797115,6.65212e-05,0.351122,0.938214,1,52.1267,0.341761,0.357898,28.8673,1.46,65.5055,0.599347,177.651,1.46495,260.097,0.501799,296.839,1.42983,0.199267,0.400107,0.209398,0.402368
0.0519771,0.745055,0.000314036,0.000349682,0.000572889,0.000936574,0.00131319,0.00176135,0.00315789,0.00719129,0.0151784,0.0475757,0.000111081,0.491237,0.972614,1,65.0574,0.334013,0.271327,28.1058,0.54633,63.1522,3.48003,178.771,1.11487,259.092,0.346489,297.376,2.02475,0.202507,0.405034,0.215914,0.433603
0.0536903,0.920259,0.000430653,0.000265072,0.00062954,0.00180128,0.00238785,0.00315199,0.00581613,0.011682,0.026136,0.0847584,5.16195e-05,0.675799,0.867583,1,48.0432,0.482395,0.304359,27.6889,0.488052,65.2682,0.719365,178.349,1.77752,261.545,2.39176,298.509,0.560916,0.201179,0.377512,0.191796,0.392596
0.0586222,0.946524,0.000416028,0.000327938,0.000553568,0.00193417,0.00258711,0.00343769,0.00667146,0.0125821,0.0278347,0.0919902,4.55169e-05,0.682848,0.841347,1,50.6393,0.450756,0.328354,28.0405,0.833873,65.6983,0.605604,179.179,3.21436,260.271,1.60079,299.019,0.504818,0.190695,0.37407,0.181685,0.400326
0.0633629,0.824918,0.000526076,0.000421666,0.000719184,0.00173182,0.00236756,0.00326632,0.00595903,0.0124466,0.0280427,0.0950434,6.0657e-05,0.574932,0.914037,1,53.1274,0.32319,0.334684,27.6748,0.794676,62.6385,1.95924,176.97,1.39263,259.197,0.286563,296.022,0.601029,0.17926,0.375516,0.167487,0.363408
0.0657826,0.787687,0.000521843,0.000411855,0.00065968,0.00181319,0.00248013,0.00327718,0.00639698,0.0129347,0.0292424,0.0966947,5.05799e-05,0.603135,0.930063,1,50.0722,0.314813,0.348215,28.2286,0.966462,62.3515,1.31888,176.749,1.51151,262.77,0.296335,295.937,1.11406,0.192069,0.364337,0.172078,0.363671
0.0501714,0.811324,0.000373682,0.000302128,0.000552082,0.00112193,0.00153876,0.00215202,0.00387333,0.0086887,0.0191413,0.0610751,8.39164e-05,0.603,0.987776,1,63.7196,0.396612,0.289252,28.4225,0.617527,62.7749,0.766659,180.907,0.834032,257.106,1.47791,300.642,1.34237,0.216825,0.410411,0.245802,0.4447
0.0531892,0.747812,0.00053985,0.000426945,0.000733426,0.00113055,0.00153601,0.00204898,0.00369303,0.00783836,0.0174385,0.0571041,8.62386e-05,0.450574,0.978516,1,56.7542,0.333131,0.274134,28.5777,1.67032,64.2155,1.44617,177.229,2.07796,263.682,0.343647,296.703,1.12219,0.195898,0.381,0.183356,0.403954
0.0531027,0.77855,0.000536673,0.000544828,0.000814984,0.00109731,0.00169515,0.00206944,0.00390492,0.00829253,0.0180901,0.0600791,7.85647e-05,0.408773,0.97131,1,64.3684,0.366494,0.275581,28.2929,0.72844,64.7894,1.21874,178.926,1.96476,262.122,0.667539,295.638,1.9499,0.193395,0.387345,0.180597,0.396555
0.0541704,0.774192,0.000575313,0.000564562,0.000831518,0.00110261,0.00169933,0.0020035,0.00390443,0.00828499,0.0183361,0.0599684,7.64846e-05,0.40227,0.956573,1,57.9623,0.358094,0.276453,28.4229,0.691462,64.5161,1.14449,179.184,2.29084,262.197,0.503414,294.966,1.53159,0.192728,0.386156,0.175563,0.38829
0.0603681,0.817328,0.000669843,0.000824952,0.00128312,0.00154313,0.00199682,0.00292655,0.00509886,0.0104486,0.0232928,0.0774994,7.73051e-05,0.348524,0.89547,1,80.512,0.336165,0.30177,28.3877,1.44977,65.4835,2.75527,178.838,3.0157,258.314,0.329567,294.632,0.571921,0.198263,0.403638,0.191895,0.353011
0.0726739,0.790496,0.000725533,0.00060279,0.00108695,0.00136292,0.00182722,0.00258067,0.00456173,0.00944374,0.0212428,0.0658519,7.3009e-05,0.365558,0.957433,1,42.1542,0.28442,0.363723,27.6554,1.2274,64.684,0.717441,179.531,0.649339,261.665,0.648363,299.032,2.1604,0.177532,0.367461,0.185126,0.432899
0.0532311,0.628894,0.00059088,0.00048446,0.00077268,0.00110517,0.00154285,0.00205785,0.00373864,0.00743688,0.0158522,0.0518542,9.61998e-05,0.394864,0.8857,1,58.0958,0.289427,0.227362,28.3736,2.12361,62.8565,0.950883,176.907,2.79646,260.872,0.862329,293.092,0.753334,0.184466,0.377685,0.149362,0.344989
0.0505537,0.819075,0.000465177,0.00046818,0.000682381,0.00112571,0.0015097,0.0020986,0.00373224,0.00797557,0.017991,0.0577876,0.000107979,0.473399,0.972228,1,54.3041,0.368085,0.278836,27.8411,0.954683,62.1439,3.2346,179.584,0.80121,261.844,0.289035,297.454,1.90614,0.204918,0.416209,0.201086,0.423776
0.0514346,0.818957,0.000543821,0.000469649,0.000589711,0.00103152,0.00149017,0.00199392,0.00378479,0.00785421,0.0174998,0.0562744,8.36871e-05,0.481058,0.967483,1,54.6135,0.38941,0.280137,28.5813,1.06922,63.4396,2.39193,178.643,1.08312,262.068,0.467773,297.919,1.19692,0.199842,0.394851,0.19903,0.459973
0.0507503,0.864588,0.000412146,0.000405022,0.000649313,0.00108256,0.00155424,0.00210082,0.00363361,0.00804519,0.0180535,0.0576605,9.21803e-05,0.489552,0.9702,1,56.5724,0.407553,0.287101,28.0411,0.838499,64.0526,2.25235,179.097,0.532452,261.13,0.730847,300.441,0.787144,0.202517,0.400563,0.226268,0.457228
0.0630277,0.708234,0.000740486,0.000579337,0.000818731,0.00111441,0.00152698,0.00208567,0.00352989,0.00685188,0.0153498,0.0485106,9.39546e-05,0.348805,0.88545,1,52.6955,0.298647,0.288488,28.7489,1.36665,63.0466,1.00547,179.989,0.713813,261.043,0.266352,296.783,0.962174,0.201345,0.401787,0.197505,0.396583
0.0553925,0.792346,0.000526005,0.000583882,0.000892026,0.00106733,0.00147175,0.00204334,0.00340146,0.00752991,0.0159094,0.0492851,0.000103196,0.354582,0.923233,1,53.3527,0.344647,0.276832,28.2061,1.6745,65.7355,0.450156,178.362,0.68858,260.502,0.51865,296.518,2.17668,0.19564,0.402189,0.194705,0.415542
0.0510852,0.762541,0.000695555,0.000420412,0.000770642,0.00104145,0.00150739,0.00208832,0.00357022,0.00784884,0.0171725,0.0555022,0.000104951,0.406147,0.991108,1,58.7632,0.346966,0.271465,28.0233,0.626652,62.0414,0.705725,180.626,1.32711,259.836,0.613691,298.864,0.56949,0.208896,0.409737,0.218091,0.437204
0.0567823,0.913341,0.000431671,0.000377052,0.000664016,0.00148004,0.00193823,0.00274285,0.0046299,0.0108488,0.0226842,0.0756844,7.52418e-05,0.571319,0.96742,1,65.536,0.388943,0.339965,28.318,1.93048,63.5041,2.84742,179.421,1.1962,260.944,1.03766,296.402,1.69711,0.210924,0.408835,0.21221,0.435077
0.0517026,0.827471,0.000525445,0.000426176,0.000845682,0.00120446,0.00156453,0.00208114,0.00426751,0.00868821,0.0186158,0.0640056,8.06266e-05,0.430275,0.965176,1,42.9235,0.40736,0.288165,29.1175,0.81937,62.1146,0.657389,178.936,1.4935,258.647,0.609662,297.706,0.978786,0.220998,0.42295,0.238939,0.437432
0.0612327,0.687589,0.00057925,0.000530346,0.000870127,0.00123759,0.00171928,0.00247451,0.00402562,0.00780933,0.0175842,0.0540868,8.83761e-05,0.380847,0.890228,1,45.6791,0.285446,0.27572,28.3953,0.920246,64.8946,0.909999,178.838,1.55302,259.116,0.379189,296.784,0.848411,0.195323,0.38155,0.1875,0.367524
0.0654733,0.710978,0.000661572,0.000614937,0.000916763,0.00127069,0.00171252,0.00217375,0.00436339,0.00830478,0.0175263,0.0577585,8.3801e-05,0.363093,0.884836,1,51.9738,0.280634,0.293643,28.0686,2.16344,64.2194,1.54428,178.606,2.17571,259.536,2.9468,297.014,2.75704,0.183093,0.37264,0.183367,0.376503
0.0509184,0.743463,0.00066276,0.00073129,0.00111095,0.00119739,0.00169296,0.00237359,0.00405331,0.00799293,0.017637,0.0597319,8.41719e-05,0.312258,0.913078,1,52.1769,0.370549,0.245205,28.8512,1.80069,63.9167,0.747525,177.773,0.60543,260.49,0.415183,297.179,1.40113,0.204073,0.400423,0.191423,0.386796
0.0532884,0.802023,0.000751308,0.000901055,0.00121185,0.00133169,0.00182052,0.00238282,0.00442772,0.0081454,0.0182511,0.0619145,6.84364e-05,0.334283,0.895445,1,53.9074,0.413352,0.261663,28.6859,1.07416,64.2289,1.40704,179.123,0.46991,259.642,0.335492,293.458,3.86737,0.194046,0.392552,0.183925,0.364246
0.0563767,0.776123,0.000338016,0.000390634,0.000592857,0.000805608,0.00107993,0.00147844,0.00266241,0.0054914,0.0120492,0.0348786,0.000134077,0.399346,0.942692,1,52.1958,0.343542,0.285667,27.7759,1.48149,62.7649,1.42278,178.701,1.10818,260.295,0.668433,300.781,0.365558,0.200929,0.415735,0.239598,0.53015
0.0510747,0.761358,0.000737776,0.000519192,0.000920241,0.00133409,0.00175317,0.00238897,0.0045359,0.00877585,0.0185161,0.0610775,9.12276e-05,0.401819,0.875029,1,50.1309,0.348299,0.248112,29.4027,1.0967,64.5548,1.97826,179.572,0.453504,258.405,0.906019,297.361,1.08578,0.209836,0.416853,0.198097,0.419865
0.0595374,0.765502,0.00038961,0.000398424,0.000584453,0.000906311,0.00122242,0.00167421,0.00310982,0.00609095,0.0137384,0.0418323,8.90353e-05,0.417262,0.951557,1,61.3096,0.345724,0.296837,27.8198,1.21262,63.8412,1.53027,179.935,2.61556,258.506,0.417718,298.783,1.83168,0.187643,0.387213,0.22007,0.454483
0.0589852,0.788422,0.000953458,0.00101661,0.00151418,0.00127934,0.00174515,0.00237807,0.00446689,0.00861678,0.0190237,0.0624109,9.50222e-05,0.262173,0.913199,1,57.8669,0.335249,0.297436,29.1501,1.15003,63.5275,0.97162,178.216,0.419338,261.958,0.558997,295.173,0.863422,0.224859,0.424319,0.21255,0.418959
0.0527468,0.786423,0.000728715,0.000590521,0.000915729,0.00101822,0.00146438,0.00189912,0.00339073,0.00685073,0.0146894,0.0472228,0.000111588,0.326753,0.92065,1,44.8945,0.371041,0.268514,28.8995,0.987007,64.1705,1.18498,180.194,0.676731,262.497,1.70965,295.918,2.47137,0.224505,0.423459,0.215296,0.437223
0.051433,0.765382,0.000500996,0.000466214,0.000666573,0.000875543,0.00117943,0.00158554,0.00281336,0.00610151,0.0132268,0.0407732,0.000120186,0.356146,0.981944,1,73.8206,0.348711,0.266693,28.4736,1.18489,62.9451,1.21656,177.954,2.24521,258.182,0.289433,298.846,0.490281,0.201579,0.418551,0.231096,0.470915
0.0565226,0.742868,0.0007435,0.000662177,0.00117669,0.00109669,0.00154686,0.00221751,0.00379653,0.00822347,0.018403,0.0589478,0.000105555,0.3325,0.989608,1,44.8036,0.320021,0.298954,28.8014,0.439341,62.1706,1.20127,181.21,0.874699,259.368,1.69356,299.555,1.5642,0.228873,0.430439,0.243968,0.475113
0.058485,0.826925,0.000568621,0.000429602,0.0007766,0.00111489,0.00151788,0.00211746,0.00373149,0.00712113,0.0159586,0.0491064,9.87511e-05,0.367268,0.888007,1,70.2171,0.361685,0.29083,27.9609,5.83032,65.1039,2.14869,178.017,0.685852,258.961,0.28548,297.196,0.801676,0.192289,0.404063,0.206415,0.416548
0.0621755,0.800219,0.000578138,0.00076764,0.00111668,0.00148513,0.00203861,0.00275742,0.00497132,0.00889816,0.0185401,0.0582833,7.18858e-05,0.316318,0.784496,1,39.509,0.42277,0.284737,28.5033,0.409732,62.9802,1.41403,179.654,3.29458,262.621,1.12309,296.678,2.03423,0.225541,0.411759,0.206734,0.417183
0.0693893,0.855815,0.00093137,0.000554529,0.00111319,0.00111902,0.00157935,0.00211641,0.0037861,0.00662377,0.0142134,0.0427909,8.68612e-05,0.296549,0.814819,1,59.5556,0.402107,0.334324,28.5599,0.629573,62.7017,1.48851,177.399,0.718014,262.918,0.256777,295.344,0.772318,0.221673,0.422133,0.240463,0.467144
0.0711728,0.6973,0.000806921,0.000674091,0.00114261,0.00143194,0.00184582,0.00258451,0.00460754,0.00777862,0.0160837,0.0514575,6.18134e-05,0.286495,0.783043,1,49.0141,0.309939,0.281364,28.1522,1.02651,66.0654,0.930175,180.525,3.00215,257.378,1.84061,298.142,0.772572,0.182701,0.364702,0.183989,0.354767
0.0720761,0.734889,0.000601138,0.000535801,0.000945163,0.00120609,0.00154986,0.00216193,0.00393432,0.00716372,0.0152894,0.0467923,7.66086e-05,0.351346,0.835642,1,53.8019,0.309624,0.316963,27.9732,0.579843,63.7961,1.56025,179.03,0.499653,261.38,0.261062,297.942,1.26411,0.192417,0.375055,0.203652,0.402537
0.0668332,0.803291,0.000656683,0.000567402,0.000962491,0.00134256,0.00195331,0.00257266,0.00460156,0.0084987,0.0186652,0.0555225,9.18843e-05,0.35162,0.834843,1,43.9378,0.314599,0.307847,27.5837,1.12144,64.8282,1.16311,177.661,3.2937,260.343,0.252746,297.777,0.754888,0.180941,0.388168,0.178959,0.402613
0.0731055,0.787699,0.000632146,0.000602292,0.000824336,0.00130334,0.00173102,0.0023071,0.00433623,0.00787667,0.0164554,0.050837,7.47433e-05,0.34556,0.855616,1,41.7948,0.320479,0.340043,28.0467,1.06566,64.199,4.05105,179.748,1.6842,260.235,0.292452,300.991,1.99074,0.193493,0.381627,0.217138,0.446569
0.070771,0.795835,0.000739208,0.000706865,0.00125204,0.00142458,0.00187952,0.00254444,0.00451383,0.00813216,0.0175594,0.053808,7.20543e-05,0.329965,0.80153,1,50.4964,0.33632,0.316915,28.2084,0.880835,64.0444,2.79314,179.771,1.2144,260.724,0.303391,301.242,1.78638,0.196107,0.38931,0.200221,0.451768
0.0578065,0.784262,0.000507101,0.00057252,0.000824443,0.00111879,0.00162972,0.00222647,0.00381799,0.00714127,0.0157056,0.049364,9.54603e-05,0.371613,0.849467,1,69.0291,0.358189,0.274929,28.4914,1.2141,62.9939,0.860715,179.044,1.34922,262.796,0.273847,296.491,0.429324,0.205796,0.408513,0.190254,0.427711
0.0659126,0.719238,0.000670269,0.000454097,0.000718769,0.00140409,0.00178853,0.00250618,0.00437806,0.00895294,0.0194028,0.0605789,7.56709e-05,0.450123,0.881242,1,71.8248,0.314915,0.308596,27.4932,0.418677,63.5159,0.744267,179.542,1.24801,260.994,0.420669,294.858,0.974567,0.198884,0.378945,0.18615,0.378207
0.0647737,0.762992,0.000563887,0.000576835,0.00088161,0.00134783,0.00178196,0.00234642,0.00460051,0.0086877,0.018575,0.0591497,7.49541e-05,0.397511,0.866752,1,54.8859,0.337359,0.310036,28.3265,0.455859,63.1188,1.25467,178.6,2.14432,258.702,0.441963,294.099,1.61874,0.205668,0.399353,0.213317,0.373233
0.0537875,0.791489,0.000425546,0.000385241,0.000512713,0.00111134,0.0016071,0.00208849,0.00411661,0.00724295,0.0157717,0.0484982,7.28383e-05,0.480786,0.819746,1,55.7685,0.439553,0.255539,28.4614,0.860197,63.792,1.29958,179.014,1.22101,262.024,0.40723,298.362,0.940666,0.201103,0.391962,0.192188,0.414932
0.0527355,0.776776,0.000376241,0.000254704,0.000539946,0.00108198,0.00140991,0.00196734,0.00346237,0.00681788,0.0146804,0.0458756,7.01383e-05,0.4783,0.878484,1,62.9912,0.451904,0.256247,27.6853,0.551595,62.6319,1.23292,177.627,1.04615,259.669,0.426853,297.658,0.876553,0.187027,0.377571,0.204432,0.389793
0.0590724,0.760984,0.000702335,0.000612714,0.000795798,0.00121704,0.00161663,0.0023011,0.00436034,0.0091145,0.0202293,0.0688742,0.000126372,0.445851,0.996361,1,46.5825,0.260981,0.317567,28.6999,1.3054,65.5059,1.199,179.679,1.55659,259.365,0.750135,296.631,1.67567,0.211123,0.420105,0.208265,0.427358
0.078384,0.845888,0.000669857,0.000485886,0.00099364,0.00174193,0.00229447,0.00326225,0.00588648,0.0113267,0.0251239,0.0778733,7.56372e-05,0.483841,0.875522,1,64.314,0.312151,0.413535,27.7778,0.366344,61.2362,1.22006,177.233,0.377638,259.405,0.272595,298.321,1.32575,0.213226,0.412173,0.231401,0.439767
0.0534768,0.766017,0.000613366,0.000560143,0.00102612,0.0011677,0.00164233,0.00226425,0.00411793,0.00852011,0.0189734,0.0602141,7.16573e-05,0.344549,0.946025,1,45.8347,0.394721,0.270054,28.213,0.693776,63.6989,2.10819,181.748,4.51856,261.417,3.00684,298.926,0.715834,0.20928,0.393196,0.203764,0.405355
0.0534881,0.788644,0.000800893,0.000695555,0.000975159,0.00120966,0.00159923,0.00240853,0.00424978,0.00912304,0.0192959,0.0620158,7.36508e-05,0.391116,0.945147,1,55.9689,0.39432,0.27741,28.3802,0.520031,63.286,2.52052,181.24,4.02577,260.854,2.77329,298.379,0.660959,0.207802,0.400065,0.196517,0.425137
0.0757141,0.877433,0.00109681,0.000826275,0.00119406,0.00162724,0.00214438,0.00305752,0.00558191,0.0118729,0.0252014,0.0816403,8.05655e-05,0.377654,0.939425,1,49.7069,0.300689,0.410365,28.0293,2.89164,65.6909,0.325782,178.506,0.43104,259.777,0.428162,298.165,2.52765,0.200472,0.399835,0.218504,0.428792
0.0769629,0.836374,0.00135067,0.0010276,0.00164884,0.00169407,0.00236458,0.00336168,0.00626685,0.0122952,0.0260104,0.0852885,6.53007e-05,0.326846,0.906542,1,66.8443,0.31095,0.395356,28.2528,0.664115,63.3221,2.36985,182.158,0.27148,259.023,1.00767,298.665,0.7138,0.209732,0.408747,0.21048,0.433969
0.075328,0.823789,0.00100377,0.00105568,0.00157415,0.00165406,0.0022394,0.00286309,0.00584151,0.0111259,0.0241975,0.077864,6.18981e-05,0.308692,0.939189,1,64.7696,0.317407,0.393041,28.5698,0.577969,63.3178,1.3329,182.377,0.26678,259.886,1.2879,298.231,0.66131,0.212188,0.404393,0.22945,0.408412
0.064334,0.927374,0.000917032,0.000834287,0.00138269,0.00139837,0.0019947,0.0027233,0.00490494,0.00974717,0.0211462,0.0679961,7.30988e-05,0.349492,0.932079,1,58.0768,0.405838,0.362169,28.4358,0.710708,63.8139,1.10558,182.205,0.272156,257.729,0.504877,297.252,4.0183,0.217986,0.427372,0.250024,0.436891
0.0552575,0.815547,0.000760234,0.000782827,0.00119292,0.00122335,0.00161922,0.0020959,0.00384376,0.00846175,0.0187636,0.0594066,9.53003e-05,0.323237,0.993681,1,45.3733,0.338258,0.300356,29.0445,1.50577,66.0166,1.39851,181.582,0.301773,259.969,0.381202,295.494,0.368044,0.215205,0.420414,0.207232,0.428754
0.0590315,0.777516,0.00068712,0.000595933,0.000812006,0.000962099,0.00138957,0.00196754,0.00349301,0.00736012,0.0163134,0.0527193,0.000102927,0.352065,0.987432,1,81.8331,0.332203,0.312433,28.1358,0.666601,62.8955,1.57483,178.951,0.271628,259.939,1.588,300.769,2.84605,0.210769,0.414076,0.242823,0.493402
0.0624366,0.851087,0.000777542,0.000793843,0.00103753,0.00137348,0.00185933,0.002576,0.00472029,0.00972256,0.0217639,0.0690312,8.3783e-05,0.378274,0.982174,1,57.0394,0.330911,0.347716,28.7136,2.65909,64.114,1.34819,179.937,0.581409,259.621,0.333481,293.932,0.546288,0.2094,0.416897,0.208398,0.420384
0.0511481,0.701901,0.000875132,0.000761391,0.000978401,0.000987391,0.00136966,0.00192199,0.00351645,0.00709109,0.0152098,0.0495116,8.24723e-05,0.279827,0.945741,1,52.5104,0.371826,0.239116,28.0637,0.662757,64.4807,1.76929,176.896,3.22602,262.462,0.482487,298.717,0.938966,0.195135,0.371531,0.18269,0.410923
0.0510031,0.702702,0.000402242,0.00045614,0.000579269,0.000824424,0.00114252,0.00157499,0.00287675,0.0061131,0.0133707,0.0418234,0.000125476,0.438647,0.9786,1,61.0771,0.313738,0.254111,28.3662,4.72004,64.2186,0.785501,181.039,0.550392,257.403,0.548581,295.992,1.53629,0.201448,0.408097,0.212223,0.429174
0.0509386,0.661376,0.000358861,0.000462109,0.000628568,0.000819351,0.00116003,0.00151254,0.0027603,0.00590471,0.0131716,0.0413829,0.000139941,0.358509,0.99067,1,59.149,0.279241,0.243281,28.5214,2.33413,63.6097,0.735055,181.252,0.700281,258.151,0.697764,298.534,0.598652,0.196536,0.406454,0.215284,0.400091
0.0535789,0.864092,0.000268582,0.000450709,0.000567639,0.00115312,0.00169804,0.00213233,0.00401507,0.00777307,0.0171223,0.053898,8.39481e-05,0.535116,0.877686,1,48.8242,0.413679,0.288273,29.2084,0.825003,62.3141,2.35124,176.62,2.38751,261.096,0.649756,298.236,2.40153,0.20543,0.413135,0.224965,0.443249
0.0583369,0.724885,0.000786054,0.000407552,0.000659616,0.000963643,0.00128157,0.00168245,0.00313897,0.00619366,0.0136609,0.0419842,9.75535e-05,0.38556,0.931043,1,58.8857,0.335505,0.279785,27.9103,0.982697,63.6238,1.0106,178.288,0.699172,259.553,0.326141,297.336,0.559173,0.196966,0.389181,0.205009,0.44
0.062072,0.756983,0.000522627,0.00100808,0.00106079,0.0010765,0.00156539,0.00216456,0.00387066,0.00752457,0.0162558,0.0506968,0.000113365,0.293948,0.894604,1,55.2654,0.288159,0.300147,29.2611,1.17569,62.6146,1.92037,180.495,1.12077,261.027,0.668017,297.88,0.720232,0.216841,0.428008,0.216881,0.452758
0.0611611,0.691193,0.000967315,0.000482546,0.000989547,0.000955976,0.00119786,0.00156962,0.00302442,0.00599287,0.0127136,0.0397268,0.000113383,0.269645,0.925047,1,51.1016,0.287164,0.282493,29.0996,1.99314,62.0216,1.19804,179.069,2.10677,257.973,1.5762,298.549,0.704359,0.203367,0.416331,0.237879,0.444505
0.0594921,0.671269,0.000618021,0.000688469,0.000916128,0.000943917,0.00127648,0.00189695,0.00329525,0.00643801,0.0142733,0.0437828,0.00014746,0.306545,0.901664,1,52.9828,0.262923,0.274357,28.9962,2.93497,61.1989,3.28323,178.972,4.3839,259.269,1.22308,298.85,0.858376,0.219808,0.430918,0.23999,0.445867
0.0483211,0.714475,0.000600808,0.000547458,0.000725687,0.000862136,0.00120304,0.00174007,0.00317571,0.00641177,0.0134983,0.0426201,8.37519e-05,0.364846,0.929867,1,57.1275,0.397717,0.224665,27.942,0.628718,65.6155,0.695696,179.61,0.346712,261.982,0.471473,297.121,2.3168,0.182859,0.369763,0.166126,0.391933
0.049565,0.731732,0.000482979,0.000458209,0.000645005,0.000788194,0.00109716,0.00141545,0.00261006,0.00533519,0.0120773,0.0371241,0.000131676,0.357739,0.990581,1,63.2638,0.340184,0.248733,28.1009,1.36891,63.7336,0.602083,179.722,4.33053,258.716,0.332026,297.209,0.393765,0.192005,0.409626,0.215687,0.45248
0.0632534,0.816122,0.000822394,0.000743163,0.00103014,0.00117764,0.00162454,0.00221211,0.00408289,0.00849933,0.0183079,0.0595184,9.47345e-05,0.350688,0.974525,1,67.4618,0.337721,0.343479,28.1999,0.537977,62.1602,2.45745,179.474,0.456863,261.448,1.28742,298.074,0.833662,0.218594,0.417233,0.245079,0.457479
0.0634546,0.894623,0.000520625,0.000546875,0.000747373,0.00148274,0.00205465,0.00259883,0.00484422,0.010159,0.0224132,0.0679877,7.60885e-05,0.492221,0.915836,1,48.0436,0.361239,0.354836,28.9555,1.56644,65.5034,0.446796,178.718,1.37142,258.946,0.394025,297.638,1.05929,0.214794,0.413469,0.229866,0.443107
0.0721394,0.762101,0.000623071,0.000491403,0.000809997,0.00118713,0.00164501,0.00213618,0.0039281,0.00787357,0.0170509,0.0554757,9.47122e-05,0.406487,0.933243,1,60.2086,0.278987,0.361255,28.3836,0.617956,63.7259,0.360362,179.4,2.09277,262.355,1.01166,297.072,1.56721,0.203924,0.401363,0.217693,0.443087
0.0535909,0.874717,0.00066386,0.000725174,0.000921394,0.00123522,0.00170846,0.00237185,0.00426106,0.0092454,0.0208884,0.0644888,6.84024e-05,0.392819,0.978998,1,51.0202,0.458123,0.310874,29.1446,0.654964,61.3536,0.293532,177.34,0.519999,260.079,0.280533,297.197,1.55513,0.22531,0.427856,0.240211,0.455817
0.0560922,0.861853,0.000530484,0.000390734,0.000758532,0.00111625,0.00153466,0.00199772,0.00384407,0.00799484,0.0174851,0.0577718,0.000105639,0.448364,0.977335,1,69.7969,0.354794,0.322904,28.9179,0.804733,63.6178,0.296606,181.131,3.63466,261.864,2.93619,297.926,1.69708,0.224017,0.437637,0.238273,0.486786
0.0627008,0.775579,0.00054511,0.000464534,0.000871813,0.00115303,0.00166884,0.00220663,0.00393652,0.00809471,0.0176929,0.0570716,8.42223e-05,0.389511,0.956445,1,58.1621,0.321987,0.317064,27.618,1.27548,64.3214,0.654561,178.354,0.461818,259.013,0.292804,298.74,0.358988,0.190912,0.384383,0.207595,0.413882
0.0587223,0.867567,0.000634407,0.000723623,0.000978595,0.00145138,0.00200028,0.0026439,0.00502051,0.00975064,0.0211948,0.0684138,7.04047e-05,0.411084,0.926283,1,45.7968,0.377031,0.319402,29.0283,3.52111,62.7336,1.62542,177.394,0.944051,261.108,0.272509,298.595,0.327886,0.205519,0.410383,0.200681,0.447729
0.0532934,0.865755,0.000443491,0.000475643,0.000592123,0.0013684,0.00185241,0.00248325,0.0046372,0.00987222,0.021877,0.0701337,8.09373e-05,0.557767,0.946319,1,62.9095,0.3925,0.308002,28.7288,0.551544,62.9135,1.27994,180.83,1.67059,260.301,1.26308,296.921,0.388539,0.222156,0.420573,0.22376,0.427856
0.0477316,0.833614,0.000479695,0.000371833,0.000655346,0.00123991,0.00168288,0.00226635,0.00412855,0.00837426,0.0184392,0.0612742,7.97975e-05,0.504558,0.914908,1,46.3408,0.458658,0.258846,28.5958,0.933498,61.9327,2.25544,176.551,1.34798,260.46,0.697414,299.161,1.06277,0.210445,0.40817,0.217712,0.43642
0.0548023,0.832516,0.000620863,0.000496961,0.000711535,0.0010859,0.00151312,0.00199742,0.00380607,0.00820008,0.0180228,0.0575405,0.000103557,0.45868,0.991445,1,65.2508,0.342019,0.306022,28.3407,0.949914,64.4434,0.855172,181.721,0.785067,259.453,0.290548,297.974,1.51308,0.203737,0.417172,0.220832,0.428411
0.0605934,0.825426,0.000393474,0.000396357,0.00078284,0.00107982,0.00144902,0.00187313,0.00361511,0.00778233,0.0169951,0.0531894,8.15836e-05,0.426464,0.998025,1,50.7409,0.361673,0.331884,27.916,0.839302,66.1239,0.685062,179.982,1.33036,261.623,0.451709,295.424,0.574927,0.203167,0.389679,0.2167,0.432924
0.0546378,0.864585,0.000734296,0.000486207,0.00100638,0.00113584,0.00166563,0.00206524,0.00401361,0.00799023,0.0176975,0.0573094,7.77665e-05,0.366485,0.953459,1,51.8155,0.40583,0.299457,29.2874,1.31722,64.3693,3.92377,177.155,0.914415,261.507,1.4151,298.835,0.799964,0.205855,0.407978,0.228333,0.441957
0.0544961,0.86229,0.000596943,0.000807854,0.000939548,0.0012141,0.00158292,0.00218809,0.00384071,0.00780153,0.017411,0.0553214,9.05873e-05,0.355498,0.923908,1,74.783,0.414009,0.29205,28.4457,0.795938,62.201,1.90863,175.147,0.478392,263.044,0.831817,298.608,0.388394,0.207403,0.410958,0.21982,0.451438
0.0602028,0.752608,0.000733673,0.000459211,0.000831739,0.00111621,0.00162625,0.00218775,0.00398631,0.00880997,0.0190594,0.0613762,8.95736e-05,0.4012,0.989103,1,58.3497,0.305774,0.313449,28.3046,0.791079,63.6309,1.04642,179.532,0.625676,260.495,0.323134,296.043,0.293137,0.202705,0.398446,0.203732,0.405536
0.0574953,0.794837,0.000344145,0.000278272,0.00052326,0.000876052,0.00119506,0.00156881,0.00285061,0.00589484,0.0134785,0.0405193,0.000117777,0.443404,0.961196,1,58.4133,0.328406,0.2981,27.9949,1.01745,66.6935,0.796171,178.825,2.54653,261.617,0.545535,296.579,3.23154,0.192483,0.401233,0.215437,0.468256
0.0501993,0.845902,0.000408855,0.000314843,0.000637665,0.000928696,0.00124867,0.00177042,0.0031537,0.00700719,0.0147554,0.0463336,9.7343e-05,0.442768,0.972031,1,48.3764,0.423099,0.281385,28.9566,1.60042,63.5437,3.74574,180.01,1.11206,259.532,0.931814,297.768,0.407121,0.213807,0.4287,0.23781,0.479775
0.0497661,0.853154,0.000450438,0.000338616,0.000628757,0.000927277,0.00127305,0.00176957,0.00322421,0.00701956,0.0149,0.0470221,0.000103677,0.411363,0.979763,1,48.418,0.404116,0.279494,29.0377,1.25875,63.9724,3.76144,180.277,0.931481,259.351,0.972152,297.615,0.436036,0.212849,0.428061,0.234213,0.484549
0.0511658,0.807664,0.000537784,0.00032027,0.000609392,0.0010575,0.0014766,0.00211226,0.00354816,0.00756028,0.0167021,0.0526746,9.76043e-05,0.436043,0.927424,1,74.3043,0.383969,0.269655,28.8024,1.79671,64.0126,0.448955,177.81,2.27139,261.103,0.423131,297.912,2.38706,0.210907,0.411982,0.227328,0.418869
0.0542044,0.803083,0.000739912,0.000535478,0.000928266,0.00139121,0.00194101,0.00247758,0.00499829,0.00949025,0.0210799,0.0691232,5.69721e-05,0.461091,0.907334,1,44.5917,0.420082,0.27123,27.7825,0.775093,66.372,3.44048,180.171,0.414972,258.305,0.543404,298.445,0.808184,0.184024,0.369784,0.179653,0.378596
0.0577134,0.69749,0.000369627,0.000416094,0.000658883,0.00120815,0.00162838,0.00222052,0.0041363,0.00830004,0.018336,0.0596451,6.96764e-05,0.469907,0.918271,1,62.5437,0.348789,0.272607,27.3742,0.501852,62.4217,0.575716,178.605,1.7979,259.189,0.279433,296.94,0.539665,0.190009,0.369002,0.186481,0.380491
0.065225,0.657874,0.00048347,0.000400953,0.00066941,0.00117531,0.00167435,0.00226468,0.00415752,0.00843139,0.018353,0.0593157,8.66213e-05,0.467304,0.917655,1,48.6983,0.268187,0.297811,27.6121,0.735266,63.3929,0.920073,178.037,1.15494,260.817,1.6177,297.102,2.8279,0.193092,0.366589,0.184953,0.374563
0.0461805,0.868794,0.00055245,0.000546679,0.000793373,0.0011995,0.00175944,0.0023577,0.00431144,0.00919731,0.0204151,0.0683836,6.55098e-05,0.457258,0.984711,1,59.1737,0.485385,0.258851,28.1609,1.66222,66.3976,2.01347,179.545,1.11352,259.309,0.317453,297.627,0.808443,0.186275,0.386682,0.180509,0.405815
0.0486947,0.802924,0.000531485,0.000442672,0.000733994,0.00154278,0.00192633,0.002682,0.00500785,0.0101239,0.0225022,0.0770335,5.35317e-05,0.508348,0.926514,1,41.2387,0.446774,0.251988,28.3794,7.48108,65.2067,2.48716,178.931,1.49861,257.95,0.859819,297.292,3.55638,0.188198,0.371196,0.181261,0.353315
0.0533767,0.829122,0.000405643,0.000440353,0.000728764,0.00105299,0.00146287,0.00202604,0.00371231,0.00796767,0.0178246,0.0574451,7.20382e-05,0.474168,0.990531,1,75.807,0.422524,0.291576,27.119,0.393567,66.7382,0.595815,179.774,1.57403,262.676,0.304016,296.895,0.446502,0.188346,0.374626,0.17892,0.417032
0.0476692,0.780427,0.000455072,0.000352839,0.000562395,0.00108693,0.00147249,0.00195603,0.00374539,0.00770362,0.0166573,0.0536166,7.50003e-05,0.532608,0.930008,1,51.1873,0.429595,0.247289,28.3626,1.18322,63.4488,0.729891,177.437,2.58915,261.74,0.315281,296.523,0.504687,0.194488,0.381523,0.185476,0.391952
0.0556811,0.800054,0.00030065,0.000276165,0.000539704,0.00109874,0.00151721,0.00211606,0.00379501,0.00736065,0.0164806,0.0513279,8.22866e-05,0.512679,0.903219,1,54.7125,0.376156,0.281106,27.5502,0.612813,64.9358,4.78257,179.14,0.943948,259.665,0.780199,297.268,1.73423,0.187176,0.37677,0.203092,0.390143
0.0534709,0.781145,0.000391478,0.000303881,0.000489182,0.00109978,0.00145961,0.00196351,0.00371087,0.00713961,0.015003,0.0469429,8.73427e-05,0.552668,0.870372,1,58.9604,0.375715,0.263291,28.0133,1.3028,65.2728,1.07043,178.682,2.11086,260.574,1.53032,298.871,1.19331,0.190184,0.381733,0.196202,0.405681
0.0610298,0.759908,0.000409393,0.000363906,0.000675827,0.00118207,0.00166425,0.00228816,0.00396094,0.00737316,0.0164559,0.0509387,9.99489e-05,0.419756,0.850846,1,88.7547,0.315586,0.290701,29.042,1.9013,63.7419,0.972892,179.183,1.05887,258.576,0.679295,297.275,1.24365,0.211651,0.417352,0.220636,0.420439
0.0563632,0.747622,0.000492592,0.000466428,0.000894338,0.00103792,0.00146086,0.00186539,0.00320807,0.00648588,0.0139997,0.044562,8.06659e-05,0.33247,0.909877,1,38.6126,0.375223,0.264545,27.9422,1.08489,63.4715,2.09985,177.698,2.13939,262.354,0.837607,297.627,1.29604,0.186884,0.370942,0.199555,0.390446
0.0571086,0.762412,0.000723869,0.000485412,0.000767081,0.000928103,0.00130462,0.00168912,0.00328949,0.00618663,0.0128747,0.0410399,9.36229e-05,0.341807,0.890365,1,51.92,0.357185,0.264825,27.7358,1.27652,65.574,3.57431,178.002,1.88837,262.042,0.693705,297.399,2.08966,0.181519,0.37464,0.185736,0.415454
0.0575838,0.773526,0.000622865,0.000640499,0.000993123,0.00117044,0.00160305,0.00215438,0.00370252,0.00722023,0.0161952,0.0490842,8.38884e-05,0.332805,0.876502,1,52.2413,0.354398,0.269081,28.2159,2.3256,65.6566,3.41981,180.932,1.83367,259.368,0.511734,297.34,1.37814,0.193445,0.384711,0.19352,0.37845
0.0605754,0.696037,0.000417746,0.000350027,0.000647952,0.00142819,0.00190156,0.00245766,0.00491695,0.00907538,0.0210732,0.0652134,7.40216e-05,0.524645,0.879389,1,49.129,0.30446,0.282365,27.7845,0.571774,62.2255,0.638554,176.906,0.717838,259.834,0.412342,297.3,0.639162,0.188649,0.37755,0.177155,0.38121
0.0627579,0.819359,0.000583496,0.000553368,0.000788757,0.00112743,0.00152458,0.00201019,0.00362531,0.00747886,0.0163809,0.0505341,0.000117455,0.376865,0.937657,1,60.3012,0.324224,0.333923,28.3222,0.728249,62.506,3.23059,180.414,1.79316,259.656,0.537525,297.653,2.18064,0.2188,0.439253,0.250264,0.489435
0.0621848,0.82254,0.000608285,0.000467911,0.0006997,0.00103835,0.00140723,0.00183038,0.00355614,0.00743654,0.0156941,0.0476828,0.000106491,0.395859,0.944871,1,70.7494,0.334073,0.333605,28.6841,0.817501,63.8527,1.2106,180.952,1.46829,261.767,0.644096,299.524,2.02023,0.224482,0.42448,0.257166,0.514614
0.0541902,0.752623,0.000848357,0.000727527,0.00118737,0.00137992,0.00186223,0.00256702,0.00448454,0.00974022,0.0212119,0.0727109,7.47736e-05,0.363545,0.978105,1,42.332,0.32108,0.276641,28.7917,2.36178,62.7595,0.742725,178.013,1.18506,259.536,0.421429,295.878,0.838042,0.193822,0.390847,0.183377,0.376226
0.0581397,0.788922,0.000938941,0.000632547,0.00104597,0.0012158,0.00161933,0.00233205,0.00414376,0.00866705,0.0197684,0.062893,9.01069e-05,0.36486,0.995052,1,70.8264,0.347489,0.314865,27.7841,0.396289,63.6274,0.950792,180.291,2.30299,260.783,0.510661,299.9,0.674346,0.218134,0.405477,0.232367,0.441574
0.0590094,0.819925,0.000419945,0.000515723,0.000760003,0.00125784,0.00174732,0.00231946,0.00416919,0.00887661,0.0190754,0.0612078,7.45415e-05,0.468188,0.987106,1,59.7928,0.347653,0.321246,27.9963,0.983196,64.033,0.920144,178.089,0.763307,258.666,0.65947,301.231,0.269691,0.188369,0.384204,0.217316,0.424973
0.0591857,0.76987,0.00064645,0.000495796,0.000807605,0.00117875,0.00165261,0.00230477,0.00413035,0.00859427,0.0192781,0.0612156,0.000100622,0.451605,0.97106,1,48.877,0.291498,0.310807,28.6666,1.72485,65.2367,3.66743,181.629,0.669406,260.293,0.386996,298.119,0.522741,0.205173,0.406182,0.203035,0.42438
0.0526982,0.727764,0.000442747,0.00045919,0.000800183,0.00105061,0.00143084,0.00183589,0.00352799,0.00742157,0.0164357,0.0520412,8.73202e-05,0.417972,0.976174,1,39.6517,0.348192,0.265307,27.959,0.775728,62.4156,1.59369,177.545,0.43654,261.234,0.32464,296.816,0.52588,0.193834,0.381697,0.193429,0.397511
0.0545294,0.770302,0.000746877,0.0005758,0.000852946,0.00125729,0.00175958,0.00222366,0.00431351,0.00866009,0.0191948,0.0633832,6.88509e-05,0.429912,0.939046,1,74.7809,0.35977,0.272665,28.335,2.87704,64.5403,1.61676,178.842,0.469091,258.773,1.03724,297.956,1.26052,0.18415,0.377206,0.190367,0.38378
0.0540209,0.798323,0.000505022,0.000287598,0.000580702,0.000888846,0.00129124,0.00179762,0.003241,0.00654853,0.0142202,0.0429493,9.45786e-05,0.437735,0.938418,1,42.1523,0.398178,0.279472,27.709,0.636117,62.4399,1.23044,177.994,0.992738,261.341,0.351611,295.285,1.46925,0.197359,0.395091,0.212364,0.421171
0.0590445,0.763764,0.000441004,0.000369687,0.000711261,0.00124459,0.00180793,0.00250709,0.00476081,0.00841724,0.0176014,0.0574026,6.28612e-05,0.435001,0.82618,1,69.6106,0.385829,0.268861,27.8947,0.649468,64.4106,1.06484,181.155,0.474925,260.933,0.622687,297.947,0.523259,0.192673,0.372539,0.17865,0.376967
0.0554596,0.882611,0.000750838,0.000645587,0.00102829,0.00163594,0.00210087,0.00266885,0.00521401,0.00942063,0.0213734,0.0701739,5.07711e-05,0.41463,0.874499,1,74.6556,0.49256,0.283641,27.8787,0.695672,65.9798,1.94374,176.639,0.596752,260.22,0.566696,298.347,0.285661,0.182361,0.370409,0.177754,0.39129
0.0620114,0.697193,0.000518821,0.000403739,0.000656996,0.000917153,0.00130228,0.00177882,0.00338062,0.00650163,0.0142275,0.0429967,0.000152431,0.372106,0.890745,1,36.2306,0.253148,0.29109,29.1403,1.27956,63.5126,0.844443,178.762,1.85027,262.053,0.596981,293.641,1.25091,0.21895,0.429174,0.203157,0.437161
0.0642098,0.732135,0.000525225,0.000586208,0.0008333,0.00114747,0.00149552,0.00205206,0.00360621,0.00734557,0.0157295,0.0484679,0.00013271,0.337091,0.875609,1,49.9038,0.27187,0.305512,29.3751,1.23611,63.5587,0.454059,179.348,1.25566,262.566,0.412073,293.729,0.797209,0.227085,0.433648,0.207546,0.435111
0.0634267,0.843505,0.000701283,0.000473633,0.000948065,0.00104635,0.00153784,0.00205267,0.00363285,0.00726374,0.015925,0.0495702,0.000115474,0.344803,0.903799,1,72.5196,0.335943,0.329351,28.4376,0.849284,63.2673,2.51284,177.599,1.99005,262.215,0.31491,297.577,1.17592,0.213331,0.427549,0.234514,0.476793
0.0557518,0.79365,0.000372971,0.000379845,0.000645934,0.0010036,0.00135445,0.00183055,0.00336133,0.00713432,0.0155369,0.0477201,0.000105942,0.438515,0.977669,1,62.9404,0.343549,0.304627,29.0974,3.65474,63.9268,2.09006,179.673,1.37561,260.185,1.1745,297.117,1.72994,0.225246,0.422923,0.248659,0.45656
0.0415659,0.794489,0.000664651,0.000387338,0.000726178,0.000695122,0.00104077,0.00137013,0.00243153,0.00520057,0.0112688,0.0360657,0.000113526,0.319458,0.985079,1,46.3086,0.545227,0.227991,29.5218,0.680488,63.6057,1.05151,179.146,1.51401,261.924,0.436554,298.692,0.875095,0.238433,0.447018,0.251259,0.53315
0.0423448,0.778158,0.000622515,0.000408759,0.000700602,0.000699851,0.00104022,0.0014515,0.00242965,0.00539088,0.0119804,0.0371302,0.000100614,0.314972,0.971852,1,48.3657,0.531534,0.223143,29.3086,0.765568,63.8331,0.856612,179.105,1.31591,262.553,0.449215,298.575,0.396918,0.222925,0.42476,0.240358,0.454542
0.0479841,0.777535,0.000422499,0.00056467,0.000779186,0.000864059,0.00111018,0.00151574,0.00262777,0.00577787,0.0128041,0.0399446,9.86148e-05,0.341098,0.980571,1,47.8734,0.47191,0.252477,27.8964,0.449817,61.3846,0.997985,176.109,0.692102,262.715,1.58731,297.54,0.457993,0.207924,0.406314,0.241567,0.443464
0.0481554,0.734438,0.000547495,0.000337778,0.000517545,0.000751492,0.00110486,0.00152234,0.00269188,0.00561994,0.0122851,0.0376077,8.57682e-05,0.414527,0.967544,1,52.792,0.449225,0.237907,27.2799,0.446901,66.5659,1.56223,183.255,3.36418,257.248,0.439999,299.784,1.69191,0.195675,0.38287,0.212223,0.43998
0.0463767,0.787259,0.000335612,0.000331474,0.000571491,0.000863384,0.00114425,0.00152305,0.00287891,0.00623005,0.0129131,0.0402509,9.55308e-05,0.387412,0.948944,1,48.9697,0.453683,0.234362,27.801,0.735684,65.3054,0.83163,182.232,1.85438,256.425,2.11002,301.24,1.70793,0.187201,0.397941,0.230998,0.402982
0.0557186,0.813695,0.000724814,0.000580536,0.00106958,0.00104196,0.00148595,0.00198016,0.0035804,0.00643822,0.0144055,0.0458861,0.000102497,0.323453,0.877531,1,64.1333,0.370969,0.273582,28.7308,1.12423,65.5608,0.299815,176.685,1.06862,260.983,0.434695,297.364,1.60268,0.205532,0.408176,0.215163,0.429868
0.0521774,0.747179,0.000685257,0.000631329,0.000876135,0.00103758,0.00134515,0.00180956,0.00335631,0.00645491,0.0138392,0.0434218,8.79734e-05,0.315122,0.872973,1,79.4243,0.416252,0.243609,28.4179,0.650798,62.6675,0.422697,179.15,1.03386,262.025,2.4292,295.803,0.309429,0.206404,0.400141,0.200486,0.407461
0.0528315,0.768096,0.000649072,0.0006471,0.000898377,0.00121399,0.00187645,0.00241882,0.00439284,0.00812293,0.0177252,0.0555683,8.77196e-05,0.361873,0.836392,1,35.6952,0.38686,0.252139,29.5218,0.584545,61.7628,0.551287,177.902,0.324802,259.383,0.312685,298.698,5.56667,0.218987,0.433607,0.212519,0.435075
0.0656048,0.732813,0.000539431,0.000476166,0.000719283,0.00123541,0.00168673,0.00236539,0.00423366,0.00762641,0.0163269,0.0508076,6.55533e-05,0.428403,0.817978,1,74.0576,0.370244,0.287191,26.7979,0.409938,63.3447,3.18843,179.555,6.71937,258.587,1.14322,300.221,0.334355,0.187204,0.362294,0.199515,0.367402
0.0626074,0.869623,0.000628437,0.000710791,0.000866361,0.00152086,0.0020238,0.00283159,0.00514687,0.00916201,0.0195923,0.0607556,6.92471e-05,0.399049,0.819738,1,44.444,0.397615,0.307557,28.344,0.690197,64.0937,0.809918,179.914,0.285384,260.043,0.362824,297.373,4.30727,0.199742,0.402652,0.191361,0.423808
0.0566966,0.704379,0.000658731,0.000529168,0.000760528,0.00110007,0.00146281,0.00212559,0.00383557,0.00633153,0.0136131,0.0424391,8.37883e-05,0.337839,0.786843,1,57.8637,0.370779,0.233259,28.2288,0.860527,64.649,0.687005,179.399,3.33656,261.044,0.389626,294.057,0.347495,0.190733,0.383388,0.16507,0.366193
0.0564956,0.798878,0.000495978,0.00037789,0.000619991,0.00133841,0.00194227,0.00252052,0.00471238,0.0104755,0.0243273,0.0806731,7.3834e-05,0.584921,0.998731,1,65.5404,0.327207,0.32132,28.6747,1.00518,63.4016,0.956608,179.743,3.14345,261.636,0.356125,297.459,3.98823,0.209085,0.395047,0.197221,0.414284
0.0545382,0.675986,0.000452887,0.000568702,0.000716527,0.00083084,0.001155,0.00152069,0.00266722,0.00502912,0.0105669,0.0337044,0.000129919,0.275838,0.832374,1,59.1381,0.334347,0.232146,28.9763,0.927999,63.9534,1.32932,178.686,0.53919,258.283,0.286934,297.066,1.91787,0.212916,0.418227,0.221274,0.431232
0.0545258,0.746053,0.000705048,0.000453728,0.000775539,0.000958929,0.00134148,0.00180486,0.00347293,0.00648009,0.0140752,0.0433555,0.000117519,0.349836,0.88104,1,84.0152,0.34974,0.260499,28.5343,0.773078,63.8825,2.81969,179.953,1.23816,260.394,0.322261,299.242,0.530989,0.217495,0.41959,0.218968,0.461864
0.0506144,0.807826,0.000382641,0.000523744,0.000640997,0.000777203,0.00103809,0.00137723,0.00259599,0.00542445,0.0118139,0.0362963,0.00011033,0.339304,0.977086,1,77.3318,0.432772,0.272778,28.7179,0.59403,62.6098,1.70806,179.673,1.35727,262.284,0.372891,293.392,3.13831,0.220938,0.433755,0.253481,0.469665
0.0499591,0.720663,0.000713586,0.000432728,0.000671531,0.000837183,0.00117715,0.00166551,0.00316537,0.00570197,0.0125766,0.0405274,0.000108657,0.352608,0.897068,1,36.8695,0.367077,0.238035,29.5734,3.859,63.593,0.8557,177.178,0.456666,260.323,0.517052,300.455,0.437111,0.214097,0.415168,0.22031,0.471938
0.0569009,0.76952,0.000565223,0.000546679,0.00093423,0.00102571,0.00138293,0.0017054,0.00324648,0.0066905,0.0145105,0.0438369,0.000113026,0.313044,0.940322,1,72.6862,0.348056,0.28397,27.7008,0.455804,64.2289,2.5333,181.242,2.4742,261.066,0.816197,297.444,3.37687,0.208072,0.411501,0.218443,0.446428
0.0496137,0.825085,0.000882478,0.000655533,0.00102427,0.00135002,0.00172283,0.00233477,0.00442867,0.00923646,0.0195776,0.061536,7.50878e-05,0.358083,0.910555,1,62.2252,0.443031,0.249625,27.6019,0.708313,64.6335,0.725961,177.749,0.735076,258.624,1.21646,300.834,0.418376,0.183751,0.385769,0.190568,0.41427
0.0532491,0.833964,0.000539294,0.000441761,0.000694441,0.000988141,0.0012966,0.0018142,0.00324951,0.00649156,0.0140064,0.0452558,6.83539e-05,0.376898,0.92746,1,73.4995,0.485516,0.272527,27.7229,0.802966,64.5405,0.608275,177.125,0.752281,259.453,2.81046,300.265,0.405354,0.186062,0.377491,0.221595,0.437025
0.0812122,0.735618,0.000620533,0.00053918,0.000878884,0.00157808,0.00211393,0.00289249,0.00544341,0.00910121,0.0201536,0.0617842,0.000104081,0.425433,0.781078,1,41.6531,0.246078,0.361065,28.7869,0.944989,63.0656,0.693924,181.949,0.555929,260.169,0.30322,294.331,2.62427,0.218591,0.428666,0.197708,0.399794
0.0639354,0.708624,0.000405034,0.000322488,0.000601668,0.00116505,0.00163242,0.00202147,0.00389133,0.00664611,0.0137102,0.0426828,8.47617e-05,0.425168,0.788029,1,60.4841,0.329058,0.273462,28.5125,0.621518,63.1806,0.602744,177.021,0.336916,261.021,0.33645,300,0.638462,0.20065,0.38436,0.208494,0.41427
0.0629311,0.822061,0.00038042,0.000401143,0.000545254,0.00108202,0.0014922,0.00210973,0.0037518,0.00644157,0.0143,0.0423462,0.0001206,0.462222,0.797608,1,57.779,0.332706,0.299097,28.0394,0.640196,62.945,0.573777,179.239,0.305596,259.334,0.514334,295.523,2.47318,0.199931,0.42611,0.215082,0.418152
0.0646493,0.751082,0.000507107,0.000304462,0.00053294,0.00127185,0.0016774,0.00228937,0.00431812,0.00758333,0.0157782,0.0484787,0.000106379,0.475701,0.783391,1,62.6954,0.314266,0.295744,28.4603,0.685873,63.56,0.741354,178.549,0.300619,259.612,0.331715,296.095,1.3635,0.220837,0.418549,0.21523,0.418003
0.0645293,0.752005,0.00048913,0.000327077,0.0005581,0.00131093,0.00174641,0.00239309,0.00443597,0.00769485,0.0162139,0.0498437,9.51536e-05,0.475491,0.787877,1,65.3209,0.317615,0.293948,28.6563,0.558025,62.8583,0.767697,178.709,0.315308,259.539,0.282578,296.454,1.0611,0.209778,0.412223,0.20673,0.413328
0.0644372,0.890722,0.000598432,0.000453092,0.000705176,0.00164517,0.00213687,0.00288093,0.00537684,0.00892082,0.018536,0.0581494,8.43944e-05,0.471345,0.745774,1,42.0615,0.394278,0.314684,29.2033,2.96553,63.6541,2.55329,179.229,4.03507,256.598,1.29047,298.96,0.547389,0.22568,0.435498,0.240763,0.448841
0.0642211,0.87722,0.000547276,0.000390936,0.000676861,0.00152155,0.00193502,0.00260821,0.00492905,0.00817706,0.0170329,0.0537252,8.5269e-05,0.458727,0.763043,1,42.0384,0.386665,0.31281,29.0168,2.68536,62.6215,3.74803,179.644,3.98755,256.02,0.609698,298.252,0.726128,0.218373,0.433517,0.240091,0.449521
0.0522005,0.886347,0.000368926,0.000256384,0.000540616,0.00144184,0.00187545,0.0025413,0.00473792,0.00797851,0.0170369,0.054515,7.39635e-05,0.54864,0.756126,1,66.726,0.540654,0.259623,28.3191,0.559478,63.8192,0.512053,179.2,0.418994,261.794,0.546265,296.617,1.76943,0.214845,0.412496,0.203479,0.412397
0.0544679,0.807502,0.000394537,0.000340439,0.000645526,0.0013297,0.0019178,0.00256317,0.00468223,0.00826133,0.018561,0.0563459,8.23205e-05,0.499084,0.823575,1,42.1829,0.37839,0.265921,28.9073,2.23353,63.4795,2.48394,178.618,4.5652,260.664,0.330049,294.837,0.625365,0.205259,0.405851,0.178092,0.391206
0.0568142,0.77033,0.000507825,0.000484114,0.000676885,0.00136332,0.00182588,0.00245424,0.00449602,0.00809537,0.0180254,0.0597333,8.38106e-05,0.46732,0.82519,1,51.5999,0.344119,0.268399,29.0956,2.16536,63.844,1.20101,177.862,1.11474,259.925,0.449884,296.219,0.953868,0.204056,0.403918,0.190302,0.3811
0.0547176,0.764589,0.000501759,0.000360557,0.000657293,0.00104231,0.0014576,0.00197203,0.0036393,0.00692097,0.0147147,0.0459147,8.97116e-05,0.426148,0.845281,1,54.08,0.383627,0.260154,28.8767,2.37923,60.8144,1.7696,178.545,0.984285,258.443,0.336561,296.335,1.27854,0.203818,0.413803,0.215246,0.404061
0.0529436,0.827366,0.000420736,0.000443977,0.00080014,0.00113078,0.00158241,0.00205293,0.00374812,0.00810773,0.0179757,0.0564242,8.98434e-05,0.427259,0.999783,1,69.0219,0.367464,0.294835,28.6237,1.14561,63.4961,1.64156,178.738,0.654104,259.549,0.338945,294.187,0.954024,0.199612,0.409597,0.210971,0.410071
0.0554269,0.77871,0.000652585,0.000386416,0.00054122,0.000896518,0.00121135,0.00170392,0.00313067,0.00679381,0.0148478,0.0468913,0.000118312,0.469776,0.999765,1,83.5136,0.318085,0.299504,28.356,1.39115,65.1333,1.65223,178.906,0.474499,261.35,0.51918,293.467,0.481966,0.204924,0.406905,0.218696,0.42453
0.0597303,0.782781,0.000558765,0.000690519,0.000892262,0.00140688,0.00189599,0.00243797,0.00452337,0.00892519,0.0189906,0.06382,5.19037e-05,0.407277,0.897903,1,76.3734,0.412141,0.291708,27.9167,0.481626,63.8857,1.45087,177.935,2.96572,257.06,3.7143,297.225,1.92889,0.191206,0.368371,0.209863,0.358951
0.0590747,0.732729,0.000311898,0.000325927,0.000566158,0.00128042,0.00170191,0.00221495,0.00420806,0.00952269,0.0203985,0.0657594,9.33811e-05,0.592996,0.988697,1,40.9088,0.277074,0.310095,27.7499,0.674395,64.423,1.50245,179.635,0.479791,261.372,0.269833,294.891,0.529714,0.189861,0.378825,0.173512,0.377105
0.0476687,0.828102,0.000409124,0.000321701,0.000573465,0.000794643,0.00109765,0.00149634,0.0027533,0.0057441,0.0127696,0.0387792,9.69454e-05,0.412145,0.958278,1,74.3971,0.505255,0.255272,27.6572,0.613652,64.6262,3.16645,179.529,4.8319,259.82,5.04776,299.408,1.22704,0.204414,0.405127,0.245321,0.460684
0.0532366,0.828638,0.000481728,0.000246013,0.000500946,0.00126916,0.00175954,0.00235345,0.00441734,0.00789518,0.0174628,0.0554851,9.72201e-05,0.559985,0.831375,1,39.8704,0.390169,0.275309,28.8512,0.97015,62.0605,0.734698,178.164,0.444716,262.275,0.259926,296.06,0.397161,0.219551,0.427457,0.189555,0.44983
0.0536437,0.860718,0.000453555,0.000485087,0.000733835,0.0011474,0.00166716,0.00230099,0.00418843,0.00763377,0.016285,0.0507928,7.0575e-05,0.421512,0.831462,1,84.5654,0.497747,0.268656,28.69,0.882106,63.7638,3.37073,179.624,0.284604,260.862,1.34985,295.917,2.24809,0.208723,0.408817,0.21056,0.399228
0.05668,0.822805,0.000546043,0.000356911,0.000652946,0.00121184,0.00160807,0.00214094,0.00391268,0.00729272,0.0155861,0.0495248,7.30092e-05,0.446053,0.846995,1,70.0383,0.448316,0.282029,28.3053,0.478664,62.5272,1.56164,180.105,0.611377,261.381,1.77513,297.577,0.636264,0.209921,0.402133,0.221014,0.42142
0.0646556,0.913538,0.00123374,0.000872669,0.00134315,0.00142613,0.00201404,0.00256616,0.00485296,0.010007,0.0224256,0.0711242,0.0001073,0.315024,0.984719,1,43.8981,0.320625,0.377364,29.0602,1.78931,63.9197,1.45079,177.95,2.71919,257.573,0.456732,297.755,1.60673,0.219226,0.44965,0.254999,0.484621
0.0559428,0.791647,0.000461645,0.000430322,0.000675238,0.00128956,0.00158479,0.00218514,0.0041243,0.0083693,0.0182254,0.0571517,7.92627e-05,0.45417,0.937296,1,66.9993,0.372146,0.294298,28.6519,1.23065,63.4348,0.650526,181.521,0.545767,260.691,1.78534,299.678,1.06057,0.215545,0.404181,0.224544,0.444202
0.0587028,0.760403,0.000482647,0.000419228,0.000604139,0.00108387,0.00148812,0.00217378,0.00397146,0.00803129,0.0180759,0.0543117,7.00658e-05,0.455692,0.948481,1,67.3967,0.356832,0.299951,28.3469,0.727016,63.7563,0.511286,180.71,0.616942,260.386,0.713325,298.657,0.757943,0.202633,0.387609,0.211225,0.429016
0.052477,0.870243,0.000319647,0.000273315,0.000522062,0.00131182,0.0017485,0.00235884,0.00425945,0.00904205,0.019134,0.0650795,8.68417e-05,0.64903,0.908134,1,35.1658,0.396994,0.29292,27.4304,0.565083,64.5225,6.39817,179.406,0.420467,259.431,0.254805,296.199,2.57162,0.193078,0.395785,0.188593,0.407057
0.0501798,0.696033,0.000452962,0.000415467,0.00050435,0.00103032,0.00142537,0.00193976,0.00349767,0.00743799,0.0170563,0.0540789,6.99292e-05,0.484406,0.971571,1,65.2593,0.369262,0.246632,28.2982,0.802306,64.5143,0.842457,179.667,0.698465,257.682,0.274207,298.419,0.397692,0.190642,0.370287,0.194063,0.378762
0.0566268,0.87362,0.00065768,0.000529979,0.000710715,0.00112427,0.00159906,0.00218801,0.00392956,0.00839306,0.0178699,0.0582946,8.11764e-05,0.422544,0.979849,1,60.9017,0.377823,0.315031,28.0497,1.07021,66.8591,2.09738,177.607,3.26356,264.039,2.9799,296.267,1.34715,0.192072,0.384899,0.194921,0.41277
0.0557712,0.806816,0.000510792,0.000505763,0.000889261,0.00118703,0.00153119,0.00206641,0.0038826,0.00797959,0.0169135,0.055557,8.10019e-05,0.376706,0.956945,1,60.1271,0.358429,0.284313,27.7794,1.59072,64.9609,1.9019,177.442,1.22785,260.884,0.308864,295.886,1.78874,0.175925,0.376835,0.176503,0.387779
0.058707,0.759268,0.000706247,0.000757496,0.000856535,0.00115174,0.00168469,0.00226148,0.00421785,0.00869734,0.0187505,0.0605028,7.3693e-05,0.380122,0.936952,1,76.4009,0.339895,0.287517,27.8689,1.12835,64.4687,1.58153,176.497,1.43867,260.278,2.27094,296.988,1.26859,0.184681,0.371334,0.192468,0.371241
0.0634213,0.776949,0.000640624,0.000764157,0.000891764,0.00131011,0.00186176,0.0025409,0.0045662,0.00933367,0.020713,0.0657066,7.93922e-05,0.421161,0.941029,1,42.0088,0.316041,0.326084,28.2672,0.721476,63.0704,1.45023,181.732,1.35981,259.124,0.350502,297.766,1.07609,0.20611,0.403577,0.204889,0.42341
0.0483121,0.806767,0.000688861,0.000573931,0.00078049,0.00119828,0.00160344,0.00216177,0.00394674,0.00885581,0.0196136,0.0654901,0.000101604,0.449951,0.987116,1,77.6963,0.36182,0.268355,28.8369,1.3703,64.9313,0.943822,178.686,0.941791,259.983,0.479165,299.135,0.457715,0.214247,0.416951,0.217787,0.415298
0.0524066,0.863554,0.000530057,0.000486667,0.000831523,0.0012601,0.00167765,0.00226406,0.00428707,0.00899503,0.0198888,0.0669019,7.06473e-05,0.441438,0.98747,1,75.3602,0.411559,0.296387,28.734,1.54095,65.0815,0.895323,179.622,1.08127,259.271,2.51192,298.89,0.692749,0.198861,0.401511,0.209266,0.441441
0.05387,0.84783,0.000676853,0.000481502,0.000742251,0.00111881,0.00169799,0.00216767,0.00399684,0.00842039,0.0194099,0.0627977,7.70957e-05,0.438789,0.997899,1,59.2912,0.383419,0.299869,27.9843,2.61341,64.7959,0.647877,178.834,0.97133,258.293,2.45881,301.148,1.05487,0.1906,0.387695,0.217549,0.429925
0.0508981,0.786429,0.000387125,0.000475971,0.000772671,0.00101268,0.00127685,0.00179177,0.00325066,0.00738648,0.0158712,0.0501727,8.41615e-05,0.400571,0.995881,1,63.4159,0.396761,0.273009,28.6226,1.04961,63.7454,0.815167,179.806,0.797894,257.198,0.558123,298.747,1.126,0.202562,0.405133,0.23657,0.431324
0.0495282,0.790395,0.000557907,0.000338999,0.00053437,0.000904432,0.00135001,0.00175343,0.00322511,0.00682493,0.0151831,0.0497593,0.00011052,0.480207,0.992614,1,52.9197,0.374609,0.273794,28.4483,0.749898,63.0998,1.1142,180.066,5.45587,259.259,2.46478,298.184,1.46621,0.212674,0.419828,0.237378,0.458029
0.0485309,0.744975,0.000289939,0.000385663,0.000636304,0.00119994,0.00140054,0.00210698,0.00375386,0.00833839,0.0185351,0.0605019,0.000118694,0.524193,0.98147,1,45.2351,0.312886,0.266101,29.464,2.45722,62.0543,0.701043,178.744,0.630227,258.224,0.47714,298.405,1.81258,0.22376,0.433594,0.228885,0.442688
0.0552412,0.803529,0.000534091,0.000271519,0.000462581,0.00106571,0.00162644,0.00201582,0.00394533,0.00842009,0.018136,0.0582496,9.70991e-05,0.61525,0.981287,1,52.8823,0.335171,0.315378,28.6626,5.06449,61.5573,0.915649,177.312,1.28085,259.178,1.38435,295.157,0.722385,0.211464,0.412916,0.232276,0.41683
0.0523411,0.780814,0.000346992,0.000331504,0.00067572,0.0010742,0.00152445,0.00209341,0.00379036,0.00828014,0.018009,0.0572115,0.00010798,0.499966,0.974126,1,43.1096,0.325023,0.2851,28.9526,1.5503,65.5934,2.90946,181.749,1.91098,260.594,0.426114,295.466,0.967329,0.219587,0.421747,0.198114,0.425979
0.051882,0.786054,0.000339687,0.000326543,0.000576042,0.00104316,0.00148171,0.00199399,0.00357636,0.00786765,0.0173182,0.0544933,0.000117048,0.508002,0.983608,1,47.1795,0.318197,0.28534,28.9564,1.2185,65.4355,3.05575,181.974,1.993,260.122,0.396166,294.498,0.77142,0.21632,0.422149,0.208817,0.432506
0.0574062,0.774441,0.000464951,0.000428669,0.000659438,0.00106091,0.00140058,0.00188398,0.00367399,0.00784651,0.0171887,0.0556877,0.000101768,0.464889,0.995427,1,58.4579,0.306769,0.306811,28.1664,1.31826,64.3108,1.25564,178.056,1.40514,262.004,0.272047,295.372,3.6519,0.196164,0.401851,0.190033,0.421291
0.0582354,0.72977,0.000586985,0.000531401,0.000769768,0.00147942,0.00193705,0.00248001,0.00487165,0.00972944,0.0220378,0.0732204,6.70988e-05,0.499769,0.924741,1,66.9975,0.326724,0.291596,28.5777,0.677456,63.2848,1.6632,179.699,1.93901,259.636,0.627539,297.635,0.418437,0.205093,0.389823,0.194378,0.3834
0.0586268,0.790388,0.000411717,0.000410903,0.00073275,0.00122556,0.00170538,0.00250272,0.0042458,0.00885143,0.0196081,0.0618157,8.47954e-05,0.486778,0.923188,1,56.3695,0.331565,0.303568,28.2779,1.44125,62.0007,1.91716,177.036,2.97255,257.878,0.397376,299.537,0.382693,0.197481,0.393138,0.220467,0.417295
0.064201,0.748879,0.000643229,0.000540944,0.000953715,0.00131836,0.0017825,0.00233506,0.00412795,0.00865198,0.0186549,0.0596293,0.000111622,0.37556,0.928321,1,50.9426,0.278097,0.322368,28.6417,0.662515,64.2406,0.868641,180.453,0.471577,262.106,1.78679,296.231,4.08322,0.219581,0.421232,0.204168,0.430426
0.0494791,0.8602,0.000442752,0.000306189,0.000568146,0.00118208,0.00159312,0.00198825,0.00402654,0.00849412,0.0193565,0.0598742,8.06062e-05,0.546313,0.99632,1,62.3595,0.413484,0.287803,28.4959,1.00082,64.4776,0.629629,178.828,2.86371,258.71,0.529514,301.087,0.491094,0.201882,0.399596,0.225945,0.468553
0.0460023,0.784586,0.000398141,0.000427684,0.000679662,0.00122186,0.00167291,0.00225768,0.00400882,0.00906804,0.0198238,0.0659929,8.89316e-05,0.505007,0.961133,1,51.5972,0.382784,0.247187,28.731,0.747185,65.5867,2.42648,178.68,0.403706,261.47,0.622214,293.356,1.92427,0.206247,0.399119,0.175892,0.388143
0.0544347,0.801253,0.000447366,0.000345233,0.000591437,0.00120291,0.00165147,0.00226621,0.00404487,0.00877859,0.0199412,0.0656486,6.10747e-05,0.542482,0.990888,1,54.2415,0.379866,0.292896,27.5186,0.961124,62.7853,0.753176,178.707,0.27316,260.532,0.343615,294.765,0.809479,0.173174,0.364199,0.173801,0.35125
0.0614328,0.770252,0.000536059,0.000395997,0.000639729,0.000962122,0.00137353,0.00178723,0.00337616,0.00671351,0.0148306,0.04795,8.8778e-05,0.43782,0.951994,1,53.7197,0.35359,0.31833,28.1406,0.729132,62.6335,2.93956,180.254,0.418323,261.025,0.734365,298.754,1.31441,0.213418,0.40109,0.243326,0.476125
0.0555265,0.751843,0.000486075,0.000518976,0.000859499,0.00113917,0.00154531,0.00205854,0.00372392,0.00813671,0.01696,0.0534943,0.000102813,0.406646,0.965681,1,56.9801,0.318482,0.283421,28.0096,0.827373,63.6939,4.03677,179.806,0.902521,259.767,2.12582,297.371,1.41129,0.202804,0.396318,0.203947,0.426839
0.0542915,0.789502,0.000558745,0.000382767,0.000700436,0.000897858,0.00123768,0.00175145,0.00323643,0.00645896,0.0147789,0.0463542,9.99659e-05,0.410087,0.970004,1,48.4843,0.372946,0.285038,27.8335,0.545306,63.4353,3.42867,177.909,2.81589,259.162,1.88342,296.811,1.40694,0.196823,0.402793,0.232098,0.415987
0.0552533,0.723793,0.000566114,0.000442841,0.000856389,0.000893074,0.0012089,0.00177619,0.00302557,0.00590522,0.0129357,0.0410624,0.00010746,0.329416,0.901452,1,59.8983,0.327857,0.252005,28.1094,3.01267,64.9621,0.612337,179.93,0.590414,258.579,0.286919,295.494,0.660312,0.183344,0.392085,0.192458,0.386625
0.0545553,0.75476,0.00057686,0.000492748,0.00089625,0.000975188,0.00137117,0.00191933,0.00337158,0.00694579,0.0146985,0.0456571,8.83727e-05,0.342232,0.936537,1,47.502,0.379184,0.271292,28.5713,0.690081,63.2524,4.72382,178.197,2.16061,260.691,3.31813,299.861,2.08095,0.208095,0.398621,0.223039,0.47557
0.0509311,0.784331,0.000427064,0.000371984,0.000495167,0.00123907,0.0017244,0.00227713,0.00440657,0.00895827,0.0191801,0.0630466,8.75724e-05,0.593308,0.901235,1,52.0306,0.344841,0.263833,28.6435,0.819005,65.114,0.487415,180.665,0.557711,260.981,0.295993,296.287,0.389097,0.196384,0.401563,0.166998,0.397321
0.0510148,0.790726,0.000459541,0.000336353,0.000562208,0.00118636,0.00165367,0.0022668,0.00422388,0.00939594,0.0203194,0.0668235,6.38514e-05,0.603327,0.985002,1,57.0672,0.404661,0.280484,27.7614,0.555704,64.5732,1.60632,178.358,0.317611,259.019,1.17392,300.14,0.308525,0.192069,0.371144,0.196866,0.41808
0.0576304,0.609281,0.000510926,0.000462879,0.000618531,0.000802444,0.00113723,0.00150735,0.00280541,0.0061542,0.013271,0.0413094,0.000134162,0.370575,0.992448,1,56.2486,0.249907,0.26541,28.3801,0.748036,64.8982,1.49009,179.578,0.86574,260.787,0.311829,295.981,0.352366,0.203994,0.393352,0.200493,0.404279
0.0559917,0.807203,0.000604551,0.000520497,0.000896619,0.00141123,0.00199577,0.002595,0.00480698,0.00920205,0.0193071,0.0634094,7.31983e-05,0.391707,0.852179,1,53.3755,0.381449,0.268305,28.3725,1.23398,64.0395,1.44786,176.459,0.834689,260.505,0.434355,296.642,2.39987,0.189022,0.386391,0.180089,0.378837
0.0555158,0.823901,0.000520312,0.000459332,0.00086001,0.00127993,0.00168118,0.00223523,0.00413339,0.00752772,0.0165049,0.0538959,7.92429e-05,0.405352,0.860776,1,52.7003,0.40909,0.275286,28.7745,5.23987,62.994,1.93486,176.296,0.763021,260.675,1.66123,295.771,4.97931,0.199314,0.401434,0.202389,0.401852
0.0708594,0.75582,0.000711527,0.000648089,0.000757845,0.00127756,0.00183166,0.00249742,0.00461604,0.00845438,0.0181634,0.057339,8.22394e-05,0.388613,0.838589,1,67.3773,0.304422,0.332958,29.2218,0.716493,63.2394,0.762616,179.327,1.33026,262.193,0.373551,299.266,0.361104,0.21957,0.41222,0.214211,0.459536
0.0714991,0.826124,0.000637439,0.000722013,0.000816836,0.00158216,0.00197869,0.00278975,0.00493912,0.00995347,0.0225064,0.0698095,6.6907e-05,0.44917,0.942116,1,40.6537,0.312288,0.371191,27.4309,0.681292,67.0687,2.42194,180.641,1.71444,257.208,0.442367,295.452,3.19877,0.185375,0.373856,0.200561,0.36433
0.0735825,0.711705,0.000718979,0.000558814,0.00092703,0.0012656,0.00189003,0.00256653,0.00460205,0.00921776,0.0194832,0.0610687,7.91844e-05,0.411047,0.900178,1,58.5434,0.271341,0.342906,27.7357,0.602005,62.7436,1.7528,179.721,2.56149,262.935,0.338669,297.417,0.267119,0.195149,0.379123,0.176157,0.417081
0.0552665,0.819398,0.000457136,0.000426186,0.000757088,0.0011852,0.00144899,0.00196556,0.00357885,0.00732116,0.0166285,0.0517434,8.23682e-05,0.397034,0.956815,1,71.0771,0.403093,0.293389,27.8381,0.484495,63.218,1.02802,176.69,1.11616,261.948,0.542429,294.924,0.251871,0.200333,0.391635,0.200079,0.425957
0.0530243,0.813346,0.00038588,0.00049968,0.000762396,0.00127947,0.00158845,0.0021496,0.00410075,0.00774337,0.0176282,0.0563919,9.44806e-05,0.446598,0.898627,1,56.8249,0.376285,0.273693,28.3013,0.69764,64.4697,0.601679,178.274,2.67022,264.722,1.24653,295.138,0.250912,0.209101,0.405375,0.167713,0.423933
0.0580529,0.88952,0.000747806,0.000434726,0.000761177,0.00110269,0.00163615,0.00209518,0.00403172,0.00846315,0.0177907,0.0563382,8.00435e-05,0.412754,0.97029,1,56.923,0.402989,0.330227,28.5387,1.15108,64.5302,1.13949,179.758,1.20442,260.695,0.482433,297.769,0.264348,0.211576,0.412895,0.235175,0.458957
0.0588946,0.718852,0.000574448,0.000302176,0.000602151,0.00132915,0.00189799,0.00258093,0.00467962,0.00868656,0.0180127,0.0579888,8.17602e-05,0.500805,0.800046,1,48.628,0.33422,0.265769,28.4563,1.134,61.6025,1.87326,178.815,0.761616,259.268,0.798759,298.113,0.531566,0.209305,0.39458,0.20388,0.382975
0.0610632,0.896589,0.000892747,0.000989878,0.00137491,0.00111603,0.00158198,0.00212243,0.00375113,0.00795054,0.0174735,0.0561995,9.16158e-05,0.264751,0.993627,1,49.791,0.369975,0.345021,28.6357,1.52706,64.5544,1.18716,179.746,2.33996,260.722,0.305379,298.115,0.429329,0.209696,0.426255,0.235335,0.528624
0.0625628,0.922049,0.00119754,0.00117043,0.00167871,0.00118598,0.0017772,0.00233506,0.00432806,0.00877357,0.0194951,0.0620656,8.95041e-05,0.244502,0.986216,1,47.9596,0.373496,0.356266,28.4234,1.2277,64.7456,0.925833,179.697,1.10096,260.956,0.277708,299.352,0.360729,0.2089,0.424372,0.236852,0.494339
0.0608298,0.866837,0.00068311,0.000741731,0.00100921,0.00140052,0.0018866,0.00259804,0.00481086,0.00940895,0.0210304,0.0676585,7.21924e-05,0.354316,0.927822,1,68.6372,0.372553,0.325227,28.7688,1.06292,63.5799,1.79047,178.269,1.00316,260.92,1.2454,295.078,2.76465,0.202231,0.406434,0.207403,0.413451
0.0563423,0.809278,0.000456518,0.000327349,0.000556965,0.00116577,0.00164175,0.00204349,0.00400808,0.00835774,0.0191751,0.0563784,7.61293e-05,0.532611,0.949594,1,64.9682,0.358756,0.302759,28.3419,1.32302,63.6149,2.93782,179.313,2.56823,257.689,0.395692,298.447,1.38214,0.197239,0.396083,0.210054,0.423863
0.0603117,0.791496,0.000467021,0.000564447,0.000817742,0.00116661,0.00160342,0.00222063,0.00420553,0.00841126,0.0185115,0.0593839,8.24146e-05,0.40953,0.939513,1,52.6449,0.346002,0.31046,28.0677,0.74157,63.5603,2.76436,180.095,0.837262,259.593,0.326605,296.461,0.806614,0.202322,0.395646,0.216404,0.401798
0.0503604,0.815555,0.000362852,0.000395788,0.000627758,0.00100773,0.00137904,0.00191351,0.00335292,0.00663622,0.0146474,0.0464475,9.28053e-05,0.454861,0.916959,1,55.678,0.42256,0.267047,29.2303,2.39834,64.5582,1.39867,178.611,0.817428,261.413,0.530885,297.479,1.64065,0.221868,0.416385,0.228921,0.44373
0.0451893,0.856275,0.000402673,0.000390294,0.000566143,0.00104394,0.00141482,0.0018527,0.00362464,0.00682198,0.0150546,0.0486679,9.97959e-05,0.451857,0.897423,1,55.7231,0.496169,0.243132,29.0087,1.6259,63.1657,2.00185,179.168,0.471839,262.268,0.524634,296.591,1.50196,0.217813,0.427935,0.20841,0.444072
0.0424621,0.770089,0.000592845,0.000464817,0.000776308,0.000835575,0.00117429,0.00156427,0.00284764,0.00586709,0.0134991,0.0420079,0.000105104,0.333001,0.975472,1,50.9188,0.478661,0.222185,28.9937,0.958044,64.356,1.90798,179.801,4.90535,260.377,0.431606,297.777,2.04274,0.215151,0.420232,0.224244,0.441377
0.0556615,0.708115,0.000325202,0.00049747,0.000646961,0.0008465,0.00117638,0.00154354,0.00285847,0.00605327,0.012724,0.0405047,0.000112206,0.385048,0.960123,1,65.2807,0.299789,0.262601,27.8551,1.78042,66.3234,1.27862,181.173,0.296779,259.898,0.28795,295.975,0.919134,0.182007,0.382327,0.184433,0.404136
0.0472771,0.747571,0.00054246,0.000305247,0.000553211,0.000815022,0.00110243,0.00146035,0.00274777,0.0056988,0.0128693,0.0382224,0.000127262,0.400954,0.971396,1,56.4274,0.353103,0.23719,28.3116,2.36565,66.9939,0.654426,179.724,0.392807,261.07,0.45903,296.581,0.68734,0.192124,0.397033,0.198127,0.427638
0.0522852,0.73724,0.000330928,0.000459008,0.000632053,0.000851933,0.00117578,0.00161153,0.00297644,0.006063,0.0128797,0.0411442,0.000113218,0.370655,0.952527,1,52.4144,0.351513,0.259981,28.5312,1.1879,64.0948,0.583148,179.205,4.45,258.851,0.817696,296.785,2.99447,0.202574,0.412068,0.225953,0.432895
0.0540504,0.793238,0.000532037,0.000420046,0.000670092,0.00111137,0.00153028,0.00220231,0.00409329,0.00858835,0.0186836,0.0583541,9.88028e-05,0.465561,0.947875,1,62.9558,0.335055,0.287296,28.5767,0.88151,63.2939,2.83749,180.657,0.325232,258.872,0.568591,300.229,0.50671,0.209542,0.412385,0.218106,0.46897
0.0418485,0.896356,0.000489495,0.000355752,0.000613571,0.000919247,0.00124377,0.00172091,0.00321323,0.00702978,0.0154072,0.050293,8.54634e-05,0.462393,0.984378,1,76.2505,0.592384,0.244344,28.5671,1.21399,64.8768,1.28529,176.771,4.29949,261.6,0.835733,298.064,0.266167,0.202344,0.414987,0.205761,0.459408
0.0650781,0.638906,0.00040563,0.00034563,0.000593158,0.00103323,0.00139786,0.00191536,0.00357958,0.00732831,0.0159163,0.0495629,0.00013275,0.479144,0.89834,1,51.0455,0.237454,0.298901,28.3214,0.859426,61.4547,1.07337,181.085,2.53698,256.761,0.400645,296.57,1.07357,0.214116,0.413839,0.228125,0.399935
0.055325,0.873847,0.000578225,0.000556682,0.000841422,0.00127608,0.00167713,0.00230999,0.00433155,0.00861224,0.0192966,0.059494,6.77311e-05,0.405815,0.949021,1,67.4924,0.438456,0.306836,28.6823,1.19572,63.1921,1.99111,178.386,0.767202,261.201,0.555595,298.473,2.50984,0.211923,0.401532,0.229693,0.435549
0.0597661,0.970794,0.000753108,0.000643378,0.00103316,0.00142917,0.00205952,0.00274858,0.00497424,0.0103182,0.0227723,0.0706026,7.11359e-05,0.417199,0.965868,1,60.3395,0.415765,0.357035,28.9161,6.03697,63.0722,1.30071,178.139,0.570964,258.523,0.734124,297.906,1.51349,0.200786,0.421776,0.238449,0.439878
0.0548373,0.697756,0.000504876,0.000516648,0.000778835,0.000852161,0.00117057,0.00157675,0.00298852,0.00578005,0.0128049,0.040596,0.000123618,0.329201,0.943138,1,53.2679,0.34435,0.270873,28.742,0.404705,62.2481,1.36835,181.543,0.302588,259.232,0.502176,299.022,1.00032,0.235722,0.437531,0.252856,0.506509
0.0548794,0.896856,0.000581458,0.000433131,0.000654251,0.00110007,0.00156838,0.00212587,0.00392324,0.00863109,0.0186227,0.0578273,0.000101078,0.492311,0.961224,1,46.9087,0.384883,0.324411,29.0819,1.10256,61.0834,2.45143,178.664,0.440252,258.891,0.59089,298.056,1.76274,0.221328,0.449377,0.253806,0.489111
0.0509415,0.760185,0.000432432,0.000485573,0.000785755,0.000976553,0.00125911,0.00170403,0.00316542,0.00665162,0.0146491,0.0468814,9.44338e-05,0.357767,0.979362,1,50.152,0.406425,0.269115,28.6495,0.519737,60.6564,1.60457,176.035,2.6131,261.847,0.574585,297.573,0.495701,0.218415,0.410042,0.246625,0.445781
0.0495486,0.795158,0.0005287,0.000547268,0.000846056,0.00118028,0.00155958,0.0021058,0.00387608,0.00768225,0.0172853,0.0553595,0.000106735,0.37477,0.92035,1,49.6327,0.377642,0.256069,28.8994,2.60957,64.0918,2.08584,180.231,0.605236,260.641,0.328232,297.717,0.587399,0.21725,0.429215,0.20422,0.436146
0.055939,0.803263,0.000416616,0.000417788,0.000576071,0.000919522,0.00124181,0.00171274,0.0031584,0.00659987,0.0146679,0.0456518,0.000101869,0.435247,0.985746,1,53.4257,0.353129,0.29852,27.802,0.658113,64.0453,0.909286,176.75,0.974477,262.848,2.46519,297.492,1.24557,0.192053,0.389442,0.221898,0.442285
0.0513663,0.88273,0.000521473,0.000402871,0.000704185,0.00116566,0.00163938,0.00211734,0.00402821,0.00859577,0.0184916,0.0606694,9.87038e-05,0.415875,0.997033,1,43.9129,0.386317,0.298469,28.7199,0.843248,64.2353,1.09943,178.606,2.53922,261.637,0.820362,297.887,1.60152,0.207329,0.421571,0.220713,0.452441
0.0526372,0.791865,0.00032169,0.000296631,0.000490023,0.00114753,0.00162418,0.00206468,0.0039907,0.00757467,0.0167384,0.0516222,9.82152e-05,0.561485,0.892209,1,68.0212,0.363212,0.273931,28.4379,1.10832,62.5705,1.53379,181.47,0.274768,258.35,0.735602,298.827,1.14878,0.210593,0.415058,0.215844,0.450252
0.0519046,0.764622,0.000334927,0.000234159,0.000459519,0.00106687,0.00155979,0.0022223,0.00396085,0.00748396,0.0164603,0.0525588,0.000114456,0.5497,0.873777,1,62.9346,0.349906,0.263997,28.535,0.802075,63.4155,1.10369,181.061,0.320968,258.768,1.03846,298.444,1.51721,0.222071,0.420207,0.234123,0.414172
0.0529912,0.726644,0.000312928,0.000214902,0.000383924,0.001112,0.00150017,0.00188659,0.00372686,0.00738785,0.0157438,0.0501487,9.87621e-05,0.643774,0.887705,1,67.9365,0.327494,0.268408,28.5869,0.529883,64.1425,0.787114,180.048,0.307199,259.237,0.953928,297.815,4.83668,0.214994,0.401261,0.216694,0.425131
0.0632288,0.822857,0.000250104,0.000238763,0.000413953,0.000989182,0.00152238,0.00187075,0.0035893,0.00670572,0.0148877,0.0440056,0.000108279,0.587502,0.851918,1,52.3397,0.328276,0.323351,28.0836,2.82365,63.1299,3.03006,177.983,0.254796,260.209,1.91642,297.163,0.347455,0.200769,0.409697,0.225134,0.47644
0.0595209,0.798754,0.000366956,0.00035699,0.000542688,0.00113727,0.00139062,0.00203448,0.00372584,0.00741525,0.0162958,0.0485678,0.000118054,0.504032,0.907409,1,42.547,0.313344,0.30782,28.2405,0.679016,63.7035,3.98925,176.952,0.282414,261.868,1.9832,296.471,1.13894,0.20269,0.405093,0.214597,0.431259
0.0659173,0.775695,0.000786567,0.000855687,0.00114038,0.00149688,0.00183991,0.0025978,0.0048331,0.00848687,0.0186456,0.0589739,7.2029e-05,0.320197,0.834269,1,66.8831,0.346818,0.300629,28.0765,0.912893,63.7168,0.708306,180.313,1.9747,258.704,0.508846,299.576,1.50523,0.200822,0.388663,0.206551,0.408399
0.0473928,0.793442,0.000353041,0.000265615,0.000422076,0.00104644,0.0012896,0.00177415,0.00338305,0.0075432,0.0164043,0.0520639,0.000103637,0.611162,0.980281,1,46.6791,0.377151,0.263711,28.1219,0.855928,64.7066,3.64843,178.249,0.790364,261.282,0.364154,296.591,1.01957,0.201055,0.396232,0.2044,0.416361
0.0467242,0.780722,0.000192818,0.000163077,0.000337574,0.000895147,0.00128401,0.00173891,0.00332364,0.00717689,0.0162446,0.0521476,8.95357e-05,0.733493,0.970043,1,75.0839,0.384716,0.259388,27.8406,2.01052,63.7285,1.69487,179.78,0.773467,259.475,0.625084,297.287,0.394798,0.19049,0.379655,0.200693,0.410698
0.0579805,0.891409,0.000714468,0.000933412,0.00109499,0.00133474,0.001777,0.00241813,0.00434229,0.00890112,0.0197826,0.0608741,8.7044e-05,0.324866,0.92002,1,42.0972,0.402147,0.319456,29.2147,2.79351,61.4539,0.972387,179.762,1.38089,261.012,0.584499,296.948,0.371897,0.228343,0.438127,0.236381,0.462315
0.0597856,0.82511,0.00081993,0.00068539,0.00121544,0.00118306,0.00169416,0.0022127,0.0040519,0.00788981,0.017768,0.054144,8.81201e-05,0.301996,0.926546,1,41.3577,0.374004,0.315513,29.1412,0.638859,60.9791,0.658928,180.236,2.76471,261.677,0.350765,295.352,0.776522,0.225904,0.434124,0.231553,0.463396
0.0457801,0.878357,0.00035618,0.000322869,0.000475097,0.00113246,0.00153426,0.00205543,0.00383288,0.00795673,0.0180041,0.0591816,0.000113059,0.603197,0.964289,1,73.7595,0.393282,0.270823,28.8714,3.0726,65.931,1.96929,178.995,0.984571,259.921,0.698524,299.731,1.02507,0.213997,0.426751,0.230214,0.44297
0.054546,0.838741,0.000447346,0.000353577,0.000624507,0.000998874,0.0013573,0.00183592,0.00342229,0.00732629,0.0158908,0.0508488,0.000124267,0.479103,0.984212,1,55.0972,0.310578,0.303127,28.6346,1.43419,67.6045,2.04163,181.778,2.33874,257.785,0.656367,298.088,2.67449,0.200929,0.425713,0.220764,0.457877
0.0584143,0.818729,0.000697301,0.000591564,0.000887798,0.00149438,0.00203411,0.00270237,0.00494764,0.00966241,0.0212329,0.0671628,6.26233e-05,0.377481,0.860457,1,43.3688,0.44586,0.298231,29.0902,0.476249,60.4158,0.285993,181.272,0.251203,259.136,0.446537,298.303,0.664222,0.233811,0.428564,0.235954,0.44568
0.0529064,0.71103,0.000374906,0.000343513,0.000594352,0.000956303,0.00129414,0.00183528,0.00332736,0.00681054,0.0155674,0.0482269,9.66381e-05,0.514974,0.957434,1,56.7024,0.311588,0.256943,27.7393,2.07938,65.6832,7.40906,180.051,0.274875,259.314,1.04706,299.082,0.563262,0.177773,0.370414,0.184029,0.398329
0.066654,0.790344,0.000723484,0.000805118,0.00105955,0.00127228,0.00176012,0.00230731,0.0043085,0.00866831,0.0179922,0.0573755,7.97584e-05,0.30139,0.929726,1,49.1207,0.338001,0.330776,27.3946,0.585045,63.0921,0.33603,177.582,1.47173,260.751,0.686489,296.952,2.63153,0.196341,0.384964,0.215616,0.403206
0.0541669,0.69194,0.000494355,0.000342591,0.00052822,0.00106473,0.00148542,0.00199688,0.00369592,0.00800247,0.017049,0.0587215,7.78676e-05,0.497648,0.977827,1,61.6588,0.320494,0.263935,27.6101,0.689112,64.3735,3.63524,178.992,0.757228,259.76,0.322573,299.273,0.622276,0.178964,0.364194,0.180412,0.372663
0.0497924,0.745864,0.000547857,0.000634442,0.00104219,0.00115904,0.0016369,0.0022285,0.00406527,0.00847685,0.0196234,0.0651889,8.58055e-05,0.417717,0.986849,1,57.2422,0.336706,0.257269,28.5043,0.961743,63.6209,1.47199,177.71,2.01525,260.123,0.510996,298.632,1.21758,0.191611,0.39345,0.187656,0.388226
0.0588658,0.64161,0.000721322,0.000455645,0.000745628,0.00115438,0.00157545,0.00210461,0.00403609,0.00815845,0.0179154,0.0584097,7.46493e-05,0.450582,0.954454,1,53.7945,0.298798,0.273633,28.0564,0.481126,63.0391,1.37922,177.351,0.502818,260.883,0.724377,297.169,3.0283,0.193181,0.367656,0.186107,0.367694
0.0555469,0.661947,0.000709662,0.000533434,0.000788727,0.00113054,0.00166483,0.00221452,0.00419228,0.00866215,0.018792,0.0615705,7.82303e-05,0.423444,0.955965,1,56.5523,0.305945,0.261724,27.9039,0.478574,63.4311,1.00645,177.712,0.403888,260.156,0.903246,297.697,3.17039,0.195759,0.366328,0.194247,0.371803
0.0616761,0.766283,0.000616374,0.000516735,0.000736716,0.00104357,0.00149663,0.0020235,0.00371631,0.00794344,0.0178169,0.0552318,7.72255e-05,0.428489,0.992577,1,64.4566,0.332788,0.317116,27.0715,0.517533,63.2026,1.25805,180.487,2.47281,259.166,0.442475,298.308,0.544557,0.181654,0.374954,0.198763,0.426026
0.0767625,0.736163,0.000899674,0.000967388,0.00139804,0.00132,0.00193463,0.00249807,0.00464911,0.0101795,0.0219419,0.0703744,5.93121e-05,0.312194,0.99315,1,46.4016,0.297418,0.383442,27.2588,0.30995,63.5878,1.08934,177.127,0.515536,260.259,1.44807,297.624,2.91006,0.194,0.364645,0.213053,0.403245
0.0718797,0.717801,0.00127047,0.000817219,0.00132821,0.00133267,0.00198457,0.00260073,0.00479453,0.0102145,0.0220486,0.0729924,6.89158e-05,0.338945,0.991264,1,58.7161,0.297875,0.358556,26.9853,0.275328,63.3017,1.10178,177.021,0.770267,260.519,0.798419,298.726,3.55127,0.196909,0.368803,0.211651,0.401225
0.0646806,0.750639,0.000635671,0.000871347,0.00122331,0.00139854,0.00175431,0.00239484,0.00447593,0.00932449,0.020786,0.0688424,6.90711e-05,0.346557,0.969965,1,68.0142,0.335261,0.324892,27.0524,0.384634,62.2574,0.942874,176.713,1.94525,259.672,1.29711,296.539,0.978888,0.194493,0.369816,0.20779,0.3859
0.067877,0.678466,0.00063995,0.000495336,0.000994842,0.00146028,0.00174213,0.00244486,0.0045229,0.0097386,0.0212304,0.0664328,8.18247e-05,0.411163,0.964004,1,45.0117,0.2547,0.327879,28.5474,0.956517,62.6914,4.70757,180.613,0.665612,260.06,0.585605,298.367,0.712254,0.203506,0.385093,0.202541,0.409437
0.0545663,0.946455,0.000990917,0.0010069,0.00132972,0.00126813,0.00190508,0.00243916,0.00443213,0.00892009,0.0199227,0.0654081,7.59021e-05,0.31123,0.937347,1,79.3701,0.481073,0.310173,28.7436,1.01208,63.7444,1.11335,177.103,1.56329,259.656,1.19954,297.41,2.83694,0.208322,0.42875,0.226741,0.467734
0.0532983,0.849134,0.00041775,0.000385229,0.00055469,0.00103211,0.00148367,0.00191675,0.00354187,0.00782597,0.0166779,0.0507821,5.83632e-05,0.530704,0.958782,1,55.2063,0.504514,0.296617,27.7767,0.372335,64.0935,1.10891,179.632,1.15537,261.674,0.619501,297.868,0.593206,0.200636,0.386849,0.213749,0.439543
0.0472746,0.715538,0.000477042,0.000424197,0.000613157,0.00104082,0.00145854,0.00198852,0.00375031,0.00725974,0.0162588,0.054031,8.52441e-05,0.492256,0.936031,1,48.4499,0.364602,0.226922,27.8747,0.66575,66.7454,3.20771,179.887,0.524844,256.682,0.95925,298.981,2.0658,0.18187,0.368113,0.189577,0.368749
0.0465106,0.710082,0.000420472,0.000328315,0.000530392,0.000924959,0.0012505,0.00176956,0.00311778,0.00657024,0.0147549,0.0486586,8.16394e-05,0.448986,0.94363,1,47.6838,0.393517,0.219708,27.7119,0.714003,67.0146,3.00893,180.822,0.581552,259.025,0.81079,298.948,0.850727,0.176519,0.362441,0.174916,0.391669
0.0475465,0.709787,0.000382608,0.000449733,0.000589999,0.000997744,0.00136044,0.00175751,0.00325835,0.00722281,0.015722,0.05228,8.19e-05,0.495598,0.971075,1,50.1981,0.362587,0.231242,27.5187,0.77088,66.3059,2.03597,179.931,1.99025,260.163,0.347617,297.888,1.30871,0.176246,0.353584,0.174584,0.364014
0.0489918,0.775347,0.00061628,0.000533318,0.000726633,0.00102099,0.001436,0.00186391,0.00379722,0.00747213,0.0166087,0.0530334,8.53562e-05,0.418355,0.983872,1,60.124,0.377963,0.250468,27.5883,1.03888,65.1187,1.8938,178.018,0.914628,260.078,2.20736,297.66,1.36525,0.173114,0.371422,0.181231,0.370377
0.0552838,0.812606,0.000418278,0.000350939,0.00056394,0.00105884,0.00138174,0.00195011,0.00370185,0.00798913,0.0176917,0.0558861,0.000100298,0.53126,0.999228,1,45.9933,0.352614,0.312128,27.7087,1.45861,61.8251,1.32101,179.513,0.880642,261.723,0.288718,298.095,0.899932,0.207092,0.404905,0.218787,0.457931
0.0511837,0.789503,0.000444434,0.000479438,0.000754408,0.0010699,0.00140435,0.00190286,0.00352635,0.00763133,0.0170032,0.0544682,7.38296e-05,0.416203,0.995497,1,64.4054,0.426559,0.276892,28.2852,0.584263,63.7756,1.32022,176.195,1.41157,260.972,0.40837,297.307,0.902673,0.205639,0.388615,0.222622,0.4208
0.0597398,0.741558,0.000280565,0.000294604,0.000573906,0.0011938,0.00170376,0.00217784,0.00409457,0.0078925,0.0175528,0.0552753,8.69015e-05,0.49383,0.882004,1,47.3114,0.313023,0.285802,28.1552,0.631713,66.04,1.74307,180.253,1.64526,258.521,0.633669,298.724,1.6982,0.198081,0.38452,0.201104,0.405834
0.0507249,0.856116,0.000469879,0.000320699,0.000659368,0.00102369,0.00149623,0.00191235,0.00349635,0.00769271,0.0163001,0.0526938,7.19035e-05,0.434944,0.975337,1,54.1898,0.468307,0.283418,28.5488,1.22577,63.0213,1.12784,178.639,1.02798,260.101,0.840603,297.088,1.06037,0.202387,0.404453,0.227813,0.428375
0.0500361,0.873843,0.000612128,0.00052626,0.000762786,0.00110813,0.00163284,0.00214633,0.00395031,0.00862972,0.0181279,0.0586032,7.72316e-05,0.465649,0.962574,1,50.3312,0.460978,0.284158,28.6916,1.22523,63.0368,1.14846,179.12,1.3611,260.319,1.01649,298.238,0.912012,0.206908,0.412908,0.222522,0.441572
0.0541913,0.745578,0.000441474,0.000438336,0.000682068,0.00115963,0.00164672,0.00224195,0.00429013,0.00830293,0.0187982,0.05903,8.70738e-05,0.469054,0.916722,1,45.7278,0.344771,0.268372,27.9657,0.703277,62.1815,2.02225,179.454,1.17972,259.679,0.398095,297.921,0.744904,0.197299,0.391264,0.194671,0.383633
0.0603243,0.726613,0.000510566,0.000376071,0.000612062,0.00113703,0.00150628,0.00199655,0.00364515,0.00763092,0.0174991,0.0563188,7.61611e-05,0.464907,0.980441,1,63.8544,0.330254,0.30908,27.6989,0.549529,61.3403,0.85003,180.408,0.596269,258.412,0.814751,298.632,1.80883,0.201565,0.386314,0.225201,0.422151
0.052332,0.857868,0.000461236,0.000301003,0.000572439,0.00140952,0.00181074,0.00250234,0.00470324,0.00895384,0.0200669,0.0655219,9.26804e-05,0.552161,0.896762,1,46.0572,0.380745,0.283755,28.2228,1.43165,64.7849,1.46729,177.736,0.872009,263.574,0.313971,296.672,2.05026,0.203013,0.404852,0.178428,0.407744
0.055136,0.695766,0.000463355,0.000440004,0.000644421,0.000941752,0.00140186,0.00177564,0.0032993,0.00682367,0.0158007,0.0504867,9.05955e-05,0.428357,0.985419,1,65.7729,0.329319,0.271634,27.6334,0.422,63.7721,1.3232,181.093,0.569226,259.766,3.38653,298.392,1.99041,0.193865,0.381873,0.201926,0.417155
0.0553155,0.78927,0.000315267,0.000375179,0.000591698,0.000995636,0.00141304,0.00205909,0.0037538,0.00696464,0.0153965,0.0502622,8.84775e-05,0.482267,0.909825,1,50.7103,0.362185,0.276841,27.917,1.95081,64.0216,2.25801,176.142,3.35424,261.096,0.305135,296.043,0.942167,0.183262,0.380048,0.182764,0.40905
0.0475316,0.759037,0.000398386,0.000239514,0.000457146,0.0010322,0.00129986,0.00192713,0.00355891,0.00786323,0.0170783,0.05346,8.93886e-05,0.560781,0.971051,1,49.0578,0.377017,0.252641,28.4977,1.68676,63.1183,2.86204,177.355,0.581585,262.653,0.468776,293.717,2.59546,0.195923,0.384667,0.178643,0.382159
0.0515262,0.743747,0.000354711,0.000351684,0.000509547,0.00115385,0.00167873,0.00215091,0.00413249,0.00816054,0.0187284,0.0622336,8.92386e-05,0.553747,0.946379,1,43.825,0.34756,0.271847,28.814,0.673814,62.3458,0.868467,178.424,0.887876,259.144,0.364404,295.14,0.349598,0.210529,0.407868,0.206764,0.388926
0.0540183,0.739003,0.000456139,0.000434617,0.000760501,0.00122233,0.00177459,0.00247222,0.0045663,0.00998108,0.021794,0.0714824,7.60171e-05,0.561508,0.952666,1,58.224,0.337174,0.286645,28.854,0.655585,61.8833,0.942242,178.566,0.516751,260.024,0.563099,294.393,0.70829,0.213927,0.40126,0.198205,0.385592
0.0643974,0.852632,0.000701577,0.00072912,0.00105223,0.00177441,0.00229517,0.00307755,0.0056492,0.0119934,0.0250109,0.0802444,6.11131e-05,0.466154,0.901107,1,50.2448,0.354304,0.33882,27.8998,0.681621,63.3198,1.71935,178.994,0.443118,261.332,0.270971,299.85,0.26993,0.197858,0.382807,0.18929,0.425584
0.0615985,0.727062,0.000383885,0.000484365,0.00068129,0.00131369,0.00166883,0.00225679,0.004246,0.0082592,0.0178864,0.0567448,0.000101604,0.479938,0.889237,1,49.9577,0.276684,0.292627,27.9736,1.21373,62.6451,1.94766,176.742,0.792565,261.742,0.326649,295.819,2.10032,0.190069,0.384452,0.182367,0.374904
0.0581107,0.745679,0.000574331,0.000865684,0.00087081,0.0014494,0.00187684,0.00263917,0.00474781,0.00889834,0.0195529,0.0622786,6.9006e-05,0.379669,0.855106,1,55.3943,0.366544,0.268211,28.2856,0.675671,64.72,1.29447,181.326,0.91833,257.583,0.565326,298.959,0.703011,0.20378,0.39036,0.198417,0.385714
0.0582175,0.753588,0.000667383,0.000661512,0.000957415,0.00139697,0.00182027,0.00240341,0.00455139,0.00882858,0.0199067,0.0611258,6.88103e-05,0.381904,0.874277,1,55.1575,0.355756,0.273145,28.2084,0.593484,64.8321,1.31396,181.783,0.833217,258.097,0.678735,298.657,0.733574,0.198878,0.385535,0.201046,0.382056
0.064216,0.72501,0.000489054,0.000395169,0.000554215,0.000937981,0.0013379,0.00172522,0.00326538,0.00614173,0.0128908,0.0414019,9.9358e-05,0.442348,0.870576,1,52.6805,0.303964,0.293816,27.8768,1.01719,63.9434,0.875526,180.347,0.312826,259,1.67499,297.609,1.91838,0.191615,0.386078,0.215299,0.422752
0.0479221,0.84165,0.00043732,0.000358168,0.000566691,0.00114258,0.00153698,0.00208159,0.00379565,0.00801972,0.0170672,0.0571935,8.23924e-05,0.506485,0.955958,1,63.5329,0.437774,0.26298,28.0135,1.2892,64.0148,2.30023,177.758,0.672869,261.348,0.288338,296.136,2.09393,0.191835,0.39469,0.181256,0.416768
0.0503687,0.851009,0.000428582,0.00036973,0.000544347,0.00103837,0.00148465,0.00204497,0.00372562,0.00759929,0.0162872,0.0551202,7.36628e-05,0.532128,0.920166,1,60.4602,0.454461,0.272187,28.2647,1.4133,64.0786,2.56587,177.594,0.442027,261.657,0.278253,296.781,1.34604,0.193402,0.391124,0.195445,0.410509
0.0492766,0.777675,0.000709645,0.000516737,0.000779703,0.000972982,0.00145492,0.00191138,0.00352921,0.00726801,0.0171292,0.0539165,9.03099e-05,0.397672,0.98935,1,46.952,0.380075,0.263408,29.0677,1.19316,65.214,1.76678,181.812,3.39692,258.187,0.380858,297.995,1.07411,0.211203,0.414938,0.217694,0.426203
0.0540134,0.81793,0.000571909,0.000657614,0.000982828,0.00126685,0.00162015,0.00224984,0.00426728,0.0088984,0.0184423,0.0628713,8.8055e-05,0.378128,0.954798,1,65.9178,0.368702,0.286865,28.3628,1.04095,64.6908,2.08979,178.818,0.590101,260.347,0.410711,295.928,2.40775,0.204773,0.405529,0.20143,0.393849
0.0538602,0.728529,0.00062869,0.000507644,0.000970631,0.00111918,0.00142931,0.00197947,0.00367812,0.00695516,0.0160411,0.0483134,9.18034e-05,0.341408,0.912078,1,57.1369,0.350762,0.255136,28.2308,1.16445,62.9851,1.90426,178.348,2.26134,261.284,0.612862,296.186,0.799932,0.199013,0.391443,0.190123,0.387731
0.0557651,0.732636,0.000603199,0.00056551,0.000737676,0.00104864,0.00146258,0.00197174,0.00351309,0.0071312,0.0158242,0.0478051,7.88534e-05,0.369042,0.914204,1,52.6742,0.347075,0.264287,28.5062,1.10142,62.1111,1.48344,178.887,1.12095,261.299,0.519733,295.857,1.28137,0.189149,0.386348,0.182613,0.388589
0.056326,0.76158,0.000448283,0.000452417,0.000647348,0.00102142,0.00134723,0.0018068,0.00331434,0.0063923,0.013714,0.044276,0.000114317,0.398728,0.902375,1,62.6615,0.335542,0.27738,28.6217,0.591447,64.706,3.09233,179.42,1.04345,259.904,0.58975,294.742,1.50489,0.209366,0.41602,0.22081,0.418567
0.0583548,0.725199,0.00050222,0.000438804,0.000642365,0.00102659,0.00144545,0.00201149,0.00375391,0.00697294,0.015428,0.0471827,0.000115477,0.403248,0.861279,1,60.7055,0.29888,0.270007,28.6507,1.56686,63.1564,1.86987,178.797,2.28638,260.62,0.349345,298.28,1.82175,0.202649,0.410179,0.198521,0.429898
0.0528175,0.893134,0.000732919,0.000675831,0.00101564,0.000919271,0.00125193,0.00173247,0.00321831,0.00656734,0.0141268,0.045182,8.72563e-05,0.295353,0.978053,1,57.8503,0.453613,0.2914,28.1804,0.959873,65.7571,1.94603,178.067,0.713877,261.352,0.743093,297.868,0.775339,0.196888,0.404405,0.234565,0.466811
0.0650455,0.567616,0.000452658,0.000390142,0.000613141,0.00102171,0.00133954,0.00190685,0.00353269,0.00624655,0.0134646,0.0433894,9.8674e-05,0.382805,0.843286,1,55.4363,0.246379,0.250889,27.871,0.671344,63.5828,1.10537,179.561,1.79719,260.285,0.342923,296.198,0.793584,0.187773,0.36501,0.172706,0.35073
0.0637619,0.684053,0.000847789,0.000647686,0.00105885,0.00132948,0.00180725,0.00256774,0.00460564,0.00866861,0.0188727,0.0598238,6.76201e-05,0.352611,0.877599,1,56.8437,0.303692,0.277654,27.8958,1.76721,63.1029,1.34256,178.06,0.907265,260.319,0.412097,295.119,1.49176,0.183678,0.360831,0.164873,0.345311
0.066387,0.67478,0.000776411,0.000643094,0.000985036,0.00139726,0.00188818,0.00241388,0.00455012,0.00808522,0.0185994,0.0588893,6.68788e-05,0.34262,0.853736,1,51.7817,0.284878,0.278033,28.3003,1.05433,64.6097,2.43695,177.917,1.74975,261.455,0.44837,295.453,0.916412,0.176357,0.358448,0.162289,0.343993
0.059833,0.758638,0.000869114,0.000940521,0.00115163,0.0013573,0.00186559,0.00243517,0.00466616,0.00912039,0.0192599,0.0634628,7.12054e-05,0.340537,0.923224,1,52.4416,0.319108,0.27999,27.4346,1.56801,67.4879,2.15157,180.588,0.902833,261.545,0.268515,295.589,2.08271,0.167538,0.362416,0.143133,0.351854
0.0642715,0.822203,0.0010919,0.000865791,0.00134047,0.00159167,0.00224524,0.0029589,0.00529515,0.00939494,0.0211454,0.0661422,4.20201e-05,0.330549,0.848808,1,47.1254,0.445604,0.297753,27.3097,0.590103,65.8959,0.791769,176.783,1.31538,260.885,0.275057,298.608,0.546691,0.170559,0.348455,0.177122,0.342036
0.0591081,0.677864,0.00031166,0.00022269,0.000480076,0.000955853,0.00123726,0.00172888,0.00330211,0.00701456,0.0152686,0.0491725,0.000126455,0.561791,0.962099,1,66.4246,0.256701,0.29284,28.2908,1.46703,62.9979,2.40345,178.937,0.566101,258.944,0.349599,298.708,1.21976,0.193704,0.403699,0.211793,0.431542
0.0503241,0.652328,0.000350856,0.000338579,0.000504893,0.000978107,0.00120639,0.0017674,0.00340644,0.00685742,0.0153484,0.0489741,0.00011708,0.500892,0.955404,1,73.5669,0.288728,0.242095,28.5775,0.625861,63.4133,1.68763,178.126,3.27313,260.445,0.69295,297.709,0.82772,0.203568,0.389624,0.197904,0.395464
0.0517579,0.732078,0.000337409,0.000249735,0.000500854,0.000870754,0.00119912,0.00156552,0.00298228,0.00632612,0.0138334,0.0447128,0.000126146,0.501601,0.966139,1,57.5791,0.310993,0.263643,28.2219,2.66042,64.4242,2.74695,180.121,0.592377,258.588,0.744287,297.864,0.494205,0.194724,0.407485,0.217426,0.430701
0.0511012,0.725732,0.000357561,0.000411108,0.000582901,0.000878746,0.00121523,0.00176499,0.00313207,0.006531,0.0142044,0.0457797,0.000102189,0.41937,0.977302,1,52.2617,0.327261,0.25822,28.7709,2.59096,63.7423,2.5633,181.197,1.38468,258.509,0.393683,298.094,0.536853,0.201231,0.406476,0.203396,0.43548
0.0504284,0.718183,0.000491022,0.000331997,0.000624596,0.000892316,0.00122322,0.00166321,0.00305947,0.00655637,0.0146148,0.0463185,0.000116137,0.448535,0.966397,1,52.0254,0.336931,0.253612,28.2234,3.47239,63.8908,3.61229,181.47,1.3859,258.677,0.503112,299.92,1.33643,0.205688,0.402831,0.216775,0.422249
0.0537363,0.719326,0.000464645,0.000518577,0.000741092,0.00101617,0.00141614,0.00186585,0.00347314,0.00713489,0.0161515,0.0507584,9.79068e-05,0.414504,0.979049,1,45.9245,0.314032,0.270499,28.9369,1.10878,63.5193,3.00748,179.807,1.44436,256.036,2.40551,297.913,2.09024,0.19719,0.402201,0.222419,0.40982
0.0520862,0.72378,0.000470935,0.000507598,0.0007219,0.000987929,0.00135331,0.0018642,0.00349636,0.00720663,0.0162865,0.0514544,9.29251e-05,0.388094,0.971066,1,46.8548,0.335389,0.261723,28.8506,1.4006,63.8378,3.13308,180.112,1.96658,256.907,1.75419,298.056,1.5677,0.20321,0.405369,0.223556,0.415685
0.0449647,0.712161,0.00041495,0.000288482,0.000561162,0.0009009,0.0011697,0.00153322,0.00295755,0.00617749,0.0135967,0.043263,0.000136804,0.455993,0.964742,1,34.0971,0.356779,0.229249,28.5658,2.61031,63.5969,1.89647,179.521,0.483182,261.273,0.633902,297.682,0.429092,0.214319,0.416107,0.208765,0.447036
0.0538907,0.771364,0.000438816,0.000442071,0.000650769,0.0009757,0.00139704,0.00192952,0.0035689,0.00639402,0.0145423,0.0450002,0.000111265,0.411943,0.860089,1,59.3506,0.348791,0.261266,29.3229,2.10822,63.4574,1.34662,178.372,0.372514,259.839,0.374883,297.45,0.769367,0.209484,0.428177,0.219777,0.442008
0.0525956,0.801872,0.00054451,0.000454999,0.000729959,0.00109237,0.00139458,0.00193722,0.00357,0.00685875,0.0141135,0.0460647,0.000102036,0.385172,0.869215,1,47.465,0.39028,0.257499,28.4521,1.16146,64.1023,1.04228,177.612,6.52243,260.934,0.728538,301.378,0.456635,0.202949,0.404582,0.2183,0.467798
0.0572326,0.811613,0.000517224,0.000471322,0.000904601,0.00102852,0.0013825,0.00191317,0.00352311,0.0069776,0.0162065,0.0484118,9.63902e-05,0.350162,0.948408,1,55.962,0.363488,0.302113,28.9251,0.739537,63.0646,2.61602,179.541,0.331849,259.349,0.430763,296.108,4.08909,0.212512,0.426617,0.237712,0.44339
0.0580672,0.816861,0.000482998,0.000494521,0.000910159,0.00103917,0.00140435,0.00191508,0.00345454,0.00707261,0.0160335,0.0486451,9.73737e-05,0.356234,0.948426,1,54.5381,0.362024,0.308198,28.8723,0.799061,62.9708,2.55629,179.538,0.323254,259.182,0.357081,296.332,3.95166,0.216074,0.423737,0.250158,0.437678
0.0483823,0.760474,0.00044745,0.000508091,0.000671333,0.00101154,0.00136078,0.00194259,0.00367649,0.00763468,0.0169792,0.0539899,8.72354e-05,0.455582,0.975661,1,49.8219,0.382843,0.247667,27.5762,1.00478,66.0553,0.670761,178.598,0.651622,260.608,2.33742,299.865,0.266534,0.185402,0.376115,0.17165,0.431117
0.045305,0.795542,0.000359729,0.000355289,0.000671102,0.000976582,0.00133393,0.00178072,0.00324472,0.00694291,0.0160737,0.0499962,9.44768e-05,0.432609,0.984562,1,54.2881,0.412661,0.237662,27.7397,1.37219,65.463,0.730563,177.635,0.669948,262.698,2.03515,299.746,0.255331,0.179025,0.375539,0.177278,0.416698
0.0535855,0.758352,0.000554704,0.000477009,0.000849143,0.00111295,0.00151905,0.00197305,0.0036941,0.00759961,0.0157797,0.0519246,9.10764e-05,0.356265,0.915774,1,69.9198,0.354341,0.259525,28.5564,1.49558,65.6967,6.46828,179.902,1.48501,258.38,0.50688,299.077,0.255523,0.195651,0.397169,0.201327,0.410493
0.0504965,0.819816,0.000637274,0.000593879,0.000921407,0.000951043,0.00132452,0.00172809,0.00320394,0.00617264,0.0138481,0.0433237,0.000109578,0.326381,0.929701,1,46.7889,0.39431,0.2591,28.6832,2.78298,66.7771,0.813154,180.485,1.33637,260.337,1.06524,298.865,0.267931,0.207817,0.415147,0.210347,0.474385
0.0546052,0.804714,0.000671656,0.000573867,0.000879344,0.00100132,0.00139802,0.00187203,0.00322675,0.00709793,0.0154556,0.0490917,9.35285e-05,0.317966,0.997328,1,53.3649,0.368711,0.292786,28.5146,0.633322,64.0456,0.753767,179.467,0.709932,258.853,1.15616,298.012,6.36422,0.205287,0.411582,0.239167,0.441909
0.0567936,0.771052,0.000499511,0.000496869,0.000750001,0.00117868,0.00163545,0.00208861,0.00411598,0.00833013,0.0187123,0.0592981,0.000103084,0.410795,0.950694,1,53.1976,0.304314,0.290877,28.3847,2.24678,64.1067,0.955768,178.855,1.96931,260.634,0.861332,297.97,0.27361,0.198505,0.403925,0.187779,0.43991
0.0577595,0.907186,0.000571027,0.00050327,0.000791786,0.00117865,0.001809,0.00224029,0.00430813,0.00940555,0.0204396,0.0658705,6.99835e-05,0.425657,0.998372,1,42.4558,0.409992,0.340051,28.6222,0.865193,63.5364,1.16193,178.453,0.764848,262.86,0.377645,295.066,1.27035,0.204231,0.407076,0.217909,0.427294
0.0516621,0.768749,0.000613136,0.000613969,0.000848162,0.000988021,0.001517,0.00211372,0.00368305,0.00757623,0.0175349,0.0570637,9.96964e-05,0.388174,0.972933,1,70.6006,0.34991,0.272246,28.6714,0.953022,61.7748,3.12777,178.494,0.759792,259.569,0.909123,298.017,0.418808,0.209494,0.413114,0.214861,0.461704
0.0494707,0.759236,0.00053744,0.000540946,0.000808337,0.000816289,0.00109257,0.00150219,0.00265074,0.0057587,0.012443,0.0378083,0.000143299,0.279973,0.992153,1,42.6823,0.344549,0.251723,27.8529,1.2689,62.8584,0.624782,179.146,0.716631,259.775,0.690303,297.363,4.30937,0.197024,0.413316,0.226904,0.448867
0.0580398,0.748414,0.000807534,0.000818194,0.00110741,0.00111619,0.00154468,0.00205857,0.00366939,0.00725233,0.0160833,0.0518289,8.63616e-05,0.313476,0.90593,1,83.1155,0.337828,0.273472,28.2915,1.12302,63.0452,2.28704,179.482,2.29527,260.434,0.967699,298.42,0.408261,0.189987,0.38927,0.199412,0.408554
0.061587,0.686267,0.00095716,0.000749395,0.00119327,0.00111297,0.00141232,0.00185849,0.00348856,0.0067955,0.015273,0.0478682,9.45723e-05,0.285405,0.889368,1,62.598,0.304397,0.273841,28.4138,1.07818,64.1119,2.81172,179.39,0.688672,259.452,1.8281,298.985,0.457609,0.202004,0.39194,0.20689,0.431594
0.0479279,0.848223,0.000409561,0.000463457,0.0006722,0.000926389,0.0012711,0.00179148,0.00344809,0.00719686,0.0164175,0.0515262,0.000100019,0.468941,0.989939,1,61.6755,0.437359,0.276163,28.5433,0.651132,64.145,1.05201,179.467,0.622565,262.468,0.673855,296.432,0.465495,0.222125,0.421683,0.22184,0.458349
0.047338,0.787079,0.000484522,0.000380008,0.000617953,0.000882824,0.00113085,0.00159157,0.00289407,0.00613195,0.013199,0.0427445,8.98057e-05,0.40962,0.979738,1,47.9884,0.425439,0.245951,28.4078,2.75487,65.9029,5.01675,180.72,2.30928,259.424,0.264538,296.761,3.15536,0.188796,0.392379,0.210703,0.400819
0.055998,0.772963,0.000634686,0.000748739,0.00105027,0.001221,0.00162109,0.00213667,0.00393487,0.00818555,0.0184651,0.0599993,8.01947e-05,0.368893,0.973929,1,57.5443,0.355129,0.291085,28.4293,0.824782,64.2759,0.732724,177.808,0.656149,260.905,0.555219,297.574,0.3559,0.202951,0.395014,0.201367,0.431164
0.0742582,0.830616,0.000474561,0.000555019,0.000815611,0.00161894,0.00198262,0.0028186,0.00512829,0.00847761,0.0186131,0.0566645,6.93343e-05,0.456697,0.791746,1,49.2252,0.339564,0.346771,27.7431,0.978902,64.6466,1.219,179.535,0.795971,259.054,0.419433,296.987,3.60664,0.192122,0.386735,0.2028,0.402292
0.0579956,0.757076,0.00061644,0.000739452,0.00111165,0.00115291,0.00161095,0.00210706,0.00385947,0.00757519,0.0169252,0.0556948,9.45568e-05,0.312554,0.929958,1,60.4276,0.325265,0.283567,28.2669,1.34499,62.9106,1.25245,177.604,2.38531,260.511,0.760018,296.371,0.539574,0.197973,0.396083,0.202281,0.40918
0.0612557,0.740967,0.000592292,0.000534992,0.000921981,0.00117475,0.00167188,0.00220183,0.00409807,0.00845937,0.0186441,0.0594681,6.85292e-05,0.386499,0.958029,1,43.8036,0.320132,0.297821,28.0495,1.18935,66.8248,0.612776,182.003,0.566782,258.026,0.379297,300.36,1.81728,0.184628,0.369665,0.195993,0.392831
0.0549619,0.804395,0.000470363,0.000325877,0.000581515,0.00121358,0.00170361,0.00230695,0.00419485,0.00770312,0.0173752,0.0548352,7.2898e-05,0.518306,0.855333,1,43.8624,0.409236,0.277906,28.6487,1.06819,61.1288,1.74173,177.452,0.504257,262.378,0.255603,297.896,2.0148,0.209382,0.399527,0.199889,0.431502
0.0496003,0.868945,0.000293319,0.000266002,0.000536677,0.0010874,0.00151617,0.00200557,0.00373888,0.00731998,0.0154505,0.0482701,7.49421e-05,0.500626,0.870308,1,68.3674,0.532691,0.263877,28.4696,0.562763,63.3751,0.464502,178.36,2.33439,259.774,0.256624,297.108,1.00139,0.211332,0.413707,0.222022,0.431906
0.0638286,0.792435,0.000495399,0.000489957,0.000732804,0.0013398,0.00190267,0.00259271,0.00472494,0.00930866,0.0204474,0.0645937,8.49426e-05,0.493452,0.905317,1,46.6883,0.293396,0.324335,28.7897,1.36059,66.3234,4.26428,180.694,0.858217,260.254,0.924567,296.652,1.25468,0.198183,0.398427,0.182446,0.410675
0.0518651,0.751335,0.000237993,0.000285655,0.000396432,0.00107677,0.0014919,0.00199884,0.00373216,0.00691875,0.0142384,0.0439876,7.69859e-05,0.572136,0.811597,1,57.3593,0.440666,0.246827,28.3727,0.64403,61.5872,0.590622,177.004,1.10059,258.918,0.895469,300.377,1.50135,0.208227,0.393083,0.226659,0.419905
0.0568405,0.740248,0.000504208,0.000240861,0.000600872,0.000997314,0.00140058,0.00184716,0.0034238,0.00650257,0.0148133,0.0447703,8.64872e-05,0.459919,0.88994,1,41.403,0.401771,0.273526,26.9624,0.364013,62.2881,1.16881,181.051,1.12285,258.057,0.766427,297.102,1.43246,0.202467,0.388927,0.222321,0.401151
0.0589159,0.753,0.000526928,0.000738731,0.00111136,0.00125921,0.00182219,0.00246201,0.0045655,0.00962835,0.0203349,0.06916,7.8675e-05,0.379618,0.965399,1,60.2401,0.304457,0.296938,28.7229,3.51058,65.9014,1.08836,180.048,4.0056,258.297,0.472368,296.519,1.38974,0.197287,0.386527,0.200803,0.365522
0.055604,0.769889,0.000588479,0.000346601,0.000663105,0.000774703,0.00113096,0.0015183,0.00275253,0.00545915,0.0114565,0.0357287,9.12035e-05,0.357878,0.913987,1,60.2641,0.441955,0.272788,27.4947,0.421589,61.3391,2.85293,179.416,3.69598,260.488,1.33502,296.984,1.82159,0.203173,0.403755,0.242564,0.440113
0.0536281,0.868882,0.000324739,0.000411004,0.000612814,0.00115946,0.00166495,0.00223177,0.00412123,0.00906255,0.0197459,0.0667233,0.000115406,0.543895,0.992427,1,63.569,0.340322,0.321502,28.9205,1.91087,63.4705,0.87689,180.954,1.33103,260.516,0.266119,296.582,1.04835,0.223812,0.446317,0.231131,0.438066
0.0544397,0.862233,0.000389557,0.000401448,0.000582449,0.00114259,0.00156517,0.00215405,0.00401007,0.00871685,0.0188407,0.0634076,9.14513e-05,0.524244,0.992466,1,64.8577,0.379128,0.321603,28.6482,0.68992,62.9556,1.45178,179.827,1.401,260.152,0.278058,295.181,1.26763,0.221029,0.429558,0.224051,0.464809
0.0539492,0.877349,0.000428381,0.000406456,0.000602943,0.00127127,0.0017114,0.00221939,0.00435213,0.00961516,0.0205434,0.0701329,9.67689e-05,0.549677,0.986098,1,64.2416,0.364783,0.322253,28.6339,0.496316,63.2774,1.37167,179.669,0.66482,260.295,0.333413,296.225,1.26103,0.218566,0.428752,0.229437,0.45009
0.0568598,0.797548,0.000824818,0.00080957,0.00141129,0.0010454,0.00151213,0.0019389,0.00372981,0.00726567,0.015805,0.0496956,8.61935e-05,0.25076,0.927269,1,47.8718,0.37124,0.280737,28.4185,3.22008,64.1944,1.27619,178.121,0.68001,259.256,0.771914,298.651,1.0363,0.195151,0.396585,0.221591,0.414927
0.0592874,0.868321,0.000436814,0.000457623,0.000613172,0.00132717,0.00170344,0.00226681,0.0042758,0.00916343,0.0201714,0.066546,6.94524e-05,0.541054,0.983969,1,65.0987,0.380058,0.342108,28.2181,0.66829,64.1969,1.2829,179.51,1.39442,258.853,0.368592,296.242,1.71016,0.199657,0.398422,0.22378,0.418502
0.0514293,0.753937,0.000392794,0.000385095,0.000692733,0.00101861,0.00131888,0.00174159,0.00335062,0.00660552,0.0148431,0.0475675,0.000121196,0.406102,0.94853,1,53.566,0.344432,0.268551,29.0937,1.90007,61.4278,1.88584,178.507,0.555463,260.736,1.38402,298.345,0.360668,0.224909,0.429126,0.241071,0.455791
0.0534916,0.855763,0.000597108,0.000453193,0.00083956,0.000878544,0.00125616,0.00167329,0.00314996,0.00650079,0.0142807,0.0437191,0.000111452,0.338572,0.980469,1,97.0345,0.394795,0.29317,28.1336,1.28763,65.3793,1.28141,179.342,0.479843,262.897,0.413955,297.217,0.317182,0.207047,0.416527,0.224116,0.479944
0.0535346,0.850728,0.000578453,0.000473515,0.000843185,0.000893748,0.00127273,0.00169899,0.0031244,0.00662925,0.0145943,0.044336,0.000110811,0.345344,0.98194,1,95.5604,0.392128,0.293319,28.0829,1.34746,65.4606,1.28444,179.153,0.415656,262.889,0.377674,297.283,0.315351,0.206925,0.415952,0.221779,0.482003
0.0629975,0.811433,0.000498008,0.000487046,0.000692549,0.00091641,0.00120804,0.00162535,0.00298341,0.00650458,0.0138857,0.0425124,8.53174e-05,0.390143,0.992277,1,73.1971,0.343478,0.333047,28.0208,2.21615,63.2822,1.54487,179.48,0.715042,261.81,0.361318,297.99,0.439044,0.18879,0.394552,0.227112,0.487404
0.0498325,0.760764,0.000487635,0.000439937,0.000632205,0.00101926,0.00144632,0.00180953,0.00340015,0.00742438,0.0163527,0.055571,9.92309e-05,0.434952,0.977537,1,65.9503,0.355379,0.264592,29.0941,1.88239,64.4947,0.964887,180.353,0.377254,259.198,1.06396,296.913,4.13814,0.215991,0.415693,0.221022,0.414549
0.0478483,0.880915,0.000429643,0.00037884,0.000694282,0.00111293,0.00148662,0.00219565,0.00386052,0.00791309,0.0168126,0.0550167,0.000100886,0.465395,0.912156,1,62.4771,0.440086,0.26572,29.1299,3.98697,63.6893,1.60534,177.943,1.51554,258.401,0.51648,297.391,0.876497,0.215451,0.437104,0.226407,0.441038
0.057402,0.732485,0.00096219,0.000665932,0.00129311,0.00119518,0.0017159,0.00210624,0.00416705,0.00897031,0.0201886,0.0638885,8.81964e-05,0.299894,0.990796,1,49.1044,0.326548,0.296699,28.4615,0.464004,62.7477,1.67642,180.441,1.06312,261.615,0.395064,298.062,1.98088,0.22263,0.409465,0.212129,0.433753
0.0629878,0.810309,0.000663236,0.000779033,0.00108884,0.00138434,0.00189996,0.00233218,0.00454939,0.00947545,0.0208923,0.0693391,8.03912e-05,0.365785,0.979015,1,54.1084,0.317136,0.338099,28.7965,2.22408,62.342,2.9985,177.891,1.63272,255.805,0.525381,298.682,1.10037,0.201533,0.406466,0.238361,0.411147
0.06403,0.878745,0.000849656,0.000728679,0.00108187,0.00144882,0.00213154,0.00310971,0.00544734,0.011284,0.0243068,0.0796964,7.09039e-05,0.387696,0.932217,1,59.1605,0.360724,0.352257,28.4169,1.69742,61.8849,3.471,177.246,2.64819,257.08,0.64112,297.812,0.767974,0.210992,0.412003,0.237361,0.404309
0.0571264,0.793044,0.000383652,0.000342334,0.00067879,0.00115966,0.00143445,0.00210304,0.00378534,0.0077,0.017243,0.0546005,8.58964e-05,0.489355,0.955185,1,58.2799,0.356341,0.303622,27.973,0.746461,65.1224,2.62506,181.273,0.682332,260.083,0.499271,300.968,0.828501,0.210076,0.395474,0.223775,0.455894
0.0513922,0.784695,0.000400801,0.000407714,0.000704198,0.0010663,0.00139164,0.00181009,0.00346138,0.0072209,0.0160796,0.0502192,7.63393e-05,0.413692,0.978362,1,64.3057,0.396832,0.265391,28.0741,1.91244,63.3744,0.836787,175.586,2.28244,261.12,0.802878,296.759,0.529862,0.178561,0.370674,0.189948,0.396589
0.0624893,0.795231,0.000551935,0.000483344,0.00093679,0.00162193,0.00228818,0.00295229,0.00552753,0.0117375,0.0261669,0.0851097,6.66489e-05,0.535995,0.948901,1,55.258,0.311476,0.332118,27.9878,0.671072,63.2881,2.07407,181.117,1.60671,258.125,0.513229,297.789,0.595637,0.193468,0.38521,0.197222,0.383837
0.0494145,0.757466,0.000365468,0.000312045,0.000598079,0.000972128,0.0013976,0.00190139,0.00347453,0.00747823,0.0160247,0.0524703,6.99827e-05,0.519665,0.965349,1,50.7975,0.411172,0.256399,28.4143,1.06056,64.3125,0.654195,177.001,1.57975,260.784,0.260503,298.027,0.511526,0.189215,0.377445,0.188187,0.39898
0.0504599,0.883367,0.000445327,0.000387033,0.000575064,0.0012269,0.0016292,0.00224086,0.00410714,0.00831508,0.0187208,0.0600245,9.08686e-05,0.50345,0.91741,1,47.7739,0.447117,0.280597,27.8819,0.635979,64.3066,0.715346,178.948,0.716484,262.965,0.390226,294.262,0.606562,0.209517,0.409047,0.189982,0.410877
0.0553415,0.676186,0.00031806,0.000331173,0.000638117,0.00101358,0.00140603,0.00189679,0.00341958,0.00704866,0.0163843,0.0538877,0.000104655,0.515049,0.96478,1,54.3617,0.273635,0.267082,27.9599,0.963348,63.5457,3.27656,180.036,0.617321,258.558,0.757221,300.302,0.816163,0.187189,0.376681,0.193286,0.412973
0.0546492,0.723276,0.000670067,0.000492772,0.000715552,0.00121001,0.00175566,0.00237316,0.00426902,0.00984422,0.0210101,0.0708724,7.51949e-05,0.460679,0.996957,1,47.1413,0.328882,0.283323,28.093,0.473731,62.851,2.11562,178.902,0.30058,258.678,2.029,300.34,0.776323,0.198036,0.383207,0.211092,0.398618
0.0579,0.714801,0.000793029,0.000574973,0.000899349,0.00132859,0.00190928,0.00237023,0.00461007,0.00988436,0.0223248,0.0739693,6.91173e-05,0.46615,0.996336,1,56.9906,0.319009,0.299063,28.0143,0.458474,62.2422,1.74613,178.717,0.261426,257.214,1.57434,299.328,0.793185,0.198331,0.384379,0.211055,0.396896
0.0591964,0.71201,0.000472001,0.000502139,0.000589702,0.00136963,0.00188193,0.00240589,0.00455161,0.0103361,0.0225852,0.0764805,8.8066e-05,0.60225,0.988733,1,46.3342,0.268389,0.314392,28.4322,2.06562,60.9749,1.69834,177.564,0.268216,260.795,0.858239,297.321,1.34667,0.200908,0.388434,0.191243,0.409345
0.052598,0.764778,0.000371066,0.00027555,0.000632849,0.0011515,0.00157148,0.00232107,0.00411131,0.00865686,0.0198371,0.0659451,8.44025e-05,0.570137,0.986684,1,55.017,0.328035,0.284845,28.4363,2.04426,62.8363,1.1356,178.051,0.339917,259.463,3.06857,298.264,0.983992,0.194348,0.38971,0.205895,0.394089
0.0594804,0.819064,0.000640998,0.000495669,0.000818232,0.00108931,0.00158894,0.00202641,0.00362536,0.00710751,0.0148384,0.0473544,8.60223e-05,0.34554,0.890787,1,70.2351,0.375431,0.297009,28.774,1.56251,64.014,0.93644,177.804,0.338474,260.033,0.337658,297.752,0.816049,0.201431,0.410332,0.225966,0.439458
0.0596919,0.83023,0.000817506,0.00084434,0.00125362,0.00118195,0.00159051,0.002067,0.00367595,0.00795255,0.0181215,0.0542504,0.00010795,0.283497,0.983014,1,50.1259,0.32022,0.320432,28.4102,1.43667,64.7779,1.44182,180.239,4.31261,260.874,0.711142,297.36,2.59762,0.207706,0.419517,0.2195,0.450496
0.0478795,0.805266,0.000530631,0.000627131,0.000926738,0.000962367,0.00127893,0.00173192,0.0031534,0.0070235,0.0146567,0.0474235,0.000104728,0.334534,0.950016,1,60.1946,0.413224,0.250764,28.9188,0.697779,64.2122,1.81966,177.996,0.333737,259.495,1.15045,298.434,0.521957,0.207693,0.420941,0.226181,0.454968
0.0585466,0.809514,0.000450508,0.000414797,0.000651559,0.00133813,0.00183737,0.00230896,0.0045305,0.00841774,0.0186261,0.0602955,0.000104051,0.531175,0.862818,1,61.6875,0.330958,0.302385,28.4871,1.04609,61.2413,0.646484,177.457,0.632407,260.705,3.27932,298.344,0.677297,0.213503,0.419245,0.218452,0.446917
0.0452859,0.781639,0.000379467,0.000281701,0.000534154,0.000878699,0.00118999,0.00165024,0.0031299,0.00649001,0.0138281,0.0451247,9.16138e-05,0.478074,0.962085,1,47.8475,0.439886,0.240508,28.9828,3.20516,64.2205,1.55476,179.574,3.92769,257.598,0.353545,300.303,4.02594,0.205162,0.406239,0.234097,0.442754
0.0550791,0.88573,0.000420068,0.000315747,0.000502207,0.00111102,0.00144735,0.00210635,0.0036085,0.0071133,0.015491,0.0464352,0.000102201,0.49802,0.88318,1,57.5583,0.429085,0.301542,28.3568,0.432207,64.7273,0.90332,179.474,0.357607,261.507,2.3605,298.038,0.310752,0.224459,0.42773,0.241962,0.480042
0.0566607,0.826959,0.000304827,0.000265979,0.000443758,0.00121461,0.00149259,0.00213931,0.0039122,0.0084874,0.0183721,0.058549,0.0001035,0.648485,0.931581,1,42.3442,0.332541,0.320729,28.8061,5.54485,63.692,1.43769,179.689,2.37095,257.875,0.566592,299.117,3.85296,0.222057,0.417712,0.251206,0.459888
0.0465401,0.751558,0.00047061,0.000390738,0.000762792,0.000924507,0.001448,0.00171726,0.00316708,0.00696976,0.0151274,0.0501111,8.44374e-05,0.398148,0.989423,1,68.2791,0.471271,0.248741,28.3267,0.323458,62.3015,1.38909,178.588,0.525588,263.47,0.343603,296.745,0.612795,0.221547,0.407184,0.212367,0.447906
0.045147,0.767312,0.000466789,0.000390099,0.0007277,0.000857114,0.00138618,0.00169149,0.00314101,0.00675715,0.0148174,0.0489027,9.1779e-05,0.400659,0.978913,1,64.8608,0.486548,0.242369,28.3026,0.33703,62.7753,1.82013,178.959,0.625987,263.647,0.313088,296.245,0.462199,0.222311,0.414066,0.207361,0.438804
0.0502092,0.691945,0.000311928,0.000338355,0.000587399,0.000978044,0.00145794,0.00179238,0.00335257,0.00676364,0.0149539,0.046402,0.000103913,0.459102,0.904893,1,48.6806,0.337375,0.239398,28.9136,2.45479,60.7142,1.28645,177.194,1.88673,257.317,1.01989,300.537,0.844685,0.201623,0.406023,0.219069,0.42116
0.0545028,0.721542,0.000448213,0.000281004,0.000606745,0.000969333,0.00129895,0.00171667,0.00315266,0.00601778,0.0126921,0.0409714,0.000100754,0.413348,0.867427,1,48.5323,0.368197,0.25602,28.6626,0.581668,61.9308,1.53659,178.434,0.964234,260.858,0.378806,297.848,1.54194,0.211934,0.408963,0.225814,0.427969
0.0515989,0.717857,0.000377421,0.000501283,0.000635972,0.0010346,0.00142842,0.00185014,0.00345172,0.00669669,0.0151325,0.0463118,7.83016e-05,0.393545,0.902602,1,52.5274,0.378229,0.235622,28.0979,1.10853,65.4433,1.18478,179.879,1.88119,259.554,0.292495,296.982,1.20994,0.175842,0.37193,0.171451,0.364306
0.0555236,0.839903,0.000685655,0.000505468,0.000779243,0.001403,0.00184605,0.00272085,0.00471552,0.010147,0.0224314,0.0734742,6.88562e-05,0.487313,0.975237,1,55.8562,0.404867,0.319816,28.9048,0.595341,60.0226,0.812142,179.396,1.0129,259.235,0.387345,298.932,1.4356,0.223311,0.421214,0.241828,0.43099
0.0525967,0.769832,0.00054763,0.000408592,0.000674375,0.00088668,0.00117471,0.0015783,0.00272167,0.00603708,0.0133252,0.0398719,0.000145922,0.362328,0.970949,1,49.7327,0.316504,0.273382,29.0183,1.30041,64.443,2.76889,178.981,1.59617,261.702,1.63771,298.208,0.46249,0.21004,0.425218,0.228187,0.489952
0.0599871,0.7062,0.000390713,0.000469883,0.000673024,0.000769219,0.00108834,0.00144664,0.00276234,0.00569882,0.0119932,0.0374128,0.000178108,0.353756,0.961981,1,40.1171,0.257699,0.292791,28.5645,4.65178,64.63,0.680806,177.791,0.577274,259.874,2.1025,298.306,2.32033,0.207502,0.424866,0.244509,0.485471
0.0537115,0.874792,0.000714005,0.000628522,0.000914145,0.00119765,0.0017122,0.00237903,0.00412322,0.00757414,0.0168083,0.0521828,5.13012e-05,0.364973,0.839099,1,84.9824,0.601999,0.266808,28.1354,0.637749,64.7259,1.16669,180.63,0.881745,261.393,0.301761,297.289,0.629255,0.203953,0.390738,0.199286,0.394565
0.0487193,0.794201,0.000461324,0.000508229,0.000521974,0.00112347,0.00158198,0.00215542,0.00421006,0.00768081,0.0166071,0.0540204,7.45023e-05,0.488857,0.859767,1,61.115,0.459147,0.238947,27.9682,1.02192,65.0365,0.816964,181.063,1.01155,259.878,0.313005,295.649,2.20344,0.201716,0.386261,0.186331,0.372069
0.0579389,0.823284,0.000529747,0.000646096,0.000694405,0.00131407,0.00189261,0.0025977,0.00478735,0.00949565,0.0215565,0.0677599,9.60218e-05,0.485106,0.928237,1,47.1704,0.323971,0.313137,28.829,1.50751,63.2904,2.80467,177.035,0.377539,259.872,1.18298,300.507,0.698673,0.210454,0.412534,0.23225,0.436667
0.0532393,0.85536,0.000572868,0.000330124,0.000794616,0.00135506,0.00181896,0.00241192,0.00439453,0.00935706,0.020301,0.067586,7.28757e-05,0.471336,0.9575,1,45.9121,0.39503,0.295797,28.8013,1.77596,63.9101,3.36622,177.606,0.284469,260.307,1.7519,298.992,1.24896,0.200813,0.3993,0.199546,0.450144
0.057312,0.972532,0.00080763,0.000580851,0.000932411,0.00130006,0.00175664,0.00232678,0.00439609,0.00864138,0.0193711,0.0600691,5.89294e-05,0.397516,0.948569,1,57.8472,0.542437,0.334129,27.6545,0.549894,65.0677,0.615594,181.983,1.68288,258.455,0.366401,296.511,1.30169,0.204359,0.408661,0.237275,0.423216
0.0562154,0.861661,0.000770569,0.000961571,0.00139344,0.0013353,0.00183552,0.00247857,0.00465133,0.00947505,0.0209337,0.0666566,5.44019e-05,0.305918,0.943497,1,62.8301,0.440923,0.295819,28.5636,0.734903,65.6905,0.86257,179.006,0.875461,261.178,0.301793,299.695,0.806772,0.192214,0.383197,0.189156,0.431638
0.0510612,1.02739,0.000600556,0.000505221,0.000741412,0.00127066,0.0017182,0.00226973,0.00435789,0.00896403,0.0198771,0.0630427,8.65127e-05,0.476745,0.988198,1,41.3983,0.518504,0.329832,28.6859,1.30185,64.4766,1.13945,180.24,2.01118,259.934,0.447039,293.944,0.890893,0.222752,0.447848,0.244522,0.477469
0.0577121,0.637036,0.000342127,0.000321982,0.000431545,0.00112793,0.00149089,0.00196059,0.00360145,0.00678534,0.0146823,0.0471792,0.000103464,0.52585,0.861629,1,65.5565,0.272993,0.252012,28.2458,0.919534,61.386,1.8583,177.733,2.0268,257.663,0.733388,300.497,0.366222,0.188522,0.378871,0.202369,0.402391
0.0573772,0.727188,0.000416433,0.000389198,0.000532142,0.00120573,0.001629,0.00202087,0.00384885,0.0077624,0.0173467,0.0532117,7.55511e-05,0.53429,0.943344,1,56.0517,0.336416,0.281709,27.2282,0.575182,64.6189,1.12781,179.067,0.731749,261.982,0.29303,295.809,2.19802,0.182114,0.358522,0.168244,0.382747
0.0512168,0.688382,0.000519138,0.000506378,0.000631161,0.00093157,0.00117599,0.00175306,0.0032545,0.00658558,0.0141352,0.0454617,9.10664e-05,0.390605,0.961401,1,50.3245,0.35785,0.249333,28.4099,0.766152,62.335,1.65183,179.54,2.26029,258.375,1.03706,299.679,0.770667,0.208357,0.39269,0.224412,0.419274
0.050208,0.621167,0.000659563,0.000461176,0.000897165,0.000844149,0.00127373,0.00164393,0.00288848,0.00607123,0.0139038,0.0432636,0.000119975,0.300841,0.992163,1,47.8364,0.296842,0.233416,28.4108,0.602062,61.4455,0.898417,178.472,0.463877,257.851,2.68482,299.453,0.614567,0.200216,0.40074,0.217896,0.416309
0.0573316,0.739032,0.000690011,0.000528401,0.00108523,0.000978953,0.00144016,0.0017831,0.00328897,0.0073957,0.0155697,0.050866,0.000111402,0.308055,0.989681,1,55.6105,0.306303,0.296641,29.0138,0.878457,61.67,1.28645,178.795,0.4722,260.617,0.295616,298.204,1.17234,0.217273,0.422743,0.234811,0.45698
0.0534647,0.782993,0.000369622,0.000325575,0.00045218,0.00106673,0.00132884,0.00184589,0.00371909,0.00755243,0.0161911,0.0515215,6.80155e-05,0.576419,0.947631,1,55.0917,0.391342,0.280556,28.2986,2.48699,64.612,1.71282,179.525,0.47191,260.95,0.545207,295.475,0.72353,0.189312,0.373374,0.194109,0.393748
0.0522986,0.753201,0.000385795,0.000330434,0.000421394,0.00110618,0.00150951,0.00204558,0.00390929,0.00819126,0.0182118,0.0595933,9.56228e-05,0.611199,0.988956,1,53.3593,0.328433,0.28638,28.3197,0.56623,64.3628,1.62901,177.884,0.545135,259.686,0.890834,299.285,2.05225,0.20572,0.391692,0.218194,0.425957
0.0450014,0.756641,0.000281834,0.000233981,0.000493305,0.00093776,0.0012935,0.00171606,0.00339007,0.00719018,0.0162766,0.0509844,8.56507e-05,0.5626,0.991475,1,57.3656,0.412205,0.243137,28.2297,1.08241,61.6,1.1421,178.799,0.83571,260.482,0.983482,298.346,0.829005,0.196522,0.390309,0.199993,0.426039
0.0532874,0.666904,0.000256208,0.000182518,0.000325158,0.00092142,0.00126375,0.00171807,0.00319966,0.00634257,0.0133881,0.0422341,0.000121075,0.627704,0.88512,1,47.3915,0.32082,0.253423,27.3694,0.341939,62.8723,2.63925,177.013,0.609104,261.664,0.361097,295.641,1.46241,0.202523,0.385413,0.19598,0.407509
0.0532332,0.786899,0.000308489,0.000256812,0.000488616,0.00107541,0.00147163,0.001969,0.0037018,0.00736867,0.015581,0.051865,8.81262e-05,0.620455,0.912363,1,50.4096,0.400271,0.282268,27.4158,0.40959,62.0903,1.1059,177.028,1.11313,263.9,0.627717,295.892,0.77083,0.20309,0.38618,0.19941,0.416292
0.0502695,0.839539,0.000420527,0.000296789,0.000510168,0.00113335,0.00153039,0.002071,0.00390761,0.00825118,0.0174882,0.057285,7.68055e-05,0.581029,0.953269,1,39.5463,0.434943,0.280156,27.7474,0.579384,62.6933,0.798542,177.944,1.45081,261.752,0.789984,294.215,0.526369,0.195274,0.386724,0.190987,0.397239
0.0678389,0.797213,0.000681245,0.000446819,0.000805162,0.00158435,0.00208857,0.0028585,0.00527833,0.0106738,0.0230928,0.0750228,6.92839e-05,0.501005,0.92597,1,79.1064,0.292631,0.343534,27.6546,1.70284,66.5455,0.938182,180.924,0.389873,259.959,0.279236,295.869,2.07944,0.178933,0.372726,0.167981,0.361512
0.0603106,0.756992,0.000345504,0.000458364,0.000650265,0.00129098,0.00188933,0.00252384,0.00461293,0.0093499,0.0210656,0.0674904,6.46783e-05,0.540741,0.921657,1,71.3615,0.329241,0.299819,27.775,0.733479,65.8023,0.934164,180.776,2.24302,258.418,0.253518,299.049,0.569923,0.183358,0.370536,0.185131,0.377629
0.0602493,0.772521,0.000551213,0.000698058,0.00105952,0.00152065,0.00195409,0.00262108,0.00492877,0.0104344,0.0237827,0.0760519,4.66952e-05,0.429876,0.987923,1,42.0434,0.381882,0.314441,27.6734,0.491568,62.465,1.75765,177.337,2.48365,261.538,1.43829,296.82,1.706,0.18702,0.356721,0.192132,0.362948
0.0591103,0.824086,0.000925681,0.000601538,0.00104891,0.00148636,0.00204464,0.00279618,0.00532489,0.0106745,0.023968,0.0788852,5.13057e-05,0.414006,0.938635,1,41.8503,0.392815,0.30341,27.2672,0.581286,63.1251,0.811867,177.998,0.74043,257.486,1.90963,299.834,1.6577,0.175817,0.359061,0.189357,0.372469
0.0521762,0.719859,0.000291456,0.000313336,0.000520258,0.00101146,0.00132969,0.00192424,0.00350895,0.00717481,0.0164577,0.0523634,9.83939e-05,0.550787,0.962578,1,70.0564,0.319434,0.263625,27.7968,1.14908,64.5827,2.63163,179.865,0.848241,263.167,0.281977,294.315,1.4744,0.192634,0.38057,0.153905,0.385877
0.0559616,0.740106,0.000232567,0.000284273,0.00040118,0.000940241,0.00136119,0.00174292,0.00335271,0.00733415,0.0153513,0.049716,9.96398e-05,0.564534,0.970785,1,77.5394,0.306491,0.287882,27.9181,1.04868,63.4076,1.3526,179.798,0.666006,263.895,0.32944,293.529,1.19711,0.18644,0.380272,0.16493,0.396163
0.0581429,0.804444,0.000611869,0.000343752,0.000678072,0.00172252,0.00249187,0.00317029,0.00587407,0.0113635,0.0269324,0.0880249,5.616e-05,0.588112,0.897746,1,56.1032,0.368774,0.30695,28.3225,0.61058,63.0128,2.04059,177.731,2.42969,257.918,0.379876,296.08,1.10417,0.202118,0.384438,0.199899,0.364293
0.0589584,0.748349,0.000324339,0.00039231,0.000661722,0.00130746,0.00165315,0.00228807,0.0041639,0.00915749,0.018401,0.0609756,8.75177e-05,0.509163,0.931243,1,51.1114,0.314701,0.29895,27.9286,1.0106,61.9575,2.04267,179.772,0.579,261.494,0.398962,295.618,1.34596,0.199416,0.38937,0.186731,0.399864
0.0517536,0.83272,0.000474076,0.00034579,0.000617045,0.00118072,0.00157541,0.00209239,0.00402542,0.00792802,0.0189421,0.057986,8.51469e-05,0.488697,0.951495,1,46.6144,0.387316,0.279603,28.0859,0.603181,65.5736,1.63555,178.939,2.69241,257.449,2.03318,300.847,1.38472,0.194971,0.394279,0.221517,0.419454
0.0535561,0.788036,0.000357139,0.000358003,0.000541065,0.00114132,0.0016033,0.00208667,0.00402885,0.0079528,0.0167785,0.0558409,7.85832e-05,0.506904,0.900205,1,61.7575,0.386181,0.27337,28.5673,1.53546,63.3468,1.63718,181.379,1.1187,261.002,0.374365,298.226,3.43825,0.203486,0.400576,0.198614,0.41355
0.0557533,0.773887,0.000565683,0.000360574,0.000653931,0.0013393,0.00174568,0.00247165,0.00471391,0.0086397,0.0196678,0.0618114,7.53529e-05,0.48813,0.873307,1,63.5323,0.356617,0.276785,28.9134,0.731517,63.7166,2.42455,180.241,1.65625,258.001,1.12666,297.865,0.541154,0.208173,0.404946,0.209946,0.395305
0.0631028,0.850923,0.000331539,0.00041486,0.000709838,0.00164089,0.00217992,0.00308408,0.00575916,0.010142,0.0213401,0.0718436,7.21194e-05,0.545334,0.793911,1,55.1724,0.365578,0.317103,28.7171,1.48521,61.1444,1.11099,178.232,0.880344,258.646,0.343043,300.778,3.24019,0.212831,0.41386,0.220338,0.439178
0.0570604,0.846238,0.000546603,0.000301286,0.000603051,0.00152146,0.00210426,0.00298673,0.005582,0.00983949,0.0218698,0.0680325,6.90677e-05,0.537399,0.799568,1,65.4859,0.421976,0.284829,28.2467,0.406146,64.8751,0.802514,181.128,1.09121,259.173,0.985955,297.469,0.557199,0.215489,0.403409,0.212985,0.378275
0.0628975,0.835504,0.000341207,0.000451196,0.000733815,0.00122971,0.0016609,0.00232316,0.00426005,0.00829375,0.0178535,0.058238,8.12251e-05,0.472282,0.912145,1,72.0747,0.344518,0.331866,28.585,3.27247,62.4984,1.31048,178.387,0.41482,260.826,0.263294,299.884,0.411814,0.198401,0.408285,0.211787,0.459918
0.06036,0.862657,0.000600786,0.000355602,0.000605609,0.00125171,0.00160382,0.00226165,0.00421611,0.00897644,0.0197568,0.0601365,9.56752e-05,0.508833,0.968367,1,58.9532,0.335115,0.344838,28.7103,0.818493,63.5485,0.40936,177.188,1.20638,261.14,0.31225,298.863,1.00682,0.207254,0.414113,0.235423,0.45636
0.0495993,0.823586,0.000320935,0.000479261,0.000637082,0.000932879,0.00137057,0.00173297,0.00318902,0.00670711,0.0148176,0.0483055,9.50495e-05,0.44343,0.993984,1,51.4226,0.427397,0.272018,27.7648,0.657371,64.2541,1.18167,179.755,1.4135,262.683,0.805143,295.11,1.10551,0.197446,0.393384,0.213045,0.404461
0.0613482,0.700251,0.000633527,0.000376188,0.000717386,0.00147,0.00211097,0.00261144,0.00510023,0.0100848,0.0220765,0.0725147,7.46915e-05,0.545818,0.919397,1,46.4782,0.283353,0.289901,27.3048,1.74575,64.8807,1.74042,176.878,1.38551,258.274,0.339261,300.994,2.51802,0.175697,0.354064,0.174246,0.372489
0.045906,0.766219,0.000605296,0.00047583,0.000775032,0.000831977,0.00124619,0.00159237,0.00288443,0.0063116,0.0136054,0.0438218,0.000145434,0.333622,0.985278,1,47.6307,0.359879,0.248135,29.7554,1.39962,62.2306,3.64537,177.506,0.535742,261.889,0.624318,298.942,3.65189,0.230253,0.453467,0.241447,0.490595
0.0494585,0.800586,0.000498641,0.000505669,0.000840104,0.000839649,0.00107854,0.00152577,0.00277826,0.00590469,0.01313,0.0412962,9.27414e-05,0.333236,0.992621,1,46.4026,0.438038,0.264372,28.6176,2.81998,63.5618,1.72943,179.999,0.888967,259.831,0.284456,298.756,0.42493,0.207593,0.415428,0.234115,0.474934
0.0471889,0.774328,0.000699494,0.000561732,0.00104547,0.000896916,0.00122564,0.00162164,0.00303622,0.00673371,0.0141997,0.0459901,0.000105773,0.278216,0.9865,1,46.0128,0.411611,0.248864,29.097,0.781964,62.2311,4.96481,177.529,2.34672,262.825,0.489817,296.367,0.483264,0.213987,0.423067,0.212702,0.456204
0.0492384,0.802818,0.000494873,0.000501924,0.000622001,0.000876811,0.00121598,0.00162234,0.00295837,0.0062174,0.013827,0.0444758,0.000103765,0.3965,0.9962,1,54.8949,0.397575,0.267479,28.6778,1.20569,64.2155,1.08472,179.442,1.1296,263.068,0.695891,296.333,0.975556,0.208321,0.407653,0.228559,0.435846
0.0572859,0.771966,0.00035741,0.00032339,0.000591998,0.00114402,0.00156457,0.00211514,0.00391142,0.00834948,0.0188839,0.0609768,6.18658e-05,0.604477,0.995824,1,51.1889,0.350439,0.30463,27.4841,0.690675,66.0773,1.94952,179.107,1.39624,259.022,0.986077,299.876,0.292826,0.17454,0.356308,0.186922,0.413608
0.0562052,0.785951,0.00038058,0.000354351,0.000608689,0.00117413,0.00162167,0.00220682,0.00411188,0.00863929,0.0194507,0.0628319,6.7128e-05,0.566161,0.994225,1,50.7699,0.340354,0.299356,27.5832,0.679387,65.9567,1.93158,178.563,1.27621,258.784,0.926743,299.666,0.294677,0.174157,0.357461,0.183284,0.405019
0.0573282,0.743331,0.000539331,0.000536228,0.000636337,0.00101241,0.00135808,0.00182139,0.00352848,0.00629978,0.0137193,0.0430554,8.7757e-05,0.37828,0.86217,1,53.6982,0.377121,0.266205,28.4478,0.756653,64.0053,0.830663,177.8,2.18616,260.01,1.06588,295.387,1.31636,0.202401,0.396302,0.208881,0.406692
0.052087,0.88417,0.000457058,0.000365389,0.00066231,0.00126731,0.00166571,0.00235659,0.00412196,0.00903726,0.019941,0.065688,8.5918e-05,0.520008,0.986986,1,46.3099,0.399971,0.303283,28.0327,0.887066,66.166,0.621339,179.493,0.721379,258.494,0.497291,299.787,1.19956,0.202488,0.400484,0.227902,0.438957
0.0576683,0.796512,0.000395977,0.000346915,0.000495732,0.00127332,0.00171416,0.00244319,0.00434596,0.00855611,0.0190981,0.06049,7.21943e-05,0.55553,0.872728,1,68.2109,0.379554,0.296616,28.5689,0.833802,62.5752,1.57954,178.079,1.18617,260.557,0.553636,295.388,1.60435,0.20913,0.400433,0.205508,0.400248
0.0565105,0.839422,0.000460133,0.000384494,0.000828914,0.00142431,0.00194949,0.00273757,0.00495934,0.0100372,0.0212134,0.0683819,7.67572e-05,0.491699,0.92096,1,49.6497,0.375014,0.303378,27.902,0.541014,63.8529,1.87277,179.976,1.22131,258.149,0.46659,301.146,0.937364,0.202661,0.401494,0.20926,0.446655
0.0500498,0.812837,0.000429592,0.000317715,0.000676863,0.0010383,0.00153035,0.00191665,0.00363539,0.00826589,0.0179181,0.0567175,0.000109044,0.477546,0.996482,1,67.789,0.341056,0.279529,28.52,2.12722,63.5083,0.858628,179.164,0.935738,261.291,1.86108,296.126,1.55492,0.203239,0.414707,0.202839,0.427076
0.0657213,0.814738,0.000672673,0.000550633,0.000822743,0.00160672,0.00228984,0.00323029,0.00596378,0.0106335,0.0234553,0.0736271,7.13445e-05,0.53488,0.814839,1,43.6089,0.347953,0.320816,27.4846,0.480387,62.9805,1.60594,178.33,1.2908,257.827,0.323166,299.38,0.890384,0.19935,0.390498,0.201829,0.402977
0.0570561,0.775873,0.00059851,0.000496763,0.000774926,0.00118661,0.00173012,0.00229943,0.00411112,0.00857352,0.0186851,0.0588077,9.5921e-05,0.396123,0.934424,1,69.1879,0.308934,0.287123,28.3964,2.09911,64.9793,1.50504,180.754,1.20686,260.388,0.66925,297.105,1.35979,0.196783,0.402907,0.186688,0.412698
0.052894,0.805926,0.000454028,0.00045549,0.000648192,0.00105635,0.00144375,0.00190102,0.00354911,0.00732691,0.0164658,0.0524857,0.000101452,0.412501,0.997526,1,57.6149,0.348814,0.287417,28.3577,0.848546,64.5472,1.3137,178.556,0.774519,260.545,0.276409,296.106,1.03591,0.197524,0.406211,0.20757,0.42909
0.0489241,0.780743,0.000433866,0.000312233,0.000587344,0.000963792,0.00144276,0.00191515,0.00353218,0.00770003,0.0166326,0.0542819,9.38784e-05,0.552325,0.994622,1,71.6979,0.349658,0.264346,28.2508,1.63985,66.4512,1.17991,182.407,1.87563,258.847,0.502668,298.634,0.425166,0.190694,0.393533,0.19097,0.423021
0.0544251,0.793997,0.000570452,0.000410189,0.000762375,0.00125319,0.00179706,0.00245561,0.00454971,0.0089021,0.0196232,0.0621333,6.7333e-05,0.470534,0.905263,1,44.7339,0.404854,0.278933,28.2516,0.943039,62.4822,0.441056,176.349,0.516152,261.99,0.861706,297.604,1.64772,0.203136,0.384225,0.197819,0.399921
0.0690693,0.7581,0.000466499,0.000467937,0.0007723,0.00147002,0.00192237,0.00279105,0.00519463,0.00922012,0.020279,0.065223,6.22873e-05,0.472841,0.859413,1,47.5302,0.332664,0.326043,27.3672,0.66206,62.7344,0.678475,178.207,1.22544,261.129,0.449303,296.392,0.362104,0.193539,0.365073,0.187475,0.370432
0.0695663,0.809683,0.000564241,0.000434844,0.000755555,0.00154778,0.0021709,0.00267088,0.00527616,0.00991515,0.0209894,0.0656978,7.45615e-05,0.478314,0.84337,1,46.043,0.329164,0.34222,27.6769,0.384619,63.389,0.720184,179.237,1.33814,260.6,0.292163,293.455,1.68757,0.203928,0.394523,0.188911,0.391491
0.069328,0.808604,0.000539037,0.00037897,0.000803527,0.00153928,0.00215803,0.00275875,0.00531138,0.00999194,0.0214545,0.066534,7.36974e-05,0.442137,0.858937,1,44.7472,0.336644,0.34273,27.6535,0.382886,63.8227,0.685475,178.654,1.89301,260.443,0.292944,294.043,1.28138,0.204346,0.398276,0.187054,0.388146
0.0489352,0.821641,0.000508599,0.000480888,0.000917892,0.000998083,0.00134708,0.00170356,0.00320885,0.00674803,0.0146169,0.0471264,0.000112346,0.363582,0.973762,1,61.4281,0.383874,0.265759,29.0322,1.09958,64.431,2.90229,178.149,1.94127,258.674,2.44965,297.348,1.02088,0.209574,0.427409,0.237342,0.444212
0.0596069,0.703296,0.00056868,0.000494869,0.00089767,0.000965307,0.00133608,0.00163558,0.00316232,0.00671412,0.0146322,0.0442373,0.000112548,0.35124,0.972763,1,47.1669,0.280594,0.287492,28.0111,1.37983,63.5854,1.79918,180.758,0.532699,260.966,0.54452,297.7,1.81451,0.196561,0.391288,0.198212,0.439453
0.0474985,0.796945,0.000885489,0.000683054,0.00122283,0.000961072,0.00127249,0.00184462,0.0033137,0.00641287,0.0137101,0.044175,0.00011639,0.272954,0.89624,1,65.5865,0.429996,0.239651,29.4196,0.861789,63.2942,0.684488,177.784,0.459675,260.932,0.416044,298.774,0.42222,0.22891,0.439207,0.232925,0.466705
0.0676123,0.835237,0.000462895,0.000440513,0.000979866,0.0011938,0.00158037,0.00224944,0.00402947,0.00881883,0.0190689,0.0592076,8.8235e-05,0.426492,0.994393,1,47.9773,0.312848,0.375787,28.1954,0.625522,64.5111,2.9437,181.244,0.958095,258.995,0.890895,297.918,2.22533,0.20804,0.409644,0.248525,0.450329
0.0687493,0.822283,0.000540625,0.000642441,0.00138325,0.00134866,0.00181344,0.00257786,0.00461888,0.00879105,0.0197583,0.0617155,8.12684e-05,0.322733,0.918721,1,59.4473,0.324594,0.351431,28.1619,0.686616,63.2381,1.24713,177.674,1.12255,262.336,0.388763,295.99,0.800425,0.206462,0.397973,0.208162,0.430738
0.0746062,0.813951,0.000872518,0.000967396,0.00101693,0.00160575,0.00198668,0.00281145,0.00511351,0.00978476,0.0225181,0.0691307,8.42261e-05,0.364776,0.902128,1,58.8064,0.294229,0.379969,28.3869,0.526115,63.8032,0.894355,177.841,3.71298,261.989,0.3508,295.524,0.742905,0.210052,0.407022,0.212426,0.418631
0.0756258,0.778208,0.000740245,0.000746143,0.00129136,0.00149646,0.00204379,0.00262979,0.0048911,0.00897699,0.0198196,0.0611972,9.95953e-05,0.346154,0.891905,1,48.3526,0.274761,0.369326,27.9928,0.829832,63.1283,1.34497,178.625,1.72352,260.635,0.819604,296.864,0.814077,0.207884,0.409901,0.210448,0.427531
0.0692416,0.815014,0.000603379,0.000759261,0.000998364,0.00127632,0.00179237,0.00245044,0.00455335,0.00860285,0.0186252,0.0582346,7.02335e-05,0.382508,0.895252,1,39.5286,0.3438,0.348552,28.4536,0.778932,62.3371,0.540898,176.791,1.76275,261.116,0.874078,297.222,1.76914,0.201176,0.394089,0.219114,0.431002
0.0487459,0.736917,0.000491478,0.000370411,0.000552881,0.000972896,0.00140726,0.00176479,0.0034057,0.00677883,0.0145815,0.045901,0.00012005,0.429688,0.884351,1,65.6183,0.344544,0.23398,28.8468,3.2227,66.0815,1.07173,182.023,1.43454,259.915,0.451405,297.399,2.10533,0.210609,0.417884,0.195394,0.418776
0.0542518,0.708336,0.000508923,0.00059414,0.000712422,0.00089519,0.00126888,0.00161538,0.00298286,0.00627764,0.0140314,0.0430744,0.00010038,0.324845,0.975112,1,54.1991,0.356826,0.267768,27.9355,0.520523,61.001,2.29993,176.842,0.972505,260.467,0.336578,297.264,0.83125,0.20435,0.396461,0.224451,0.429462
0.0598318,0.76614,0.000596866,0.000692723,0.00103603,0.00123392,0.00168695,0.00237475,0.0042574,0.00908045,0.0196535,0.0655998,5.87354e-05,0.401205,0.984594,1,50.1786,0.356979,0.303334,27.3957,0.652414,66.3103,0.375124,180.08,2.37771,260.289,1.17962,298.314,1.90549,0.183032,0.355683,0.188058,0.375582
0.0536337,0.721013,0.000369254,0.000291207,0.000472778,0.00101955,0.00129236,0.00187798,0.00348071,0.00739862,0.0156908,0.049491,9.88263e-05,0.54829,0.946075,1,50.5175,0.319566,0.272339,28.4874,0.764197,62.8749,5.7333,178.718,2.39831,263.171,0.310368,296.895,0.309494,0.201858,0.39126,0.186468,0.419158
0.0520861,0.854378,0.000302613,0.000305621,0.000501571,0.000943704,0.00120877,0.00170325,0.00312374,0.00638883,0.0144346,0.0450049,9.38156e-05,0.491053,0.96579,1,45.5556,0.397061,0.282191,27.8143,1.80331,69.2549,0.397962,181.011,0.511531,260.832,0.607893,294.576,0.35309,0.185978,0.384468,0.201046,0.401748
0.0521117,0.839466,0.000363301,0.000352557,0.000527608,0.00107497,0.00154223,0.00201105,0.00381211,0.00734962,0.016111,0.0481496,9.30255e-05,0.50452,0.863617,1,50.2656,0.400405,0.261158,27.7583,1.4541,67.3263,0.308812,180.003,2.57481,261.921,0.389702,297.245,0.348382,0.185545,0.38836,0.162045,0.413389
0.0530012,0.797089,0.000441613,0.000335117,0.000585996,0.000902916,0.00116948,0.0015879,0.00305671,0.00595627,0.0128843,0.0394534,9.09851e-05,0.398974,0.917986,1,49.3552,0.412736,0.26489,28.1761,1.31725,65.7528,0.335002,178.386,0.380681,261.842,0.365288,296.925,0.261785,0.19565,0.387647,0.20572,0.436318
0.0552042,0.767226,0.000483618,0.000509009,0.000752129,0.00115649,0.00156842,0.00213821,0.00410653,0.00719605,0.0157877,0.0485493,9.0209e-05,0.399699,0.844398,1,42.5874,0.375815,0.258052,28.2759,1.14028,64.029,0.293982,178.211,1.3119,258.357,0.574132,301.608,1.60421,0.201446,0.396888,0.213751,0.433809
0.0577956,0.827446,0.00049954,0.000366988,0.000647247,0.0012364,0.00163086,0.00225856,0.00395044,0.00731086,0.0163734,0.049408,9.49133e-05,0.447514,0.845247,1,43.1006,0.357309,0.281646,28.1503,0.824161,66.572,0.49082,178.298,2.31706,258.897,0.500751,297.947,0.834191,0.189694,0.398123,0.19672,0.419034
0.0586107,0.878783,0.000494923,0.000529522,0.000743522,0.00143015,0.00201402,0.00274935,0.00481293,0.00894334,0.0185736,0.0602199,5.74891e-05,0.469003,0.81675,1,56.5076,0.445065,0.287552,28.0823,4.51685,67.9313,0.913192,181.726,0.796547,258.592,0.523595,300.571,0.764104,0.187819,0.378401,0.191759,0.401034
0.0578757,0.893202,0.000854199,0.000500893,0.00090421,0.00176965,0.00245824,0.00326703,0.00638035,0.0102902,0.0220107,0.0722302,6.42373e-05,0.466074,0.754965,1,65.8853,0.422086,0.276848,28.7592,2.08731,66.4493,1.27263,179.431,2.18127,256.84,0.528334,301.773,1.07103,0.197807,0.409346,0.196751,0.427009
0.0595622,0.84477,0.00059806,0.000430269,0.000701526,0.00146824,0.00198811,0.00276056,0.00481821,0.00866416,0.0182944,0.0593855,6.33169e-05,0.469503,0.796564,1,58.5001,0.41971,0.286674,28.7999,2.55002,66.6031,0.904947,178.869,0.35074,257.724,0.673234,301.308,0.430345,0.204151,0.392569,0.217138,0.41013
0.0553916,0.693441,0.000438862,0.000343986,0.000507955,0.000736458,0.000995095,0.00136688,0.00239399,0.00526147,0.0111816,0.0346973,0.000106255,0.399678,0.975018,1,44.6882,0.358387,0.267786,27.2694,0.4048,64.3677,1.07881,178.673,0.362527,263.601,0.760582,297.204,0.401169,0.200405,0.38019,0.222728,0.441534
0.0527155,0.715748,0.00037099,0.000471542,0.000647422,0.000823803,0.00112642,0.00153197,0.00283961,0.00576348,0.0125756,0.0391515,9.66575e-05,0.373001,0.979012,1,51.9977,0.368293,0.258006,27.5103,0.574511,63.3775,1.17755,179.376,0.404596,261.314,1.65585,298.748,0.426018,0.190812,0.382024,0.205194,0.442436
0.0517673,0.771609,0.000327332,0.000322702,0.000580478,0.000742283,0.00101981,0.00133093,0.00246482,0.00536098,0.011401,0.0370401,8.83211e-05,0.393641,0.983426,1,42.6877,0.44142,0.264429,27.1498,0.456206,63.2974,1.03668,179.375,0.308088,262.268,1.07075,297.187,0.553702,0.187072,0.38446,0.208895,0.468702
0.0615521,0.815282,0.000544633,0.000516394,0.000895337,0.00106919,0.00150326,0.00202333,0.0035939,0.00704761,0.0154818,0.0467464,0.000109961,0.358726,0.859293,1,61.6248,0.331002,0.303799,29.4861,2.60231,64.589,0.816419,179.387,0.414759,258.143,0.484786,297.707,1.86257,0.214428,0.434499,0.24348,0.444179
0.0666477,0.826896,0.000759175,0.000541638,0.000841046,0.00136578,0.00179439,0.0025266,0.00456118,0.00894789,0.0197133,0.0601623,0.000110114,0.40506,0.929691,1,58.1532,0.290564,0.356443,28.8881,2.64054,63.7969,0.475973,180.658,2.5092,259.746,0.905044,298.283,0.765726,0.223381,0.429187,0.2412,0.467538
0.0525848,0.860288,0.000910793,0.000631252,0.00108434,0.00136886,0.0017709,0.00239084,0.00459313,0.00958512,0.0201459,0.0667988,7.80426e-05,0.38613,0.973647,1,48.2876,0.416161,0.296634,28.8686,0.766503,64.1618,2.11593,181.811,0.283814,259.204,0.26845,297.564,2.35455,0.21956,0.425945,0.222074,0.42741
0.0526468,0.768532,0.000469152,0.000359073,0.000614054,0.000753407,0.00112403,0.00151364,0.0027416,0.00600067,0.0126231,0.0391937,0.000114108,0.380504,0.976863,1,64.6411,0.360079,0.275865,28.9333,1.57499,63.1132,0.964443,177.378,0.680773,261.24,4.32809,298.38,0.490906,0.210889,0.417631,0.245835,0.48076
0.0487105,0.780298,0.000506545,0.00056558,0.000668619,0.00101741,0.00131619,0.0017333,0.00313459,0.0065349,0.0149052,0.0463533,0.000110525,0.392986,0.950707,1,74.1963,0.386329,0.252534,28.5848,0.564275,65.6271,1.56435,178.508,3.24859,260.23,0.396321,299.142,0.945088,0.20687,0.415815,0.210397,0.485106
0.0575539,0.815471,0.000740154,0.000771845,0.00104339,0.00105606,0.00148668,0.00190402,0.00358092,0.00743752,0.0157367,0.0507867,8.46444e-05,0.312196,0.986559,1,48.9887,0.366331,0.30944,29.1036,4.15145,63.1708,0.96732,179.763,0.374805,259.009,1.85082,295.344,0.639749,0.208197,0.418835,0.234615,0.445366
0.048687,0.789379,0.000637737,0.000569927,0.000914401,0.00101977,0.00141754,0.00189974,0.00362289,0.00721356,0.0163219,0.050826,0.000105731,0.336565,0.955269,1,65.1778,0.394367,0.253986,28.3831,1.07239,63.1826,1.74013,179.024,0.618952,260.103,0.485494,298.808,1.71072,0.214669,0.414143,0.218764,0.43934
0.0512378,0.825247,0.000519487,0.000488273,0.000852553,0.00109011,0.00147761,0.00202341,0.00360983,0.00813059,0.0177107,0.0577765,0.000110621,0.409163,0.995368,1,42.1439,0.357207,0.287927,28.4769,0.790116,61.4178,1.86922,179.196,2.57768,259.912,1.64763,297.807,1.09479,0.212525,0.426076,0.229125,0.438117
0.0538161,0.712082,0.000476751,0.000424746,0.000572964,0.000795007,0.00101126,0.00140723,0.00259926,0.00549,0.0121049,0.0368409,0.000120013,0.37069,0.97049,1,67.4736,0.322641,0.268569,29.2667,3.66349,62.4593,0.706116,177.402,0.607983,262.53,1.38277,298.22,1.30205,0.212037,0.410272,0.235961,0.471985
0.0545001,0.89507,0.000572924,0.00045628,0.000764226,0.00163216,0.00210583,0.00281298,0.0052545,0.0104995,0.0239782,0.079991,5.39106e-05,0.538443,0.920732,1,45.8726,0.448237,0.304494,28.3958,1.86064,64.5034,0.549774,179.135,0.682551,260.207,0.392837,295.503,0.918842,0.19487,0.386972,0.194044,0.369655
0.0545705,0.729496,0.000503245,0.000500793,0.000662434,0.00110177,0.00157834,0.00205386,0.00394128,0.00849873,0.0191961,0.0598445,0.00010324,0.47758,0.99188,1,59.1176,0.293598,0.283122,28.048,1.38697,62.664,3.54753,179.947,0.567696,258.042,0.479441,298.225,0.939383,0.198107,0.396089,0.204303,0.40354
0.051673,0.781929,0.000357055,0.000279506,0.000540117,0.000906941,0.00117657,0.00167793,0.00313754,0.00645811,0.01408,0.0446484,8.61695e-05,0.456106,0.988032,1,59.7234,0.380309,0.272862,28.3761,1.15991,65.6151,2.92205,182.003,0.264636,260.916,0.39099,296.9,1.13103,0.198812,0.388652,0.202958,0.446399
0.0518558,0.7808,0.00035338,0.000275853,0.00054005,0.000901204,0.00116504,0.00166927,0.00310382,0.00639751,0.0139448,0.0442567,8.67848e-05,0.458554,0.988251,1,59.5866,0.379632,0.273735,28.3529,1.18591,65.6414,2.85553,181.939,0.264261,260.954,0.393432,296.934,1.13196,0.198803,0.388671,0.204495,0.446537
0.0600866,0.756861,0.00054651,0.000465006,0.000921763,0.00121298,0.00166127,0.00228548,0.00428965,0.00857493,0.0191994,0.0620334,8.64514e-05,0.401525,0.938403,1,56.6034,0.311813,0.298539,28.0465,0.680668,63.76,1.00239,177.828,6.68962,258.247,0.420685,298.036,0.359811,0.191963,0.388389,0.201978,0.408449
0.0552119,0.877558,0.000472957,0.000551956,0.000915471,0.00113099,0.00165717,0.00213556,0.0037819,0.00804845,0.0175428,0.0550109,8.97579e-05,0.379517,0.964939,1,54.6509,0.396331,0.310318,28.8753,1.84851,63.8859,2.13754,180.642,0.258311,263.353,0.635901,294.947,4.77134,0.213759,0.424703,0.208068,0.45843
0.0547771,0.837099,0.000709546,0.000516195,0.000763039,0.00107963,0.00140656,0.00194373,0.00361331,0.00690941,0.0153756,0.048157,0.000115125,0.397516,0.921175,1,47.7602,0.382394,0.291523,28.4797,1.44673,63.4164,1.43626,180.346,0.321283,261.642,0.643231,294.165,0.577958,0.217551,0.432813,0.218833,0.440179
0.054386,0.835423,0.000373995,0.000446665,0.000729257,0.0010443,0.00142364,0.00192172,0.00359194,0.00720214,0.0152757,0.0464567,8.92782e-05,0.375548,0.911058,1,53.8881,0.40795,0.282942,28.9515,0.754773,66.3355,0.751132,180.242,6.20134,261.608,1.13658,300.303,0.282604,0.213223,0.414316,0.223097,0.497318
0.054305,0.836484,0.00037528,0.000451411,0.000716229,0.00104472,0.00141517,0.0019199,0.00358111,0.00719682,0.0152741,0.046456,8.94054e-05,0.373212,0.912571,1,53.6569,0.410522,0.282767,28.9429,0.768001,66.4731,0.732299,180.282,5.83914,261.607,1.14126,300.207,0.280791,0.213008,0.413754,0.222999,0.498398
0.0533721,0.87533,0.000488784,0.000299965,0.000596345,0.000972501,0.00134122,0.00174694,0.00325775,0.00643906,0.0140761,0.0448762,0.000113391,0.477776,0.943666,1,56.1006,0.395255,0.293725,27.6658,1.7873,65.0487,1.5681,180.029,0.288936,258.907,2.0792,298.204,1.32851,0.197435,0.412193,0.23311,0.459883
0.0477771,0.803546,0.000324599,0.000415048,0.000637608,0.000833483,0.0011674,0.00155488,0.00287248,0.00617872,0.0132452,0.0408394,0.00010109,0.409633,0.978841,1,59.7596,0.419762,0.25481,28.6873,1.56088,66.1796,0.865279,179.852,0.875408,261.089,1.11228,298.339,1.72875,0.201979,0.405513,0.218913,0.471925
0.058343,0.721882,0.000634743,0.000509888,0.000864438,0.00120644,0.00183375,0.00246513,0.00462721,0.00860346,0.0191329,0.0622177,7.2315e-05,0.417805,0.866697,1,70.3093,0.34238,0.278807,29.4853,0.695544,60.5743,1.01186,179.235,0.994513,259.406,0.497648,299.038,1.07042,0.220586,0.412358,0.217669,0.426605
0.0500679,0.941796,0.000199503,0.000223962,0.000363781,0.000908421,0.00124351,0.0017455,0.00307631,0.00577945,0.0125231,0.0381386,0.000119554,0.560023,0.87831,1,44.4068,0.464467,0.282065,28.6465,1.86999,67.0774,1.45719,180.103,1.70278,258.4,0.704917,296.735,0.345648,0.210062,0.438359,0.242792,0.513596
0.0533003,0.762534,0.000591434,0.000414403,0.000664373,0.00120715,0.00161154,0.00233268,0.00412666,0.00822245,0.017931,0.0552736,8.71356e-05,0.46126,0.887711,1,48.3741,0.367613,0.267414,28.97,1.22162,63.2502,1.02095,182.641,0.556668,259.977,0.295607,300.063,0.461011,0.222807,0.418142,0.211487,0.442307
0.0554827,0.759467,0.000307799,0.000303216,0.000503578,0.000942883,0.00131343,0.00166478,0.00319484,0.00617985,0.013658,0.0429211,9.78708e-05,0.472036,0.897303,1,55.1338,0.376296,0.277041,28.4117,0.536596,62.1232,0.872423,181.85,0.900483,260.102,0.298217,298.469,0.291036,0.212873,0.41622,0.221524,0.473007
0.0629491,0.865013,0.000730198,0.000923532,0.00127055,0.00117033,0.00164043,0.00232811,0.00419601,0.00853515,0.0195208,0.0610604,9.19075e-05,0.299394,0.980484,1,59.7403,0.333484,0.349839,29.0714,3.5453,64.7999,1.47334,178.159,1.9177,259.817,2.73778,298.294,5.76465,0.214952,0.423495,0.24614,0.462433
0.0628217,0.863399,0.000986252,0.00078758,0.00166547,0.00119183,0.00171878,0.00235029,0.00427679,0.00847624,0.0182117,0.0593664,7.05324e-05,0.243901,0.936266,1,56.6218,0.393889,0.326511,28.1923,0.658022,64.9562,1.96183,179.13,0.833751,260.578,0.448166,298.291,0.260969,0.195531,0.39933,0.202374,0.453139
0.0505144,0.727617,0.000466597,0.000548715,0.00103016,0.000982748,0.00133033,0.00181647,0.00338403,0.00699979,0.0157924,0.0508782,7.75516e-05,0.312815,0.981419,1,51.8613,0.383329,0.249338,28.6109,0.918026,63.9799,1.01074,178.832,0.481364,257.987,2.09452,300.629,0.331187,0.192769,0.38417,0.20637,0.435361
0.0607555,0.812082,0.000560201,0.00048405,0.00109323,0.001117,0.00145964,0.00209942,0.0038086,0.00752415,0.0164432,0.0534338,8.04443e-05,0.329206,0.971864,1,58.8181,0.359462,0.315657,27.9171,0.916899,63.324,1.72685,177.547,2.84708,263.587,0.291014,293.825,0.952414,0.188065,0.38648,0.18551,0.410383
0.0514561,0.68877,0.000252457,0.000234362,0.000507507,0.000879733,0.00127024,0.00158977,0.00291636,0.00609211,0.0135877,0.043539,0.000109844,0.484975,0.982682,1,50.3704,0.307113,0.256287,28.631,2.68737,64.5954,1.81286,180.53,0.788316,259.23,0.481768,295.84,1.08075,0.201992,0.394786,0.207382,0.40199
0.0476318,0.797742,0.000691339,0.000591578,0.000900692,0.00108674,0.00158514,0.00208686,0.003793,0.00837762,0.0184184,0.0597213,9.08433e-05,0.386886,0.990073,1,41.7911,0.423013,0.26042,28.3038,0.559564,62.6498,1.3925,177.762,2.19233,261.504,1.16186,296.261,1.65278,0.213188,0.406488,0.207164,0.419961
0.0649359,0.796794,0.000387893,0.000423559,0.000662833,0.000990145,0.00144694,0.00190394,0.00346543,0.00627927,0.0135601,0.0415185,0.000101825,0.405788,0.834664,1,67.0988,0.339913,0.311165,29.0264,0.740747,64.378,1.4479,180.757,3.3098,259.374,0.375477,298.803,2.85456,0.21595,0.425556,0.243784,0.467821
0.0546337,0.795972,0.000533989,0.000343174,0.000776757,0.00118922,0.0017466,0.00231331,0.00429273,0.00802761,0.0173052,0.0592842,5.68166e-05,0.414382,0.892363,1,48.1492,0.452256,0.272129,28.4294,0.561097,62.4812,2.13484,178.894,0.906469,258.205,0.550197,299.521,1.80441,0.198706,0.385706,0.218731,0.391542
0.064402,0.741393,0.000387359,0.00051176,0.00068581,0.00127785,0.00159527,0.00222429,0.00403382,0.00905034,0.0195348,0.0616774,9.40706e-05,0.498989,0.999434,1,80.0527,0.278954,0.337627,27.4613,0.782641,62.7502,1.23431,178.921,0.974372,261.351,0.698216,296.502,0.873278,0.193496,0.385812,0.195368,0.411019
0.0508402,0.819784,0.000491049,0.000663194,0.000843765,0.00153813,0.00206503,0.00277218,0.00488805,0.0108395,0.0246457,0.0802787,6.78601e-05,0.478856,0.969029,1,39.2274,0.368195,0.274977,28.5115,0.95979,65.354,2.25888,177.377,1.08774,259.085,0.728601,298.871,1.8954,0.187746,0.385551,0.181567,0.391703
0.0661282,0.708654,0.000932643,0.000807354,0.00127076,0.00112438,0.00156149,0.00192068,0.00387305,0.00754212,0.0173982,0.053029,6.7669e-05,0.27309,0.96817,1,75.0491,0.322768,0.314695,27.6557,0.37753,64.5078,0.711931,179.307,0.751423,261.154,0.304897,296.004,1.08869,0.196946,0.370948,0.203805,0.385003
0.0540613,0.698494,0.00063262,0.000681267,0.000881195,0.000946131,0.00132957,0.00168051,0.00326665,0.00715806,0.0151023,0.0500426,8.72692e-05,0.337585,0.990743,1,71.204,0.349067,0.264162,27.3897,0.595759,61.0039,1.26255,180.837,2.23482,259.781,0.262614,298.761,0.781967,0.192881,0.388052,0.202621,0.414752
0.0502468,0.675711,0.000570537,0.000365659,0.000728344,0.000992764,0.00136007,0.00173277,0.00347225,0.0074284,0.0170987,0.0552998,6.05226e-05,0.4074,0.999719,1,59.5461,0.404559,0.249209,28.4191,0.499656,61.6566,1.23155,178.646,0.97379,260.472,0.354278,296.253,2.66667,0.20002,0.375484,0.204196,0.367219
0.063859,0.800626,0.000412227,0.000466247,0.000752786,0.00115664,0.00155636,0.00231013,0.00397325,0.00767624,0.01703,0.049495,8.91633e-05,0.412361,0.828677,1,44.0521,0.338335,0.299118,27.8986,1.20158,64.548,1.06387,178.384,1.0153,260.461,1.18518,299.008,0.78334,0.194303,0.391261,0.196943,0.437007
0.0558431,0.849342,0.000747222,0.000403458,0.000887772,0.00128165,0.00165355,0.00243252,0.00442851,0.0080923,0.0169153,0.0553555,0.000102851,0.35597,0.889164,1,48.3959,0.359588,0.287068,28.7515,1.4293,65.4472,1.13152,179.57,1.68367,259.37,0.37983,297.01,1.71378,0.207427,0.425631,0.207446,0.452105
0.0589844,0.839719,0.000493469,0.000489427,0.000719116,0.00107551,0.00160544,0.00200223,0.00371683,0.00735886,0.0151245,0.0473527,0.000110905,0.369989,0.917816,1,54.6696,0.34049,0.307969,28.983,3.0728,65.503,1.84426,178.567,0.567147,261.869,0.631649,297.988,1.06801,0.210019,0.41509,0.230538,0.464779
0.0606032,0.843138,0.000463763,0.000481959,0.000748703,0.00105006,0.00158478,0.00197658,0.00358399,0.00723002,0.0151149,0.0467982,0.000109935,0.380876,0.881516,1,52.0362,0.341877,0.30891,29.0028,2.94602,65.2951,1.92046,178.225,0.617368,262.151,0.725554,298.231,0.945839,0.209423,0.419583,0.225348,0.470213
0.052629,0.803993,0.000523641,0.000495437,0.000719183,0.00101984,0.001494,0.00186437,0.00349449,0.00651208,0.0145187,0.0447832,9.43563e-05,0.365781,0.907106,1,43.812,0.438729,0.268246,28.0249,0.457619,62.9121,1.44546,180.039,1.74199,257.618,0.375267,300.842,1.15685,0.215079,0.416796,0.247967,0.447178
0.0516695,0.682583,0.000352551,0.000367653,0.000597194,0.000723334,0.00102753,0.00142942,0.00264544,0.00548747,0.0125908,0.040059,0.00015633,0.384594,0.981597,1,65.056,0.289438,0.259574,28.9642,4.09362,60.9738,1.78337,177.963,0.962765,262.62,1.42448,294.705,1.09134,0.220889,0.426886,0.218188,0.472279
0.0498197,0.592545,0.000585048,0.000489616,0.000610402,0.000934662,0.00128288,0.00162496,0.00303288,0.00674828,0.0146549,0.0473567,0.000136056,0.387159,0.980607,1,58.0914,0.280209,0.243867,29.7614,0.477248,59.3914,1.87215,179.149,0.345702,260.024,1.03145,297.098,0.36273,0.241483,0.439942,0.241941,0.446552
0.0540659,0.862439,0.000460508,0.000385462,0.00065508,0.000967645,0.00122684,0.00179626,0.00328363,0.00639301,0.0141659,0.0433574,0.000118576,0.407345,0.939818,1,54.405,0.376933,0.292362,28.3411,1.05184,65.4821,1.54107,177.803,1.82055,259.294,0.810887,298.737,0.406444,0.200775,0.423986,0.234571,0.481002
0.0563978,0.818796,0.000432725,0.000298784,0.000527265,0.000843287,0.00123915,0.00154302,0.0028601,0.00621122,0.0125134,0.0396104,0.000118614,0.427214,0.954047,1,74.6243,0.346272,0.297795,28.4693,2.84476,65.8765,1.70188,179.201,0.668844,258.224,0.99096,299.341,0.864152,0.201794,0.414107,0.25342,0.494855
0.0531651,0.704156,0.000406911,0.000299116,0.000529387,0.000943558,0.0013029,0.00188713,0.0033401,0.00647245,0.0146287,0.0454073,9.27379e-05,0.483288,0.90329,1,39.3487,0.364186,0.260472,28.6901,0.469376,60.6928,1.78691,179.183,2.79671,260.738,1.00172,296.317,1.39052,0.217831,0.408384,0.223761,0.412097
0.0534783,0.906161,0.00040616,0.000323927,0.000564314,0.0010498,0.00142401,0.00205132,0.0038711,0.00739269,0.0163699,0.0520151,9.23142e-05,0.473633,0.8956,1,57.1814,0.437637,0.294346,28.6274,2.35276,64.6329,1.67852,177.659,0.613061,263.127,0.273166,292.162,0.632429,0.210899,0.4134,0.198153,0.419782
0.0495688,0.827011,0.00046261,0.000317813,0.000523761,0.00115197,0.00165658,0.00224953,0.00412658,0.00876101,0.0195187,0.0643303,7.50162e-05,0.572505,0.980274,1,44.1703,0.418554,0.285796,28.9216,0.770778,62.9547,0.630118,180.804,2.08059,261.257,0.552999,296.329,1.3222,0.218009,0.4102,0.217787,0.414312
0.057208,0.886248,0.000506752,0.000483291,0.000672086,0.00114283,0.00161553,0.00209349,0.003851,0.00837475,0.018218,0.0576407,0.000103524,0.453775,0.984673,1,61.4816,0.353637,0.329804,28.3662,0.781014,65.398,0.722129,178.693,0.709961,260.195,0.864015,297.725,0.529818,0.20525,0.416732,0.231629,0.46538
0.0615219,0.730981,0.000564025,0.000536644,0.00087549,0.00128759,0.00178544,0.0024603,0.00448507,0.00778013,0.0161782,0.053149,7.29435e-05,0.377899,0.778599,1,46.7345,0.360214,0.259345,27.8691,0.505033,63.2309,1.12746,179.131,1.01967,258.833,0.473759,296.233,0.615369,0.190497,0.378941,0.185245,0.356745
0.0554511,0.77582,0.000675349,0.000541033,0.000962086,0.00135424,0.00184645,0.00239432,0.00443895,0.00811847,0.018067,0.0585237,6.92402e-05,0.370774,0.843884,1,53.0112,0.388606,0.256433,28.4942,0.956627,64.801,0.447023,177.722,0.321857,259.173,0.521351,301.016,2.65005,0.191641,0.381773,0.197945,0.39306
0.0513878,0.820658,0.000454771,0.000358677,0.000656988,0.000987672,0.00137964,0.00188241,0.00349426,0.00753684,0.0164884,0.0513147,9.89442e-05,0.463813,0.964592,1,64.0285,0.388482,0.283348,28.6964,0.925193,61.7569,2.24315,177.736,0.279665,260.462,0.725691,296.894,1.0472,0.210241,0.418776,0.228902,0.459913
0.0517066,0.683701,0.000293839,0.000264253,0.00048271,0.000890212,0.00118231,0.00159392,0.00293848,0.00620499,0.0133979,0.0428244,0.000111548,0.468305,0.941564,1,45.8283,0.339285,0.253453,28.3095,0.715597,60.8383,2.05918,175.96,1.39503,260.449,2.88117,296.56,0.944091,0.209391,0.398431,0.225467,0.410321
0.0509308,0.658184,0.000283679,0.000295715,0.000478951,0.000877933,0.00131171,0.00171047,0.00312676,0.00628079,0.0142811,0.0438871,9.86066e-05,0.523566,0.927889,1,49.0385,0.340129,0.244574,28.4757,0.601288,61.1713,2.49652,175.796,2.22248,260.279,2.20887,297.126,1.26969,0.206529,0.387886,0.215793,0.4066
0.0584768,0.730968,0.000393542,0.0004417,0.000650138,0.00108163,0.00155289,0.00212181,0.00368716,0.00807949,0.0180269,0.0589416,7.92671e-05,0.461506,0.983529,1,59.078,0.318669,0.295584,27.584,0.688485,64.0398,1.15162,182.046,0.70157,258.868,0.291244,298.528,0.320672,0.188397,0.383418,0.188057,0.41437
0.0585276,0.7288,0.000682678,0.000501642,0.000894734,0.00106453,0.00147138,0.00205564,0.00369182,0.00794043,0.0174796,0.0540016,9.88084e-05,0.382065,0.988699,1,50.3446,0.310576,0.302446,28.3647,0.520417,62.7397,0.595582,178.091,1.91486,259.624,1.06952,299.336,0.453846,0.213723,0.403675,0.227652,0.45223
0.0503878,0.765665,0.000381426,0.000359825,0.000660215,0.00126545,0.00174948,0.00230345,0.00440557,0.00885482,0.0201557,0.0643337,6.71198e-05,0.534323,0.957491,1,62.4058,0.385282,0.25854,27.5685,0.549769,66.8353,1.03657,180.473,1.29215,260.596,0.382757,295.326,0.496167,0.183072,0.364563,0.166708,0.340895
0.0588443,0.749275,0.000409706,0.000387106,0.000566466,0.00107978,0.00146035,0.00202978,0.00379341,0.00765685,0.0171384,0.0541205,7.55821e-05,0.520282,0.973077,1,72.2027,0.312398,0.29313,27.2464,1.74265,66.6505,1.799,179.991,0.304085,260.314,0.416903,297.407,2.2618,0.170063,0.349475,0.165157,0.38832
0.0523362,0.664478,0.000364202,0.000276636,0.000611837,0.000953163,0.00136227,0.00178968,0.00331972,0.00686938,0.0149774,0.0472224,8.09913e-05,0.451794,0.89368,1,75.9857,0.350422,0.231848,27.771,0.815071,64.6636,4.03503,177.859,0.708975,260.627,0.31578,295.484,0.692018,0.179263,0.3684,0.160976,0.359525
0.0484909,0.91812,0.00050247,0.000463013,0.000551471,0.00121798,0.00162085,0.00219585,0.00411744,0.00921876,0.0208025,0.0658826,8.07989e-05,0.552636,0.999816,1,38.528,0.469649,0.298622,28.5608,0.888129,65.4965,0.42453,179.816,1.16862,259.072,1.86349,299.403,1.50229,0.216008,0.419591,0.240297,0.454928
0.0466879,0.677617,0.000306838,0.000218629,0.000496847,0.000750597,0.00108464,0.00142351,0.00267242,0.00579409,0.0132863,0.0411208,0.000135479,0.513107,0.997348,1,88.4899,0.316782,0.236498,28.4626,0.850884,63.1506,4.21361,177.787,2.71815,259.581,0.316002,296.346,0.664305,0.200492,0.40305,0.204817,0.417447
0.0494673,0.767792,0.000295663,0.000306741,0.000576099,0.000782229,0.00106512,0.00143714,0.0026778,0.00578993,0.0121323,0.0385053,9.76133e-05,0.452224,0.970765,1,78.8514,0.40646,0.25445,27.7626,0.680674,64.6631,0.658325,180.269,0.300352,260.374,2.08899,298.077,1.8312,0.193011,0.391252,0.216407,0.451297
0.0442717,0.620039,0.000287946,0.000210166,0.000432089,0.000863891,0.00109296,0.00151014,0.00280524,0.00611645,0.0142329,0.0431326,0.000128904,0.556745,0.997444,1,31.4213,0.318021,0.217175,28.328,1.01622,62.4134,0.883466,178.712,0.466161,258.885,0.770847,296.262,0.88617,0.202166,0.392422,0.195738,0.400102
0.0519811,0.843062,0.000890582,0.000783231,0.00117917,0.00107904,0.00148186,0.0019942,0.00369139,0.00788835,0.0171053,0.0553762,7.97042e-05,0.307454,0.998673,1,111.103,0.418157,0.281024,28.0072,1.83811,65.2613,2.72489,178.911,1.52408,260.154,0.497197,298.613,2.05376,0.188028,0.391125,0.207038,0.432225
0.0558558,0.820998,0.000670277,0.000712001,0.000888082,0.000981992,0.00137291,0.00178116,0.00326336,0.00705749,0.0156276,0.0477506,7.80327e-05,0.322371,0.995462,1,99.8107,0.407566,0.295588,27.6342,0.622502,65.7873,2.9659,177.742,0.690117,260.225,0.555205,297.651,1.4194,0.189695,0.381273,0.221887,0.423333
0.0614341,0.811447,0.000651347,0.000486637,0.000955846,0.00110761,0.0015215,0.00205587,0.00374874,0.00809473,0.0179584,0.0542511,8.01603e-05,0.355887,0.976123,1,54.7892,0.350747,0.322814,27.6347,0.655472,63.3646,1.67104,178.674,1.72217,260.003,2.20321,296.611,1.23036,0.192411,0.390085,0.216317,0.421605
0.0557995,0.831456,0.000612485,0.000541249,0.000993173,0.00142446,0.0019433,0.00258276,0.00488187,0.0101348,0.0226174,0.0744447,8.73368e-05,0.40714,0.937965,1,69.6086,0.345463,0.302038,29.2367,1.07977,64.5165,1.95105,180.124,1.61164,258.631,0.565249,298.539,2.22869,0.21718,0.427895,0.218085,0.436733
0.0542873,0.867611,0.000485289,0.000481893,0.000612247,0.00121516,0.00162487,0.00219658,0.00397355,0.00789032,0.0174724,0.0580735,8.87616e-05,0.45562,0.913084,1,60.9141,0.419845,0.298143,28.497,0.842119,62.6798,2.27473,180.818,1.71824,259.022,0.558514,298.273,1.53542,0.221629,0.426047,0.242749,0.45106
0.0536216,0.783697,0.000586879,0.000413885,0.000833167,0.00120861,0.00168894,0.00222549,0.00422744,0.00826405,0.0179179,0.0582554,8.56389e-05,0.390136,0.871056,1,63.7118,0.388671,0.269004,29.6314,0.989672,61.4063,0.972704,178.733,1.02848,259.671,0.619557,297.591,1.26043,0.225819,0.43155,0.226335,0.430941
0.043791,0.886429,0.000454145,0.000323703,0.000546385,0.000985573,0.0013469,0.00178401,0.00326644,0.00691157,0.015123,0.0490394,9.33916e-05,0.517831,0.957597,1,44.5166,0.543044,0.256573,28.8607,0.822412,63.6912,1.68446,181.723,1.27542,260.093,0.25407,297.112,1.49998,0.225791,0.438926,0.231622,0.476935
0.0445834,0.841237,0.000336096,0.000289361,0.000508693,0.000880526,0.00122058,0.00163922,0.00302073,0.00618782,0.0132039,0.0447393,9.76897e-05,0.478733,0.924601,1,50.2982,0.559642,0.2472,28.7875,0.412273,63.9437,1.12101,182.447,2.82094,260.159,0.250545,298.184,3.64859,0.235818,0.439953,0.25498,0.465937
0.0411483,0.820753,0.000498215,0.000410641,0.000584532,0.000904078,0.00121734,0.00164453,0.00296037,0.00648929,0.0143744,0.045678,0.000103816,0.409975,0.963751,1,64.9242,0.521086,0.226882,29.2907,0.720896,65.0198,0.552599,181.594,1.30812,260.711,0.251532,297.692,1.29065,0.223251,0.441789,0.212689,0.46769
0.0434317,0.812437,0.000486147,0.000460813,0.000645189,0.000936414,0.00113894,0.00153779,0.00304784,0.00629333,0.0137415,0.0441791,0.000104177,0.400859,0.974821,1,60.7036,0.492484,0.23981,29.0649,0.91227,64.2095,0.805341,181.048,1.39987,261.153,0.251225,297.988,0.97803,0.226823,0.437035,0.227204,0.473412
0.0563332,0.803952,0.000467854,0.00043243,0.000735943,0.00110867,0.00163846,0.00221305,0.00402425,0.00827882,0.0183562,0.0599413,9.72535e-05,0.450007,0.966963,1,53.0538,0.336068,0.303716,28.3638,1.11304,62.9608,2.96443,177.69,0.486864,260.5,1.3497,296.592,1.55085,0.202154,0.408158,0.212034,0.416728
0.049158,0.885227,0.000255539,0.000347251,0.000534331,0.00112802,0.00164579,0.00217307,0.00402468,0.00847822,0.0184425,0.0609034,8.03577e-05,0.558923,0.955987,1,50.7609,0.454521,0.286057,28.6153,1.37581,64.6716,0.821914,181.373,1.11235,260.067,0.455276,296.219,1.31962,0.215083,0.412177,0.219777,0.429714
0.0442082,0.869305,0.000566286,0.000328006,0.000563819,0.0011317,0.00147064,0.00199938,0.00377944,0.00814414,0.0185455,0.0585032,7.85014e-05,0.567975,0.972314,1,57.32,0.510027,0.258387,28.6171,1.03871,64.7651,2.61447,181.876,0.387883,256.891,1.14097,298.847,0.595309,0.212436,0.415095,0.233979,0.424105
0.0491235,0.863062,0.000313173,0.000445687,0.000595827,0.000940046,0.00135185,0.00178541,0.00333613,0.00725686,0.0160232,0.0512913,8.74686e-05,0.461021,0.998929,1,56.0465,0.462475,0.283669,28.2168,1.03744,64.3795,2.08007,180.712,0.678553,260.798,1.73276,296.787,1.42625,0.214611,0.410624,0.240049,0.443467
0.0554681,0.727895,0.000447822,0.000624169,0.00089344,0.00100425,0.00143777,0.0019701,0.0034316,0.00666759,0.0147483,0.0470699,9.09228e-05,0.332383,0.922348,1,58.2613,0.326458,0.260194,28.6399,2.82189,64.4536,0.956664,178.16,2.01506,259.396,0.333124,298.62,1.11515,0.188032,0.385408,0.19515,0.412668
0.0495278,0.744891,0.000306299,0.000418875,0.000582394,0.000713925,0.00101786,0.00142441,0.00266149,0.00548617,0.0119844,0.0371749,9.52005e-05,0.381734,0.993512,1,48.6155,0.412873,0.255541,28.294,0.564208,62.4658,2.53355,179.31,0.798492,260.437,0.977551,297.438,1.42274,0.202313,0.402567,0.237199,0.438644
0.0505006,0.80473,0.000438573,0.000414164,0.000726379,0.000936819,0.00125372,0.00176363,0.00322417,0.00614544,0.0137658,0.0438125,0.000124037,0.391937,0.917558,1,49.4148,0.363358,0.258385,28.8874,3.13037,66.2466,1.35291,175.278,2.09149,263.241,0.935651,296.798,1.35323,0.204793,0.410736,0.202766,0.463441
0.0464768,0.842694,0.000534593,0.000434322,0.000701222,0.000959205,0.00134027,0.00177127,0.00322634,0.00703888,0.0150071,0.0479071,0.000104874,0.405193,0.983385,1,56.6509,0.417115,0.257307,28.8444,2.47644,64.5101,1.0959,176.671,2.34277,263.343,0.717883,296.505,0.391047,0.200533,0.407816,0.198765,0.441528
0.0452516,0.758961,0.000314642,0.000301712,0.000427307,0.000806255,0.001081,0.00148135,0.00282687,0.00588008,0.0132274,0.0422497,9.06067e-05,0.489788,0.985542,1,65.8946,0.448658,0.237947,28.2031,0.911463,63.7675,0.985272,178.121,0.543796,259.494,2.03561,298.408,0.534019,0.192346,0.393243,0.218704,0.420241
0.0520355,0.813992,0.000247957,0.000314353,0.000514633,0.001085,0.00143205,0.00198297,0.00357222,0.00695464,0.0149466,0.0473674,8.46734e-05,0.54155,0.878142,1,45.4724,0.415996,0.268221,28.637,1.13858,63.9203,0.627647,178.522,2.92406,262.446,0.293054,297.221,0.634274,0.206372,0.395295,0.199085,0.430679
0.0600327,0.833002,0.000785307,0.00119259,0.00136881,0.0013206,0.0017731,0.00238376,0.00443538,0.00878095,0.0193811,0.0628218,7.87817e-05,0.303242,0.930009,1,62.6711,0.369124,0.310732,28.297,1.12015,64.054,0.553118,179.032,0.548486,258.201,2.88432,298.149,1.15414,0.206856,0.402773,0.222733,0.416417
0.0585291,0.798075,0.000900289,0.000616096,0.00120683,0.0012775,0.00168942,0.00234156,0.00419728,0.00855574,0.0182636,0.0588364,7.37649e-05,0.335567,0.917585,1,60.8499,0.368143,0.295688,28.9921,1.71894,62.991,1.129,178.641,0.429691,258.649,1.65589,296.44,0.329693,0.20475,0.406041,0.219828,0.405975
0.0604524,0.750381,0.000499125,0.000543149,0.000873159,0.00113477,0.00161669,0.00217084,0.00393163,0.00779119,0.0173307,0.0553575,0.000111269,0.407064,0.910813,1,52.6832,0.285285,0.297611,28.7734,2.05815,62.6544,1.21587,176.772,3.55176,260.61,0.893397,300.441,0.368548,0.201079,0.408659,0.202123,0.466352
0.0562073,0.813719,0.000500317,0.000647469,0.000616147,0.000980726,0.00145425,0.00187924,0.0035915,0.00718679,0.0161553,0.0499066,0.000105939,0.458111,0.964783,1,68.9722,0.342298,0.303543,28.26,0.750835,63.4608,1.56655,182.226,0.431115,259.271,0.529143,296.034,5.18191,0.206285,0.415684,0.229302,0.422815
0.0484719,0.832357,0.000320709,0.000265571,0.000632798,0.000948602,0.00139832,0.00189907,0.0033697,0.0062786,0.0137692,0.0436252,9.48272e-05,0.465719,0.87953,1,42.3748,0.452206,0.249393,28.9842,3.77219,62.8722,0.459786,177.137,1.82255,260.291,0.576799,300.512,0.337162,0.198746,0.413632,0.212565,0.468532
0.0544584,0.854691,0.000530534,0.000452381,0.000636419,0.00143101,0.00193613,0.00256955,0.0048922,0.00836344,0.018015,0.0564245,7.55904e-05,0.511501,0.808641,1,51.6692,0.450667,0.271436,28.1959,0.943583,64.1349,0.453453,177.647,0.879058,260.074,1.1756,300.925,0.370969,0.205607,0.396709,0.203971,0.451608
0.0659737,0.855825,0.000445925,0.00039405,0.000685827,0.00152178,0.00206259,0.00277999,0.00530156,0.00881983,0.0186416,0.0581112,5.59708e-05,0.472942,0.783769,1,47.9248,0.428384,0.315745,27.9451,0.727074,64.1223,0.515407,178.129,0.423959,260.315,1.23484,298.326,0.379759,0.200959,0.380365,0.206092,0.415111
0.0629183,0.812991,0.000736706,0.000643187,0.000984566,0.00139009,0.00184836,0.00248923,0.00470617,0.00732936,0.0158139,0.0484161,7.62498e-05,0.320058,0.749602,1,46.6747,0.405512,0.274921,28.6658,1.73108,64.0521,2.65366,176.789,4.18401,260.052,0.305364,296.445,1.26797,0.202944,0.402053,0.196831,0.397427
0.0600986,0.86014,0.000859099,0.00070537,0.00114918,0.00174287,0.00233367,0.00310748,0.00545921,0.00881964,0.0199827,0.060908,6.16629e-05,0.34227,0.77564,1,37.5129,0.439475,0.281491,29.1739,1.35061,64.9215,0.675755,178.997,2.1248,259.633,0.316358,296.436,2.84544,0.210951,0.410682,0.198854,0.387126
0.0648861,0.791074,0.000708476,0.000577699,0.000948376,0.00128903,0.00175241,0.00228113,0.00427318,0.00677291,0.0139079,0.0418843,6.40484e-05,0.312902,0.727703,1,72.6094,0.439737,0.269695,28.1952,0.459687,65.8719,1.42408,178.991,0.81388,262.13,0.260219,297.357,0.47313,0.199566,0.386798,0.179786,0.410739
0.0630432,0.841291,0.000598284,0.000760856,0.000979005,0.00123339,0.00162092,0.00219216,0.00402163,0.00671214,0.0134861,0.0413648,7.09612e-05,0.289236,0.769764,1,73.9556,0.449961,0.279502,28.0378,0.67914,66.5232,1.25224,179.319,1.14404,261.902,0.259044,296.389,0.368666,0.195838,0.390207,0.190276,0.405282
0.0632238,0.826524,0.000814684,0.000660894,0.00111435,0.00129763,0.00180488,0.00235719,0.0042885,0.00681231,0.0144565,0.0441793,6.90903e-05,0.282766,0.738129,1,61.3533,0.469956,0.268539,27.4801,0.473765,65.2643,1.57067,178.963,0.424135,260.744,0.316361,296.941,0.328868,0.189213,0.388614,0.182634,0.399712
0.0607689,0.763546,0.000717069,0.000657156,0.000947736,0.00125265,0.00174097,0.00237379,0.00427594,0.00738667,0.0152349,0.0475097,6.42922e-05,0.312141,0.798413,1,46.0149,0.403095,0.262546,28.3029,1.05317,65.6526,3.18274,180.733,0.572693,260.878,0.263738,296.357,0.715095,0.195553,0.378307,0.177379,0.372602
0.0574497,0.804038,0.000395103,0.000355814,0.000544403,0.00142014,0.00192038,0.00258268,0.0048221,0.00810345,0.0166399,0.0522139,8.60378e-05,0.491943,0.74869,1,55.4914,0.386289,0.264011,28.8742,0.995484,63.3273,0.625807,177.092,1.25444,259.236,2.71235,299.336,1.98711,0.210426,0.410519,0.217289,0.410131
0.0622886,0.826163,0.000533789,0.00045868,0.000875244,0.00137276,0.0019951,0.00270155,0.00492979,0.00952195,0.0202102,0.0671553,6.54888e-05,0.462723,0.873126,1,52.3018,0.374351,0.316051,28.3696,0.692738,65.086,3.77972,180.214,1.14646,260.249,0.269286,296.698,0.422758,0.206137,0.394898,0.193058,0.404779
0.0507509,0.847566,0.000318175,0.000289718,0.000554746,0.00115045,0.00151575,0.00207607,0.0038461,0.00745941,0.0170459,0.0545601,7.06607e-05,0.527102,0.900316,1,56.1245,0.460768,0.271591,28.5771,1.22178,62.7529,0.660739,178.516,1.68329,259.086,4.32234,298.044,3.97992,0.201884,0.398651,0.22363,0.413481
0.0557131,0.777967,0.000503047,0.000411375,0.000571467,0.00119548,0.00169353,0.00218072,0.00432552,0.00893297,0.0190805,0.0619205,8.37411e-05,0.543311,0.942902,1,53.214,0.331509,0.295836,28.7277,0.870566,63.2002,0.982001,178.599,2.44823,259.306,0.355117,297.986,1.21012,0.201873,0.40476,0.204898,0.419355
0.0604247,0.749069,0.000770343,0.000621087,0.000888954,0.0012989,0.0018349,0.002406,0.00438295,0.0100447,0.0218809,0.0716871,9.15518e-05,0.393158,0.987637,1,59.1299,0.284022,0.316678,28.7777,0.898743,63.2667,2.66725,178.684,0.663576,260.902,0.716995,296.71,1.07434,0.209606,0.402788,0.209578,0.409285
0.0526418,0.831041,0.000548402,0.000508024,0.00071704,0.00114659,0.00157905,0.00204145,0.00377131,0.00778603,0.0171281,0.0562901,6.99685e-05,0.456814,0.963124,1,53.4168,0.419544,0.282575,28.1322,1.9455,66.5671,1.13046,180.224,2.27139,260.15,1.23389,295.803,0.897221,0.193634,0.384782,0.193544,0.393874
0.0617226,0.689856,0.000404943,0.000302448,0.000571001,0.00107773,0.0014458,0.00189475,0.0035964,0.00722687,0.0153635,0.0488759,0.000104765,0.504638,0.921349,1,54.4401,0.28498,0.294963,27.4704,0.472216,61.8473,1.88903,177.103,0.790949,259.858,0.518223,298.639,1.65493,0.19405,0.385032,0.208905,0.417429
0.055867,0.806746,0.000505336,0.000474114,0.000869265,0.0010692,0.00148038,0.00208272,0.00363074,0.00785644,0.0169472,0.0514774,8.36713e-05,0.392138,0.970685,1,44.6794,0.369436,0.295795,28.3312,3.93534,63.4071,1.52571,177.076,2.13205,259.979,0.557138,297.489,1.91813,0.196682,0.392327,0.218501,0.426263
0.0491415,0.783393,0.000542436,0.000445285,0.000670837,0.00110023,0.00150274,0.00197094,0.00365664,0.00752569,0.0168458,0.0538833,9.84684e-05,0.422857,0.938486,1,58.528,0.380578,0.255511,28.659,1.20784,63.5832,2.38845,178.115,0.570087,258.731,0.568706,298.239,1.54695,0.207557,0.412415,0.208284,0.440521
0.0558121,0.870776,0.000411893,0.000313433,0.000658563,0.00138638,0.00195576,0.00250087,0.00506484,0.00964019,0.0213849,0.0681383,7.68613e-05,0.578152,0.898218,1,50.179,0.375016,0.307966,28.7533,1.46865,63.1313,0.939386,180.203,1.85683,260.377,0.422235,296.802,1.24361,0.204285,0.409467,0.196835,0.416865
0.0464917,0.758688,0.000563235,0.000575968,0.000888003,0.000842289,0.00119589,0.00157128,0.00277454,0.00614079,0.0136529,0.0427147,0.000110437,0.283059,0.979352,1,63.1759,0.416409,0.239134,28.5644,0.601686,63.1556,1.44557,179.705,0.48982,259.511,0.741345,298.702,1.38851,0.211085,0.419714,0.23201,0.45462
0.0560941,0.769903,0.0005529,0.000611769,0.00097095,0.000889141,0.00121645,0.00164639,0.0029394,0.00629073,0.0132825,0.0407005,0.000146761,0.284502,0.96147,1,46.2186,0.30791,0.285445,28.6066,2.0887,65.0073,1.9582,179.951,1.91782,261.696,1.82553,295.479,1.26789,0.213386,0.433536,0.216831,0.476152
0.0570451,0.749826,0.000550301,0.000386071,0.000645593,0.000833249,0.00114548,0.0014615,0.00283572,0.00581263,0.0128477,0.0388565,0.000115084,0.334318,0.987226,1,58.4804,0.314607,0.286495,28.1923,1.49153,64.8063,0.440809,178.615,2.07899,258.087,1.14819,298.238,2.22949,0.193979,0.399064,0.232934,0.472059
0.0570944,0.644997,0.000380255,0.00048022,0.000556159,0.000814994,0.00110719,0.00155181,0.00282709,0.00574562,0.0123415,0.0374815,0.000131575,0.431492,0.929361,1,61.9404,0.269016,0.254464,27.6571,1.43752,64.9963,0.649583,180.236,1.15351,259.876,1.54748,298.886,0.892924,0.185895,0.381637,0.194786,0.41949
0.0562547,0.739341,0.000566934,0.000632563,0.000987102,0.00133761,0.00182643,0.00254074,0.00466377,0.00884644,0.0197476,0.0622867,8.22857e-05,0.405007,0.899413,1,48.1883,0.342041,0.274062,28.3506,0.592747,61.1701,3.12406,175.219,0.749106,261.608,0.284124,294.874,0.470298,0.204053,0.394649,0.180153,0.402942
0.0543172,0.748641,0.000855674,0.000573541,0.000992847,0.00114263,0.001562,0.00203185,0.00380649,0.0077781,0.0171347,0.0544954,6.87665e-05,0.350385,0.951535,1,40.2218,0.382825,0.267238,28.2766,1.90309,62.3075,0.878063,176.432,0.608858,261.473,0.590578,294.757,3.33366,0.187604,0.372931,0.192999,0.354995
0.0542175,0.757019,0.000425519,0.000512112,0.000719766,0.0012254,0.00169292,0.00235691,0.00426589,0.00775537,0.0170777,0.0569575,8.81852e-05,0.430721,0.857847,1,49.5961,0.360993,0.256452,28.1579,0.439581,64.16,1.6837,178.977,5.74242,259.752,0.553434,294.823,1.1106,0.197882,0.398519,0.183381,0.37648
0.0530763,0.83994,0.000490116,0.00030734,0.000605186,0.00119225,0.00156712,0.00211858,0.00380374,0.00752877,0.0160432,0.0493785,9.10582e-05,0.456559,0.862113,1,58.8504,0.388324,0.270835,29.2347,5.92304,64.4935,3.79727,176.941,0.55879,263.011,1.68534,295.866,1.47193,0.205867,0.409554,0.1905,0.420562
0.0538051,0.760701,0.000479909,0.000370128,0.000568295,0.00103902,0.00144929,0.00183738,0.0033768,0.00688665,0.0142623,0.0449818,9.4366e-05,0.452255,0.892373,1,53.7629,0.357306,0.265142,28.9817,3.11911,63.9557,4.70363,177.802,0.349946,262.802,0.919466,295.538,2.90459,0.206921,0.400652,0.193306,0.428174
0.0594706,0.663619,0.000345367,0.000323718,0.00045121,0.00107404,0.00156088,0.00194613,0.00357694,0.00633562,0.0141501,0.0434159,9.41601e-05,0.515793,0.802708,1,78.8311,0.313002,0.253173,28.0671,0.495157,63.7492,0.478602,177.647,6.0715,258.301,0.309207,298.169,0.84,0.194225,0.382255,0.197423,0.388847
0.0598484,0.672875,0.000449991,0.000340512,0.000500735,0.000931803,0.00124051,0.00160662,0.00302796,0.00605638,0.0127364,0.0391847,0.000106497,0.44616,0.901094,1,54.556,0.293925,0.273405,28.4719,1.77584,63.8497,2.02109,180.216,0.323898,260.722,2.84874,298.506,0.338766,0.200833,0.391323,0.20635,0.447019
0.0587082,0.722735,0.0004575,0.000433274,0.000561851,0.00121797,0.00170074,0.00230877,0.00428589,0.00752946,0.0167333,0.0521074,9.95214e-05,0.476729,0.825364,1,39.9535,0.304011,0.262147,28.0169,1.10034,64.5805,1.24749,177.787,0.531335,258.227,0.472723,297.041,0.92325,0.188532,0.384346,0.180991,0.383847
0.0640962,0.762431,0.000718888,0.000648783,0.0010279,0.00128562,0.00168543,0.00238626,0.00444663,0.00815813,0.0174197,0.0555658,7.20952e-05,0.34495,0.852602,1,62.5469,0.341134,0.293179,28.1155,1.20199,64.7444,1.64239,179.691,1.56543,258.423,0.401909,297.976,0.790617,0.195682,0.380248,0.210456,0.377051
0.0562926,0.75676,0.000422051,0.000390101,0.00066186,0.0010699,0.00151568,0.00198508,0.00386036,0.00800301,0.0177562,0.0589569,7.91611e-05,0.478287,0.988105,1,73.9569,0.335964,0.288368,27.1398,1.11073,63.9024,1.70897,179.085,0.252608,260.791,0.390489,296.546,0.914015,0.177173,0.364193,0.182575,0.374904
0.0613568,0.923555,0.00055198,0.000441952,0.000810369,0.00170098,0.00240693,0.00319631,0.00587127,0.0107467,0.0231809,0.0783607,5.5277e-05,0.525502,0.834874,1,58.1963,0.435199,0.326204,28.4271,0.819864,65.297,1.34781,180.318,0.265535,259.425,0.38003,296.833,0.961232,0.201061,0.396744,0.198868,0.390102
0.0592705,0.922582,0.000570338,0.000365583,0.00087692,0.00186863,0.00246228,0.00344199,0.00645763,0.0114284,0.02467,0.082055,5.00642e-05,0.506975,0.810342,1,49.733,0.462554,0.308476,28.9829,1.72271,66.264,1.54049,180.558,0.259169,259.584,0.429154,296.495,0.984716,0.20671,0.400752,0.192027,0.38272
0.0703059,0.765547,0.000474776,0.000407062,0.000653664,0.00159845,0.00224598,0.00290412,0.0054826,0.0104519,0.0229641,0.0755555,6.54044e-05,0.594648,0.873169,1,46.5298,0.294944,0.347128,27.5795,0.649951,62.8236,0.720582,180.294,0.561393,259.927,0.385247,298.699,2.81796,0.189916,0.371882,0.187351,0.396658
0.0781756,0.731866,0.000654343,0.000468107,0.000842423,0.0018769,0.00251527,0.00343552,0.00662968,0.0123743,0.0274217,0.0868606,5.60955e-05,0.504664,0.837693,1,60.9903,0.286953,0.367462,28.1921,0.388198,62.486,0.418682,179.349,1.85501,259.019,1.12863,295.238,1.08923,0.210176,0.382665,0.202061,0.367847
0.0627178,0.764169,0.000384425,0.000305932,0.000551248,0.00128735,0.00182335,0.00239518,0.00449193,0.00887389,0.0194532,0.0634309,8.24693e-05,0.600296,0.921603,1,44.1444,0.310902,0.319489,26.7921,0.486252,62.6566,0.667755,179.142,0.697593,259.426,0.489087,300.683,1.0449,0.183102,0.374223,0.192286,0.419199
0.0572107,0.746033,0.00055459,0.00057016,0.000755811,0.00115572,0.00174931,0.00236838,0.00437865,0.00880609,0.0203828,0.0670001,9.34603e-05,0.451008,0.951966,1,68.4565,0.296236,0.289658,28.2784,1.90673,63.9499,2.77802,178.911,2.12808,259.061,0.584177,295.163,1.60501,0.197537,0.391443,0.195096,0.378753
0.0659392,0.752557,0.000431456,0.000428076,0.000548842,0.00109733,0.00167311,0.00230603,0.00410641,0.00863218,0.0190784,0.0608399,9.60476e-05,0.568211,0.971244,1,46.9097,0.28158,0.349361,27.6656,0.570668,62.2851,0.823134,179.055,0.789725,261.228,0.443032,298.681,1.08437,0.201079,0.388834,0.217068,0.437151
0.0510311,0.841492,0.000530088,0.000458699,0.000936194,0.00108951,0.00161689,0.00211438,0.00381526,0.00790401,0.0173379,0.0569251,7.14441e-05,0.394673,0.946972,1,65.2863,0.442674,0.272756,28.7207,6.27978,64.0613,2.19944,179.567,1.54549,259.05,0.674967,297.63,1.82886,0.197979,0.400936,0.209706,0.411671
0.0491822,0.836763,0.000666576,0.000561423,0.000740531,0.00111039,0.00153675,0.00206479,0.00385322,0.00785697,0.0171539,0.0561957,8.48934e-05,0.4181,0.924318,1,60.436,0.41217,0.256863,28.3747,2.54127,66.1873,2.56602,179.159,2.25315,258.774,0.506686,298.785,1.03224,0.195946,0.396395,0.202875,0.404277
0.0577661,0.685993,0.000538188,0.000472174,0.000620792,0.00121777,0.00173471,0.0022217,0.00419144,0.00806142,0.0177108,0.0566518,8.55153e-05,0.456626,0.892077,1,35.3731,0.301281,0.264326,27.8489,1.03339,62.7424,0.714042,176.131,0.500775,261.106,2.50785,297.435,1.98652,0.190141,0.368706,0.180494,0.378896
0.0598828,0.883644,0.0010247,0.000894629,0.00136681,0.00147516,0.00205015,0.00263911,0.00500722,0.00932034,0.0199366,0.0635586,5.42216e-05,0.307154,0.85985,1,78.4133,0.453783,0.293343,27.6431,0.664708,66.1759,1.434,178.398,2.72428,260.465,0.270381,297.611,0.817671,0.175324,0.370683,0.181786,0.369245
0.0602378,0.877272,0.000943782,0.000881935,0.00131342,0.00142803,0.0019749,0.00261709,0.00484514,0.00905247,0.0193644,0.0617247,5.5084e-05,0.293974,0.892113,1,76.9655,0.440691,0.30088,27.6391,0.775878,66.3473,1.78788,178.487,2.57549,260.247,0.273663,297.525,0.802268,0.175657,0.370241,0.183158,0.367537
0.0647661,0.766554,0.000526801,0.000513574,0.000881784,0.00129602,0.0017372,0.00233762,0.00427561,0.00861752,0.0178542,0.0577691,7.70566e-05,0.414247,0.924655,1,43.7544,0.33519,0.322884,27.5371,0.424416,63.2026,0.776262,180.378,0.692119,259.342,4.75517,298.68,1.30207,0.200929,0.386354,0.217359,0.425182
0.0680101,0.869862,0.000799896,0.00067296,0.000976342,0.00177679,0.00245616,0.0033138,0.00625018,0.0115978,0.0269898,0.0844749,5.37678e-05,0.478772,0.848643,1,63.0553,0.377548,0.351304,28.2756,0.742641,63.2238,2.01432,179.74,2.79004,258.208,0.466103,298.364,2.4852,0.205788,0.39694,0.211676,0.382472
0.0494306,0.809705,0.000567031,0.000429782,0.000797125,0.000964772,0.00134788,0.00174646,0.00320077,0.00684909,0.0156782,0.0477995,0.000107768,0.366256,0.995358,1,46.8846,0.375363,0.264693,27.9853,0.655553,65.8692,0.571981,178.162,0.60762,262.557,0.663024,297.003,0.634056,0.193839,0.398268,0.187996,0.445728
0.0647298,0.717693,0.00052294,0.000430424,0.000567237,0.00147127,0.00199578,0.00282304,0.00525917,0.00913173,0.0209362,0.0672941,6.76621e-05,0.557071,0.809755,1,65.0019,0.313374,0.294926,28.2127,0.997218,61.7884,3.65311,179.505,1.68524,257.834,0.861323,298.553,2.58548,0.199722,0.383665,0.199409,0.376571
0.0594579,0.781058,0.00049718,0.000424247,0.000792243,0.00141015,0.00193312,0.00251205,0.00466232,0.00869245,0.0193771,0.0615605,7.27305e-05,0.444775,0.831695,1,55.0846,0.36872,0.285161,28.6765,0.679886,61.8163,4.57052,179.666,2.99304,259.802,0.536166,298.083,2.07155,0.211379,0.405008,0.210482,0.40212
0.0573952,0.888519,0.000744949,0.000829863,0.0010346,0.00108207,0.00155693,0.00219961,0.00391579,0.00811638,0.018391,0.0574972,8.41606e-05,0.336823,0.991885,1,64.2984,0.401489,0.322704,27.9221,1.73999,65.8749,0.437525,179.019,0.526248,260.945,0.94414,298.58,1.2106,0.199158,0.403305,0.220528,0.464149
0.0599269,0.679655,0.000541465,0.000717198,0.00106991,0.000861668,0.00124097,0.00173363,0.00311376,0.00668935,0.0142334,0.044627,0.000110439,0.296866,0.965165,1,44.4853,0.290483,0.280486,27.8622,0.547099,63.7827,5.67661,182.397,0.341446,258.327,0.302151,296.628,1.05233,0.198545,0.401888,0.20819,0.409777
0.0614229,0.726294,0.000820722,0.000493582,0.00106642,0.00113677,0.00148552,0.00193405,0.00353386,0.00679533,0.0152651,0.047509,0.000103287,0.281114,0.886324,1,58.5236,0.306934,0.281453,28.6419,1.98932,64.384,0.858471,182.313,0.27975,257.509,0.947018,298.554,0.789301,0.203911,0.413454,0.215516,0.417752
0.0582097,0.829595,0.000684755,0.000473188,0.000704967,0.000939519,0.00134119,0.00184352,0.00340404,0.00641489,0.0145871,0.0439764,7.99827e-05,0.374459,0.942992,1,60.6916,0.407855,0.304602,27.9973,0.702141,63.881,1.55862,177.669,1.45331,261.647,0.433313,297.034,2.18467,0.199104,0.396277,0.228363,0.448778
0.061304,0.796088,0.000622942,0.000816161,0.00122686,0.00142832,0.00205435,0.00266434,0.00488902,0.0101876,0.0231671,0.0735222,6.82979e-05,0.362829,0.98075,1,75.8828,0.334939,0.320613,27.7663,0.700997,62.7158,1.90363,179.195,2.99981,260.904,0.372267,300.67,0.465606,0.188305,0.382547,0.190461,0.419431
0.063838,0.786667,0.000384511,0.000507738,0.000700629,0.00122385,0.00172065,0.00229181,0.00428503,0.00816261,0.0180891,0.0554037,7.12676e-05,0.473899,0.907493,1,41.7059,0.329537,0.311209,27.1899,0.604086,66.3863,0.510689,179.893,0.494844,260.956,0.801751,294.657,2.96192,0.172796,0.362516,0.167242,0.361289
0.0555467,0.645549,0.000787205,0.000905081,0.0012234,0.000984345,0.00143127,0.00188834,0.00343694,0.00707881,0.0164168,0.0529517,7.92761e-05,0.247741,0.980806,1,70.8057,0.308001,0.25182,28.0973,0.992983,62.2518,4.1419,178.955,1.19829,259.664,0.609824,300.586,0.40313,0.187691,0.369606,0.194214,0.408011
0.0543715,0.787726,0.000520441,0.000554592,0.000847486,0.000989773,0.0014839,0.00194474,0.00350937,0.00727177,0.0166408,0.0516584,7.90796e-05,0.357272,0.981102,1,50.831,0.388417,0.284181,28.0651,0.70819,63.6787,0.595779,177.899,1.14843,260.724,0.612544,295.095,4.1316,0.197646,0.38935,0.210102,0.394225
0.0651158,0.781112,0.000403462,0.000523706,0.000829066,0.0013781,0.00196167,0.00264934,0.00493528,0.00983935,0.020866,0.0709794,6.75449e-05,0.491577,0.929116,1,55.575,0.322028,0.33633,28.3325,0.923564,63.24,1.76954,179.842,0.5615,260.514,1.31792,296.251,0.407813,0.204059,0.384415,0.203421,0.398702
0.0629968,0.69724,0.000595256,0.000854959,0.00109403,0.00110795,0.00157043,0.0021251,0.00389625,0.00738331,0.0160649,0.0509104,5.91476e-05,0.311074,0.913049,1,52.5752,0.347283,0.275694,27.0424,0.64764,66.3144,1.52104,179.746,1.89689,259.037,0.263707,297.658,3.69411,0.172174,0.342933,0.176773,0.345993
0.0679315,0.706988,0.000803067,0.000546868,0.000950667,0.00132841,0.00181266,0.00239183,0.00427928,0.00826728,0.0177662,0.0568655,9.37412e-05,0.352917,0.889024,1,50.7803,0.260738,0.298038,27.1411,0.791173,66.3484,1.45437,180.444,0.710437,259.402,0.310977,295.754,0.962096,0.16952,0.371014,0.153227,0.36029
0.0617214,0.794514,0.000871828,0.000645002,0.000919097,0.00139999,0.00192807,0.00248934,0.00466917,0.00788531,0.0170999,0.0527777,5.68923e-05,0.343011,0.788023,1,58.5269,0.443034,0.26507,26.5809,0.576595,64.2763,1.04492,176.337,2.45719,260.531,2.04213,298.552,1.59074,0.166918,0.347282,0.167545,0.348121
0.0717281,0.823575,0.000713588,0.000825139,0.00116006,0.00200698,0.00263222,0.00367209,0.00681909,0.0106094,0.0226754,0.0725938,3.40648e-05,0.382867,0.73247,1,41.693,0.439604,0.302642,27.5317,0.558633,66.8246,1.45897,177.161,0.933897,260.398,0.337257,295.869,1.50715,0.174931,0.34057,0.156307,0.328647
0.072289,0.820757,0.000735846,0.000762438,0.00109699,0.00200794,0.00256364,0.00357986,0.00672429,0.0103623,0.0220823,0.070983,3.31832e-05,0.377328,0.736673,1,41.8869,0.445418,0.305347,27.4576,0.566536,66.8779,1.27076,177.445,0.988816,260.525,0.323676,296.081,1.38184,0.173897,0.346224,0.154261,0.324136
0.0661878,0.80848,0.000511633,0.000600723,0.000856785,0.00162249,0.00228914,0.00301432,0.00523106,0.00945429,0.0207182,0.0635674,5.02405e-05,0.449973,0.793912,1,46.073,0.383786,0.297506,27.39,0.725814,66.0421,0.742346,177.373,2.19915,260.952,0.517207,297.394,1.27699,0.172809,0.350757,0.164598,0.33639
0.065338,0.760687,0.000546768,0.000445423,0.000776337,0.00135231,0.00183253,0.00249252,0.0048776,0.0088594,0.019288,0.0584754,6.43425e-05,0.45436,0.862549,1,42.1298,0.335884,0.302109,27.3164,0.549303,66.4712,1.75123,176.784,1.64669,261.737,0.663888,297.127,1.32272,0.18035,0.349059,0.169192,0.375311
0.0611043,0.766121,0.000351633,0.000458664,0.000629958,0.00114387,0.00152284,0.0021187,0.00367507,0.00733829,0.0160607,0.0493821,7.17235e-05,0.46107,0.927203,1,41.4866,0.3372,0.297363,27.6044,0.822548,65.2996,1.10347,177.746,2.32815,262.707,0.458041,298.607,0.900746,0.172736,0.357734,0.177054,0.401672
0.051693,0.809485,0.000423415,0.000615052,0.000895332,0.00137756,0.00209264,0.00277715,0.00517558,0.0112845,0.025792,0.0859042,7.4352e-05,0.530094,0.973822,1,71.3547,0.368538,0.292166,28.7623,1.13056,61.8001,1.62538,180.142,0.815267,259.572,0.282841,294.968,0.758511,0.21854,0.415739,0.199846,0.39685
0.0531024,0.810306,0.000356875,0.000455384,0.000583536,0.00106622,0.00150752,0.00192271,0.00375219,0.00790602,0.0173409,0.0562013,9.2445e-05,0.475861,0.996746,1,41.6603,0.346678,0.289692,28.3019,1.37347,66.1868,1.0898,179.679,0.658589,259.961,2.43386,297.735,1.32751,0.191821,0.393044,0.199444,0.429803
0.0540441,0.690412,0.000400519,0.000471494,0.000742819,0.000813827,0.00117544,0.0016057,0.0027504,0.00606357,0.0134813,0.041219,8.99554e-05,0.321846,0.983837,1,77.4023,0.348036,0.256627,27.6891,0.752244,63.5134,0.564805,180.131,2.15799,260.086,0.299939,297.915,0.713171,0.188628,0.378401,0.205043,0.399138
0.0584519,0.778818,0.000529239,0.000346217,0.000598635,0.00107851,0.00143022,0.0019105,0.00350566,0.00776294,0.0169487,0.0525791,8.29739e-05,0.501457,0.98438,1,53.0956,0.327922,0.306419,27.9016,1.72869,65.5899,0.987952,181.664,0.35199,258.943,0.389433,297.357,1.61378,0.186234,0.380592,0.204853,0.407924
0.0512746,0.818059,0.00106509,0.000730391,0.000974236,0.00129323,0.00178879,0.0024314,0.00460758,0.00954649,0.0201721,0.0714167,6.90825e-05,0.378907,0.975363,1,57.8616,0.407341,0.279592,29.0385,0.769971,64.2165,1.52015,180.669,0.545785,259.136,0.494124,298.023,0.959416,0.214398,0.409157,0.210604,0.421808
0.0455919,0.825937,0.000243206,0.000137437,0.00033896,0.000959304,0.00125975,0.00168478,0.00342248,0.00704301,0.0146587,0.0469576,0.000100222,0.70178,0.895976,1,52.3591,0.441696,0.249016,27.86,0.799291,64.6868,1.04008,176.78,3.3889,262.593,0.953974,298.014,1.97624,0.19686,0.39096,0.205627,0.425384
0.0577859,0.781202,0.000529941,0.000434547,0.000903653,0.00147332,0.00204606,0.00269733,0.00523367,0.00975793,0.0216413,0.0723991,7.71292e-05,0.466414,0.855567,1,51.9226,0.346521,0.286191,28.8451,1.82707,60.7778,1.02501,178.778,0.356795,255.832,1.09437,300.002,0.645487,0.211548,0.417604,0.224641,0.395405
0.0607254,0.92162,0.000909091,0.000802194,0.00147257,0.00143798,0.00168633,0.00234543,0.00449731,0.00929906,0.0203332,0.0637588,7.66557e-05,0.297153,0.956169,1,55.719,0.400794,0.340121,28.6128,1.62555,65.066,3.27229,179.314,3.79557,262.511,0.512686,298.201,1.63809,0.206017,0.411714,0.222946,0.443215
0.0555751,0.846686,0.00078197,0.000847716,0.00106684,0.00109688,0.00174955,0.0022381,0.00402949,0.00822841,0.0181828,0.0582719,8.11345e-05,0.319232,0.932446,1,56.528,0.40633,0.295536,28.9398,0.745205,63.7521,2.22379,179.267,1.18494,260.331,0.459141,295.28,4.18967,0.213694,0.419906,0.221811,0.420094
0.0560303,0.749003,0.00068186,0.000570293,0.000889502,0.00106399,0.00131469,0.00193635,0.0034002,0.00682059,0.014863,0.0472315,8.76547e-05,0.32995,0.936984,1,47.5151,0.348151,0.274415,28.6329,1.17512,62.3047,1.45995,177.459,0.916301,261.935,0.804238,299.105,0.405123,0.197979,0.39313,0.20487,0.446149
0.0598401,0.75888,0.000741273,0.000979811,0.00129692,0.000976685,0.00129553,0.00183219,0.00325349,0.00661534,0.0143191,0.0437141,0.000110386,0.233325,0.944447,1,67.1048,0.317375,0.291712,28.4932,1.19506,64.8732,2.49711,177.668,1.88932,259.448,0.875965,296.493,2.82549,0.204438,0.405029,0.223234,0.447659
0.064821,0.754346,0.00109782,0.000762997,0.00125983,0.00110129,0.00158771,0.00200888,0.00367168,0.00737806,0.0155783,0.0496741,0.000113865,0.263128,0.93119,1,44.5302,0.292809,0.31551,28.1795,0.976996,63.7587,1.12226,180.055,2.88149,261.31,2.76045,296.312,1.55489,0.208738,0.411954,0.220391,0.425505
0.0547174,0.832659,0.000555782,0.000344898,0.000582176,0.00121722,0.00170658,0.00226595,0.00426103,0.00773822,0.0167557,0.0525613,8.56431e-05,0.495301,0.808727,1,66.7747,0.408292,0.268748,28.7459,0.989785,63.2868,1.94684,177.822,0.360469,259.95,0.264091,297.343,0.457656,0.205388,0.412815,0.197832,0.430322
0.0611072,0.829834,0.000298342,0.000315425,0.000500584,0.0014129,0.00182508,0.00241025,0.00479669,0.00796848,0.0171055,0.054025,9.14171e-05,0.535947,0.758176,1,64.7974,0.359532,0.290165,28.6754,2.88861,64.0679,2.48694,179.179,0.268974,260.179,0.295198,297.465,0.606156,0.208141,0.415728,0.207579,0.407764
0.0610137,0.764825,0.000476348,0.00074861,0.000927607,0.00114596,0.00149996,0.00201999,0.00391548,0.00635408,0.0134982,0.041626,8.30166e-05,0.32719,0.795902,1,41.2587,0.391999,0.267586,28.0538,0.432607,64.6713,0.6109,181.297,0.671342,256.924,0.476653,298.131,1.45831,0.204159,0.401666,0.215425,0.406331
0.0793792,0.743077,0.000509178,0.000639585,0.000995286,0.00175938,0.00250677,0.00348004,0.00624379,0.0107196,0.0233121,0.0706262,8.43618e-05,0.436813,0.753385,1,74.1929,0.26539,0.354545,29.5831,2.71325,61.4839,2.53602,178.157,2.3362,261.728,0.311405,298.56,0.450279,0.230343,0.427571,0.210031,0.44934
0.0815433,0.843766,0.000866332,0.000545817,0.00088121,0.0019017,0.00248721,0.00328822,0.00599205,0.0105202,0.0223723,0.0715258,8.40296e-05,0.428327,0.780885,1,47.4479,0.301935,0.394363,28.7013,0.596773,62.0648,3.94551,179.792,0.563534,258.056,1.54322,295.505,0.363699,0.223942,0.43191,0.228466,0.441487
0.0736404,0.753943,0.000470435,0.000539888,0.00101388,0.00151551,0.00215534,0.00296845,0.00544358,0.0100171,0.0215567,0.0667888,8.32497e-05,0.433078,0.826149,1,79.9528,0.279305,0.348739,29.1038,1.21635,62.1654,1.44158,181.227,1.38276,258.267,0.376891,295.734,0.691772,0.226614,0.422138,0.22509,0.395297
0.0633598,0.861743,0.000554933,0.00038381,0.000765086,0.00173759,0.00229598,0.00300434,0.00570448,0.0101744,0.0223386,0.074087,7.93201e-05,0.543502,0.833687,1,51.4857,0.334245,0.326487,28.4468,1.04751,64.0763,1.19802,178.203,1.18196,261.657,0.70692,295.12,3.15178,0.203929,0.399349,0.190889,0.383516
0.0619559,0.776132,0.000474261,0.000466641,0.000732929,0.00144614,0.00195933,0.00276757,0.00506996,0.00965501,0.021254,0.0691583,6.74782e-05,0.53138,0.861767,1,52.3451,0.32767,0.304237,28.595,1.62111,63.3396,3.04416,176.845,2.30134,261.595,1.51825,294.793,0.738696,0.195715,0.381255,0.177742,0.377982
0.0600947,0.630952,0.000579977,0.000541389,0.000764465,0.000879473,0.00129214,0.00176339,0.00317084,0.00659668,0.0147219,0.0463222,0.000112386,0.346127,0.96094,1,52.6326,0.273094,0.282029,28.8327,0.60669,60.4914,1.20116,178.991,0.809475,260.669,0.253888,294.826,1.1332,0.214228,0.413432,0.210849,0.421412
0.057488,0.723932,0.000548538,0.000471191,0.00078717,0.00114846,0.00145385,0.00198666,0.00357955,0.00738172,0.0162092,0.0513897,0.000110033,0.38583,0.931283,1,51.1477,0.308782,0.284714,28.4851,0.570685,60.777,1.16966,178.674,3.80745,259.163,0.25049,297.014,0.945918,0.211752,0.417692,0.225473,0.418592
0.0574209,0.678537,0.00039264,0.000531875,0.000685334,0.00111322,0.00138019,0.00184406,0.00337187,0.00690867,0.0151185,0.048617,0.000105596,0.39482,0.928786,1,48.0612,0.303188,0.27517,28.7568,0.684206,60.9083,1.39056,178.669,1.79377,260.294,0.25116,296.119,2.35899,0.215397,0.40942,0.217407,0.421379
0.0606475,0.876854,0.000432906,0.000574197,0.000781514,0.00141998,0.00174868,0.0023713,0.0044904,0.00934724,0.0212641,0.0688561,6.22785e-05,0.457851,0.979362,1,62.7677,0.376986,0.335791,27.8816,1.37303,68.1198,1.5789,179.939,0.648317,260.392,2.39097,297.533,0.628764,0.183649,0.370409,0.198435,0.39329
0.0537259,0.955909,0.000549986,0.000351794,0.00057968,0.00121925,0.00186579,0.00248989,0.004436,0.00994426,0.021123,0.0678876,7.16777e-05,0.617234,0.9581,1,65.4282,0.440476,0.324888,27.9525,1.85245,66.7407,1.07018,182.133,0.860131,259.939,0.728398,298.277,2.8604,0.195067,0.400421,0.206521,0.434994
0.051564,0.891413,0.000533568,0.000665473,0.000863866,0.00145804,0.00198825,0.00257247,0.00459284,0.00940851,0.0218385,0.0704183,7.2105e-05,0.457308,0.949332,1,47.2723,0.45552,0.292786,28.176,0.543212,63.9298,1.12101,178.363,1.11274,261.431,0.696186,297.029,0.625694,0.208629,0.402966,0.202325,0.426343
0.0525673,0.778839,0.000564352,0.000389656,0.000615605,0.00102414,0.00142039,0.00203625,0.00364835,0.00810378,0.017055,0.0552253,9.67768e-05,0.465429,0.980371,1,49.7302,0.34758,0.283255,28.6387,1.73487,63.8673,1.28349,179.423,1.61595,262.5,0.446868,297.23,4.03737,0.2122,0.403005,0.204082,0.438904
0.0570231,0.79343,0.000363286,0.000450449,0.000655352,0.00102222,0.00149027,0.00197063,0.00376706,0.00813608,0.0175872,0.0549342,8.96014e-05,0.466731,0.990221,1,58.402,0.339602,0.311179,28.4873,0.586964,63.1147,1.09911,179.923,1.75792,261.581,0.776163,297.505,3.34576,0.204706,0.405457,0.221441,0.438595
0.0581867,0.781207,0.000367616,0.000465945,0.000682309,0.000973154,0.00148721,0.00197898,0.00373805,0.00812398,0.0175449,0.054975,8.21092e-05,0.472996,0.992147,1,55.1039,0.342479,0.314792,28.4449,0.628566,63.9531,1.31307,179.845,1.79826,261.681,0.925231,298.092,3.58311,0.206179,0.397663,0.221044,0.439119
0.0559772,0.82087,0.000491846,0.000391724,0.00071683,0.00119657,0.00150738,0.00201679,0.00375689,0.00755781,0.0174694,0.0550291,0.000116826,0.464441,0.951292,1,45.4134,0.325216,0.303156,28.3286,1.17531,64.9413,3.14256,179.754,0.497742,259.691,0.325944,297.621,2.49874,0.210162,0.420373,0.213964,0.460163
0.0571547,0.844977,0.000548835,0.000477472,0.000696541,0.00104478,0.00149059,0.00210593,0.00376175,0.00770308,0.0168335,0.0532358,8.77167e-05,0.453236,0.945917,1,54.6038,0.373501,0.313056,29.0134,1.50904,63.6228,3.22491,178.522,0.527468,259.231,0.319302,296.518,5.2539,0.208403,0.415744,0.240363,0.42769
0.0665306,0.770269,0.000515264,0.000559039,0.00075721,0.00111551,0.00151502,0.00197052,0.00360331,0.00706377,0.0154329,0.0471792,0.000114557,0.392888,0.896435,1,55.4707,0.286805,0.327237,28.5988,0.916498,63.4477,0.601064,179.418,0.664181,261.632,0.809774,299.028,0.424878,0.209825,0.415543,0.220133,0.480702
0.0687886,0.748653,0.000543768,0.000585669,0.000681437,0.0010306,0.00139297,0.00188433,0.00338034,0.00663333,0.014636,0.0440976,0.000113929,0.351533,0.927182,1,57.7203,0.279609,0.334735,28.2326,0.642552,64.2186,0.706204,179.147,0.637622,260.994,0.692665,299.946,0.51217,0.203477,0.408971,0.229436,0.491073
0.0500501,0.804935,0.000412832,0.000371614,0.000724687,0.00104849,0.00138596,0.00191839,0.00360131,0.00682255,0.0149722,0.0483973,0.000115572,0.395862,0.893359,1,49.4379,0.387288,0.257602,29.1952,1.83338,62.1748,2.65593,180.318,1.66421,256.901,0.970115,296.938,2.42024,0.219291,0.447254,0.238313,0.425325
0.0520673,0.741621,0.000368,0.000328294,0.000684831,0.000950752,0.00134922,0.00186848,0.00356385,0.00746183,0.0170434,0.0544416,0.000100516,0.442509,0.989248,1,55.7458,0.35233,0.275844,28.2051,0.564755,62.353,0.465017,178.67,1.1276,261.775,0.328469,299.234,0.575726,0.214618,0.404693,0.219192,0.460617
0.0530967,0.768331,0.000427055,0.000478191,0.000555935,0.00113023,0.00163285,0.00216324,0.00387598,0.00772495,0.0173134,0.0548606,8.8902e-05,0.486051,0.907763,1,53.036,0.357621,0.263154,27.8074,1.61602,62.8756,1.54161,178.56,1.40479,258.911,2.0894,296.566,2.41142,0.186863,0.384313,0.19079,0.384004
0.0570934,0.833916,0.000789802,0.000668666,0.000900111,0.00110072,0.00140213,0.00188482,0.00361745,0.00730596,0.015779,0.0478596,0.000107522,0.338347,0.941782,1,44.4299,0.354779,0.30386,29.1339,2.62156,64.4465,2.4707,179.492,0.517919,260.136,0.31042,298.798,1.04609,0.216448,0.429208,0.239151,0.478328
0.0503845,0.815011,0.000605417,0.000536366,0.000810928,0.000825225,0.00119687,0.00161646,0.00302883,0.00576141,0.012742,0.0412044,0.000112788,0.324398,0.940011,1,50.8859,0.408888,0.262321,28.8287,0.743713,64.8428,0.960981,179.782,2.03859,256.682,1.2463,297.093,0.79175,0.212488,0.431394,0.245753,0.46091
0.0592504,0.786795,0.000458452,0.000395874,0.000641431,0.000988137,0.00138291,0.00191891,0.0034558,0.00674115,0.0147148,0.0466541,9.33072e-05,0.404475,0.916454,1,48.937,0.360667,0.302987,28.6434,1.49935,61.1191,2.63686,181.723,0.70863,261.691,0.675581,296.256,2.35652,0.217271,0.419191,0.222432,0.459854
0.0517545,0.78319,0.000562805,0.000629071,0.000890859,0.00104562,0.00149436,0.00202418,0.00376035,0.00759978,0.0168113,0.0538811,9.06536e-05,0.375692,0.926941,1,55.6904,0.375248,0.261366,28.5996,0.808322,64.4888,0.912892,174.945,2.27925,261.517,0.290184,294.782,0.377528,0.196046,0.399859,0.17987,0.407626
0.0573462,0.862053,0.000607734,0.000652638,0.000957597,0.00110963,0.00160352,0.0023158,0.00406877,0.00846257,0.0182916,0.0584033,6.18401e-05,0.360086,0.967892,1,54.4786,0.455096,0.31597,28.1081,0.639628,63.9262,1.12375,184.197,0.464226,258.251,3.61906,301.215,2.26695,0.21463,0.403818,0.247949,0.451065
0.0513406,0.84902,0.000671111,0.000513466,0.000804312,0.00119245,0.00156144,0.00196792,0.0038249,0.00790165,0.0173485,0.0566805,8.57707e-05,0.387469,0.976409,1,54.0483,0.423107,0.285839,28.4647,0.622791,64.0416,1.58354,182.328,0.418681,260.218,0.915694,297.855,0.701283,0.214452,0.419725,0.22059,0.461371
0.0487924,0.851162,0.000510403,0.000348605,0.000605385,0.000979465,0.00148973,0.00195233,0.00378287,0.00796441,0.0177469,0.055425,7.41611e-05,0.482857,0.995014,1,75.1601,0.461285,0.27856,28.4621,0.812694,64.3626,0.674712,176.856,3.16761,260.873,0.272071,297.121,0.921278,0.200513,0.399549,0.208904,0.428964
0.0612408,0.819235,0.000521775,0.000513151,0.000751072,0.00119585,0.00163103,0.00226523,0.00413225,0.00887499,0.019263,0.0627916,8.04231e-05,0.440715,0.946388,1,72.858,0.336747,0.323055,28.2112,1.20458,63.8709,4.98287,177.166,0.633311,261.671,2.99879,297.6,2.36441,0.193809,0.386087,0.206167,0.421649
0.0461034,0.782705,0.000382212,0.000363681,0.00054735,0.000982248,0.00136015,0.00192574,0.00373678,0.00796391,0.0179469,0.056909,8.34529e-05,0.569566,0.992865,1,48.7339,0.419494,0.255327,27.9685,0.560503,63.0534,0.429045,179.673,1.23831,259.755,0.319728,297.014,0.737144,0.202081,0.392657,0.206966,0.400919
0.0483371,0.76782,0.000289371,0.000222344,0.00037728,0.00115323,0.00139989,0.00189462,0.0038237,0.00802629,0.017564,0.0584368,0.000108341,0.659272,0.9417,1,55.5809,0.357289,0.269269,28.8256,0.895535,61.7302,0.599495,180.526,0.308363,261.354,0.431224,295.97,1.05649,0.226064,0.421652,0.22231,0.424176
0.0631701,0.868755,0.000925451,0.000533958,0.000915329,0.00131593,0.00188507,0.00253071,0.00466509,0.00938676,0.0205442,0.0673478,6.15476e-05,0.424575,0.940827,1,61.415,0.376378,0.334984,27.4738,1.11222,65.2071,2.81095,178.309,0.339197,259.575,0.697012,300.944,2.55753,0.17569,0.368224,0.203854,0.418588
0.0627443,0.828574,0.000453975,0.000683971,0.000911532,0.00147363,0.00193843,0.00254476,0.00478974,0.0101153,0.0222555,0.0706697,8.61458e-05,0.434247,0.948813,1,60.8356,0.308597,0.336539,28.6315,0.848172,66.6333,2.05149,179.265,0.303469,260.899,0.312227,294.937,1.04897,0.201627,0.408453,0.190174,0.394535
0.0541862,0.876722,0.000383384,0.000541728,0.000819368,0.00167466,0.00216544,0.00293235,0.00543901,0.0121424,0.0265171,0.0919027,5.27115e-05,0.559138,0.982559,1,52.1696,0.411436,0.317305,28.6942,1.1822,63.2403,0.723703,180.352,2.91051,258.319,0.959551,300.861,1.40826,0.201839,0.390707,0.219081,0.414183
0.0521555,0.752087,0.000237915,0.000320019,0.000461306,0.00105661,0.0013882,0.0018651,0.0036206,0.007689,0.016789,0.0538404,8.98695e-05,0.536521,0.982695,1,61.8485,0.332602,0.274288,28.4207,1.49626,64.5821,1.55659,179.915,0.330414,260.665,0.303788,294.366,0.64204,0.193432,0.388751,0.185593,0.387735
0.0533655,0.811252,0.000527527,0.000314816,0.000552056,0.0011245,0.00160887,0.00217443,0.00410176,0.00828999,0.0186044,0.0592326,8.76466e-05,0.544696,0.962213,1,57.6813,0.353325,0.289348,28.146,0.97825,66.0185,1.92918,180.904,0.291558,261.171,0.349576,296.581,0.865387,0.19526,0.392976,0.185284,0.422585
0.052006,0.758055,0.000275777,0.000369429,0.000503515,0.000978495,0.00125511,0.00179122,0.00332921,0.00713928,0.0155371,0.0496855,9.56569e-05,0.517491,0.992378,1,50.9811,0.349645,0.280131,28.4091,0.675163,62.3529,2.10033,178.625,1.46298,258.249,0.73153,298.653,0.668887,0.204138,0.401227,0.233532,0.418894
0.0531127,0.741779,0.000561045,0.000305856,0.000560024,0.00113833,0.00161499,0.00209772,0.00395202,0.00796373,0.0176373,0.0569622,8.25135e-05,0.506194,0.946592,1,50.3301,0.36077,0.270965,27.7882,0.53786,61.7112,2.04623,179.711,0.371506,257.621,2.41243,299.456,1.00661,0.19769,0.388595,0.209013,0.411464
0.0581277,0.753522,0.000419593,0.000433731,0.000703927,0.00119173,0.00163451,0.00223831,0.00419162,0.00845558,0.0185852,0.059522,6.57392e-05,0.468033,0.953687,1,48.3343,0.367163,0.297238,28.0101,0.524001,63.7667,1.96389,179.714,0.376757,259.695,0.887463,299.495,0.426404,0.203129,0.377185,0.214515,0.401573
0.0579049,0.714761,0.00042569,0.000438512,0.000702313,0.00117998,0.00167004,0.00212156,0.00392571,0.00832942,0.0175101,0.0567024,8.17478e-05,0.438074,0.940861,1,56.6278,0.299008,0.276036,28.0905,2.01919,67.8374,0.754983,179.558,3.18922,259.728,0.691118,295.497,2.49914,0.187581,0.36648,0.17766,0.3617
0.058735,0.712171,0.000434282,0.000499228,0.000663311,0.00117581,0.00162942,0.00214749,0.00387923,0.00830605,0.0178189,0.0567409,7.83918e-05,0.463116,0.929926,1,55.7652,0.301215,0.277926,28.2746,2.46802,67.8305,0.882003,179.633,3.97654,259.455,0.557528,295.539,1.79519,0.185803,0.3668,0.175195,0.356491
0.0569683,0.670106,0.000493175,0.000553224,0.000928221,0.00118187,0.00166602,0.00214031,0.00406228,0.00826009,0.0172754,0.0558667,7.10208e-05,0.385729,0.892547,1,48.1519,0.352967,0.258299,28.0196,0.409501,62.0424,2.6693,176.775,0.394986,261.368,0.321242,299.306,0.51297,0.204197,0.371436,0.200709,0.38412
0.0528165,0.703956,0.000487824,0.000358766,0.000514959,0.000851762,0.00116408,0.00159708,0.00300195,0.00567001,0.0128861,0.0397253,0.000118215,0.42487,0.92378,1,74.3149,0.338092,0.250652,27.5327,0.655307,61.9511,1.18082,178.156,3.38855,261.793,0.519685,294.716,2.52582,0.194183,0.390088,0.202919,0.387673
0.0479954,0.696813,0.000247617,0.000258596,0.000468844,0.000930249,0.00122768,0.00165295,0.00302294,0.00631261,0.0135564,0.0428901,8.81822e-05,0.490468,0.899576,1,87.1878,0.41034,0.228701,28.5525,0.578844,63.611,1.40119,179.019,1.65254,261.441,0.359939,297.486,1.18957,0.204903,0.390081,0.202089,0.400482
0.0490041,0.785331,0.000349268,0.000201028,0.000495071,0.00106341,0.00141752,0.00188289,0.00345485,0.00703525,0.0157328,0.0505089,9.81852e-05,0.546766,0.961104,1,41.7378,0.368507,0.26122,28.1709,1.60405,63.9418,2.23703,180.321,1.35798,256.6,2.97953,298.616,1.57759,0.193133,0.401288,0.217563,0.409597
0.0518203,0.821606,0.000481096,0.000397264,0.000482264,0.00106067,0.0013754,0.00191129,0.00361303,0.00726024,0.0167766,0.0519191,7.50303e-05,0.545297,0.979778,1,71.9707,0.407429,0.285251,27.9763,1.33847,64.4443,0.358014,180.507,1.05964,262.548,0.264084,296.469,0.920939,0.19262,0.384435,0.190694,0.410963
0.0616035,0.80943,0.000672922,0.000735753,0.000929355,0.00129241,0.00193626,0.00249118,0.00467637,0.00999813,0.0211485,0.0720703,7.45226e-05,0.443723,0.939763,1,67.4938,0.341356,0.330372,28.898,0.502713,63.7437,0.439954,178.731,1.27044,259.915,1.15487,295.924,2.74409,0.217956,0.405871,0.229555,0.399195
0.0506904,0.76674,0.000417081,0.000321945,0.000625125,0.000993897,0.00139765,0.00188922,0.00339366,0.00757597,0.0156715,0.0495615,8.46967e-05,0.439657,0.988915,1,43.4922,0.360887,0.258554,27.7309,1.28833,66.2524,2.35095,178.945,0.532336,258.232,0.403272,298.016,0.368573,0.173356,0.370755,0.186221,0.373989
0.0514637,0.796306,0.000365871,0.000350789,0.000522111,0.000891659,0.0011972,0.00163271,0.00309858,0.00606688,0.0140292,0.0433506,0.000111911,0.49883,0.954031,1,64.848,0.359363,0.26993,27.9432,0.735231,66.2359,0.391278,178.781,1.00151,259.711,0.548825,299.212,0.381115,0.192941,0.395145,0.211668,0.462772
0.0602656,0.786525,0.000547772,0.000522581,0.000931199,0.00148508,0.00210902,0.00278023,0.00510691,0.00985657,0.0228447,0.0726426,6.0301e-05,0.41889,0.893373,1,44.2164,0.363956,0.292493,27.5612,0.645307,63.9954,3.63306,179.351,1.62093,260.028,0.326124,296.298,5.03947,0.182708,0.368907,0.180195,0.338281
0.0633918,0.796989,0.000825461,0.000700643,0.000849522,0.00127093,0.00169842,0.00227677,0.00448995,0.00923087,0.0197245,0.064711,6.08567e-05,0.414389,0.969419,1,63.0334,0.334051,0.322905,27.401,0.625609,64.6352,1.21449,179.24,1.45761,258.763,0.303556,296.059,0.960837,0.169624,0.362107,0.182394,0.354609
0.0689132,0.714181,0.000713794,0.00068099,0.000822319,0.00148516,0.00187643,0.00236388,0.00469732,0.00956364,0.0217551,0.0665581,5.92014e-05,0.45126,0.947929,1,41.9075,0.332413,0.332419,26.1973,0.284067,63.8159,3.37526,179.48,0.694866,262.656,0.771787,296.901,0.46984,0.188812,0.347149,0.180669,0.379468
0.0626953,0.691664,0.000556076,0.000458648,0.000863438,0.00105036,0.00161494,0.00229878,0.00389506,0.00821735,0.0179124,0.0584937,6.84807e-05,0.399036,0.966631,1,48.299,0.325946,0.296178,26.6538,0.288615,65.2745,2.37612,180.068,5.38878,261.809,0.710762,296.947,0.649248,0.184647,0.350931,0.179474,0.370255
0.0562061,0.854816,0.000500991,0.000393775,0.000653922,0.0016387,0.00225138,0.00293933,0.00542936,0.0109498,0.0237564,0.0758765,6.71409e-05,0.588988,0.872561,1,59.9405,0.388304,0.30216,28.555,3.85151,62.9313,0.910485,179.582,0.250903,258.499,0.621467,300.366,1.88927,0.205567,0.401016,0.212144,0.409318
0.0553182,0.852675,0.000496342,0.000372676,0.000611699,0.00147549,0.00211795,0.00271078,0.00498322,0.00915692,0.0197834,0.0652563,8.49412e-05,0.542068,0.825875,1,44.8809,0.398237,0.287932,28.6951,0.440542,63.6691,2.81082,181.314,0.252438,259.179,0.348902,296.717,0.93719,0.224147,0.426517,0.221363,0.406847
0.0568969,0.884937,0.000661622,0.000733307,0.00117103,0.00158268,0.00202524,0.00286263,0.00535642,0.00972561,0.0217491,0.0702603,6.74975e-05,0.377083,0.871489,1,44.014,0.424348,0.300421,29.3704,0.688507,63.6087,2.0551,179.76,0.254181,256.446,0.910934,297.093,2.27277,0.215357,0.429359,0.23508,0.411339
0.0567476,0.727428,0.000331439,0.000409994,0.000559947,0.000916895,0.00116559,0.00157532,0.00289378,0.00592043,0.012832,0.0387055,0.000149029,0.416331,0.916585,1,68.3246,0.298132,0.284116,29.0769,0.88183,61.322,0.523413,179.458,0.252444,264.947,0.251142,297.957,0.340055,0.228962,0.439589,0.223717,0.502777
0.0672302,0.638602,0.000697171,0.000522648,0.000692567,0.000829538,0.00122955,0.00169916,0.00289617,0.00588841,0.0127599,0.0385224,0.000116556,0.311765,0.930022,1,45.6629,0.280574,0.308476,28.1584,0.37685,60.49,0.957875,182.944,0.303456,261.849,0.251508,295.284,0.310437,0.224773,0.425265,0.222038,0.477358
0.0636044,0.756732,0.000576154,0.000492109,0.00064493,0.00142966,0.00193755,0.00278706,0.00471341,0.00953175,0.0209545,0.0666194,6.96208e-05,0.504,0.876252,1,63.3682,0.32942,0.311576,28.1347,0.588079,63.3722,3.06919,179.422,0.268576,258.228,0.256368,298.567,1.92815,0.202154,0.39362,0.203426,0.398834
0.048607,0.749528,0.000425276,0.000354509,0.00068241,0.00110684,0.00148555,0.00208734,0.00377283,0.00833365,0.0180947,0.0594751,8.4233e-05,0.505131,0.985505,1,60.8307,0.371038,0.255726,28.0818,2.50823,63.5464,5.06309,177.401,0.491355,260.352,0.52945,295.686,2.09363,0.196611,0.382393,0.186318,0.377468
0.0506335,0.6764,0.000390332,0.00041509,0.000806724,0.00107886,0.00151141,0.0019972,0.00355101,0.00782298,0.017855,0.0585837,0.000104877,0.434133,0.994208,1,52.5982,0.318046,0.256154,27.833,0.380472,62.1144,1.01126,178.112,3.49844,262.957,0.271808,295.798,1.11846,0.212477,0.394958,0.188064,0.395788
0.0532966,0.802325,0.000521943,0.00036559,0.000851798,0.00101695,0.00150757,0.00190274,0.00336331,0.00740496,0.0155486,0.0494489,8.16959e-05,0.402022,0.938699,1,47.073,0.412846,0.276002,27.9562,0.685204,61.6658,2.36577,179.151,0.57031,261.265,1.8106,297.385,0.341912,0.198589,0.397547,0.213762,0.415216
0.0534393,0.842811,0.000569361,0.000585992,0.00104213,0.0011271,0.00157331,0.00206401,0.00374188,0.00744077,0.0167367,0.0498987,9.81073e-05,0.362844,0.949795,1,47.2235,0.408358,0.29013,28.4466,0.640942,61.9716,1.32632,177.178,3.17553,261.462,0.614921,298.412,2.18643,0.21239,0.418565,0.236773,0.458744
0.0566945,0.767458,0.000500525,0.000487904,0.000704981,0.00125334,0.00179692,0.00232116,0.00440616,0.00798646,0.0166419,0.0544747,8.27791e-05,0.381971,0.829242,1,62.1732,0.392175,0.266791,28.3256,0.384033,62.3087,1.21344,181.011,0.516839,260.149,0.353071,295.926,0.772718,0.219667,0.412984,0.210765,0.398177
0.0547352,0.75806,0.000528766,0.000406347,0.000826753,0.00112921,0.00147337,0.00202609,0.00379995,0.00692002,0.0155141,0.0470401,7.21284e-05,0.390741,0.888706,1,40.5727,0.42084,0.26646,28.2616,0.483677,60.6075,1.49013,179.622,0.901807,260.254,0.339374,295.289,1.61244,0.209738,0.395627,0.219922,0.386368
0.0621662,0.78869,0.000584899,0.000478099,0.000665811,0.001261,0.00160558,0.00229512,0.00408293,0.00752221,0.0161729,0.0521583,0.000108542,0.466889,0.843518,1,67.6222,0.298787,0.293783,27.9748,1.50524,67.8269,1.45452,179.421,0.77037,258.305,0.406062,298.247,0.456012,0.188002,0.398319,0.191004,0.413577
0.0515962,0.786954,0.000590582,0.000410679,0.000884507,0.000947764,0.00122179,0.00170819,0.00315913,0.00670339,0.0151444,0.0468531,8.65829e-05,0.362627,0.986636,1,44.9492,0.42723,0.276121,28.1768,0.530647,60.7149,0.740241,178.677,2.0584,260.578,1.67056,296.789,2.8283,0.211105,0.408454,0.233567,0.446737
0.0498334,0.660487,0.000303761,0.000358444,0.000684279,0.000979173,0.00133976,0.00174854,0.00331365,0.00669702,0.0143836,0.0475654,0.000119377,0.421065,0.926651,1,60.8729,0.298253,0.241045,30.1456,2.4092,62.0379,1.42548,179.448,1.08809,259.451,0.393798,297.461,0.550335,0.226772,0.431243,0.223375,0.426302
0.0518939,0.713058,0.000563212,0.000444457,0.000643425,0.00123926,0.00175777,0.00244313,0.00450883,0.00881941,0.0188033,0.0642881,0.000106341,0.509681,0.875407,1,47.4071,0.311682,0.257512,29.3305,0.982869,61.4168,1.01626,178.874,0.670308,259.844,0.301437,298.128,0.660052,0.232692,0.427559,0.215829,0.435377
0.0490514,0.787899,0.000364631,0.000360417,0.000572639,0.00110784,0.00148823,0.00193393,0.00349168,0.00751953,0.0176794,0.0570992,0.000109936,0.47048,0.973938,1,43.0221,0.370645,0.274548,29.6917,0.853394,62.8127,0.856723,178.893,0.533572,258.796,0.445816,296.86,0.56842,0.236211,0.44118,0.242295,0.468082
0.0506793,0.801448,0.000623346,0.000330604,0.000601295,0.00109383,0.00162758,0.00209045,0.0038339,0.0086669,0.0183448,0.0611793,8.79336e-05,0.500725,0.981002,1,61.1184,0.374422,0.279179,28.6812,1.71577,64.3419,5.02756,182.407,2.35787,260.087,0.317809,297.544,0.41763,0.209628,0.409692,0.198798,0.441929
0.0644275,0.829989,0.000673915,0.000564856,0.00086295,0.00124539,0.00189598,0.00231622,0.00431431,0.00881357,0.0194722,0.0624559,8.01825e-05,0.425128,0.943318,1,43.0148,0.335478,0.340733,27.9818,0.503951,63.9698,0.562539,177.944,0.654013,261.438,0.833786,295.835,0.373955,0.193065,0.391167,0.200686,0.425435
0.0547839,0.774153,0.000608674,0.000543071,0.000774232,0.00113656,0.00155287,0.00211494,0.00383849,0.00882261,0.0191404,0.0601861,8.34245e-05,0.441997,0.992077,1,52.8362,0.358276,0.29709,28.5726,0.767668,63.5005,3.0771,181.958,2.30198,256.572,0.269216,300.641,4.73041,0.215529,0.41808,0.233317,0.472674
0.0538693,0.808136,0.000568132,0.000484675,0.000856761,0.00112192,0.00155855,0.00212027,0.00396897,0.00808442,0.0185134,0.058189,0.000101238,0.421072,0.987179,1,47.0004,0.35815,0.296652,28.4764,0.698866,65.108,1.75129,180.906,1.98271,257.199,0.263939,302.636,1.67323,0.216308,0.420099,0.246035,0.488399
0.0502421,0.77915,0.000508932,0.00061329,0.00075536,0.0011056,0.00150131,0.00202596,0.00360227,0.00750486,0.0179594,0.0563127,0.000103925,0.423013,0.964885,1,33.9646,0.360052,0.267459,28.7988,0.583976,63.7907,0.732667,179.952,2.73725,257.549,0.269968,299.862,0.596386,0.211923,0.423206,0.231065,0.452722
0.0573079,0.843431,0.000544204,0.000441752,0.000589761,0.00120712,0.00154805,0.0021713,0.00400569,0.00867458,0.0180229,0.0585994,9.86e-05,0.508524,0.974796,1,66.4703,0.340664,0.32388,28.2794,2.70207,61.5772,1.62705,178.29,0.711414,258.603,0.252805,300.147,0.305556,0.204165,0.417794,0.222491,0.487651
0.0542877,0.860979,0.000435154,0.000430803,0.000711167,0.00116744,0.0017528,0.00222318,0.00411242,0.00849269,0.0198249,0.0596139,8.44846e-05,0.491326,0.958903,1,37.8479,0.39802,0.309892,28.7869,0.415596,63.0905,3.64781,175.985,1.53754,263.109,0.543358,297.874,0.32586,0.216942,0.410525,0.21603,0.46458
0.0600289,0.837358,0.000422528,0.00048416,0.000750751,0.00156132,0.0022161,0.00285679,0.00543626,0.0113929,0.0242173,0.0809409,6.58954e-05,0.592739,0.895752,1,64.7634,0.3497,0.32076,28.185,3.02947,64.288,0.671178,177.326,0.900883,261.838,0.278855,295.442,2.34725,0.194933,0.381992,0.181119,0.377217
0.0548225,0.732501,0.000607625,0.000499431,0.000668487,0.000874722,0.00126726,0.00166313,0.00298885,0.00606086,0.013454,0.0415126,9.55064e-05,0.358622,0.932485,1,55.2769,0.362837,0.26186,27.4629,0.586442,62.3833,0.769535,180.822,0.580528,258.658,1.21364,299.07,1.2651,0.190217,0.391778,0.213457,0.414103
0.0614062,0.680792,0.000422984,0.000394007,0.000762584,0.0010587,0.00139643,0.00191397,0.00360616,0.00703561,0.0149512,0.0481984,8.6432e-05,0.388126,0.879082,1,63.8916,0.299282,0.271002,28.1824,0.535896,65.8667,0.354328,179.568,1.36985,259.501,0.313064,298.847,0.825088,0.194074,0.373661,0.198197,0.394434
0.0547875,0.664233,0.000601267,0.000606722,0.000864478,0.000823009,0.00116097,0.00159909,0.00299578,0.00611828,0.013814,0.0427624,0.000116803,0.302344,0.987663,1,59.0859,0.279313,0.254347,28.1184,2.65285,62.8802,3.63835,178.29,0.392693,259.55,0.462161,297.218,2.9514,0.183061,0.380628,0.19671,0.40801
0.0516943,0.6704,0.000580811,0.000534282,0.000808057,0.000890249,0.00127747,0.00162958,0.00306293,0.00654098,0.0145837,0.0448749,0.000101965,0.365256,0.974424,1,73.764,0.306471,0.241911,28.3766,3.37842,65.2591,1.41249,180.631,0.513933,257.68,0.381958,297.578,0.590284,0.189214,0.37866,0.197205,0.389076
0.0577753,0.935953,0.000462238,0.000355552,0.000644939,0.00151244,0.00208359,0.00296901,0.00533659,0.0104372,0.0231988,0.0735506,5.37911e-05,0.534713,0.902472,1,38.4573,0.503931,0.333141,28.1437,0.42708,62.213,1.87248,175.594,0.575575,262.424,0.761048,297.017,0.451505,0.211581,0.39745,0.217125,0.423041
0.0652591,0.834722,0.000570141,0.000463147,0.000820934,0.00158327,0.00204057,0.00285062,0.00504526,0.00921347,0.0195972,0.0633249,6.40662e-05,0.410976,0.826831,1,60.9212,0.366639,0.310211,28.073,1.35899,65.0516,1.6378,177.252,2.36416,259.792,0.44728,298.037,3.05311,0.182595,0.379989,0.184493,0.38241
0.0604808,0.851862,0.000638306,0.000606565,0.000825066,0.00143346,0.00203398,0.00264542,0.00506756,0.00953082,0.0202179,0.0662664,6.04496e-05,0.433695,0.88171,1,57.9572,0.395482,0.307283,28.0655,2.63327,63.3966,1.15368,177.094,0.998605,258.331,0.434231,296.624,1.95656,0.183574,0.381598,0.201848,0.364623
0.0630355,0.859881,0.000671503,0.000603324,0.00104605,0.00156954,0.00212404,0.00293124,0.00514216,0.00975226,0.0219995,0.0701565,5.82092e-05,0.428059,0.846126,1,74.8742,0.385185,0.314772,28.6265,1.03523,64.0991,0.943732,178.978,1.88504,260.842,0.390024,293.982,1.21512,0.190498,0.392464,0.181669,0.358912
0.0626838,0.803162,0.000601943,0.000641321,0.000855348,0.00160398,0.00196902,0.00277408,0.00522259,0.00995544,0.0221913,0.0716526,5.14017e-05,0.452379,0.850088,1,64.5506,0.404427,0.303984,27.8599,0.718349,63.8779,1.58425,178.782,1.5358,261.137,1.00443,294.182,0.820047,0.199287,0.372204,0.183876,0.358355
0.0579624,0.742278,0.000607396,0.000457194,0.000683764,0.00125346,0.00184617,0.00240579,0.00441537,0.00835282,0.0180496,0.0578001,8.71848e-05,0.457873,0.873604,1,45.4874,0.313508,0.271296,27.8806,1.82789,64.2935,0.958503,176.716,0.360388,259.918,1.42689,298.641,3.57403,0.186522,0.372553,0.18733,0.400226
0.0612326,0.66327,0.00050343,0.000409244,0.000724819,0.00107575,0.00139166,0.00203314,0.00377804,0.00717153,0.0154713,0.0492238,7.73217e-05,0.425121,0.918635,1,57.1852,0.294499,0.276135,28.2721,1.139,62.7372,1.71046,179.369,0.584417,260.086,1.4569,300.367,2.09292,0.18551,0.368605,0.196506,0.398619
0.0600879,0.672595,0.000652102,0.000441709,0.000657538,0.0011184,0.00153591,0.00203577,0.0037274,0.00768934,0.0165291,0.052268,8.80074e-05,0.415709,0.901496,1,56.2265,0.296328,0.269035,27.5851,1.13094,62.6225,1.70084,178.287,0.990382,259.231,2.86754,299.858,3.47516,0.185951,0.36855,0.193349,0.388201
0.0622757,0.761143,0.000909199,0.00062578,0.0010881,0.00131405,0.00187191,0.00246007,0.00459419,0.00936995,0.0200844,0.0646821,7.32399e-05,0.390658,0.942572,1,50.5382,0.321055,0.312111,28.182,0.5096,63.1916,1.70724,177.666,1.70821,261.495,0.326512,294.654,0.515441,0.193215,0.385812,0.181513,0.376992
0.0606481,0.716926,0.000481755,0.00030931,0.000569426,0.00106083,0.00144909,0.0020942,0.00384843,0.00723933,0.015499,0.0498021,0.000105567,0.495667,0.876828,1,61.398,0.28975,0.288165,28.765,1.706,63.5736,1.4058,180.23,0.95752,259.248,0.254229,299.86,2.74057,0.203836,0.407706,0.210745,0.430305
0.061555,0.684364,0.000624064,0.000462417,0.000751382,0.00133149,0.00188616,0.00242232,0.00451091,0.00887695,0.0191248,0.0605456,0.000104972,0.443115,0.86146,1,50.2571,0.259985,0.279327,28.6782,1.12642,64.1572,0.680597,180.788,0.830333,258.766,0.259956,297.912,1.22444,0.207155,0.407317,0.188898,0.413035
0.0602717,0.692851,0.000288738,0.000283746,0.00043124,0.0010022,0.00132182,0.00188323,0.00350867,0.00674532,0.014616,0.0459903,0.000114018,0.521348,0.880182,1,46.2008,0.282003,0.28259,28.4215,1.96469,63.48,0.671045,181.338,5.05532,257.443,0.253363,297.015,0.808436,0.206325,0.401793,0.218713,0.398611
0.057319,0.697901,0.000535234,0.000380564,0.00062149,0.00119189,0.00167713,0.00215898,0.00409234,0.00744135,0.0162409,0.0504341,9.66042e-05,0.449842,0.842239,1,38.6039,0.326718,0.26444,28.636,0.665804,60.0804,4.35123,179.974,0.775085,260.492,0.294964,298.626,1.19318,0.217311,0.416195,0.200254,0.449569
0.0461662,0.829829,0.000765758,0.000569081,0.00103346,0.00102846,0.00141732,0.00187786,0.00350864,0.00693118,0.015415,0.0492034,9.82143e-05,0.307218,0.913672,1,65.7729,0.495155,0.243561,29.2923,0.622248,62.7185,0.692087,180.101,0.260138,259.372,0.985164,294.491,1.26892,0.229696,0.445979,0.226868,0.447026
0.0515308,0.819448,0.000582998,0.000417539,0.000913078,0.00116071,0.00161887,0.00222725,0.00402571,0.0086449,0.0193543,0.0586536,8.46263e-05,0.421168,0.959249,1,41.1901,0.374436,0.275748,28.754,1.19314,64.5742,3.24586,179.299,4.74735,261.196,0.329393,299.33,1.06,0.199199,0.400461,0.194763,0.439987
0.0528185,0.796915,0.000382435,0.000446114,0.000539262,0.000935687,0.00127013,0.00168675,0.00310137,0.0063998,0.0141888,0.0457707,0.000105019,0.42656,0.969249,1,51.6636,0.366393,0.279581,28.1864,1.2754,64.8678,2.20227,179.914,1.18994,260.951,1.19811,299.682,0.650431,0.204894,0.401503,0.230458,0.462784
0.0624071,0.944599,0.000549492,0.000566068,0.00106871,0.00146023,0.00195948,0.00266056,0.00492162,0.00935223,0.0215132,0.0660008,8.10338e-05,0.372095,0.887683,1,55.4277,0.41793,0.350379,29.2937,0.984481,61.9024,0.912626,178.883,1.19018,258.822,0.377415,297.083,1.41642,0.228195,0.45077,0.252024,0.48449
0.0591417,0.893356,0.00109129,0.00072312,0.00119277,0.00147772,0.00210026,0.00276463,0.0049478,0.009488,0.0198266,0.0643814,6.05353e-05,0.317273,0.87072,1,41.2394,0.472963,0.307819,28.552,0.682922,63.9839,0.505088,176.759,0.72288,261.842,1.23561,298.766,1.97377,0.216823,0.400561,0.221001,0.438256
0.0572239,0.687641,0.000504377,0.000305472,0.000555429,0.00085948,0.00119156,0.00165081,0.00310061,0.00640583,0.0134077,0.0430251,0.000127074,0.43059,0.948517,1,70.0281,0.288909,0.280006,28.8162,1.77973,63.0784,2.46418,180.589,1.75343,258.848,0.355585,296.37,0.722401,0.214395,0.418183,0.230505,0.430956
0.049113,0.713342,0.000316412,0.000380115,0.000602989,0.000913585,0.00124328,0.00157417,0.00305025,0.00582743,0.0133185,0.0403981,0.000121101,0.373459,0.90157,1,81.8584,0.360535,0.236584,29.0921,1.99256,60.4789,2.0491,175.967,2.19352,259.221,3.45545,298.539,1.00472,0.213,0.423346,0.233278,0.442144
0.0540974,0.780022,0.000712259,0.000374077,0.000957904,0.000832581,0.00110599,0.00167826,0.0029444,0.00556696,0.011407,0.0360618,0.000119184,0.262982,0.880586,1,54.9394,0.411066,0.262468,28.6589,0.49654,63.6269,2.43969,177.142,1.6133,259.018,0.576769,299.655,0.534134,0.224726,0.430389,0.267132,0.488144
0.0531104,0.795323,0.000638619,0.000583085,0.000847734,0.000922312,0.00117666,0.00160375,0.00290524,0.00577754,0.0116632,0.0369361,0.000129972,0.267469,0.902728,1,44.9763,0.397973,0.266214,28.6653,0.443785,63.2164,2.71091,177.753,3.08288,261.023,1.21456,298.797,0.737286,0.225142,0.435756,0.259629,0.500954
0.0513437,0.785852,0.000429034,0.000369814,0.000622659,0.000830042,0.00112337,0.00152951,0.00274699,0.00497743,0.0112919,0.0323755,0.000106217,0.339178,0.854155,1,51.8989,0.475391,0.247113,28.8691,1.66147,63.0772,0.661971,180.694,0.645274,261.066,1.21936,298.949,0.49849,0.222678,0.431215,0.243031,0.489106
0.0570769,0.799264,0.000791133,0.000599809,0.000931788,0.00104922,0.00144173,0.00200918,0.00357822,0.00733801,0.0151741,0.0505507,0.000102339,0.306694,0.94663,1,39.7565,0.349652,0.292422,28.5334,1.23703,65.405,2.74401,178.165,0.705734,256.916,0.832463,299.213,2.7584,0.207391,0.410441,0.24277,0.446844
0.0745037,0.641094,0.000723225,0.000748383,0.000917311,0.00105626,0.00147103,0.0020626,0.00366189,0.00680758,0.0149885,0.0443033,7.95258e-05,0.289877,0.862355,1,89.7829,0.275925,0.317057,28.74,0.727305,59.7627,1.08096,179.815,0.279035,261.673,0.356325,298.579,0.383405,0.210266,0.394071,0.222589,0.419529
0.0644845,0.712189,0.000509542,0.000435148,0.000710613,0.00106861,0.00145655,0.0019004,0.0036535,0.00679525,0.0142677,0.0450352,0.000115877,0.394716,0.861778,1,82.2633,0.301512,0.296376,27.6628,0.366111,61.3904,0.969061,177.679,0.947223,259.357,0.466282,295.937,0.3122,0.206849,0.405585,0.223208,0.414356
0.0572361,0.854708,0.000426055,0.000322335,0.000583632,0.00150321,0.0019354,0.00267499,0.00522047,0.00891614,0.0201429,0.0611023,7.8213e-05,0.565276,0.78849,1,50.8656,0.41276,0.291857,29.0619,4.0387,62.8054,3.51296,180.442,2.22558,260.866,0.330213,299.264,1.72442,0.2304,0.418147,0.224102,0.449695
0.0563534,0.776538,0.000459543,0.000340689,0.000566632,0.00118608,0.00156229,0.00212521,0.00385041,0.00720915,0.0161869,0.050254,7.73866e-05,0.4725,0.860301,1,50.1987,0.425573,0.277088,28.0767,0.452862,63.1177,0.657891,177.542,0.66708,258.891,0.482934,296.333,0.576033,0.212014,0.39826,0.223076,0.404944
0.0563172,0.808873,0.000441709,0.00040632,0.000666066,0.0013387,0.00185052,0.00246651,0.00474783,0.00841775,0.0191554,0.0571963,7.37365e-05,0.453727,0.840434,1,60.8754,0.40978,0.279282,28.818,0.851941,62.1158,1.06294,177.59,2.10576,260.132,1.17412,297.827,2.52683,0.214597,0.404893,0.217028,0.403206
0.0477741,0.849501,0.000399148,0.000299975,0.000502206,0.000882763,0.00128423,0.00154437,0.00301524,0.00579366,0.0119712,0.0390596,0.000132377,0.458051,0.888833,1,48.1105,0.432669,0.252158,28.8241,1.61129,64.1817,2.0622,177.211,0.989794,259.097,1.2326,299.606,0.992207,0.208843,0.432802,0.246267,0.495371
0.0475866,0.807996,0.00031685,0.000416195,0.000596456,0.000847677,0.00104888,0.00155453,0.00270718,0.00535562,0.011989,0.0374261,0.000112676,0.391435,0.945371,1,51.5001,0.437516,0.248816,28.3802,2.46153,64.2212,1.40961,178.357,1.82649,258.627,3.6239,298.943,0.657327,0.205193,0.416571,0.241702,0.469801
0.0458146,0.745341,0.000662553,0.00038751,0.000737708,0.000843959,0.00129833,0.0015284,0.00313365,0.00672223,0.0143005,0.0453698,0.000149849,0.359976,0.983937,1,39.7612,0.347425,0.24519,29.1927,0.618135,64.3988,1.34305,181.614,0.849767,259.478,0.397581,295.224,1.59167,0.240309,0.451241,0.237303,0.445127
0.0476007,0.774026,0.000398192,0.000584252,0.000713308,0.000892415,0.00113876,0.00169757,0.00280963,0.0061463,0.0132285,0.044121,0.000106651,0.334051,0.994842,1,44.9232,0.42681,0.260229,29.5418,1.17593,61.211,1.38298,181.894,0.809087,259.594,0.307036,294.997,1.10516,0.237769,0.447529,0.252812,0.472098
0.0619792,0.752372,0.00048915,0.000422516,0.000746518,0.00116252,0.00168407,0.00238294,0.00459552,0.00781727,0.0179855,0.0524531,7.94119e-05,0.465149,0.831991,1,36.9172,0.329555,0.285979,28.6191,2.36424,64.7103,1.73796,177.024,1.03897,261.22,0.942869,297.079,0.605764,0.197399,0.380924,0.188645,0.379015
0.0610922,0.738217,0.000631248,0.000596868,0.000886127,0.000955464,0.00140464,0.00200549,0.00337029,0.00665237,0.0142001,0.0446304,8.09889e-05,0.32723,0.918231,1,67.4225,0.365822,0.290945,27.7741,0.34448,64.8533,0.936741,180.83,0.757024,260.823,0.895061,299.041,0.40992,0.204387,0.386434,0.212125,0.451287
0.0652504,0.892966,0.000831137,0.00114838,0.00145694,0.00147164,0.00193125,0.00281985,0.00497211,0.00997344,0.0223014,0.0684166,8.28957e-05,0.29259,0.955214,1,52.8687,0.34739,0.360673,28.7639,3.65024,64.0108,0.265809,178.64,0.415883,258.934,1.26649,297.395,1.06986,0.208344,0.423943,0.229829,0.464801
0.0532265,0.860284,0.000782077,0.000553232,0.0009553,0.00101835,0.00143106,0.00191353,0.0033775,0.00715378,0.01522,0.0483866,0.000112019,0.301706,0.962234,1,43.9968,0.383792,0.291779,29.0538,1.01579,64.4229,0.69357,176.49,0.790374,260.844,1.48708,298.708,1.00765,0.214336,0.431278,0.24819,0.486823
0.0566744,0.797026,0.000436948,0.000321827,0.00065968,0.00131102,0.00170057,0.00225283,0.00430694,0.00749627,0.016101,0.0513294,6.16254e-05,0.497308,0.815099,1,62.0906,0.434504,0.264165,27.6163,1.18499,63.5951,1.60972,179.158,2.03096,260.66,0.585262,296.733,0.498004,0.184559,0.367287,0.178155,0.371045
0.0575085,0.732806,0.00044986,0.000369717,0.000722806,0.00128503,0.00186167,0.00225742,0.00440389,0.00815583,0.0177564,0.055554,7.31993e-05,0.487852,0.847125,1,48.794,0.361348,0.265113,27.7774,0.467528,65.0813,2.58799,179.787,0.31377,259.858,0.347099,297.528,3.58184,0.194247,0.376056,0.184042,0.370832
0.0559168,0.837878,0.000426746,0.000280492,0.000549566,0.00144545,0.00191009,0.0025779,0.00496583,0.00898858,0.0193625,0.061371,6.63046e-05,0.638903,0.818574,1,58.0736,0.41936,0.281381,27.1942,0.937282,63.5946,1.08643,180.912,0.824742,258.422,1.01168,298.337,0.475541,0.18743,0.380586,0.18531,0.387819
0.0614868,0.829275,0.000459805,0.000347227,0.000627951,0.00146563,0.00189293,0.00254553,0.00508118,0.00947746,0.0206204,0.0654527,8.06153e-05,0.593648,0.8623,1,48.3581,0.337246,0.321173,28.2952,0.554063,64.5505,0.800445,177.741,0.680339,261.393,1.15562,296.455,2.05695,0.201884,0.398395,0.197194,0.399528
0.0617145,0.793683,0.000457114,0.000364417,0.000698367,0.00135932,0.00181975,0.00255287,0.0045125,0.00843572,0.0185982,0.0568296,9.06108e-05,0.449877,0.862442,1,67.0378,0.325496,0.305474,28.7004,2.14627,62.5668,2.55786,178.572,2.54689,258.797,0.299913,298.68,0.572441,0.207241,0.413828,0.219056,0.421553
0.0548606,0.751706,0.000418135,0.000354896,0.000566891,0.00121137,0.0016889,0.00215746,0.00404968,0.0072225,0.0155629,0.0490751,7.8975e-05,0.499672,0.810552,1,57.6082,0.391272,0.253758,28.4541,1.13381,61.8874,2.43773,177.729,1.51705,260.413,0.421608,300.082,0.450132,0.200857,0.392784,0.204571,0.41676
0.0603516,0.740861,0.00034021,0.000309711,0.000450047,0.00110323,0.00148617,0.00212039,0.00374775,0.00682628,0.0147839,0.0449183,0.000101404,0.505623,0.812393,1,73.0948,0.317663,0.276889,28.7176,2.10902,63.864,0.888865,178.438,0.390447,260.357,1.86463,296.121,1.50018,0.2042,0.398723,0.205216,0.399063
0.0599087,0.739155,0.000353489,0.000313159,0.000524616,0.00115117,0.00159114,0.00200876,0.00392135,0.00701288,0.0150856,0.0473002,9.33656e-05,0.497326,0.828552,1,88.3465,0.324337,0.278062,28.6775,1.16365,63.9016,0.685636,179.062,0.327566,259.892,1.57306,297.276,3.42831,0.204279,0.400363,0.202824,0.422873
0.0669105,0.798421,0.000573614,0.000468992,0.000722979,0.0017237,0.00232717,0.00319372,0.00625328,0.0108434,0.0238084,0.0757137,6.6799e-05,0.523933,0.794715,1,87.7795,0.321462,0.316227,28.4052,1.2468,63.1042,1.19192,178.795,0.265446,258.349,0.946621,297.669,1.02429,0.197887,0.392238,0.19175,0.388161
0.0616421,0.814361,0.000506897,0.000506424,0.000849707,0.00132922,0.00188628,0.00248688,0.00477392,0.00927055,0.0202142,0.0660372,6.07577e-05,0.443865,0.922108,1,58.7309,0.36833,0.313064,27.642,0.57908,65.5321,5.56681,180.955,0.339993,258.396,0.53893,298.313,1.4975,0.184593,0.371326,0.194523,0.38837
0.057051,0.808092,0.000803255,0.000684282,0.00104814,0.0016099,0.0021027,0.00285511,0.0053131,0.00994351,0.0223182,0.0740681,6.58419e-05,0.407939,0.87013,1,65.975,0.365424,0.278251,28.375,1.20946,65.2822,2.54872,178.617,1.35879,259.195,0.392063,297.997,1.35031,0.191118,0.386726,0.182415,0.372785
0.0596772,0.845086,0.000603527,0.000538567,0.000806224,0.00124039,0.00163899,0.00217255,0.00400942,0.00852371,0.0182681,0.0565941,9.0301e-05,0.425446,0.941938,1,51.7035,0.360681,0.322968,28.0952,0.777092,64.1271,0.722174,179.996,1.14355,260.531,0.724731,297.465,1.32144,0.209114,0.409916,0.223506,0.436663
0.05406,0.798302,0.000469852,0.000388192,0.000601683,0.00126199,0.00159557,0.0021246,0.00393088,0.00707607,0.0147995,0.0478625,8.90898e-05,0.44669,0.810297,1,51.4194,0.410737,0.253242,28.1002,0.748826,64.3085,0.81444,180.889,0.331391,258.254,0.694134,300.936,0.330242,0.198637,0.403773,0.209093,0.419456
0.0573365,0.797783,0.000457167,0.000408413,0.00064986,0.00129543,0.00188958,0.0024384,0.00449714,0.00813122,0.0179274,0.0558646,5.83468e-05,0.487245,0.823885,1,45.8999,0.413193,0.26767,27.989,0.660987,66.751,0.513943,181.613,0.275042,259.251,0.304713,298.132,0.331215,0.184527,0.369366,0.174912,0.368291
0.0572401,0.793093,0.000471512,0.000533886,0.00078522,0.00108761,0.00153393,0.00209248,0.00378318,0.00728666,0.0159822,0.0498929,0.000110824,0.37701,0.883787,1,66.5182,0.3421,0.289837,29.4394,0.807615,63.4067,4.17461,177.701,2.67271,261.033,0.925795,296.981,4.42675,0.225968,0.435317,0.230491,0.457314
0.0546061,0.745596,0.000352594,0.000411661,0.000661862,0.00116623,0.00158568,0.00216282,0.00403208,0.00818701,0.018073,0.0570203,8.33905e-05,0.49692,0.916158,1,46.4889,0.353968,0.275187,28.5104,1.33084,62.0624,0.603446,179.907,0.415935,259.022,0.771748,298.124,0.429197,0.206193,0.399981,0.209958,0.426079
0.050098,0.788829,0.000452152,0.000319411,0.000541243,0.00099441,0.00139186,0.00188802,0.00341025,0.00727975,0.0161624,0.0502416,0.000103082,0.544112,0.940514,1,51.8295,0.391922,0.270176,28.3147,1.21274,62.2724,0.508199,179.555,1.53756,258.502,0.418014,296.426,0.909571,0.21315,0.415429,0.231457,0.425539
0.0525924,0.729752,0.000252761,0.00028255,0.000363996,0.00109394,0.00148823,0.00193882,0.00364358,0.00756597,0.0164445,0.0518177,0.00010533,0.612552,0.923217,1,55.2577,0.330685,0.270023,28.0798,0.672486,64.0752,0.763057,178.353,1.77143,260.489,0.589743,296.185,2.36758,0.208319,0.393545,0.201279,0.405465
0.0583977,0.85681,0.000357767,0.000238463,0.000477633,0.00108406,0.00145133,0.00207827,0.00384171,0.00736455,0.0161662,0.0510618,0.000107993,0.563715,0.860134,1,70.4862,0.351209,0.30709,28.4639,2.02188,66.5974,2.98316,180.572,1.73985,259.892,4.59994,295.854,1.9344,0.209627,0.418474,0.214391,0.448201
0.0485671,0.782729,0.000596891,0.000418014,0.000657946,0.00123472,0.00174557,0.00227044,0.0042736,0.00925623,0.0214361,0.0702238,7.04494e-05,0.534373,0.994908,1,43.715,0.420027,0.270123,27.9883,0.446216,61.1843,0.488425,177.14,0.519874,259.526,0.27447,299.476,0.715381,0.202954,0.393619,0.214066,0.403522
0.0604129,0.893453,0.000641894,0.000431907,0.00081039,0.00139002,0.00196959,0.00259827,0.00493281,0.00996954,0.0219949,0.0707618,8.29274e-05,0.486616,0.952941,1,73.6605,0.340218,0.338396,28.2745,2.60677,67.797,3.41581,181.434,0.359653,260.018,1.79143,296.915,2.00888,0.191539,0.400203,0.194756,0.413621
0.0681123,0.794024,0.00083463,0.000756009,0.00124249,0.0016417,0.00234291,0.00302387,0.0057417,0.0115918,0.0245447,0.0807976,5.80971e-05,0.369188,0.893534,1,40.7983,0.338411,0.340584,28.531,0.519364,62.2914,0.394762,177.947,1.312,259.874,0.376527,297.368,0.972424,0.210831,0.391467,0.208276,0.40518
0.0543083,0.833576,0.000450543,0.000363377,0.000715819,0.00139773,0.00193722,0.00256492,0.00487515,0.00940445,0.020541,0.0659143,6.60732e-05,0.531418,0.892375,1,62.3025,0.381911,0.280844,28.5363,2.65635,66.414,4.93426,176.174,1.29403,261.309,1.38838,298.031,1.41168,0.184972,0.375838,0.178639,0.374324
0.0595986,0.752738,0.000371668,0.000403057,0.000701661,0.00116062,0.00147969,0.00196672,0.0038001,0.00757016,0.0161115,0.0511634,8.3446e-05,0.42564,0.944739,1,39.3534,0.341862,0.296239,27.3536,0.59169,64.4539,0.530557,179.482,0.636648,259.908,0.333276,296.415,1.19744,0.193784,0.380608,0.20023,0.391401
0.0626933,0.822294,0.000457683,0.000494397,0.000655891,0.00121649,0.00167235,0.00236156,0.00412932,0.0086012,0.0183471,0.058119,7.90708e-05,0.471492,0.953835,1,41.5304,0.338655,0.331398,27.3512,0.769872,63.2942,0.444122,180.023,0.90383,258.921,0.280413,296.456,2.73714,0.184984,0.387869,0.197339,0.406842
0.0537392,0.765261,0.000837948,0.000522986,0.000786624,0.00105777,0.00148885,0.00193259,0.00343551,0.00736496,0.0165801,0.0523556,7.87805e-05,0.353035,0.958846,1,63.5852,0.390781,0.273164,28.3466,0.48009,64.8507,2.77048,177.629,0.570725,261.222,0.71859,294.214,0.932924,0.204907,0.38885,0.203379,0.395236
0.0581853,0.747324,0.000342001,0.000452496,0.000647749,0.00105277,0.00144566,0.0019641,0.00355622,0.00706477,0.015194,0.0480325,9.29518e-05,0.479157,0.929811,1,39.7197,0.324166,0.285052,27.4578,1.4336,64.0551,1.38976,179.525,0.543015,262.379,1.62113,293.259,0.976395,0.185238,0.373305,0.169418,0.378375
0.0580564,0.784562,0.000644922,0.000440745,0.000785101,0.00105496,0.00146069,0.00201883,0.00356193,0.0075855,0.0166984,0.0503009,8.12046e-05,0.439231,0.935689,1,48.7716,0.357076,0.295272,27.9394,0.455229,64.3343,2.34711,178.199,1.23077,263.968,0.556682,295.204,0.276042,0.193301,0.382922,0.172022,0.412353
0.0477705,0.761932,0.000327585,0.000299309,0.000520353,0.00106553,0.00150665,0.00203913,0.00377519,0.00814452,0.0174449,0.0576577,0.000111829,0.620213,0.961402,1,56.2666,0.334059,0.257464,28.1963,1.97766,64.2829,1.562,179.311,0.863522,260.8,0.603402,294.588,0.298793,0.200372,0.40029,0.172831,0.412135
0.0601023,0.775168,0.000425497,0.000461922,0.000744663,0.00121001,0.00172615,0.00225767,0.00413399,0.00924607,0.0200865,0.0637738,6.0183e-05,0.444047,0.976945,1,52.4349,0.388618,0.309421,26.366,0.390105,63.8985,1.35559,180.618,0.394941,259.913,0.346197,298.571,2.00526,0.188389,0.35689,0.197625,0.380793
0.0536023,0.776856,0.000528691,0.000603653,0.000846376,0.00132,0.00187539,0.00248385,0.00462017,0.00967509,0.0203857,0.0711386,8.26035e-05,0.395527,0.914019,1,53.8948,0.351514,0.266467,28.2618,0.83285,65.7869,1.72901,179.432,3.1748,258.285,0.737264,297.361,0.886693,0.19973,0.397318,0.185614,0.386886
0.0421474,0.783056,0.000266431,0.000209651,0.00030899,0.000828213,0.00113887,0.00154028,0.00283786,0.00617865,0.0141407,0.0428072,0.000101982,0.632216,0.993375,1,50.4238,0.429494,0.23348,28.287,2.268,62.8512,0.936717,178.142,0.556534,262.294,0.289397,297.133,0.441742,0.187985,0.391517,0.193801,0.426889
0.0476944,0.773837,0.000320368,0.000273317,0.000458654,0.000866584,0.00117392,0.00163157,0.00289126,0.00636757,0.0139224,0.0441788,0.000100758,0.479174,0.965727,1,49.0644,0.384032,0.24487,28.0476,0.992353,66.7417,0.853577,178.353,0.854306,263.305,0.262954,296.589,0.363725,0.182987,0.380605,0.167765,0.425945
0.051021,0.714701,0.000783342,0.000792747,0.00107565,0.000897086,0.00127461,0.00171162,0.00298299,0.00637231,0.0138583,0.0446214,0.0001099,0.283025,0.962663,1,62.4444,0.366228,0.251396,28.1196,0.585456,63.094,0.638257,179.686,2.07455,260.064,0.768676,296.17,2.81745,0.219048,0.408372,0.222758,0.419999
0.0532122,0.694486,0.000714532,0.000613708,0.000997958,0.00093775,0.0012904,0.00170517,0.00330586,0.00670368,0.0149873,0.0478128,0.000109665,0.290491,0.974808,1,59.0918,0.324441,0.261657,28.8062,0.69224,62.8675,0.766409,178.336,0.940116,259.598,5.14897,297.069,1.01113,0.216647,0.408257,0.224596,0.429873
0.0521981,0.750485,0.00061789,0.000606176,0.000799886,0.00102464,0.00142582,0.00193505,0.00368802,0.00769981,0.0170192,0.0560522,9.91262e-05,0.381062,0.997792,1,57.9982,0.33753,0.272355,28.3873,1.13995,63.377,0.677225,179.586,1.24402,259.418,0.333267,298.444,2.78885,0.201809,0.401303,0.214724,0.412182
0.0628003,0.834583,0.000564113,0.00048424,0.000836299,0.00146172,0.0020422,0.00276299,0.00523991,0.0105839,0.0226339,0.0752323,6.73115e-05,0.482137,0.978476,1,52.4012,0.326696,0.343448,27.918,0.533559,65.9589,2.14286,178.854,1.26261,260.999,0.666229,296.169,0.626639,0.188471,0.378229,0.185735,0.385636
0.0446679,0.756578,0.000369286,0.000287182,0.000526028,0.000863012,0.00115198,0.00165029,0.00287241,0.00646401,0.0142779,0.0474054,0.000109782,0.478986,0.990085,1,55.8269,0.399864,0.239751,28.5824,1.15341,63.3007,1.30648,178.447,1.50008,258.284,0.420839,298.929,1.41659,0.207989,0.413597,0.22744,0.444051
0.0566947,0.829323,0.000445398,0.000357516,0.000590981,0.00135185,0.0018263,0.00236623,0.00473025,0.00973406,0.0211171,0.0682571,6.71007e-05,0.587851,0.898423,1,56.1963,0.41672,0.30508,27.4627,0.527482,61.0682,1.61098,178.894,1.18003,261.502,1.89601,296.323,0.973325,0.203955,0.389473,0.199685,0.395618
0.0508034,0.737172,0.00055635,0.000415153,0.000747241,0.000945289,0.00142905,0.00182036,0.00333929,0.00703674,0.0151725,0.0482189,9.15035e-05,0.386554,0.965236,1,42.6697,0.413794,0.254895,26.6715,0.268369,61.7954,1.17843,177.208,1.20095,261.207,0.368737,298.079,0.448444,0.194853,0.382313,0.195803,0.441385
0.0550236,0.717123,0.00036616,0.000472663,0.000576646,0.000857718,0.00115154,0.00151121,0.00278483,0.00576583,0.0126673,0.0401538,7.96604e-05,0.391196,0.938088,1,45.9473,0.435569,0.261961,26.439,0.291454,62.4775,1.18058,176.615,0.620028,263.025,0.313609,297.926,0.84902,0.188969,0.36595,0.213348,0.393999
0.0587994,0.786799,0.000378962,0.000568027,0.000804844,0.001039,0.00139927,0.00187386,0.00331567,0.00722692,0.0164488,0.0511844,7.86276e-05,0.410081,0.968899,1,52.2448,0.375536,0.306847,27.6621,0.520956,62.4231,1.01238,180.532,2.82449,258.735,3.11097,297.47,1.76208,0.198542,0.392853,0.233172,0.410594
0.054612,0.776656,0.000269183,0.000508373,0.000713369,0.00119265,0.00158459,0.00218019,0.00385985,0.00853021,0.0193455,0.0629852,0.000103242,0.510633,0.998945,1,56.6488,0.296891,0.29035,27.6344,1.2917,66.0639,1.75236,178.696,0.324049,261.193,0.280864,298.865,0.531218,0.181595,0.381321,0.169412,0.435903
0.0553447,0.722661,0.000638982,0.000425457,0.000708533,0.00124185,0.0017309,0.00232279,0.00420952,0.0098756,0.0214345,0.0690982,7.68365e-05,0.514483,0.998123,1,40.1633,0.320119,0.292151,28.0714,0.51322,60.3253,0.739059,177.33,3.08294,260.224,0.259809,298.128,0.561457,0.198714,0.384059,0.205889,0.388634
0.0526811,0.785041,0.000469759,0.000415278,0.000784714,0.00106164,0.00153542,0.00197706,0.00376831,0.00700129,0.0154351,0.049066,0.000101096,0.387273,0.850367,1,70.0578,0.376999,0.248248,28.2385,1.38348,66.6161,3.81473,179.163,0.453929,261.066,0.294653,297.414,1.60512,0.197017,0.398298,0.180903,0.415954
0.0576069,0.608082,0.000357247,0.000398312,0.000479745,0.0008985,0.00123692,0.00165442,0.00321542,0.00675229,0.0151375,0.0478634,0.000106786,0.477749,0.966478,1,46.893,0.270476,0.266876,27.8343,0.534845,60.6147,0.619927,178.121,0.640488,260.241,3.4434,298.412,1.26618,0.199643,0.378147,0.208268,0.415823
0.0579522,0.642585,0.000406248,0.000269952,0.000614947,0.000941301,0.00127077,0.00175564,0.0032378,0.00687989,0.015585,0.0478845,0.000102824,0.493025,0.99405,1,55.5841,0.275825,0.284293,28.3772,0.665033,61.2741,0.556589,178.712,1.31313,260.198,0.296165,297.733,1.22902,0.203777,0.391185,0.213945,0.419315
0.0453206,0.791218,0.000559356,0.000325945,0.000624372,0.000958481,0.00133352,0.00177835,0.00339887,0.00710863,0.0162684,0.0513685,9.34116e-05,0.431172,0.978995,1,57.1868,0.419858,0.243437,29.0368,1.41357,65.7774,2.62828,177.54,0.593922,261.518,2.83631,296.647,1.27731,0.205363,0.401209,0.201911,0.414312
0.0482306,0.804122,0.000293132,0.000415452,0.000537537,0.000973744,0.00127747,0.0017651,0.00315997,0.00663807,0.0146282,0.0467516,0.00010268,0.464497,0.957789,1,45.2919,0.407693,0.257994,28.4167,1.24562,63.9103,1.46684,178.847,0.714502,258.557,1.26556,296.665,2.9421,0.203581,0.406384,0.223831,0.417932
0.0575627,0.841948,0.000528914,0.00028168,0.000649931,0.00113994,0.00161039,0.00216459,0.00404115,0.00827069,0.017928,0.0548777,9.23611e-05,0.476277,0.907115,1,45.39,0.372856,0.306655,28.4092,1.02962,63.8894,0.654764,180.078,1.24559,259.304,1.85464,298.808,1.0454,0.211019,0.410534,0.229591,0.456495
0.0506787,0.892657,0.000341254,0.000441281,0.00064951,0.00115376,0.00148885,0.00210516,0.0038795,0.00815714,0.0180951,0.0596081,8.11567e-05,0.506924,0.971329,1,56.6685,0.477971,0.301853,28.9257,0.666289,62.8666,3.73545,178.84,0.893991,261.212,1.1405,296.03,1.43426,0.22889,0.429463,0.238477,0.466777
0.0529205,0.859699,0.00043105,0.000523243,0.000729637,0.00133004,0.00164742,0.00241661,0.00437334,0.00904732,0.0204955,0.0672964,0.000100463,0.477715,0.982317,1,48.9037,0.369886,0.312422,29.2377,1.34903,61.081,0.519156,178.493,1.3814,257.77,0.756556,300.91,0.814806,0.231263,0.443816,0.264261,0.497811
0.0492625,0.76576,0.000548388,0.000312574,0.00061577,0.000953527,0.00155507,0.00192033,0.00355834,0.00778503,0.0171494,0.0563167,8.86153e-05,0.488696,0.991219,1,70.3137,0.364325,0.266185,29.1082,2.61992,63.6447,0.881981,178.262,1.60064,260.709,0.416288,297.831,1.18795,0.208288,0.398021,0.216782,0.410446
0.0503558,0.775833,0.000437716,0.00059335,0.000833319,0.00112693,0.00145758,0.00203414,0.00374171,0.00816219,0.0180028,0.0578284,9.15047e-05,0.407117,0.989394,1,64.7928,0.36378,0.267524,28.3565,1.19142,63.9142,2.56667,179.02,0.512977,258.91,0.369022,295.794,3.30689,0.202344,0.40261,0.20205,0.411841
0.050602,0.758576,0.000275023,0.00024327,0.00042545,0.000987398,0.00126176,0.00174921,0.00331047,0.0066938,0.0147272,0.0460168,0.000114846,0.567513,0.931325,1,60.3568,0.33318,0.263338,28.7639,1.38488,63.0833,1.42567,179.834,0.665303,261.148,2.37406,298.192,0.597266,0.201792,0.411966,0.205655,0.443727
0.0504881,0.815295,0.000297818,0.000281423,0.000511152,0.00109978,0.00148885,0.00198303,0.00375724,0.0078433,0.0169138,0.0531327,0.000128259,0.566353,0.924297,1,58.2791,0.338513,0.274414,28.4012,1.87654,64.6682,1.39613,179.88,1.13195,261.565,1.87436,298.068,0.52909,0.213012,0.419685,0.207841,0.458529
0.0500161,0.700375,0.00028609,0.000219962,0.000365744,0.000761567,0.00105067,0.00139836,0.00269114,0.00562619,0.0125403,0.039822,0.00012584,0.577766,0.979827,1,56.5486,0.31727,0.257477,28.6718,1.32543,64.3199,1.86799,178.649,2.31058,259.88,1.35604,297.452,0.565128,0.203352,0.404235,0.217987,0.462453
0.0460854,0.707561,0.000326189,0.000280809,0.000511232,0.00082288,0.00112086,0.00154883,0.00281866,0.00625834,0.0139767,0.0420168,0.000141367,0.4981,0.99574,1,50.6803,0.327982,0.241566,28.5356,2.29248,61.779,1.44226,178.751,1.66719,259.387,1.56453,300.427,1.75855,0.209733,0.418089,0.23081,0.44663
0.0493898,0.737128,0.000338613,0.000260958,0.000408783,0.000736763,0.00102393,0.00138342,0.00254764,0.0055169,0.0120079,0.0379894,0.000123707,0.520632,0.990924,1,65.1125,0.358276,0.25893,28.3698,1.61438,64.9806,0.743393,179.667,0.69095,257.321,2.24363,298.135,0.579827,0.203033,0.408073,0.238081,0.478907
0.0515691,0.73903,0.00035357,0.000238355,0.000476331,0.000977117,0.00134777,0.0018289,0.00337889,0.00692648,0.0154633,0.0496307,0.000123213,0.514497,0.925421,1,51.6975,0.334315,0.271903,29.4859,0.896031,60.2656,2.34406,176.156,2.44897,262.946,0.29889,296.853,0.374487,0.230418,0.434369,0.231332,0.470277
0.0505396,0.743342,0.00038671,0.000274135,0.000549446,0.00105964,0.00136664,0.00193163,0.00353944,0.00744619,0.0162652,0.0527124,0.000117537,0.528937,0.949886,1,51.149,0.342056,0.274295,29.4245,0.690944,60.4534,1.58153,176.66,3.53869,262.764,0.301486,296.303,0.426494,0.232432,0.438623,0.217614,0.486005
0.0545604,0.839444,0.000457316,0.000351543,0.000640242,0.00114563,0.00161006,0.00228019,0.00414831,0.00852975,0.0189444,0.0602539,0.000102551,0.515148,0.938882,1,46.1397,0.359782,0.313602,29.9612,1.64246,61.5877,2.35192,179.883,0.356006,259.372,0.290414,296.066,3.46411,0.242657,0.45911,0.251481,0.475739
0.0562071,0.852382,0.000604756,0.000549036,0.000967015,0.00121768,0.00157578,0.00222298,0.00405916,0.00823068,0.0178667,0.0563792,8.80179e-05,0.381492,0.947931,1,55.0471,0.400537,0.309256,28.5842,0.944106,62.6014,0.611729,179.413,0.96231,260.053,0.687915,297.777,0.658202,0.222133,0.421417,0.232632,0.478835
0.0543173,0.844362,0.000694336,0.000373595,0.000746146,0.00103792,0.00141908,0.00184831,0.00342107,0.00740795,0.016528,0.0521263,0.000102908,0.398951,0.993358,1,58.8368,0.351021,0.301549,28.7122,0.986689,64.9979,1.71022,179.353,1.57708,260.128,0.425886,297.265,2.3078,0.196844,0.420496,0.219304,0.454821
0.0576776,0.790388,0.000696876,0.000491294,0.00089679,0.00124636,0.00166726,0.00233016,0.00409123,0.00886936,0.019982,0.0625433,9.996e-05,0.410052,0.984471,1,65.7563,0.317556,0.311007,28.3718,1.02724,65.0002,2.20585,179.504,2.02965,259.545,0.416145,296.601,1.78355,0.213507,0.409908,0.207222,0.444357
0.0523806,0.790336,0.000295317,0.000311671,0.000493062,0.00108609,0.00152675,0.00200327,0.00375055,0.00799393,0.0170589,0.0546474,0.000105671,0.573723,0.954196,1,52.5477,0.3523,0.287689,28.1536,1.90996,63.0821,1.35575,178.22,0.788285,260.146,0.647092,295.837,1.0672,0.217091,0.406838,0.217511,0.436574
0.0624452,0.716082,0.000724946,0.00082121,0.00127203,0.00123909,0.00172267,0.00237075,0.00427512,0.00916011,0.0199059,0.0656499,7.63778e-05,0.306664,0.994635,1,54.8917,0.301251,0.308835,27.9254,1.15214,63.1916,1.36892,177.508,2.31947,260.888,0.5311,297.842,0.793922,0.19573,0.374245,0.192166,0.41575
0.066183,0.754906,0.00139131,0.00107222,0.00157525,0.00138346,0.0019049,0.00251012,0.00459768,0.00986662,0.0220082,0.0709589,8.3736e-05,0.287685,0.996488,1,65.9176,0.283208,0.331984,27.2302,0.798689,65.3814,1.38746,176.24,1.10378,258.292,5.49945,299.916,1.13494,0.185228,0.369679,0.204779,0.395325
0.0643651,0.756767,0.000923015,0.00102455,0.00131227,0.00120586,0.00170962,0.00234688,0.00421549,0.00906736,0.0193665,0.0648493,7.46301e-05,0.294758,0.996914,1,99.2576,0.304207,0.321219,27.5332,0.98889,65.6039,2.59066,176.877,2.76843,261.473,0.440649,297.229,1.42051,0.179871,0.364281,0.180253,0.394292
0.057297,0.791659,0.000335723,0.000342706,0.0005086,0.00123172,0.00172872,0.00234032,0.00449694,0.00912184,0.0200431,0.0633473,6.36155e-05,0.60451,0.933839,1,35.9935,0.386535,0.305749,27.6175,0.590921,63.6698,0.720993,182.326,0.355277,257.587,1.6147,298.772,1.14885,0.201628,0.380958,0.214572,0.405901
0.0606788,0.861672,0.00041092,0.000329475,0.000549705,0.00132425,0.00175939,0.00236312,0.00467715,0.00915544,0.0202062,0.0637289,0.00010036,0.632326,0.892418,1,62.912,0.326915,0.3391,28.568,2.56002,64.0265,1.03793,179.078,1.07923,258.803,0.345147,297.196,0.912964,0.218223,0.41922,0.230435,0.442745
0.0495618,0.811588,0.000495328,0.000554683,0.000910213,0.00128941,0.00174799,0.0023432,0.00456552,0.00938379,0.0212985,0.0721446,5.9822e-05,0.413536,0.990473,1,46.1953,0.463527,0.267505,27.5358,0.399959,63.7655,1.90648,179.73,0.828728,260.278,1.42528,298.195,0.901022,0.192012,0.376791,0.19173,0.377188
0.0595183,0.683128,0.000442376,0.000413175,0.000739287,0.00115939,0.00158241,0.00211489,0.00381336,0.00813933,0.0178309,0.0577046,9.41536e-05,0.42881,0.937567,1,63.6331,0.271982,0.277967,28.2161,3.79268,64.2302,0.651678,176.25,1.73164,259.37,0.29532,297.573,2.04477,0.184576,0.374553,0.183313,0.38493
0.0588099,0.770304,0.000530927,0.000414978,0.000752339,0.00126843,0.00174573,0.00230888,0.0043479,0.00899378,0.0204263,0.0654804,7.09272e-05,0.490374,0.979294,1,41.7469,0.348651,0.308115,27.2422,0.400401,64.5011,3.23491,180.837,1.14496,261.67,0.556832,295.991,0.959642,0.192249,0.373543,0.177682,0.378984
0.0532962,0.727486,0.000521077,0.000510746,0.000696771,0.00114133,0.00146396,0.00206793,0.00378156,0.0077003,0.0168981,0.0552986,7.7864e-05,0.436627,0.938139,1,73.7711,0.338631,0.254906,28.0355,3.08767,66.1538,0.467769,180.148,0.925337,259.965,0.275721,298.546,1.84793,0.177446,0.372419,0.17281,0.365359
0.0546351,0.790347,0.000440534,0.00036023,0.000634295,0.00115702,0.00170712,0.00218708,0.00402267,0.00864912,0.018942,0.0603019,7.72833e-05,0.513057,0.96513,1,45.9687,0.346674,0.291201,28.293,1.15109,61.6526,2.79762,179.361,0.42516,261.122,0.277071,297.416,1.24259,0.191389,0.387937,0.190599,0.401982
0.0562516,0.817218,0.000470822,0.000429802,0.000712477,0.00127555,0.00169711,0.00233343,0.0043425,0.00897902,0.0186065,0.060649,7.10784e-05,0.467511,0.924361,1,40.7668,0.386512,0.295491,28.2098,1.49083,62.3374,2.83618,179.823,0.345663,261.056,0.276807,297.077,1.01979,0.201191,0.395199,0.189097,0.416334
0.0557822,0.799182,0.000633277,0.000525761,0.000812202,0.0015974,0.00232722,0.00307244,0.00535469,0.0103791,0.0242682,0.0797537,6.2706e-05,0.504629,0.876064,1,52.849,0.370933,0.279591,28.3088,1.71827,64.2636,1.63773,177.904,0.633539,259.772,0.280318,297.551,1.14059,0.195677,0.382378,0.185163,0.372298
